"","Date","Station","station_name","Corbicula_biomass","Potamocorbula_biomass","Corbicula_GR","Potamocorbula_GR","Corbicula_FR","Potamocorbula_FR","Latitude","Longitude"
"1",1976-02-01,"D4C","EMP D4",0.159196942613511,NA,0.00517722593452922,NA,0.0055718929914729,NA,38.0581,-121.8193
"2",1976-06-01,"D28AL","EMP D28A",0.63,NA,0.0543651220515572,NA,0.06048,NA,37.9701,-121.5741
"3",1976-06-01,"D4C","EMP D4",0.200862134183735,NA,0.0146729588159084,NA,0.0154663843321476,NA,38.0581,-121.8193
"4",1976-10-01,"D4C","EMP D4",0.0403423189761813,NA,0.00377094303386465,NA,0.0038728626217134,NA,38.0581,-121.8193
"5",1977-03-01,"D19C","EMP D19",NA,NA,NA,NA,NA,NA,38.0438,121.6148
"6",1977-03-01,"D4C","EMP D4",0.00706125165235837,NA,0.00030532040714305,NA,0.000310695072703768,NA,38.0581,-121.8193
"7",1977-06-01,"D11","EMP D11",3.64788767376699e-05,NA,3.88792736583125e-06,NA,3.90323981093068e-06,NA,38.0422,121.7995
"8",1977-06-01,"D19C","EMP D19",NA,NA,NA,NA,NA,NA,38.0438,121.6148
"9",1977-06-01,"D28AL","EMP D28A",0.0464982317430837,NA,0.00599673589188007,NA,0.00623076305357322,NA,37.9701,-121.5741
"10",1977-06-01,"D4C","EMP D4",0.0684116620022208,NA,0.00712741093198454,NA,0.00732004783423763,NA,38.0581,-121.8193
"11",1977-06-01,"D4L","EMP D4",NA,NA,NA,NA,NA,NA,38.0581,-121.8193
"12",1977-06-01,"D4R","EMP D4",0.079788871371473,NA,0.00821519356800277,NA,0.00853740923674761,NA,38.0581,-121.8193
"13",1977-10-01,"D11","EMP D11",0.00274876865298625,NA,0.000259369412065937,NA,0.00026388179068668,NA,38.0422,121.7995
"14",1977-10-01,"D19C","EMP D19",NA,NA,NA,NA,NA,NA,38.0438,121.6148
"15",1977-10-01,"D28AL","EMP D28A",1.90419432406601,NA,0.195836043637942,NA,0.203748792675063,NA,37.9701,-121.5741
"16",1977-10-01,"D4C","EMP D4",NA,NA,NA,NA,NA,NA,38.0581,-121.8193
"17",1977-10-01,"D4L","EMP D4",0.31,NA,0.0284391386827558,NA,0.02976,NA,38.0581,-121.8193
"18",1977-10-01,"D4R","EMP D4",0.0301404405721971,NA,0.00284429394694866,NA,0.00289348229493092,NA,38.0581,-121.8193
"19",1978-06-01,"D11","EMP D11",0.00672620445599352,NA,0.000795343927039555,NA,0.000807144534719222,NA,38.0422,121.7995
"20",1978-06-01,"D19C","EMP D19",7.11058036204485,NA,0.716785242425881,NA,0.760832098738799,NA,38.0438,121.6148
"21",1978-06-01,"D4C","EMP D4",8.0960300575527,NA,0.728816928110838,NA,0.777218885525059,NA,38.0581,-121.8193
"22",1978-06-01,"D4L","EMP D4",1.96,NA,0.178317954897401,NA,0.18816,NA,38.0581,-121.8193
"23",1978-06-01,"D4R","EMP D4",0.0648059364832834,NA,0.00602764939027048,NA,0.00622136990239521,NA,38.0581,-121.8193
"24",1978-10-01,"D11","EMP D11",0.00900839007567393,NA,0.000925520927087391,NA,0.000963897738097111,NA,38.0422,121.7995
"25",1978-10-01,"D19C","EMP D19",2.25876004484988,NA,0.260000690071767,NA,0.271051205381986,NA,38.0438,121.6148
"26",1978-10-01,"D4C","EMP D4",3.01277871568017,NA,0.27409823425434,NA,0.289226756705297,NA,38.0581,-121.8193
"27",1978-10-01,"D4L","EMP D4",0.00249054941909519,NA,0.000236904163901621,NA,0.000239092744233138,NA,38.0581,-121.8193
"28",1978-10-01,"D4R","EMP D4",0.0200870891932327,NA,0.00189269892398666,NA,0.00192836056255034,NA,38.0581,-121.8193
"29",1979-05-01,"D11","EMP D11",0.0126725467387429,NA,0.00133113838628968,NA,0.00135596250104549,NA,38.0422,121.7995
"30",1979-05-01,"D19C","EMP D19",4.60714386385164,NA,0.325966092563165,NA,0.354750077516576,NA,38.0438,121.6148
"31",1979-05-01,"D28AL","EMP D28A",0.142425808803988,NA,0.0126001011905734,NA,0.0136728776451829,NA,37.9701,-121.5741
"32",1979-05-01,"D4C","EMP D4",4.90527195390948,NA,0.450923757463592,NA,0.47090610757531,NA,38.0581,-121.8193
"33",1979-05-01,"D4L","EMP D4",0.37,NA,0.0332440270700239,NA,0.03552,NA,38.0581,-121.8193
"34",1979-05-01,"D4R","EMP D4",0.219382859935366,NA,0.0201163117912408,NA,0.0210607545537951,NA,38.0581,-121.8193
"35",1979-09-01,"D11","EMP D11",0.000271444602621237,NA,4.00904554469131e-05,NA,4.04452457905644e-05,NA,38.0422,121.7995
"36",1979-09-01,"D19C","EMP D19",12.0264144899044,NA,1.6789478504007,NA,1.79193575899576,NA,38.0438,121.6148
"37",1979-09-01,"D28AL","EMP D28A",0.0493290186543438,NA,0.00705675783069528,NA,0.00735002377949722,NA,37.9701,-121.5741
"38",1979-09-01,"D4C","EMP D4",5.14854778947837,NA,0.652111116305405,NA,0.689905403790101,NA,38.0581,-121.8193
"39",1979-09-01,"D4L","EMP D4",13.23,NA,1.59904818721726,NA,1.77282,NA,38.0581,-121.8193
"40",1979-09-01,"D4R","EMP D4",0.0129929115987558,NA,0.00169372944876461,NA,0.00174105015423328,NA,38.0581,-121.8193
"41",1980-06-01,"D11","EMP D11",0.0238312878120451,NA,0.00199642833197968,NA,0.00204949075183588,NA,38.0422,121.7995
"42",1980-06-01,"D19C","EMP D19",NA,NA,NA,NA,NA,NA,38.0438,121.6148
"43",1980-06-01,"D28AL","EMP D28A",8.49986417878533,NA,1.00834585055806,NA,1.13898179995723,NA,37.9701,-121.5741
"44",1980-06-01,"D4C","EMP D4",5.96879409762323,NA,0.534344405920944,NA,0.57300423337183,NA,38.0581,-121.8193
"45",1980-06-01,"D4L","EMP D4",0.911305967762432,NA,0.0769827985234142,NA,0.0874853729051935,NA,38.0581,-121.8193
"46",1980-06-01,"D4R","EMP D4",0.0393651689632244,NA,0.00369010458996782,NA,0.00377905622046954,NA,38.0581,-121.8193
"47",1980-07-01,"D11","EMP D11",0.0785324265483511,NA,0.00815726358975361,NA,0.00840296964067357,NA,38.0422,121.7995
"48",1980-07-01,"D19C","EMP D19",NA,NA,NA,NA,NA,NA,38.0438,121.6148
"49",1980-07-01,"D28AL","EMP D28A",4.97482643588663,NA,0.601830931670899,NA,0.666626742408809,NA,37.9701,-121.5741
"50",1980-07-01,"D4C","EMP D4",NA,NA,NA,NA,NA,NA,38.0581,-121.8193
"51",1980-07-01,"D4L","EMP D4",0.547114163006475,NA,0.0538389927507713,NA,0.0585412154416928,NA,38.0581,-121.8193
"52",1980-07-01,"D4R","EMP D4",0.489655023358129,NA,0.0496757948843097,NA,0.0523930874993199,NA,38.0581,-121.8193
"53",1980-08-01,"D11","EMP D11",0.0527311807644832,NA,0.00617008946473611,NA,0.00632774169173799,NA,38.0422,121.7995
"54",1980-08-01,"D19C","EMP D19",12.2295104875659,NA,1.33370149573199,NA,1.46754125850791,NA,38.0438,121.6148
"55",1980-08-01,"D28AL","EMP D28A",0.366449598853431,NA,0.045043114301193,NA,0.0491042462463598,NA,37.9701,-121.5741
"56",1980-08-01,"D4C","EMP D4",0.223034246014269,NA,0.0231781081668154,NA,0.0238646643235267,NA,38.0581,-121.8193
"57",1980-08-01,"D4L","EMP D4",1.19161518299753,NA,0.117106472252105,NA,0.127502824580736,NA,38.0581,-121.8193
"58",1980-08-01,"D4R","EMP D4",0.0197818761810185,NA,0.0020653986538946,NA,0.00211666075136898,NA,38.0581,-121.8193
"59",1980-09-01,"D11","EMP D11",0.0226814059907538,NA,0.00214117425923265,NA,0.00217741497511237,NA,38.0422,121.7995
"60",1980-09-01,"D19C","EMP D19",17.7275699587236,NA,1.93847241595636,NA,2.12730839504683,NA,38.0438,121.6148
"61",1980-09-01,"D28AL","EMP D28A",0.212940895244658,NA,0.0261375994292368,NA,0.0285340799627842,NA,37.9701,-121.5741
"62",1980-09-01,"D4C","EMP D4",0.344063398800579,NA,0.031630491186167,NA,0.0330300862848556,NA,38.0581,-121.8193
"63",1980-09-01,"D4L","EMP D4",0.0831254735120399,NA,0.00760019613163621,NA,0.00798004545715583,NA,38.0581,-121.8193
"64",1980-09-01,"D4R","EMP D4",0.0258304455713107,NA,0.00239479236030823,NA,0.00247972277484582,NA,38.0581,-121.8193
"65",1980-10-01,"D11","EMP D11",0.00917629211562697,NA,0.00061595513160552,NA,0.000633164155978261,NA,38.0422,121.7995
"66",1980-10-01,"D19C","EMP D19",NA,NA,NA,NA,NA,NA,38.0438,121.6148
"67",1980-10-01,"D28AL","EMP D28A",3.61558757185771,NA,0.275202992750032,NA,0.310940531179763,NA,37.9701,-121.5741
"68",1980-10-01,"D4C","EMP D4",0.554918770306021,NA,0.0371810510832683,NA,0.0382893951511154,NA,38.0581,-121.8193
"69",1980-10-01,"D4L","EMP D4",0.328409074519151,NA,0.0208049638041274,NA,0.0226602261418214,NA,38.0581,-121.8193
"70",1980-10-01,"D4R","EMP D4",0.403287150035234,NA,0.0260992320857201,NA,0.0278268133524312,NA,38.0581,-121.8193
"71",1980-11-01,"D11","EMP D11",0.00646220642588698,NA,0.000436311265123773,NA,0.000445892243386201,NA,38.0422,121.7995
"72",1980-11-01,"D19C","EMP D19",NA,NA,NA,NA,NA,NA,38.0438,121.6148
"73",1980-11-01,"D28AL","EMP D28A",4.48613217005238,NA,0.224723589209338,NA,0.246737269352881,NA,37.9701,-121.5741
"74",1980-11-01,"D4C","EMP D4",0.282144099826697,NA,0.012069968290489,NA,0.0124143403923747,NA,38.0581,-121.8193
"75",1980-11-01,"D4L","EMP D4",0.276178133946842,NA,0.0111821212297469,NA,0.0121518378936611,NA,38.0581,-121.8193
"76",1980-11-01,"D4R","EMP D4",0.0807431266784537,NA,0.00342261643636035,NA,0.00355269757385196,NA,38.0581,-121.8193
"77",1980-12-01,"D11","EMP D11",0.00878429025769336,NA,0.000267302290831497,NA,0.000272312997988494,NA,38.0422,121.7995
"78",1980-12-01,"D19C","EMP D19",47.5831683052498,NA,1.18897387770895,NA,1.47507821746274,NA,38.0438,121.6148
"79",1980-12-01,"D28AL","EMP D28A",0.561428197120225,NA,0.0157434877256134,NA,0.017404274110727,NA,37.9701,-121.5741
"80",1980-12-01,"D4C","EMP D4",NA,NA,NA,NA,NA,NA,38.0581,-121.8193
"81",1980-12-01,"D4L","EMP D4",0.0663553300269825,NA,0.00198912531367808,NA,0.00205701523083646,NA,38.0581,-121.8193
"82",1980-12-01,"D4R","EMP D4",0.0707335756387295,NA,0.00211963669343801,NA,0.00219274084480061,NA,38.0581,-121.8193
"83",1981-01-01,"D11","EMP D11",0.0248369976734139,NA,0.00072843400559898,NA,0.000769946927875832,NA,38.0422,121.7995
"84",1981-01-01,"D19C","EMP D19",3.98379109076064,NA,0.11784523493973,NA,0.12349752381358,NA,38.0438,121.6148
"85",1981-01-01,"D28AL","EMP D28A",4.55858057701961,NA,0.129181305797479,NA,0.141315997887608,NA,37.9701,-121.5741
"86",1981-01-01,"D4C","EMP D4",0.0114677183787327,NA,0.000346802243302009,NA,0.000355499269740714,NA,38.0581,-121.8193
"87",1981-01-01,"D4L","EMP D4",0.236438085450708,NA,0.00685516366829362,NA,0.00732958064897196,NA,38.0581,-121.8193
"88",1981-01-01,"D4R","EMP D4",0.0612125605915519,NA,0.00184350808105547,NA,0.00189758937833811,NA,38.0581,-121.8193
"89",1981-01-01,"D7C","EMP D7",0.000907775520717727,NA,2.79849154169817e-05,NA,2.81410411422495e-05,NA,38.1171,-122.0395
"90",1981-02-01,"D11","EMP D11",0.0293309817716111,NA,0.00122149394839638,NA,0.00129056319795089,NA,38.0422,121.7995
"91",1981-02-01,"D19C","EMP D19",16.1926161917554,NA,0.573705391814722,NA,0.631512031478461,NA,38.0438,121.6148
"92",1981-02-01,"D28AL","EMP D28A",35.0982287235909,NA,1.30537596228714,NA,1.544322063838,NA,37.9701,-121.5741
"93",1981-02-01,"D4C","EMP D4",0.122270881923423,NA,0.00454373277845654,NA,0.0047685643950135,NA,38.0581,-121.8193
"94",1981-02-01,"D4L","EMP D4",0,NA,0,NA,0,NA,38.0581,-121.8193
"95",1981-02-01,"D4R","EMP D4",0.370886138307904,NA,0.0136620696017315,NA,0.0144645593940083,NA,38.0581,-121.8193
"96",1981-02-01,"D7C","EMP D7",0,NA,0,NA,0,NA,38.1171,-122.0395
"97",1981-03-01,"D11","EMP D11",0.063295640002404,NA,0.00290073847766036,NA,0.00310148636011779,NA,38.0422,121.7995
"98",1981-03-01,"D19C","EMP D19",11.5626061138107,NA,0.514705861287008,NA,0.566567699576722,NA,38.0438,121.6148
"99",1981-03-01,"D28AL","EMP D28A",20.3149778438978,NA,0.876979327983717,NA,0.995433914350992,NA,37.9701,-121.5741
"100",1981-03-01,"D4C","EMP D4",0.698811659950837,NA,0.0279475601542422,NA,0.0307477130378368,NA,38.0581,-121.8193
"101",1981-03-01,"D4L","EMP D4",0.123801773547496,NA,0.00514089588416059,NA,0.00544727803608985,NA,38.0581,-121.8193
"102",1981-03-01,"D4R","EMP D4",5.42909891146998,NA,0.226625790041709,NA,0.238880352104679,NA,38.0581,-121.8193
"103",1981-03-01,"D7C","EMP D7",0,NA,0,NA,0,NA,38.1171,-122.0395
"104",1981-04-01,"D11","EMP D11",0.0681393307488538,NA,0.00447571607758926,NA,0.00470161382167091,NA,38.0422,121.7995
"105",1981-04-01,"D19C","EMP D19",7.53562437573283,NA,0.650143534840334,NA,0.723419940070351,NA,38.0438,121.6148
"106",1981-04-01,"D28AL","EMP D28A",0.228985298133831,NA,0.0210511129042878,NA,0.0219825886208478,NA,37.9701,-121.5741
"107",1981-04-01,"D4C","EMP D4",0.463451304852596,NA,0.0257906062540882,NA,0.0282705295960084,NA,38.0581,-121.8193
"108",1981-04-01,"D4L","EMP D4",2.49548311162102,NA,0.125061805674827,NA,0.152224469808882,NA,38.0581,-121.8193
"109",1981-04-01,"D4R","EMP D4",0.135641881280015,NA,0.00770418319494147,NA,0.00827415475808093,NA,38.0581,-121.8193
"110",1981-04-01,"D7C","EMP D7",0.0192748368735079,NA,0.00145946016160732,NA,0.00148416243926011,NA,38.1171,-122.0395
"111",1981-05-01,"D11","EMP D11",0.635546603562633,NA,0.0545499567825427,NA,0.0610124739420128,NA,38.0422,121.7995
"112",1981-05-01,"D19C","EMP D19",52.6794910948573,NA,4.29081431396582,NA,5.05723114510631,NA,38.0438,121.6148
"113",1981-05-01,"D28AL","EMP D28A",2.55418637355947,NA,0.255608364535952,NA,0.273297941970864,NA,37.9701,-121.5741
"114",1981-05-01,"D4C","EMP D4",4.55387330041029,NA,0.394124948773543,NA,0.437171836839388,NA,38.0581,-121.8193
"115",1981-05-01,"D4L","EMP D4",4.46574224855939,NA,0.324817755415693,NA,0.428711255861702,NA,38.0581,-121.8193
"116",1981-05-01,"D4R","EMP D4",0.57753258810134,NA,0.0485402585708005,NA,0.0554431284577287,NA,38.0581,-121.8193
"117",1981-05-01,"D7C","EMP D7",0,NA,0,NA,0,NA,38.1171,-122.0395
"118",1981-06-01,"D11","EMP D11",0.0757267442855101,NA,0.00881132756598475,NA,0.00908720931426121,NA,38.0422,121.7995
"119",1981-06-01,"D19C","EMP D19",40.2495687156695,NA,5.73679616647091,NA,6.7216779755168,NA,38.0438,121.6148
"120",1981-06-01,"D28AL","EMP D28A",31.5020880381589,NA,5.8815797283644,NA,6.58393639997522,NA,37.9701,-121.5741
"121",1981-06-01,"D4C","EMP D4",1.10962185570071,NA,0.124170858799894,NA,0.133154622684086,NA,38.0581,-121.8193
"122",1981-06-01,"D4L","EMP D4",17.1779717997809,NA,1.53343006686675,NA,2.0613566159737,NA,38.0581,-121.8193
"123",1981-06-01,"D4R","EMP D4",1.35611792926232,NA,0.140563846517581,NA,0.162734151511478,NA,38.0581,-121.8193
"124",1981-06-01,"D7C","EMP D7",0,NA,0,NA,0,NA,38.1171,-122.0395
"125",1981-07-01,"D11","EMP D11",0.0764236926195986,NA,0.0098112002460868,NA,0.0102407748110262,NA,38.0422,121.7995
"126",1981-07-01,"D19C","EMP D19",36.1114403132156,NA,4.20221785692087,NA,4.83893300197088,NA,38.0438,121.6148
"127",1981-07-01,"D28AL","EMP D28A",1.41241145227073,NA,0.18347988496536,NA,0.210449306388339,NA,37.9701,-121.5741
"128",1981-07-01,"D4C","EMP D4",0.425142484585445,NA,0.0491491197983243,NA,0.0510170981502533,NA,38.0581,-121.8193
"129",1981-07-01,"D4L","EMP D4",0.71998713020863,NA,0.0813105621486652,NA,0.0863984556250356,NA,38.0581,-121.8193
"130",1981-07-01,"D4R","EMP D4",1.48230439123965,NA,0.152547271762391,NA,0.177876526948759,NA,38.0581,-121.8193
"131",1981-07-01,"D7C","EMP D7",0,NA,0,NA,0,NA,38.1171,-122.0395
"132",1981-08-01,"D11","EMP D11",0.032861235205921,NA,0.00377625538698282,NA,0.00394334822471052,NA,38.0422,121.7995
"133",1981-08-01,"D19C","EMP D19",39.3641254007903,NA,5.06351126935417,NA,5.86525468471775,NA,38.0438,121.6148
"134",1981-08-01,"D28AL","EMP D28A",4.90818703194611,NA,0.66015876181642,NA,0.731319867759971,NA,37.9701,-121.5741
"135",1981-08-01,"D4C","EMP D4",0.151098873322234,NA,0.0155979251595575,NA,0.016167579445479,NA,38.0581,-121.8193
"136",1981-08-01,"D4L","EMP D4",2.33676666061696,NA,0.224857964516664,NA,0.250034032686015,NA,38.0581,-121.8193
"137",1981-08-01,"D4R","EMP D4",0.356306907854985,NA,0.0363059966016067,NA,0.0381248391404834,NA,38.0581,-121.8193
"138",1981-08-01,"D7C","EMP D7",0,NA,0,NA,0,NA,38.1171,-122.0395
"139",1981-09-01,"D11","EMP D11",0.0294185750491245,NA,0.00338243294241251,NA,0.00353022900589494,NA,38.0422,121.7995
"140",1981-09-01,"D19C","EMP D19",36.1895351943708,NA,3.40752532313044,NA,3.87228026579768,NA,38.0438,121.6148
"141",1981-09-01,"D28AL","EMP D28A",28.015296870996,NA,4.09122619523314,NA,4.67855457745633,NA,37.9701,-121.5741
"142",1981-09-01,"D4C","EMP D4",2.36918203123432,NA,0.231513420534567,NA,0.253502477342072,NA,38.0581,-121.8193
"143",1981-09-01,"D4L","EMP D4",0.731828842819516,NA,0.0732579750703639,NA,0.0783056861816882,NA,38.0581,-121.8193
"144",1981-09-01,"D4R","EMP D4",0.99568522592537,NA,0.100448081528079,NA,0.106538319174015,NA,38.0581,-121.8193
"145",1981-09-01,"D7C","EMP D7",0,NA,0,NA,0,NA,38.1171,-122.0395
"146",1981-10-01,"D11","EMP D11",0.065271636466133,NA,0.00540574225893592,NA,0.00561336073608744,NA,38.0422,121.7995
"147",1981-10-01,"D19C","EMP D19",16.2434435072492,NA,1.42623164835767,NA,1.55937057669592,NA,38.0438,121.6148
"148",1981-10-01,"D28AL","EMP D28A",5.26914535504024,NA,0.406770880171381,NA,0.453146500533461,NA,37.9701,-121.5741
"149",1981-10-01,"D4C","EMP D4",1.07759595364279,NA,0.0982944503799548,NA,0.103449211549708,NA,38.0581,-121.8193
"150",1981-10-01,"D4L","EMP D4",0.0653064316738632,NA,0.00608868197704682,NA,0.00626941744069087,NA,38.0581,-121.8193
"151",1981-10-01,"D4R","EMP D4",10.9855819095821,NA,0.9259534195481,NA,1.05461586331988,NA,38.0581,-121.8193
"152",1981-10-01,"D7C","EMP D7",0,NA,0,NA,0,NA,38.1171,-122.0395
"153",1981-11-01,"D11","EMP D11",0.0267157931354467,NA,0.00140420912338535,NA,0.00146936862244957,NA,38.0422,121.7995
"154",1981-11-01,"D19C","EMP D19",11.8106477435956,NA,0.591630172990866,NA,0.64958562589776,NA,38.0438,121.6148
"155",1981-11-01,"D28AL","EMP D28A",65.8046550993127,NA,3.38126849422309,NA,4.01408396105807,NA,37.9701,-121.5741
"156",1981-11-01,"D4C","EMP D4",0.0308245812450357,NA,0.00166847275246679,NA,0.00169535196847696,NA,38.0581,-121.8193
"157",1981-11-01,"D4L","EMP D4",0.514402540311578,NA,0.0267820548763539,NA,0.0282921397171368,NA,38.0581,-121.8193
"158",1981-11-01,"D4R","EMP D4",0.889711830997131,NA,0.0452917928224708,NA,0.0489341507048422,NA,38.0581,-121.8193
"159",1981-11-01,"D7C","EMP D7",0,NA,0,NA,0,NA,38.1171,-122.0395
"160",1981-12-01,"D11","EMP D11",0.0850025935585023,NA,0.00311061690639233,NA,0.00331510114878159,NA,38.0422,121.7995
"161",1981-12-01,"D19C","EMP D19",12.057130770021,NA,0.430259403046093,NA,0.470228100030819,NA,38.0438,121.6148
"162",1981-12-01,"D28AL","EMP D28A",4.19766728024756,NA,0.129487174609258,NA,0.146918354808665,NA,37.9701,-121.5741
"163",1981-12-01,"D4C","EMP D4",38.1937380840833,NA,1.09669866958927,NA,1.48955578527925,NA,38.0581,-121.8193
"164",1981-12-01,"D4L","EMP D4",0.00349547152141749,NA,0.000134779560806578,NA,0.000136323389335282,NA,38.0581,-121.8193
"165",1981-12-01,"D4R","EMP D4",0.352824620603789,NA,0.0130702696270147,NA,0.0137601602035478,NA,38.0581,-121.8193
"166",1981-12-01,"D7C","EMP D7",0.00763452230334869,NA,0.000294374466136713,NA,0.000297746369830599,NA,38.1171,-122.0395
"167",1982-01-01,"D11","EMP D11",0.0584675595177901,NA,0.00173388556470644,NA,0.00181249434505149,NA,38.0422,121.7995
"168",1982-01-01,"D19C","EMP D19",18.1833913385364,NA,0.514040629600036,NA,0.563685131494628,NA,38.0438,121.6148
"169",1982-01-01,"D28AL","EMP D28A",4.38769132180159,NA,0.127700406240344,NA,0.136018430975849,NA,37.9701,-121.5741
"170",1982-01-01,"D4C","EMP D4",1.6548400084477,NA,0.048013632996628,NA,0.0513000402618786,NA,38.0581,-121.8193
"171",1982-01-01,"D4L","EMP D4",0.154227009048855,NA,0.00451578664206802,NA,0.00478103728051451,NA,38.0581,-121.8193
"172",1982-01-01,"D4R","EMP D4",0.0750088706552005,NA,0.00224787161867167,NA,0.00232527499031122,NA,38.0581,-121.8193
"173",1982-01-01,"D7C","EMP D7",0,NA,0,NA,0,NA,38.1171,-122.0395
"174",1982-02-01,"D11","EMP D11",0.0844556974348863,NA,0.00307309560774616,NA,0.00329377219996057,NA,38.0422,121.7995
"175",1982-02-01,"D19C","EMP D19",0.0465339501075234,NA,0.00199448308691135,NA,0.00204749380473103,NA,38.0438,121.6148
"176",1982-02-01,"D28AL","EMP D28A",8.64178471847811,NA,0.325981580747574,NA,0.380238527613037,NA,37.9701,-121.5741
"177",1982-02-01,"D4C","EMP D4",10.3896295922389,NA,0.41572739089449,NA,0.457143702058512,NA,38.0581,-121.8193
"178",1982-02-01,"D4L","EMP D4",0.440940653617289,NA,0.0180469689304633,NA,0.0194013887591607,NA,38.0581,-121.8193
"179",1982-02-01,"D4R","EMP D4",0.517251621568343,NA,0.021728108025494,NA,0.0227590713490071,NA,38.0581,-121.8193
"180",1982-02-01,"D7C","EMP D7",0,NA,0,NA,0,NA,38.1171,-122.0395
"181",1982-03-01,"D11","EMP D11",0.0591807325730275,NA,0.00248477340451018,NA,0.00260395223321321,NA,38.0422,121.7995
"182",1982-03-01,"D19C","EMP D19",7.40727588862394,NA,0.268021031344899,NA,0.288883759656334,NA,38.0438,121.6148
"183",1982-03-01,"D28AL","EMP D28A",0.68689956672928,NA,0.0282673189478943,NA,0.0302235809360883,NA,37.9701,-121.5741
"184",1982-03-01,"D4C","EMP D4",0.579688128164759,NA,0.0217057843021884,NA,0.0226078369984256,NA,38.0581,-121.8193
"185",1982-03-01,"D4L","EMP D4",0.809561812902168,NA,0.0280033212070072,NA,0.0315729107031845,NA,38.0581,-121.8193
"186",1982-03-01,"D4R","EMP D4",1.0501017974513,NA,0.0385291976191766,NA,0.0409539701006007,NA,38.0581,-121.8193
"187",1982-03-01,"D7C","EMP D7",0,NA,0,NA,0,NA,38.1171,-122.0395
"188",1982-04-01,"D11","EMP D11",0.139629684672585,NA,0.00584612488867571,NA,0.00614370612559374,NA,38.0422,121.7995
"189",1982-04-01,"D19C","EMP D19",0.537034981022478,NA,0.0182158231887877,NA,0.0209443642598766,NA,38.0438,121.6148
"190",1982-04-01,"D28AL","EMP D28A",21.8354744261394,NA,1.00646274611674,NA,1.20095109343767,NA,37.9701,-121.5741
"191",1982-04-01,"D4C","EMP D4",0.149599679015524,NA,0.00551522462149024,NA,0.00583438748160542,NA,38.0581,-121.8193
"192",1982-04-01,"D4L","EMP D4",5.04227696213311,NA,0.160423257960457,NA,0.196648801523191,NA,38.0581,-121.8193
"193",1982-04-01,"D4R","EMP D4",0.524098535305106,NA,0.0189430433569253,NA,0.0204398428768992,NA,38.0581,-121.8193
"194",1982-04-01,"D7C","EMP D7",0,NA,0,NA,0,NA,38.1171,-122.0395
"195",1982-05-01,"D11","EMP D11",0.184407383360019,NA,0.0149409077820339,NA,0.0158590349689616,NA,38.0422,121.7995
"196",1982-05-01,"D19C","EMP D19",9.23151754388836,NA,0.429949510069136,NA,0.50773346491386,NA,38.0438,121.6148
"197",1982-05-01,"D28AL","EMP D28A",10.8948291899264,NA,0.685386501851482,NA,1.04590360223294,NA,37.9701,-121.5741
"198",1982-05-01,"D4C","EMP D4",0.344987435040953,NA,0.029797852236232,NA,0.0331187937639315,NA,38.0581,-121.8193
"199",1982-05-01,"D4L","EMP D4",0.414361219023563,NA,0.036267215579144,NA,0.039778677026262,NA,38.0581,-121.8193
"200",1982-05-01,"D4R","EMP D4",0.557349603857714,NA,0.0502946664928691,NA,0.0535055619703406,NA,38.0581,-121.8193
"201",1982-05-01,"D7C","EMP D7",0,NA,0,NA,0,NA,38.1171,-122.0395
"202",1982-06-01,"D11","EMP D11",0.0863395683245697,NA,0.00810275272678549,NA,0.00828859855915869,NA,38.0422,121.7995
"203",1982-06-01,"D19C","EMP D19",17.0214833362081,NA,1.75840635936257,NA,2.04257800034497,NA,38.0438,121.6148
"204",1982-06-01,"D28AL","EMP D28A",5.51697292095342,NA,0.62012751377331,NA,0.739274371407759,NA,37.9701,-121.5741
"205",1982-06-01,"D4C","EMP D4",0.298485838571223,NA,0.0244997214599929,NA,0.0256697821171252,NA,38.0581,-121.8193
"206",1982-06-01,"D4L","EMP D4",0.23171146206771,NA,0.0188936907248784,NA,0.0199271857378231,NA,38.0581,-121.8193
"207",1982-06-01,"D4R","EMP D4",0.243334435386579,NA,0.0198253297067587,NA,0.0209267614432458,NA,38.0581,-121.8193
"208",1982-06-01,"D7C","EMP D7",0.041315102098399,NA,0.00348081963327081,NA,0.00355309878046232,NA,38.1171,-122.0395
"209",1982-07-01,"D11","EMP D11",0.0192459954660779,NA,0.00251650507327346,NA,0.00257896339245444,NA,38.0422,121.7995
"210",1982-07-01,"D19C","EMP D19",17.8326910832202,NA,2.01773153375329,NA,2.38958060515151,NA,38.0438,121.6148
"211",1982-07-01,"D28AL","EMP D28A",7.47236305582769,NA,0.933941304274768,NA,1.11338209531833,NA,37.9701,-121.5741
"212",1982-07-01,"D4C","EMP D4",16.5392460525649,NA,1.55275786432563,NA,1.76969932762445,NA,38.0581,-121.8193
"213",1982-07-01,"D4L","EMP D4",0.282060228528651,NA,0.0288997725779033,NA,0.0301804444525656,NA,38.0581,-121.8193
"214",1982-07-01,"D4R","EMP D4",3.3024044878682,NA,0.325182094224088,NA,0.353357280201897,NA,38.0581,-121.8193
"215",1982-07-01,"D7C","EMP D7",0,NA,0,NA,0,NA,38.1171,-122.0395
"216",1982-08-01,"D11","EMP D11",0.00126771931052404,NA,0.000185111712664938,NA,0.000188890177268083,NA,38.0422,121.7995
"217",1982-08-01,"D19C","EMP D19",7.15181054905065,NA,0.874659546099235,NA,0.958342613572786,NA,38.0438,121.6148
"218",1982-08-01,"D28AL","EMP D28A",4.47646453552953,NA,0.761243575569572,NA,0.837098868144023,NA,37.9701,-121.5741
"219",1982-08-01,"D4C","EMP D4",0.138682822594967,NA,0.0162066955369906,NA,0.016641938711396,NA,38.0581,-121.8193
"220",1982-08-01,"D4L","EMP D4",0.0745992275544452,NA,0.00863132152008186,NA,0.00895190730653342,NA,38.0581,-121.8193
"221",1982-08-01,"D4R","EMP D4",0.076732925730601,NA,0.00897477892933598,NA,0.00920795108767213,NA,38.0581,-121.8193
"222",1982-08-01,"D7C","EMP D7",0,NA,0,NA,0,NA,38.1171,-122.0395
"223",1982-09-01,"D11","EMP D11",0.0191223206068066,NA,0.00179076857877673,NA,0.00183574277825344,NA,38.0422,121.7995
"224",1982-09-01,"D19C","EMP D19",13.842202251936,NA,1.55245810084229,NA,1.66106427023233,NA,38.0438,121.6148
"225",1982-09-01,"D28AL","EMP D28A",16.6790068083681,NA,1.55077875559345,NA,1.78465372849539,NA,37.9701,-121.5741
"226",1982-09-01,"D4C","EMP D4",0.116458181606142,NA,0.01348292151295,NA,0.013974981792737,NA,38.0581,-121.8193
"227",1982-09-01,"D4L","EMP D4",0.0517769316714995,NA,0.00583214232778922,NA,0.00621323180057994,NA,38.0581,-121.8193
"228",1982-09-01,"D4R","EMP D4",3.10883973590426,NA,0.356683570539997,NA,0.373060768308511,NA,38.0581,-121.8193
"229",1982-09-01,"D7C","EMP D7",0.611637540954036,NA,0.0622984518733549,NA,0.0654452168820819,NA,38.1171,-122.0395
"230",1982-10-01,"D11","EMP D11",0.0039547679602777,NA,0.000296805871612754,NA,0.000304517132941383,NA,38.0422,121.7995
"231",1982-10-01,"D19C","EMP D19",0.864293850384884,NA,0.0630424867265081,NA,0.0665506264796361,NA,38.0438,121.6148
"232",1982-10-01,"D28AL","EMP D28A",7.34695556364836,NA,0.566586484367454,NA,0.631838178473759,NA,37.9701,-121.5741
"233",1982-10-01,"D4C","EMP D4",0.596159054149733,NA,0.0444486554123055,NA,0.0459042471695294,NA,38.0581,-121.8193
"234",1982-10-01,"D4L","EMP D4",0.0084031662166963,NA,0.000622015244595617,NA,0.000647043798685615,NA,38.0581,-121.8193
"235",1982-10-01,"D4R","EMP D4",0.00902044836933877,NA,0.000672794877877392,NA,0.000694574524439085,NA,38.0581,-121.8193
"236",1982-10-01,"D7C","EMP D7",0,NA,0,NA,0,NA,38.1171,-122.0395
"237",1982-11-01,"D11","EMP D11",0.0340170282024751,NA,0.00157565229462427,NA,0.00166683438192128,NA,38.0422,121.7995
"238",1982-11-01,"D19C","EMP D19",16.5732275486945,NA,0.677728610197535,NA,0.729222012142559,NA,38.0438,121.6148
"239",1982-11-01,"D28AL","EMP D28A",14.3608456061807,NA,0.832750970672962,NA,0.990898346826466,NA,37.9701,-121.5741
"240",1982-11-01,"D4C","EMP D4",3.21074310294509,NA,0.148061662811118,NA,0.15732641204431,NA,38.0581,-121.8193
"241",1982-11-01,"D4L","EMP D4",0.105754687448662,NA,0.00479418717786283,NA,0.00518197968498446,NA,38.0581,-121.8193
"242",1982-11-01,"D4R","EMP D4",0.0543521698851426,NA,0.00255591354777291,NA,0.00266325632437199,NA,38.0581,-121.8193
"243",1982-11-01,"D7C","EMP D7",0.0538358027413313,NA,0.00258276116779244,NA,0.00263795433432523,NA,38.1171,-122.0395
"244",1982-12-01,"D11","EMP D11",0.00961809069462704,NA,0.000288220378696416,NA,0.000298160811533438,NA,38.0422,121.7995
"245",1982-12-01,"D19C","EMP D19",11.6284237515715,NA,0.364192053499079,NA,0.406994831305004,NA,38.0438,121.6148
"246",1982-12-01,"D28AL","EMP D28A",23.1260918608776,NA,0.696699990897739,NA,0.809413215130717,NA,37.9701,-121.5741
"247",1982-12-01,"D4C","EMP D4",3.88242592478869,NA,0.113837494320788,NA,0.12035520366845,NA,38.0581,-121.8193
"248",1982-12-01,"D4L","EMP D4",1.30622386330332,NA,0.0376047824305746,NA,0.0404929397624028,NA,38.0581,-121.8193
"249",1982-12-01,"D4R","EMP D4",0.057079940826541,NA,0.00170717469115915,NA,0.00176947816562277,NA,38.0581,-121.8193
"250",1982-12-01,"D7C","EMP D7",0.352857533477576,NA,0.0104935458180865,NA,0.0109385835378049,NA,38.1171,-122.0395
"251",1983-01-01,"D11","EMP D11",0.0492424242162705,NA,0.00161959215739372,NA,0.00172348484756947,NA,38.0422,121.7995
"252",1983-01-01,"D19C","EMP D19",40.6312286507759,NA,1.12584839850215,NA,1.25956808817405,NA,38.0438,121.6148
"253",1983-01-01,"D28AL","EMP D28A",1.7269690376072,NA,0.0482822149162474,NA,0.0535360401658232,NA,37.9701,-121.5741
"254",1983-01-01,"D4C","EMP D4",0.00672182743908752,NA,0.000205039369904997,NA,0.000208376650611713,NA,38.0581,-121.8193
"255",1983-01-01,"D4L","EMP D4",0.828810246516189,NA,0.0225279330606018,NA,0.0256931176420019,NA,38.0581,-121.8193
"256",1983-01-01,"D4R","EMP D4",1.39021824190562,NA,0.0410054974511138,NA,0.0430967654990744,NA,38.0581,-121.8193
"257",1983-01-01,"D7C","EMP D7",0.00159376104720012,NA,0,NA,0,NA,38.1171,-122.0395
"258",1983-02-01,"D11","EMP D11",0.0247364357905584,NA,0.000923358758923216,NA,0.000964720995831777,NA,38.0422,121.7995
"259",1983-02-01,"D19C","EMP D19",17.791973012261,NA,0.718916453079658,NA,0.782846812539485,NA,38.0438,121.6148
"260",1983-02-01,"D28AL","EMP D28A",1.18085551297475,NA,0.0381403181624003,NA,0.0413299429541161,NA,37.9701,-121.5741
"261",1983-02-01,"D4C","EMP D4",8.020182286618,NA,0.295151657130785,NA,0.312787109178102,NA,38.0581,-121.8193
"262",1983-02-01,"D4L","EMP D4",1.96636540456143,NA,0.0704885285989893,NA,0.0766882507778959,NA,38.0581,-121.8193
"263",1983-02-01,"D4R","EMP D4",1.39399626272322,NA,0.0518523519972153,NA,0.0543658542462054,NA,38.0581,-121.8193
"264",1983-02-01,"D7C","EMP D7",0.00135292467463456,NA,5.216652240888e-05,NA,5.27640623107477e-05,NA,38.1171,-122.0395
"265",1983-03-01,"D11","EMP D11",0.0352414616928887,NA,0.00131902100966986,NA,0.00137441700602266,NA,38.0422,121.7995
"266",1983-03-01,"D19C","EMP D19",11.9090004316298,NA,0.481617891573639,NA,0.52399601899171,NA,38.0438,121.6148
"267",1983-03-01,"D28AL","EMP D28A",2.70736066123909,NA,0.110368556452858,NA,0.11912386909452,NA,37.9701,-121.5741
"268",1983-03-01,"D4C","EMP D4",0.114025673099461,NA,0.00428252231018615,NA,0.00444700125087899,NA,38.0581,-121.8193
"269",1983-03-01,"D4L","EMP D4",0.846636973801587,NA,0.0294648655519348,NA,0.0330188419782619,NA,38.0581,-121.8193
"270",1983-03-01,"D4R","EMP D4",1.00717542996123,NA,0.0357026793935228,NA,0.0392798417684879,NA,38.0581,-121.8193
"271",1983-03-01,"D7C","EMP D7",0.0141686656186866,NA,0.000543817027710375,NA,0.000552577959128779,NA,38.1171,-122.0395
"272",1983-04-01,"D11","EMP D11",0.537179536080899,NA,0.0215719982729661,NA,0.0236358995875596,NA,38.0422,121.7995
"273",1983-04-01,"D19C","EMP D19",9.6962678881437,NA,0.489883592550886,NA,0.533294733847903,NA,38.0438,121.6148
"274",1983-04-01,"D28AL","EMP D28A",5.83579392869174,NA,0.245248387083284,NA,0.285953902505895,NA,37.9701,-121.5741
"275",1983-04-01,"D4C","EMP D4",0.567529550972785,NA,0.0204397772079264,NA,0.0221336524879386,NA,38.0581,-121.8193
"276",1983-04-01,"D4L","EMP D4",1.19087724957637,NA,0.0399100467758893,NA,0.0464442127334783,NA,38.0581,-121.8193
"277",1983-04-01,"D4R","EMP D4",1.03502541279483,NA,0.0382711361632953,NA,0.0403659910989984,NA,38.0581,-121.8193
"278",1983-04-01,"D7C","EMP D7",0.250298588650784,NA,0.0102792240105171,NA,0.0110131379006345,NA,38.1171,-122.0395
"279",1983-05-01,"D11","EMP D11",0.339382158869523,NA,0.0171863025519434,NA,0.0186660187378238,NA,38.0422,121.7995
"280",1983-05-01,"D19C","EMP D19",9.80286901100628,NA,0.534376635429812,NA,0.597975009671383,NA,38.0438,121.6148
"281",1983-05-01,"D28AL","EMP D28A",1.81963132821881,NA,0.0881649290932982,NA,0.110997511021347,NA,37.9701,-121.5741
"282",1983-05-01,"D4C","EMP D4",0.35630404124217,NA,0.0182907995782326,NA,0.0195967222683193,NA,38.0581,-121.8193
"283",1983-05-01,"D4L","EMP D4",0.397564259588599,NA,0.0197956164017549,NA,0.021866034277373,NA,38.0581,-121.8193
"284",1983-05-01,"D4R","EMP D4",0.724171651235292,NA,0.0376725193819027,NA,0.039829440817941,NA,38.0581,-121.8193
"285",1983-05-01,"D7C","EMP D7",0.453025673316351,NA,0.0232837100669229,NA,0.0249164120323993,NA,38.1171,-122.0395
"286",1983-06-01,"D11","EMP D11",0.359720911895291,NA,0.0363182499173312,NA,0.0384901375727961,NA,38.0422,121.7995
"287",1983-06-01,"D19C","EMP D19",4.16828617726429,NA,0.445274232599939,NA,0.500194341271715,NA,38.0438,121.6148
"288",1983-06-01,"D28AL","EMP D28A",26.2229585397333,NA,2.5010408936856,NA,3.14675502476799,NA,37.9701,-121.5741
"289",1983-06-01,"D4C","EMP D4",0.818708802120998,NA,0.0716207799562034,NA,0.0785960450036158,NA,38.0581,-121.8193
"290",1983-06-01,"D4L","EMP D4",0.594895898831329,NA,0.051778806319115,NA,0.0571100062878076,NA,38.0581,-121.8193
"291",1983-06-01,"D4R","EMP D4",0.212512487247409,NA,0.0193093533770209,NA,0.0204011987757513,NA,38.0581,-121.8193
"292",1983-06-01,"D7C","EMP D7",0.3784731555853,NA,0.0342826820181881,NA,0.0363334229361888,NA,38.1171,-122.0395
"293",1983-07-01,"D11","EMP D11",0.110802208898702,NA,0.0126510645760766,NA,0.0132962650678442,NA,38.0422,121.7995
"294",1983-07-01,"D19C","EMP D19",5.22139069515345,NA,0.553792845928302,NA,0.626566883418414,NA,38.0438,121.6148
"295",1983-07-01,"D28AL","EMP D28A",6.75081022068504,NA,0.750060782108398,NA,0.904608569571795,NA,37.9701,-121.5741
"296",1983-07-01,"D4C","EMP D4",2.60084995104132,NA,0.257837241861656,NA,0.278290944761421,NA,38.0581,-121.8193
"297",1983-07-01,"D4L","EMP D4",0.319717472160531,NA,0.0325497424379548,NA,0.0342097695211769,NA,38.0581,-121.8193
"298",1983-07-01,"D4R","EMP D4",2.40511223710008,NA,0.243303394197624,NA,0.257347009369708,NA,38.0581,-121.8193
"299",1983-07-01,"D7C","EMP D7",0.521255996659496,NA,0.0593606880918723,NA,0.0625507195991395,NA,38.1171,-122.0395
"300",1983-09-01,"D11","EMP D11",0.10561201907372,NA,0.0109618954930746,NA,0.011300486040888,NA,38.0422,121.7995
"301",1983-09-01,"D19C","EMP D19",24.9157589862012,NA,2.26195945350649,NA,2.66598621152352,NA,38.0438,121.6148
"302",1983-09-01,"D28AL","EMP D28A",12.8389344497242,NA,1.34726187081869,NA,1.54067213396691,NA,37.9701,-121.5741
"303",1983-09-01,"D4C","EMP D4",0.173974897784332,NA,0.0163394120547046,NA,0.0167015901872959,NA,38.0581,-121.8193
"304",1983-09-01,"D4L","EMP D4",0.0758373967711524,NA,0.00676770379994604,NA,0.00728039009003063,NA,38.0581,-121.8193
"305",1983-09-01,"D4R","EMP D4",0.24010049660742,NA,0.02179778440731,NA,0.0230496476743123,NA,38.0581,-121.8193
"306",1983-09-01,"D7C","EMP D7",0.531150320716221,NA,0.048609527095657,NA,0.0509904307887573,NA,38.1171,-122.0395
"307",1983-11-01,"D11","EMP D11",0.0244368077152123,NA,0.00159465008054104,NA,0.00167010384605094,NA,38.0422,121.7995
"308",1983-11-01,"D19C","EMP D19",15.1045994441147,NA,0.808545364803447,NA,0.943414854536571,NA,38.0438,121.6148
"309",1983-11-01,"D28AL","EMP D28A",1.60342627168239,NA,0.107389902571549,NA,0.115107835346143,NA,37.9701,-121.5741
"310",1983-11-01,"D4C","EMP D4",2.26815516720562,NA,0.146462843080179,NA,0.158520832519392,NA,38.0581,-121.8193
"311",1983-11-01,"D4L","EMP D4",0.311263768422537,NA,0.0201716853664012,NA,0.0218287209731906,NA,38.0581,-121.8193
"312",1983-11-01,"D4R","EMP D4",0.627835178260824,NA,0.045084739174286,NA,0.0471644303463792,NA,38.0581,-121.8193
"313",1983-11-01,"D7C","EMP D7",1.785,NA,0.100193644063188,NA,0.108885,NA,38.1171,-122.0395
"314",1983-12-01,"D11","EMP D11",0.0226531652633188,NA,0.000758867022564916,NA,0.00079286078421616,NA,38.0422,121.7995
"315",1983-12-01,"D19C","EMP D19",3.09673079405626,NA,0.0984027365201482,NA,0.108385577791969,NA,38.0438,121.6148
"316",1983-12-01,"D28AL","EMP D28A",14.6107633203495,NA,0.451617669879808,NA,0.511376716212232,NA,37.9701,-121.5741
"317",1983-12-01,"D4C","EMP D4",1.59295419376431,NA,0.0527464790648601,NA,0.0557533967817507,NA,38.0581,-121.8193
"318",1983-12-01,"D4L","EMP D4",0.413610925954094,NA,0.0132386517124757,NA,0.0144763824083933,NA,38.0581,-121.8193
"319",1983-12-01,"D4R","EMP D4",0.0665681171572678,NA,0.00225843221105114,NA,0.00232988410050437,NA,38.0581,-121.8193
"320",1983-12-01,"D7C","EMP D7",5.00480241149375,NA,0.158804975528822,NA,0.175168084402281,NA,38.1171,-122.0395
"321",1984-01-01,"D11","EMP D11",0.00828564671325643,NA,0.000252104965545024,NA,0.000256855048110949,NA,38.0422,121.7995
"322",1984-01-01,"D19C","EMP D19",5.48744941967741,NA,0.151981687145943,NA,0.17011093201,NA,38.0438,121.6148
"323",1984-01-01,"D28AL","EMP D28A",44.4398563674412,NA,1.20488004974789,NA,1.37763554739068,NA,37.9701,-121.5741
"324",1984-01-01,"D4C","EMP D4",0.138810909058919,NA,0.00402746852231056,NA,0.00430313818082649,NA,38.0581,-121.8193
"325",1984-01-01,"D4L","EMP D4",0.281791149825063,NA,0.00805491102307181,NA,0.00873552564457697,NA,38.0581,-121.8193
"326",1984-01-01,"D4R","EMP D4",0.129450299514514,NA,0.00383004360001855,NA,0.00401295928494995,NA,38.0581,-121.8193
"327",1984-01-01,"D7C","EMP D7",0,NA,0,NA,0,NA,38.1171,-122.0395
"328",1984-02-01,"D11","EMP D11",0.0481377818200045,NA,0.0015832602710134,NA,0.00168482236370016,NA,38.0422,121.7995
"329",1984-02-01,"D19C","EMP D19",7.5208387155277,NA,0.257388218699448,NA,0.29331270990558,NA,38.0438,121.6148
"330",1984-02-01,"D28AL","EMP D28A",6.55958451536827,NA,0.228559867868899,NA,0.255823796099363,NA,37.9701,-121.5741
"331",1984-02-01,"D4C","EMP D4",2.05267129504252,NA,0.0671012368609538,NA,0.0718434953264883,NA,38.0581,-121.8193
"332",1984-02-01,"D4L","EMP D4",0.308417544103354,NA,0.00939011071937628,NA,0.0107946140436174,NA,38.0581,-121.8193
"333",1984-02-01,"D4R","EMP D4",0.0123573583599754,NA,0.000423060544184778,NA,0.00043250754259914,NA,38.0581,-121.8193
"334",1984-02-01,"D7C","EMP D7",3.8639870480642,NA,0.117576801082994,NA,0.135239546682247,NA,38.1171,-122.0395
"335",1984-03-01,"D11","EMP D11",0.0777735763309661,NA,0.00351608300985089,NA,0.00381090524021734,NA,38.0422,121.7995
"336",1984-03-01,"D19C","EMP D19",4.96127601304145,NA,0.217247053940414,NA,0.243102524639031,NA,38.0438,121.6148
"337",1984-03-01,"D28AL","EMP D28A",42.9472693970722,NA,1.78244609234835,NA,2.10441620045654,NA,37.9701,-121.5741
"338",1984-03-01,"D4C","EMP D4",0.67504479728776,NA,0.0311187848772118,NA,0.0330771950671002,NA,38.0581,-121.8193
"339",1984-03-01,"D4L","EMP D4",1.01821696925792,NA,0.0418291039224498,NA,0.049892631493638,NA,38.0581,-121.8193
"340",1984-03-01,"D4R","EMP D4",6.86943383507384,NA,0.316311673905818,NA,0.336602257918618,NA,38.0581,-121.8193
"341",1984-03-01,"D7C","EMP D7",2.59109220333098,NA,0.112136891419135,NA,0.126963517963218,NA,38.1171,-122.0395
"342",1984-04-01,"D11","EMP D11",0.293513107977214,NA,0.0167047449183162,NA,0.01790429958661,NA,38.0422,121.7995
"343",1984-04-01,"D19C","EMP D19",33.2783496762257,NA,1.37963015656641,NA,1.83030923219241,NA,38.0438,121.6148
"344",1984-04-01,"D28AL","EMP D28A",13.7729401240156,NA,0.651321317557118,NA,0.757511706820859,NA,37.9701,-121.5741
"345",1984-04-01,"D4C","EMP D4",2.89835890968335,NA,0.148887393009757,NA,0.159409740032584,NA,38.0581,-121.8193
"346",1984-04-01,"D4L","EMP D4",0.91595800863787,NA,0.0453068437171743,NA,0.0503776904750829,NA,38.0581,-121.8193
"347",1984-04-01,"D4R","EMP D4",0.13653110385169,NA,0.00710961344193342,NA,0.00750921071184296,NA,38.0581,-121.8193
"348",1984-04-01,"D7C","EMP D7",5.69619284347361,NA,0.270178654286239,NA,0.313290606391048,NA,38.1171,-122.0395
"349",1984-05-01,"D11","EMP D11",0.129222009769833,NA,0.0105467076555957,NA,0.0111130928402056,NA,38.0422,121.7995
"350",1984-05-01,"D19C","EMP D19",19.728512505495,NA,1.49120123972403,NA,1.69665207547257,NA,38.0438,121.6148
"351",1984-05-01,"D28AL","EMP D28A",23.8888682129033,NA,2.0261748808977,NA,2.29333134843872,NA,37.9701,-121.5741
"352",1984-05-01,"D4C","EMP D4",2.19673888330456,NA,0.149997033365302,NA,0.169148894014451,NA,38.0581,-121.8193
"353",1984-05-01,"D4L","EMP D4",98.815174751194,NA,6.36091674265468,NA,7.60876845584194,NA,38.0581,-121.8193
"354",1984-05-01,"D4R","EMP D4",1.18367122179388,NA,0.0863013857944849,NA,0.0911426840781289,NA,38.0581,-121.8193
"355",1984-05-01,"D7C","EMP D7",3.48296808441742,NA,0.234172253732489,NA,0.268188542500141,NA,38.1171,-122.0395
"356",1984-06-01,"D11","EMP D11",0.0190806590635496,NA,0.00178856111228355,NA,0.00183174327010077,NA,38.0422,121.7995
"357",1984-06-01,"D19C","EMP D19",9.24905652822943,NA,0.843245932739105,NA,0.989649048520549,NA,38.0438,121.6148
"358",1984-06-01,"D28AL","EMP D28A",38.8892947739275,NA,3.73081843228888,NA,4.6667153728713,NA,37.9701,-121.5741
"359",1984-06-01,"D4C","EMP D4",13.1295336951915,NA,1.13187306511178,NA,1.26043523473838,NA,38.0581,-121.8193
"360",1984-06-01,"D4L","EMP D4",0.180844764513565,NA,0.0162605489603385,NA,0.0173610973933022,NA,38.0581,-121.8193
"361",1984-06-01,"D4R","EMP D4",0.678088679738745,NA,0.0628044595692381,NA,0.0650965132549195,NA,38.0581,-121.8193
"362",1984-06-01,"D7C","EMP D7",1.42753934141123,NA,0.107944661545435,NA,0.122768383361365,NA,38.1171,-122.0395
"363",1984-07-01,"D11","EMP D11",0.0183266458047729,NA,0.00266882190062495,NA,0.00273067022491116,NA,38.0422,121.7995
"364",1984-07-01,"D19C","EMP D19",3.47843722240252,NA,0.536687200737547,NA,0.580899016141221,NA,38.0438,121.6148
"365",1984-07-01,"D28AL","EMP D28A",34.5201657562695,NA,4.64900888833568,NA,6.42075083066612,NA,37.9701,-121.5741
"366",1984-07-01,"D4C","EMP D4",0.0996570481949379,NA,0.0128966689228052,NA,0.0133540444581217,NA,38.0581,-121.8193
"367",1984-07-01,"D4L","EMP D4",17.8853987062706,NA,2.16749548695136,NA,2.39664342664027,NA,38.0581,-121.8193
"368",1984-07-01,"D4R","EMP D4",0.0521498886085306,NA,0.00671016039945863,NA,0.00698808507354311,NA,38.0581,-121.8193
"369",1984-07-01,"D7C","EMP D7",10.0058651706935,NA,1.00706226850239,NA,1.20070382048322,NA,38.1171,-122.0395
"370",1984-08-01,"D11","EMP D11",0.0254775941718153,NA,0.00333667226866515,NA,0.00341399761902325,NA,38.0422,121.7995
"371",1984-08-01,"D19C","EMP D19",12.145362952079,NA,1.75243490208406,NA,2.02827561299718,NA,38.0438,121.6148
"372",1984-08-01,"D28AL","EMP D28A",33.5230402035293,NA,4.12212279597167,NA,4.99493299032587,NA,37.9701,-121.5741
"373",1984-08-01,"D4C","EMP D4",2.33026561253715,NA,0.295449567943124,NA,0.312255592079978,NA,38.0581,-121.8193
"374",1984-08-01,"D4L","EMP D4",6.09751769826812,NA,0.751856641611156,NA,0.817067371567928,NA,38.0581,-121.8193
"375",1984-08-01,"D4R","EMP D4",0.13612469913082,NA,0.0175251249920092,NA,0.0182407096835299,NA,38.0581,-121.8193
"376",1984-08-01,"D7C","EMP D7",22.6332819995121,NA,2.19054567965012,NA,2.71599383994145,NA,38.1171,-122.0395
"377",1984-09-01,"D11","EMP D11",0.117584605866766,NA,0.0147735849926274,NA,0.0157563371861467,NA,38.0422,121.7995
"378",1984-09-01,"D19C","EMP D19",12.0330931197755,NA,1.38612310962065,NA,1.61243447804991,NA,38.0438,121.6148
"379",1984-09-01,"D28AL","EMP D28A",20.0777931191392,NA,2.74165733633401,NA,3.35299145089625,NA,37.9701,-121.5741
"380",1984-09-01,"D4C","EMP D4",17.0569675200085,NA,1.93836021471794,NA,2.28563364768114,NA,38.0581,-121.8193
"381",1984-09-01,"D4L","EMP D4",12.2695257532551,NA,1.488114576067,NA,1.64411645093618,NA,38.0581,-121.8193
"382",1984-09-01,"D4R","EMP D4",4.88223816599992,NA,0.61230024039628,NA,0.654219914243989,NA,38.0581,-121.8193
"383",1984-09-01,"D7C","EMP D7",16.0571010848366,NA,1.77416085330903,NA,2.15165154536811,NA,38.1171,-122.0395
"384",1984-10-01,"D11","EMP D11",0.0723320515759778,NA,0.00670796390534865,NA,0.00694387695129387,NA,38.0422,121.7995
"385",1984-10-01,"D19C","EMP D19",51.2886777539771,NA,3.79052117116127,NA,4.9237130643818,NA,38.0438,121.6148
"386",1984-10-01,"D28AL","EMP D28A",0.924167263129424,NA,0.0540267471191507,NA,0.0563742030508949,NA,37.9701,-121.5741
"387",1984-10-01,"D4C","EMP D4",1.5583165681611,NA,0.129554148086608,NA,0.134015224861855,NA,38.0581,-121.8193
"388",1984-10-01,"D4L","EMP D4",84.3540365074228,NA,5.69878985492728,NA,7.25444713963836,NA,38.0581,-121.8193
"389",1984-10-01,"D4R","EMP D4",0.0006652712528359,NA,5.63735187208234e-05,NA,5.72133277438874e-05,NA,38.0581,-121.8193
"390",1984-10-01,"D7C","EMP D7",7.55106657461051,NA,0.588250054649883,NA,0.649391725416504,NA,38.1171,-122.0395
"391",1984-11-01,"D11","EMP D11",0.00685619971723328,NA,0.000407996539897359,NA,0.00041822818275123,NA,38.0422,121.7995
"392",1984-11-01,"D19C","EMP D19",33.879862960985,NA,1.58542682955122,NA,1.86339246285418,NA,38.0438,121.6148
"393",1984-11-01,"D28AL","EMP D28A",58.4320242224062,NA,1.4276314306937,NA,2.04512084778422,NA,37.9701,-121.5741
"394",1984-11-01,"D4C","EMP D4",0.186980473382127,NA,0.0108045647761088,NA,0.0114058088763098,NA,38.0581,-121.8193
"395",1984-11-01,"D4L","EMP D4",0.0233748900670058,NA,0.00138742930723876,NA,0.00142586829408736,NA,38.0581,-121.8193
"396",1984-11-01,"D4R","EMP D4",0.700585155076041,NA,0.0413252417254645,NA,0.0427356944596385,NA,38.0581,-121.8193
"397",1984-11-01,"D7C","EMP D7",4.71562045026372,NA,0.233511961208021,NA,0.259359124764504,NA,38.1171,-122.0395
"398",1984-12-01,"D11","EMP D11",0.0322952821621585,NA,0.000949611341755568,NA,0.00100115374702691,NA,38.0422,121.7995
"399",1984-12-01,"D19C","EMP D19",3.11515378524979,NA,0.0897798687813251,NA,0.0965697673427436,NA,38.0438,121.6148
"400",1984-12-01,"D28AL","EMP D28A",23.6617764665653,NA,0.601271274171806,NA,0.733515070463525,NA,37.9701,-121.5741
"401",1984-12-01,"D4C","EMP D4",3.88464274875196,NA,0.113950201112791,NA,0.120423925211311,NA,38.0581,-121.8193
"402",1984-12-01,"D4L","EMP D4",0.250768991107053,NA,0.00677781611177998,NA,0.00777383872431863,NA,38.0581,-121.8193
"403",1984-12-01,"D4R","EMP D4",2.90882758400073,NA,0.0847060522831264,NA,0.0901736551040227,NA,38.0581,-121.8193
"404",1984-12-01,"D7C","EMP D7",8.08499501238473,NA,0.220596282691097,NA,0.250634845383927,NA,38.1171,-122.0395
"405",1985-01-01,"D11","EMP D11",0.0200073025506572,NA,0.000597286386013461,NA,0.000620226379070374,NA,38.0422,121.7995
"406",1985-01-01,"D19C","EMP D19",36.2459262038368,NA,0.941521778082664,NA,1.12362371231894,NA,38.0438,121.6148
"407",1985-01-01,"D28AL","EMP D28A",1.91828069195321,NA,0.0545485499790273,NA,0.0594667014505495,NA,37.9701,-121.5741
"408",1985-01-01,"D4C","EMP D4",0.543762338548344,NA,0.0162590298056272,NA,0.0168566324949987,NA,38.0581,-121.8193
"409",1985-01-01,"D4L","EMP D4",51.6942225874551,NA,1.35135853007857,NA,1.60252090021111,NA,38.0581,-121.8193
"410",1985-01-01,"D4R","EMP D4",5.98014691332086,NA,0.170871607525849,NA,0.185384554312947,NA,38.0581,-121.8193
"411",1985-01-01,"D7C","EMP D7",11.5147253786796,NA,0.307707201427919,NA,0.356956486739067,NA,38.1171,-122.0395
"412",1985-02-01,"D11","EMP D11",0.0678921625505382,NA,0.00196098817939473,NA,0.00210465703906668,NA,38.0422,121.7995
"413",1985-02-01,"D19C","EMP D19",19.8977819833384,NA,0.530806964915862,NA,0.61683124148349,NA,38.0438,121.6148
"414",1985-02-01,"D28AL","EMP D28A",8.27837465113575,NA,0.211291854485322,NA,0.256629614185208,NA,37.9701,-121.5741
"415",1985-02-01,"D4C","EMP D4",101.839442824094,NA,2.13725517532361,NA,3.1570227275469,NA,38.0581,-121.8193
"416",1985-02-01,"D4L","EMP D4",1.97524909417671,NA,0.0530180036679493,NA,0.0612327219194781,NA,38.0581,-121.8193
"417",1985-02-01,"D4R","EMP D4",0.118750636711071,NA,0.00342654289595211,NA,0.00368126973804321,NA,38.0581,-121.8193
"418",1985-02-01,"D7C","EMP D7",12.461884073398,NA,0.330758136600052,NA,0.386318406275339,NA,38.1171,-122.0395
"419",1985-03-01,"D11","EMP D11",0.070285478180021,NA,0.00285588918016775,NA,0.00309256103992093,NA,38.0422,121.7995
"420",1985-03-01,"D19C","EMP D19",27.7476850775049,NA,1.02468708657394,NA,1.22089814341022,NA,38.0438,121.6148
"421",1985-03-01,"D28AL","EMP D28A",32.9151635027573,NA,1.10012737712691,NA,1.44826719412132,NA,37.9701,-121.5741
"422",1985-03-01,"D4C","EMP D4",0,NA,0,NA,0,NA,38.0581,-121.8193
"423",1985-03-01,"D4L","EMP D4",0.228421699823151,NA,0.00784076984108695,NA,0.0089084462931029,NA,38.0581,-121.8193
"424",1985-03-01,"D4R","EMP D4",2.13637234474755,NA,0.0780933141124099,NA,0.0833185214451544,NA,38.0581,-121.8193
"425",1985-03-01,"D7C","EMP D7",7.43620376643784,NA,0.297760653532897,NA,0.327192965723265,NA,38.1171,-122.0395
"426",1985-04-01,"D11","EMP D11",0.102123809674892,NA,0.00123411904050662,NA,0.00132760952577359,NA,38.0422,121.7995
"427",1985-04-01,"D19C","EMP D19",39.6341554411768,NA,1.86636866185283,NA,2.17987854926472,NA,38.0438,121.6148
"428",1985-04-01,"D28AL","EMP D28A",18.0166606423628,NA,1.40712823735069,NA,1.72959942166683,NA,37.9701,-121.5741
"429",1985-04-01,"D4C","EMP D4",3.61646311336931,NA,0.208797799821187,NA,0.220604249915528,NA,38.0581,-121.8193
"430",1985-04-01,"D4L","EMP D4",0.929764307487513,NA,0.0465128384750111,NA,0.0567156227567383,NA,38.0581,-121.8193
"431",1985-04-01,"D4R","EMP D4",0.493698075500463,NA,0.0280021637958709,NA,0.0301155826055282,NA,38.0581,-121.8193
"432",1985-04-01,"D7C","EMP D7",6.81800023856521,NA,0.385985867184296,NA,0.415898014552478,NA,38.1171,-122.0395
"433",1985-05-01,"D11","EMP D11",0.028770891458782,NA,0.00239340759704731,NA,0.00247429666545526,NA,38.0422,121.7995
"434",1985-05-01,"D19C","EMP D19",37.1178937301453,NA,2.99445958439671,NA,3.56331779809395,NA,38.0438,121.6148
"435",1985-05-01,"D28AL","EMP D28A",0.0513078604575552,NA,0.00538225562649328,NA,0.0054899410689584,NA,37.9701,-121.5741
"436",1985-05-01,"D4C","EMP D4",30.2870387393727,NA,2.01966854735225,NA,2.3321019829317,NA,38.0581,-121.8193
"437",1985-05-01,"D4L","EMP D4",0.980116957927348,NA,0.0641597996074934,NA,0.0754690057604058,NA,38.0581,-121.8193
"438",1985-05-01,"D4R","EMP D4",2.90707744375832,NA,0.200290930767191,NA,0.223844963169391,NA,38.0581,-121.8193
"439",1985-05-01,"D7C","EMP D7",7.09091039610971,NA,0.504441350284709,NA,0.546000100500447,NA,38.1171,-122.0395
"440",1985-06-01,"D11","EMP D11",0.0898231523247379,NA,0.0114910698689962,NA,0.0120363024115149,NA,38.0422,121.7995
"441",1985-06-01,"D19C","EMP D19",11.5288033178991,NA,1.36868772240278,NA,1.54485964459848,NA,38.0438,121.6148
"442",1985-06-01,"D28AL","EMP D28A",8.51081426882894,NA,1.23172891098746,NA,1.42130598289443,NA,37.9701,-121.5741
"443",1985-06-01,"D4C","EMP D4",0.0478046357870557,NA,0.00563732050263134,NA,0.00573655629444668,NA,38.0581,-121.8193
"444",1985-06-01,"D4L","EMP D4",1.24160242164439,NA,0.131741067820182,NA,0.148992290597327,NA,38.0581,-121.8193
"445",1985-06-01,"D4R","EMP D4",0.872092583210059,NA,0.0947827822104755,NA,0.104651109985207,NA,38.0581,-121.8193
"446",1985-06-01,"D7C","EMP D7",4.91179976413241,NA,0.471956119607817,NA,0.525562574762168,NA,38.1171,-122.0395
"447",1985-08-01,"D11","EMP D11",0.0684523244431109,NA,0.00788320171000965,NA,0.00821427893317331,NA,38.0422,121.7995
"448",1985-08-01,"D19C","EMP D19",42.2434651637789,NA,4.36568171113299,NA,5.06921581965346,NA,38.0438,121.6148
"449",1985-08-01,"D28AL","EMP D28A",20.3844678816551,NA,2.82886669653463,NA,3.4042061362364,NA,37.9701,-121.5741
"450",1985-08-01,"D4C","EMP D4",24.8310810930548,NA,1.98722474785136,NA,2.38378378493326,NA,38.0581,-121.8193
"451",1985-08-01,"D4L","EMP D4",8.64799117073416,NA,0.767090657042551,NA,0.830207152390479,NA,38.0581,-121.8193
"452",1985-08-01,"D4R","EMP D4",0.298669601618947,NA,0.0271195645224284,NA,0.028672281755419,NA,38.0581,-121.8193
"453",1985-08-01,"D7C","EMP D7",5.94883783781523,NA,0.567204060214017,NA,0.636525648646229,NA,38.1171,-122.0395
"454",1985-09-01,"D28AL","EMP D28A",79.6763392913497,NA,6.06746337064499,NA,8.52536830417442,NA,37.9701,-121.5741
"455",1985-10-01,"D11","EMP D11",0.250973549932303,NA,0.0169393451940347,NA,0.0178762078393107,NA,38.0422,121.7995
"456",1985-10-01,"D19C","EMP D19",38.3357816887652,NA,2.77676250900269,NA,3.50355823488775,NA,38.0438,121.6148
"457",1985-10-01,"D28AL","EMP D28A",6.20217532952346,NA,0.386796337166142,NA,0.427950097737119,NA,37.9701,-121.5741
"458",1985-10-01,"D4C","EMP D4",20.7029815779813,NA,1.56025155017311,NA,1.92816469500888,NA,38.0581,-121.8193
"459",1985-10-01,"D4L","EMP D4",0.622556750059289,NA,0.0418452382118017,NA,0.0435377627419127,NA,38.0581,-121.8193
"460",1985-10-01,"D4R","EMP D4",1.67589399086524,NA,0.14924578693219,NA,0.154875978292561,NA,38.0581,-121.8193
"461",1985-10-01,"D7C","EMP D7",10.0938333201623,NA,0.395145085654316,NA,0.459899230998288,NA,38.1171,-122.0395
"462",1985-12-01,"D11","EMP D11",0.129934199186967,NA,0.00478652780982766,NA,0.00506743376829171,NA,38.0422,121.7995
"463",1985-12-01,"D19C","EMP D19",NA,NA,NA,NA,NA,NA,38.0438,121.6148
"464",1985-12-01,"D28AL","EMP D28A",11.6455203632082,NA,0.360706187041507,NA,0.407593212712287,NA,37.9701,-121.5741
"465",1985-12-01,"D4C","EMP D4",3.09998595811199,NA,0.0880166352453461,NA,0.0961482414010108,NA,38.0581,-121.8193
"466",1985-12-01,"D4L","EMP D4",2.46565657191021,NA,0.0732232949628697,NA,0.0772370440697141,NA,38.0581,-121.8193
"467",1985-12-01,"D4R","EMP D4",3.92400181408904,NA,0.119017989750181,NA,0.127894525859316,NA,38.0581,-121.8193
"468",1985-12-01,"D7C","EMP D7",8.00280805118466,NA,0.422107685446723,NA,0.475704529421633,NA,38.1171,-122.0395
"469",1986-01-01,"D11","EMP D11",0.109494301223263,NA,0.00317018231191983,NA,0.00339432333792117,NA,38.0422,121.7995
"470",1986-01-01,"D19C","EMP D19",45.8693672014093,NA,1.05515465054201,NA,1.42195038324369,NA,38.0438,121.6148
"471",1986-01-01,"D28AL","EMP D28A",2.92590594130612,NA,0.0781506162303953,NA,0.0907030841804896,NA,37.9701,-121.5741
"472",1986-01-01,"D4C","EMP D4",0.0236562743208455,NA,0.000718334212012105,NA,0.000733344503946211,NA,38.0581,-121.8193
"473",1986-01-01,"D4L","EMP D4",0.0501590983943727,NA,0.00150409861269301,NA,0.00155493205022555,NA,38.0581,-121.8193
"474",1986-01-01,"D4R","EMP D4",2.25346536137751,NA,0.0664394057771314,NA,0.069857426202703,NA,38.0581,-121.8193
"475",1986-01-01,"D7C","EMP D7",8.55471292187,NA,0.0383843512998674,NA,0.0446614585229832,NA,38.1171,-122.0395
"476",1986-02-01,"D11","EMP D11",0.0669665965529309,NA,0.00247192265361001,NA,0.0026116972655643,NA,38.0422,121.7995
"477",1986-02-01,"D19C","EMP D19",65.0439602287387,NA,1.96507970792985,NA,2.53671444892081,NA,38.0438,121.6148
"478",1986-02-01,"D28AL","EMP D28A",19.8036436364256,NA,0.422584737823986,NA,0.613912952729193,NA,37.9701,-121.5741
"479",1986-02-01,"D4C","EMP D4",0.0928265017781951,NA,0.00318242764177719,NA,0.00324892756223683,NA,38.0581,-121.8193
"480",1986-02-01,"D4L","EMP D4",0.223656038354346,NA,0.00720530618524905,NA,0.00782796134240211,NA,38.0581,-121.8193
"481",1986-02-01,"D4R","EMP D4",3.42741010394439,NA,0.111607003273188,NA,0.119959353638054,NA,38.0581,-121.8193
"482",1986-02-01,"D7C","EMP D7",2.12171323881781,NA,0.0683547412205799,NA,0.0742599633586233,NA,38.1171,-122.0395
"483",1986-03-01,"D11","EMP D11",0.123738441676107,NA,0.00521105985560089,NA,0.00544449143374871,NA,38.0422,121.7995
"484",1986-03-01,"D19C","EMP D19",40.7002932524638,NA,2.14762280507769,NA,2.80832023442,NA,38.0438,121.6148
"485",1986-03-01,"D28AL","EMP D28A",7.39116303033814,NA,0.380013487466353,NA,0.450860944850627,NA,37.9701,-121.5741
"486",1986-03-01,"D4C","EMP D4",4.74600980098313,NA,0.172051018697419,NA,0.185094382238342,NA,38.0581,-121.8193
"487",1986-03-01,"D4L","EMP D4",0.0887746366148959,NA,0.00334678360591861,NA,0.00346221082798094,NA,38.0581,-121.8193
"488",1986-03-01,"D4R","EMP D4",0.0693164378311928,NA,0.00247906557167279,NA,0.00270334107541652,NA,38.0581,-121.8193
"489",1986-03-01,"D7C","EMP D7",4.27042178257593,NA,0.152686522435284,NA,0.166546449520461,NA,38.1171,-122.0395
"490",1986-04-01,"D11","EMP D11",0.0297151390982965,NA,0.0017609637156737,NA,0.00181262348499609,NA,38.0422,121.7995
"491",1986-04-01,"D19C","EMP D19",9.76679375336259,NA,0.597651353764687,NA,0.673908768982019,NA,38.0438,121.6148
"492",1986-04-01,"D28AL","EMP D28A",4.46635959138349,NA,0.0915783526626225,NA,0.0982599110104369,NA,37.9701,-121.5741
"493",1986-04-01,"D4C","EMP D4",20.8415103026898,NA,1.10349548517949,NA,1.27133212846408,NA,38.0581,-121.8193
"494",1986-04-01,"D4L","EMP D4",0.167212098690961,NA,0.00971902419286574,NA,0.0101999380201486,NA,38.0581,-121.8193
"495",1986-04-01,"D4R","EMP D4",0.0957239800154568,NA,0.00545929169414526,NA,0.00583916278094286,NA,38.0581,-121.8193
"496",1986-04-01,"D7C","EMP D7",7.89466755790908,NA,0.427417024029652,NA,0.481574721032454,NA,38.1171,-122.0395
"497",1986-05-01,"D11","EMP D11",0.144226600946385,NA,0.0131995054548503,NA,0.013845753690853,NA,38.0422,121.7995
"498",1986-05-01,"D19C","EMP D19",45.5228677582022,NA,2.62084066900983,NA,3.91496662720539,NA,38.0438,121.6148
"499",1986-05-01,"D28AL","EMP D28A",4.78886745571021,NA,0.416446556829279,NA,0.45973127574818,NA,37.9701,-121.5741
"500",1986-05-01,"D4C","EMP D4",0.217972126147924,NA,0.0181216023025698,NA,0.0187456028487214,NA,38.0581,-121.8193
"501",1986-05-01,"D4L","EMP D4",27.2468285710421,NA,2.09099584899422,NA,2.34322725710962,NA,38.0581,-121.8193
"502",1986-05-01,"D4R","EMP D4",0.13056151823881,NA,0.0107900116815297,NA,0.0112282905685376,NA,38.0581,-121.8193
"503",1986-05-01,"D7C","EMP D7",7.68342485924859,NA,0.528643792794494,NA,0.591623714162142,NA,38.1171,-122.0395
"504",1986-06-01,"D11","EMP D11",0.00067634110912725,NA,6.41934445472383e-05,NA,6.4928746476216e-05,NA,38.0422,121.7995
"505",1986-06-01,"D19C","EMP D19",54.5537731444017,NA,4.69736364636995,NA,6.5464527773282,NA,38.0438,121.6148
"506",1986-06-01,"D28AL","EMP D28A",59.1904861887675,NA,5.73133093801023,NA,7.93152514929485,NA,37.9701,-121.5741
"507",1986-06-01,"D4C","EMP D4",14.3112860887868,NA,1.69619265325075,NA,1.91771233589743,NA,38.0581,-121.8193
"508",1986-06-01,"D4L","EMP D4",1.0430096477981,NA,0.13311559756387,NA,0.139763292804946,NA,38.0581,-121.8193
"509",1986-06-01,"D4R","EMP D4",3.81021990584985,NA,0.48050269080155,NA,0.51056946738388,NA,38.0581,-121.8193
"510",1986-06-01,"D7C","EMP D7",18.2830631722717,NA,1.35625658890059,NA,1.57234343281537,NA,38.1171,-122.0395
"511",1986-07-01,"D11","EMP D11",0.0069272202864473,NA,0.000808207217356546,NA,0.000831266434373676,NA,38.0422,121.7995
"512",1986-07-01,"D19C","EMP D19",20.0134741714391,NA,2.40810790252806,NA,2.98200765154442,NA,38.0438,121.6148
"513",1986-07-01,"D28AL","EMP D28A",26.8195606546267,NA,3.36605978925025,NA,4.47886662932266,NA,37.9701,-121.5741
"514",1986-07-01,"D4C","EMP D4",0.238778103704078,NA,0.0246042799070756,NA,0.0255492570963363,NA,38.0581,-121.8193
"515",1986-07-01,"D4L","EMP D4",19.806850234978,NA,1.88099365187055,NA,2.11933297514265,NA,38.0581,-121.8193
"516",1986-07-01,"D4R","EMP D4",3.17835459901763,NA,0.320516373820841,NA,0.340083942094887,NA,38.0581,-121.8193
"517",1986-07-01,"D7C","EMP D7",9.02539275122065,NA,0.764466415502937,NA,0.866437704117182,NA,38.1171,-122.0395
"518",1986-08-01,"D11","EMP D11",0.00477282247284278,NA,0.000494333909106961,NA,0.000510692004594178,NA,38.0422,121.7995
"519",1986-08-01,"D19C","EMP D19",185.272676124259,NA,9.03697247309865,NA,24.8265386006507,NA,38.0438,121.6148
"520",1986-08-01,"D28AL","EMP D28A",29.0477294131276,NA,2.96381482929093,NA,3.8923957413591,NA,37.9701,-121.5741
"521",1986-08-01,"D4C","EMP D4",83.4144283657128,NA,5.46063870143257,NA,8.00778512310843,NA,38.0581,-121.8193
"522",1986-08-01,"D4L","EMP D4",13.8481873111472,NA,1.22564182414159,NA,1.32942598187013,NA,38.0581,-121.8193
"523",1986-08-01,"D4R","EMP D4",3.37902727551785,NA,0.309539949320892,NA,0.324386618449714,NA,38.0581,-121.8193
"524",1986-08-01,"D7C","EMP D7",7.95284824063609,NA,0.682199649293435,NA,0.763473431101065,NA,38.1171,-122.0395
"525",1986-09-01,"D11","EMP D11",0.00302981059719639,NA,0.00031519675509129,NA,0.000324189733900014,NA,38.0422,121.7995
"526",1986-09-01,"D19C","EMP D19",36.1414888480237,NA,3.37934548901987,NA,4.33697866176284,NA,38.0438,121.6148
"527",1986-09-01,"D28AL","EMP D28A",52.1537301775683,NA,4.32176395163978,NA,6.25844762130819,NA,37.9701,-121.5741
"528",1986-09-01,"D4C","EMP D4",0.406012719756709,NA,0.0336386131959281,NA,0.034917093899077,NA,38.0581,-121.8193
"529",1986-09-01,"D4L","EMP D4",0.144165496670723,NA,0.0112691423308633,NA,0.0123982327136822,NA,38.0581,-121.8193
"530",1986-09-01,"D4R","EMP D4",4.57251030294985,NA,0.367524753729462,NA,0.393235886053687,NA,38.0581,-121.8193
"531",1986-09-01,"D7C","EMP D7",0,NA,0,NA,0,NA,38.1171,-122.0395
"532",1986-10-01,"D11","EMP D11",0.0271183017347779,NA,0.00202705211977036,NA,0.0020881092335779,NA,38.0422,121.7995
"533",1986-10-01,"D19C","EMP D19",59.469919792362,NA,2.96812889823778,NA,4.10342446567298,NA,38.0438,121.6148
"534",1986-10-01,"D28AL","EMP D28A",4.59885106948281,NA,0.326842001253365,NA,0.354111532350176,NA,37.9701,-121.5741
"535",1986-10-01,"D4C","EMP D4",0.00400441176862595,NA,0.000273775207714787,NA,0.00027630441203519,NA,38.0581,-121.8193
"536",1986-10-01,"D4L","EMP D4",0.688836228461069,NA,0.0444841955399305,NA,0.0475296997638137,NA,38.0581,-121.8193
"537",1986-10-01,"D4R","EMP D4",2.24780185274383,NA,0.147067169285978,NA,0.155098327839324,NA,38.0581,-121.8193
"538",1986-10-01,"D7C","EMP D7",3.3331634884092,NA,0.188699611986432,NA,0.203322972792961,NA,38.1171,-122.0395
"539",1986-11-01,"D11","EMP D11",0.00993313167707079,NA,0.000474816123266894,NA,0.000486723452176469,NA,38.0422,121.7995
"540",1986-11-01,"D19C","EMP D19",45.2342270115555,NA,1.57782424982357,NA,2.21647712356622,NA,38.0438,121.6148
"541",1986-11-01,"D28AL","EMP D28A",10.5605100044431,NA,0.63279485278146,NA,0.728675190306577,NA,37.9701,-121.5741
"542",1986-11-01,"D4C","EMP D4",18.1843411233036,NA,0.75847372681633,NA,0.891032715041877,NA,38.0581,-121.8193
"543",1986-11-01,"D4L","EMP D4",0.0686818018855951,NA,0.00321295863990618,NA,0.00336540829239416,NA,38.0581,-121.8193
"544",1986-11-01,"D4R","EMP D4",11.7951854891096,NA,0.521872741129609,NA,0.577964088966372,NA,38.0581,-121.8193
"545",1986-11-01,"D7C","EMP D7",1.43343099173349,NA,0.0662886434888178,NA,0.0702381185949409,NA,38.1171,-122.0395
"546",1986-12-01,"D11","EMP D11",0.0204307036217934,NA,0.000964077142711851,NA,0.00100110447746788,NA,38.0422,121.7995
"547",1986-12-01,"D19C","EMP D19",30,NA,0.735418751160344,NA,0.93,NA,38.0438,121.6148
"548",1986-12-01,"D7C","EMP D7",10.093899312144,NA,0.276765771173326,NA,0.312910878676463,NA,38.1171,-122.0395
"549",1987-01-01,"D11","EMP D11",0.00921737747675057,NA,0,NA,0,NA,38.0422,121.7995
"550",1987-01-01,"D19C","EMP D19",42.1614638263238,NA,0.969860003401948,NA,1.30700537861604,NA,38.0438,121.6148
"551",1987-01-01,"D28AL","EMP D28A",22.2147782221674,NA,0.484762467608168,NA,0.68865812488719,NA,37.9701,-121.5741
"552",1987-01-01,"D4C","EMP D4",0,NA,0,NA,0,NA,38.0581,-121.8193
"553",1987-01-01,"D4L","EMP D4",2.78190074955296,NA,0.0854415045971452,NA,0.0862389232361419,NA,38.0581,-121.8193
"554",1987-01-01,"D4R","EMP D4",3.1395997615008,NA,0.0953476996098862,NA,0.0973275926065247,NA,38.0581,-121.8193
"555",1987-01-01,"D7C","EMP D7",5.23399571984547,NA,0.148151047150046,NA,0.16225386731521,NA,38.1171,-122.0395
"556",1987-02-01,"D11","EMP D11",0.0170272985924282,NA,0.000646697101024761,NA,0.000664064645104699,NA,38.0422,121.7995
"557",1987-02-01,"D19C","EMP D19",36.7583275244901,NA,0.937645081149418,NA,1.28654146335716,NA,38.0438,121.6148
"558",1987-02-01,"D28AL","EMP D28A",2.81926255409304,NA,0.077116426799728,NA,0.0873971391768843,NA,37.9701,-121.5741
"559",1987-02-01,"D4C","EMP D4",155.266738930573,NA,3.28680291815418,NA,6.05540281829236,NA,38.0581,-121.8193
"560",1987-02-01,"D4L","EMP D4",0,NA,0,NA,0,NA,38.0581,-121.8193
"561",1987-02-01,"D4R","EMP D4",0,NA,0,NA,0,NA,38.0581,-121.8193
"562",1987-02-01,"D7C","EMP D7",NA,NA,NA,NA,NA,NA,38.1171,-122.0395
"563",1987-03-01,"D11","EMP D11",0.0433895460883492,NA,0.00205253003786503,NA,0.00212608775832911,NA,38.0422,121.7995
"564",1987-03-01,"D19C","EMP D19",29.1791085655451,NA,1.07170177489567,NA,1.28388077688399,NA,38.0438,121.6148
"565",1987-03-01,"D28AL","EMP D28A",7.5644174650707,NA,0.321884840451994,NA,0.370656455788464,NA,37.9701,-121.5741
"566",1987-03-01,"D4C","EMP D4",2.39375355989062,NA,0.100260867245858,NA,0.105325156635187,NA,38.0581,-121.8193
"567",1987-03-01,"D4L","EMP D4",1.65221924925843,NA,0.0692398592172151,NA,0.0726976469673707,NA,38.0581,-121.8193
"568",1987-03-01,"D4R","EMP D4",1.78336590425298,NA,0.0758022045588371,NA,0.0784680997871313,NA,38.0581,-121.8193
"569",1987-03-01,"D7C","EMP D7",NA,NA,NA,NA,NA,NA,38.1171,-122.0395
"570",1987-04-01,"D11","EMP D11",0.0969511832206024,NA,0.00796406264147156,NA,0.00833780175697181,NA,38.0422,121.7995
"571",1987-04-01,"D19C","EMP D19",25.0821670078257,NA,1.57775159806854,NA,1.93132685960258,NA,38.0438,121.6148
"572",1987-04-01,"D28AL","EMP D28A",11.9172491916288,NA,0.975353791415595,NA,1.14405592239637,NA,37.9701,-121.5741
"573",1987-04-01,"D4C","EMP D4",3.44825448315035,NA,0.280133980986649,NA,0.29654988555093,NA,38.0581,-121.8193
"574",1987-04-01,"D4L","EMP D4",0.295270421042025,NA,0.0222694212195834,NA,0.0253932562096141,NA,38.0581,-121.8193
"575",1987-04-01,"D4R","EMP D4",2.34474190299109,NA,0.176806422867941,NA,0.201647803657234,NA,38.0581,-121.8193
"576",1987-04-01,"D7C","EMP D7",0.0731765696427566,NA,0.00483239863258522,NA,0.00504918330535021,NA,38.1171,-122.0395
"577",1987-05-01,"D11","EMP D11",0.0429056480868491,NA,0.00440772726191567,NA,0.00459090434529285,NA,38.0422,121.7995
"578",1987-05-01,"D19C","EMP D19",29.6810923800279,NA,2.8667695333478,NA,3.56173108560334,NA,38.0438,121.6148
"579",1987-05-01,"D28AL","EMP D28A",13.2631743503185,NA,1.34182946765147,NA,1.59158092203822,NA,37.9701,-121.5741
"580",1987-05-01,"D4C","EMP D4",0,NA,0,NA,0,NA,38.0581,-121.8193
"581",1987-05-01,"D4L","EMP D4",0,NA,0,NA,0,NA,38.0581,-121.8193
"582",1987-05-01,"D4R","EMP D4",0,NA,0,NA,0,NA,38.0581,-121.8193
"583",1987-05-01,"D7C","EMP D7",0,0.359697386863266,0,0.136205482312138,0,0.143878954745307,38.1171,-122.0395
"584",1987-06-01,"D11","EMP D11",0,NA,0,NA,0,NA,38.0422,121.7995
"585",1987-06-01,"D19C","EMP D19",NA,NA,NA,NA,NA,NA,38.0438,121.6148
"586",1987-06-01,"D28AL","EMP D28A",12.5585382674358,NA,1.30858086644889,NA,1.50702459209229,NA,37.9701,-121.5741
"587",1987-06-01,"D4C","EMP D4",0.0047983750357618,0.166609534191496,0.000456427412047316,0.0655730145243921,0.000460644003433133,0.0666438136765986,38.0581,-121.8193
"588",1987-06-01,"D4L","EMP D4",0.364232809537801,0.261244595510661,0.0320857102822487,0.101000296964529,0.0349663497156289,0.104497838204265,38.0581,-121.8193
"589",1987-06-01,"D4R","EMP D4",0.433750532439457,NA,0.0389719309244718,NA,0.0416400511141878,NA,38.0581,-121.8193
"590",1987-06-01,"D41AC","EMP D41A",NA,0.0160235177791384,NA,0.00633622885852362,NA,0.00640940711165535,38.0847,-122.3906
"591",1987-06-01,"D7C","EMP D7",0,0.478701640560926,0,0.175447452731932,0,0.19148065622437,38.1171,-122.0395
"592",1987-07-01,"D11","EMP D11",0.0215591931488112,0.01,0.00192711085631674,0.00436689599104211,0.00206968254228588,0.00440692151453299,38.0422,121.7995
"593",1987-07-01,"D19C","EMP D19",17.5542004044057,NA,2.04900152222776,NA,2.35226285419036,NA,38.0438,121.6148
"594",1987-07-01,"D28AL","EMP D28A",0.0420932143848762,NA,0.00605489608786865,NA,0.00627188894334656,NA,37.9701,-121.5741
"595",1987-07-01,"D4C","EMP D4",0,0.0270333420566243,0,0.0107042131620166,0,0.0108133368226497,38.0581,-121.8193
"596",1987-07-01,"D4L","EMP D4",6.14386815303313,0.171059249460573,0.614419786630578,0.0561853825145894,0.657393892374545,0.06,38.0581,-121.8193
"597",1987-07-01,"D4R","EMP D4",5.67854708831302,0.177159391827366,0.564699052601537,0.0675432241519041,0.607604538449493,0.0708637567309463,38.0581,-121.8193
"598",1987-07-01,"D41AC","EMP D41A",NA,0.167877005645469,NA,0.065596148788523,NA,0.0671508022581876,38.0847,-122.3906
"599",1987-07-01,"D7C","EMP D7",0.00620998416486797,5.58722380061968,0.000656648160113093,1.944657436041,0.000664468305640873,2.23488952024787,38.1171,-122.0395
"600",1987-08-01,"D11","EMP D11",0.0752212783302874,0,0.00938530670479216,0,0.0100796512962585,0,38.0422,121.7995
"601",1987-08-01,"D19C","EMP D19",18.9689600744783,NA,2.40386951007954,NA,2.82637505109727,NA,38.0438,121.6148
"602",1987-08-01,"D28AL","EMP D28A",46.611830057488,NA,5.77771326554351,NA,6.94516267856572,NA,37.9701,-121.5741
"603",1987-08-01,"D4C","EMP D4",3.04245717344767,0.438225944535475,0.303406382159876,0.164433967266733,0.325542917558901,0.17529037781419,38.0581,-121.8193
"604",1987-08-01,"D4L","EMP D4",0.0579261161286595,0.552082561036427,0.00585298633146948,0.18900157922723,0.00619809442576656,0.208,38.0581,-121.8193
"605",1987-08-01,"D4R","EMP D4",1.70697293361699,0.438225944535475,0.170945343434596,0.164433967266733,0.182646103897018,0.17529037781419,38.0581,-121.8193
"606",1987-08-01,"D7C","EMP D7",0,8.00496609867901,0,2.69528337293252,0,3.2019864394716,38.1171,-122.0395
"607",1987-09-01,"D11","EMP D11",2.34066011771999,0.01,0.231779878088352,0.00446534597651416,0.250450632596039,0.00453671401077147,38.0422,121.7995
"608",1987-09-01,"D19C","EMP D19",15.4340063495098,NA,2.07813166070894,NA,2.29966694607696,NA,38.0438,121.6148
"609",1987-09-01,"D28AL","EMP D28A",51.3755940045871,NA,6.1367150116596,NA,7.65496350668347,NA,37.9701,-121.5741
"610",1987-09-01,"D4C","EMP D4",0.000816369733843904,0.244366425768251,9.70585286778651e-05,0.0935615557224298,9.79643680612685e-05,0.0977465703073002,38.0581,-121.8193
"611",1987-09-01,"D4L","EMP D4",0,0.181207756879627,0,0.0717730128176206,0,0.076,38.0581,-121.8193
"612",1987-09-01,"D4R","EMP D4",1.97961721769536,0.437570411333458,0.225253260585385,0.162817602647029,0.237554066123444,0.175028164533383,38.0581,-121.8193
"613",1987-09-01,"D41AC","EMP D41A",NA,0.676719943280919,NA,0.259583038095709,NA,0.270687977312367,38.0847,-122.3906
"614",1987-09-01,"D7C","EMP D7",NA,8.51048523443768,NA,2.91395224098121,NA,3.40419409377507,38.1171,-122.0395
"615",1987-10-01,"D11","EMP D11",0.606697215769698,0,0.0486471332812797,0.000217366548763508,0.052175960556194,0.000218457762233155,38.0422,121.7995
"616",1987-10-01,"D19C","EMP D19",35.7052465375495,NA,2.93326671061805,NA,3.42770366760475,NA,38.0438,121.6148
"617",1987-10-01,"D28AL","EMP D28A",28.1612799425922,NA,2.29602181370558,NA,2.70348287448885,NA,37.9701,-121.5741
"618",1987-10-01,"D4C","EMP D4",58.7384473755732,0.453035598935225,3.36705249738972,0.171407871225733,5.05150647429929,0.18121423957409,38.0581,-121.8193
"619",1987-10-01,"D4L","EMP D4",0.000967872684056846,0.142258973350341,8.24673893663456e-05,0.083171293495935,8.32370508288887e-05,0.088,38.0581,-121.8193
"620",1987-10-01,"D4R","EMP D4",3.44534845358799,0.541642668659364,0.27348240692884,0.202403403337415,0.296299967008567,0.216657067463746,38.0581,-121.8193
"621",1987-10-01,"D7C","EMP D7",0.0337648793484936,9.23538367632034,0.00256929746664415,3.15554030011601,0.00259989570983401,2.49508,38.1171,-122.0395
"622",1987-11-01,"D11","EMP D11",0.136055483652088,0.05,0.00991142723754233,0.0182662247646533,0.0104762722412108,0.018625068897296,38.0422,121.7995
"623",1987-11-01,"D19C","EMP D19",14.8176002161954,NA,0.733019219640254,NA,0.814968011890747,NA,38.0438,121.6148
"624",1987-11-01,"D28AL","EMP D28A",7.51646469608732,NA,0.532414985757614,NA,0.578767781598724,NA,37.9701,-121.5741
"625",1987-11-01,"D4C","EMP D4",0,1.43263494121253,0,0.538355853964634,0,0.573053976485011,38.0581,-121.8193
"626",1987-11-01,"D4L","EMP D4",7.60068745059949,0.477789473436831,0.530054490585905,0.125751950422732,0.585252933696161,0.132,38.0581,-121.8193
"627",1987-11-01,"D4R","EMP D4",0.183815405734133,1.06053719251981,0.0138011523904342,0.388654231515133,0.0141537862415282,0.424214877007926,38.0581,-121.8193
"628",1987-11-01,"D41AC","EMP D41A",NA,2.49351789548026,NA,0.933614006868455,NA,0.997407158192104,38.0847,-122.3906
"629",1987-11-01,"D7C","EMP D7",0.0207429194409585,10.0191079812541,0.00124711728679451,2.33210102570383,0.00126531808589847,2.067352,38.1171,-122.0395
"630",1987-12-01,"D11","EMP D11",0.0827569260542707,0,0.00431541707409369,0.000834383025561053,0.00455163093298489,0.000839776272511982,38.0422,121.7995
"631",1987-12-01,"D19C","EMP D19",16.5070323090269,NA,0.582533357680818,NA,0.64377426005205,NA,38.0438,121.6148
"632",1987-12-01,"D28AL","EMP D28A",12.1951439892952,NA,0.430593901226205,NA,0.475610615582511,NA,37.9701,-121.5741
"633",1987-12-01,"D4C","EMP D4",2.4047705801425,1.70075954233773,0.0987533208394266,0.642438490272628,0.10580990552627,0.680303816935091,38.0581,-121.8193
"634",1987-12-01,"D4L","EMP D4",0.0203384368609097,2.6411109496376,0.000876574348408686,0.53790200248045,0.000894891221880029,0.588,38.0581,-121.8193
"635",1987-12-01,"D4R","EMP D4",1.88618535914671,0.604434852553699,0.079232693588047,0.229095946284631,0.0829921558024554,0.24177394102148,38.0581,-121.8193
"636",1987-12-01,"D7C","EMP D7",0,9.34126852984338,0,2.19265427004748,0,2.49508,38.1171,-122.0395
"637",1988-01-01,"D11","EMP D11",0.0612434421664593,0,0.00179468908731069,0.000249632411698903,0.00189854670716024,0.000251245974297858,38.0422,121.7995
"638",1988-01-01,"D19C","EMP D19",32.0786837818179,NA,0.839173637656671,NA,0.994439197236353,NA,38.0438,121.6148
"639",1988-01-01,"D28AL","EMP D28A",21.8441758779516,NA,0.514620345055709,NA,0.677169452216499,NA,37.9701,-121.5741
"640",1988-01-01,"D4C","EMP D4",19.1900959689645,11.9108454831774,0.491478877324219,2.883439143108,0.594892975037899,3.21592828045789,38.0581,-121.8193
"641",1988-01-01,"D4L","EMP D4",2.20433332810608,1.99502282415729,0.0647377134338935,0.313945090662057,0.0683343331712886,0.33453,38.0581,-121.8193
"642",1988-01-01,"D4R","EMP D4",0.0182122711813855,1.61450948842747,0.00054514514126204,0.409788257410614,0.00056458040662295,0.435917561875417,38.0581,-121.8193
"643",1988-01-01,"D41AC","EMP D41A",NA,1.73021705479226,NA,0.440531810106078,NA,0.46715860479391,38.0847,-122.3906
"644",1988-01-01,"D7C","EMP D7",0,10.6568858347039,0,2.51262265662818,0,2.87735917537006,38.1171,-122.0395
"645",1988-02-01,"D11","EMP D11",0.0256796747672144,0,0.00109371341535657,0.0015646251151899,0.00112990568975743,0.00157473846765913,38.0422,121.7995
"646",1988-02-01,"D19C","EMP D19",22.1857273110396,NA,0.733255658370202,NA,0.865243365130543,NA,38.0438,121.6148
"647",1988-02-01,"D28AL","EMP D28A",10.9000432251987,NA,0.39386646515482,NA,0.479601901908745,NA,37.9701,-121.5741
"648",1988-02-01,"D4C","EMP D4",1.75503245765487,4.36165760788757,0.0732228193721532,1.64303273245597,0.0772214281368143,1.74466304315503,38.0581,-121.8193
"649",1988-02-01,"D4L","EMP D4",0.00178982390101676,11.5581672699106,7.77224323252504e-05,1.46720695696782,7.87522516447375e-05,1.64,38.0581,-121.8193
"650",1988-02-01,"D4R","EMP D4",5.67827660461135,3.48802545774722,0.222115823399659,1.29888901089297,0.249844170602899,1.39521018309889,38.0581,-121.8193
"651",1988-02-01,"D7C","EMP D7",0,4.50909456415191,0,1.10220216074433,0,1.21745553232102,38.1171,-122.0395
"652",1988-03-01,"D4C","EMP D4",37.8203610066987,NA,1.60197594732429,NA,2.08011985536843,NA,38.0581,-121.8193
"653",1988-03-01,"D4R","EMP D4",4.18049343909553,NA,0.218201057932234,NA,0.229927139150254,NA,38.0581,-121.8193
"654",1988-03-01,"D41AC","EMP D41A",NA,1.92846824811186,NA,0.731682446063509,NA,0.771387299244743,38.0847,-122.3906
"655",1988-04-01,"D11","EMP D11",NA,0,NA,0,NA,0,38.0422,121.7995
"656",1988-04-01,"D19C","EMP D19",15.3983481124442,NA,1.19493636951257,NA,1.3242579376702,NA,38.0438,121.6148
"657",1988-04-01,"D28AL","EMP D28A",61.5475640068672,NA,3.0100007699002,NA,4.23699285087202,NA,37.9701,-121.5741
"658",1988-04-01,"D4C","EMP D4",0,1.04751496496189,0,0.40634890882738,0,0.419005985984756,38.0581,-121.8193
"659",1988-04-01,"D4L","EMP D4",0.0119474995354774,0.718401928906129,0.000646175548435866,0.116403544144578,0.000657112474451254,0.12,38.0581,-121.8193
"660",1988-04-01,"D4R","EMP D4",1.53907208914101,3.49446630536172,0.0742650518467319,1.31058071918937,0.0846489649027555,1.39778652214469,38.0581,-121.8193
"661",1988-04-01,"D7C","EMP D7",0,4.69803599219008,0,1.66350950530676,0,1.87921439687603,38.1171,-122.0395
"662",1988-05-01,"D11","EMP D11",0.145643794306781,0,0.0132099858625771,0,0.0139818042534509,0,38.0422,121.7995
"663",1988-05-01,"D19C","EMP D19",18.9881757988224,NA,1.71935573202718,NA,2.031734810474,NA,38.0438,121.6148
"664",1988-05-01,"D28AL","EMP D28A",55.0278140445295,NA,4.72430256763966,NA,5.88797610276466,NA,37.9701,-121.5741
"665",1988-05-01,"D4C","EMP D4",50.3359924626963,1.61362273656335,3.416264824952,0.631171077869783,4.32889535179188,0.64544909462534,38.0581,-121.8193
"666",1988-05-01,"D4L","EMP D4",0.341437116951857,0.562949880050549,0.0274253547493591,0.0785157483771274,0.0293635920578597,0.08,38.0581,-121.8193
"667",1988-05-01,"D4R","EMP D4",2.18749211178317,0.975232934702976,0.165678519842978,0.377572996274242,0.188124321613353,0.39009317388119,38.0581,-121.8193
"668",1988-05-01,"D41AC","EMP D41A",NA,11.4553902627036,NA,3.84157477270382,NA,4.58215610508146,38.0847,-122.3906
"669",1988-05-01,"D7C","EMP D7",0,9.76986903964909,0,3.28458763932679,0,3.90794761585964,38.1171,-122.0395
"670",1988-06-01,"D11","EMP D11",0.103686326181784,0,0.00857072421568259,0,0.0089170240516334,0,38.0422,121.7995
"671",1988-06-01,"D19C","EMP D19",32.3633735544399,NA,3.75151045783651,NA,4.33669205629494,NA,38.0438,121.6148
"672",1988-06-01,"D28AL","EMP D28A",102.404808469017,NA,11.3137559792048,NA,15.2583164618835,NA,37.9701,-121.5741
"673",1988-06-01,"D4C","EMP D4",0,0,0,0,0,0,38.0581,-121.8193
"674",1988-06-01,"D4L","EMP D4",0.0566692210839938,4.41376077433276,0.00472180071422816,0.489767361089281,0.00487355301322347,0.512,38.0581,-121.8193
"675",1988-06-01,"D4R","EMP D4",5.7815884482212,0.892182569948557,0.450316849456425,0.348140065703638,0.497216606547023,0.356873027979423,38.0581,-121.8193
"676",1988-06-01,"D7C","EMP D7",0,6.1987812011587,0,2.1778522407122,0,2.47951248046348,38.1171,-122.0395
"677",1988-06-01,"USGS 8.1","EMP USGS 8.1",NA,87.8746312626501,NA,23.2156760794348,NA,35.14985250506,38.0316,122.1403
"678",1988-07-01,"D11","EMP D11",0.0158504816393263,0,0.00186915439582014,0,0.00190205779671916,0,38.0422,121.7995
"679",1988-07-01,"D19C","EMP D19",41.5735050040567,NA,4.94700644527241,NA,6.19445224560445,NA,38.0438,121.6148
"680",1988-07-01,"D28AL","EMP D28A",0.0214273928760772,NA,0.00312733287676989,NA,0.0031926815385355,NA,37.9701,-121.5741
"681",1988-07-01,"D4C","EMP D4",0,0.199778339775962,0,0.0786210452045804,0,0.0799113359103847,38.0581,-121.8193
"682",1988-07-01,"D4L","EMP D4",0.224827771085848,0.170159923133852,0.0258503707632896,0.043224112000731,0.0269793325303017,0.0448,38.0581,-121.8193
"683",1988-07-01,"D4R","EMP D4",0.0602246216311371,0.135636751134611,0.00705684614607365,0.0532158624818478,0.00722695459573645,0.0542547004538446,38.0581,-121.8193
"684",1988-07-01,"D41AC","EMP D41A",NA,11.4532490805825,NA,3.82792742118744,NA,4.581299632233,38.0847,-122.3906
"685",1988-07-01,"D7C","EMP D7",0,9.07369878450975,0,3.13122188529056,0,3.6294795138039,38.1171,-122.0395
"686",1988-07-01,"USGS 8.1","EMP USGS 8.1",NA,90.4819857819262,NA,21.9530200724595,NA,36.1927943127705,38.0316,122.1403
"687",1988-08-01,"D11","EMP D11",0.0578259942822999,0,0.00585624085214443,0.000165481915368751,0.00618738138820609,0.000166312660007522,38.0422,121.7995
"688",1988-08-01,"D19C","EMP D19",27.2966183677955,NA,2.68803477339262,NA,3.27559420413546,NA,38.0438,121.6148
"689",1988-08-01,"D28AL","EMP D28A",33.1902065146847,NA,4.2435733913734,NA,4.94534077068802,NA,37.9701,-121.5741
"690",1988-08-01,"D4C","EMP D4",0.00400719821181284,0.0900746288443336,0.000424845380043883,0.0353399725486374,0.000428770208663974,0.0360298515377334,38.0581,-121.8193
"691",1988-08-01,"D4L","EMP D4",14.8869214194593,0.1093735035768,1.46623163847238,0.037243277264655,1.59290059188215,0.0384,38.0581,-121.8193
"692",1988-08-01,"D4R","EMP D4",3.61613646399395,0.0511068424733035,0.358592159200859,0.0197732958123381,0.386926601647353,0.0204427369893214,38.0581,-121.8193
"693",1988-08-01,"D7C","EMP D7",0,9.95185097016022,0,3.38644646835404,0,3.98074038806409,38.1171,-122.0395
"694",1988-08-01,"USGS 8.1","EMP USGS 8.1",NA,117.876853868712,NA,28.5910852463293,NA,47.1507415474849,38.0316,122.1403
"695",1988-09-01,"D11","EMP D11",0.109953824692712,0,0.00920872167666289,0,0.00945602892357321,0,38.0422,121.7995
"696",1988-09-01,"D19C","EMP D19",38.0536962933389,NA,2.93614114268347,NA,3.65315484416053,NA,38.0438,121.6148
"697",1988-09-01,"D28AL","EMP D28A",3.77118815009001e-05,NA,3.60025507349164e-06,NA,3.62034062408641e-06,NA,37.9701,-121.5741
"698",1988-09-01,"D4C","EMP D4",18.1625665084579,6.06874006164651,1.6943972996778,2.34175557297872,1.94339461640499,2.4274960246586,38.0581,-121.8193
"699",1988-09-01,"D4L","EMP D4",2.93684559579911,0.20219569594335,0.293285285258295,0.0512047255261039,0.314242478750505,0.056,38.0581,-121.8193
"700",1988-09-01,"D4R","EMP D4",5.41972295542631,1.29983674418126,0.522277185658635,0.47862007021635,0.579910356230615,0.519934697672506,38.0581,-121.8193
"701",1988-09-01,"D41AC","EMP D41A",NA,22.6191330241535,NA,7.2562476457444,NA,9.04765320966139,38.0847,-122.3906
"702",1988-09-01,"D7C","EMP D7",0,13.9186417684219,0,4.62684127808319,0,5.56745670736877,38.1171,-122.0395
"703",1988-09-01,"USGS 8.1","EMP USGS 8.1",NA,58.3093201022445,NA,16.5595951246964,NA,23.3237280408978,38.0316,122.1403
"704",1988-10-01,"D11","EMP D11",0.0347102603707743,0,0.00327056209205236,0.000131563428085379,0.00333218499559433,0.00013222389670696,38.0422,121.7995
"705",1988-10-01,"D19C","EMP D19",20.381310903758,NA,1.76621824471518,NA,1.95660584676077,NA,38.0438,121.6148
"706",1988-10-01,"D28AL","EMP D28A",5.90265461764415,NA,0.516947229295164,NA,0.566654843293838,NA,37.9701,-121.5741
"707",1988-10-01,"D4C","EMP D4",0,NA,0,NA,0,NA,38.0581,-121.8193
"708",1988-10-01,"D4L","EMP D4",16.8455914389292,0.037020799650925,1.24115121421473,0.0150937783052696,1.44872086374791,0.016,38.0581,-121.8193
"709",1988-10-01,"D4R","EMP D4",0.208942276517739,2.26449109502272,0.0173910721426455,0.830974801108631,0.0179690357805255,0.905796438009086,38.0581,-121.8193
"710",1988-10-01,"D7C","EMP D7",0,13.1755513086472,0,4.42289380101924,0,5.27022052345886,38.1171,-122.0395
"711",1988-10-01,"USGS 8.1","EMP USGS 8.1",NA,46.0069611420625,NA,13.3114686323073,NA,18.402784456825,38.0316,122.1403
"712",1988-11-01,"D11","EMP D11",0.0450920025624086,0,0.00301812448007216,0,0.00311134817680619,0,38.0422,121.7995
"713",1988-11-01,"D19C","EMP D19",36.5513793141527,NA,2.1467823938436,NA,2.52204517267653,NA,38.0438,121.6148
"714",1988-11-01,"D28AL","EMP D28A",7.84916846321378,NA,0.503427286905118,NA,0.541592623961751,NA,37.9701,-121.5741
"715",1988-11-01,"D4C","EMP D4",1.5566559597351,2.81295006204395,0.100807836996473,1.08455569647118,0.107409261221722,1.12518002481758,38.0581,-121.8193
"716",1988-11-01,"D4L","EMP D4",3.28100706621465,2.22188931277777,0.209642785241281,0.533736450876501,0.226389487568811,0.572,38.0581,-121.8193
"717",1988-11-01,"D4R","EMP D4",2.0102852566611,2.58020094652415,0.129474992476837,0.947774150113046,0.138709682709616,1.03208037860966,38.0581,-121.8193
"718",1988-11-01,"D41AC","EMP D41A",NA,13.6355503789824,NA,4.70610471389376,NA,5.45422015159298,38.0847,-122.3906
"719",1988-11-01,"D7C","EMP D7",0,10.0995941205787,0,2.35535827153474,0,2.72689041255626,38.1171,-122.0395
"720",1988-11-01,"USGS 8.1","EMP USGS 8.1",NA,54.2156776698288,NA,14.4739451596146,NA,21.6862710679315,38.0316,122.1403
"721",1988-12-01,"D11","EMP D11",2.36663216757643,0,0.0880742892041589,0,0.0922986545354807,0,38.0422,121.7995
"722",1988-12-01,"D19C","EMP D19",25.0742387564166,NA,0.775036541272591,NA,0.877598356474581,NA,38.0438,121.6148
"723",1988-12-01,"D28AL","EMP D28A",2.53468146087289,NA,0.0842933368687552,NA,0.0887138511305513,NA,37.9701,-121.5741
"724",1988-12-01,"D4C","EMP D4",0,1.17329570674084,0,0.453243211402433,0,0.469318282696336,38.0581,-121.8193
"725",1988-12-01,"D4L","EMP D4",0,0.100555240893843,0,0.023588976473666,0,0.024,38.0581,-121.8193
"726",1988-12-01,"D4R","EMP D4",7.97630038321477,14.3795133382872,0.274483213371623,4.91663555535617,0.311075714945376,5.75180533531489,38.0581,-121.8193
"727",1988-12-01,"D7C","EMP D7",0,11.5116456335406,0,2.72031940369616,0,3.10814432105597,38.1171,-122.0395
"728",1989-01-01,"D11","EMP D11",0.0167458112265916,0,0.000508937582832766,0,0.000519120148024339,0,38.0422,121.7995
"729",1989-01-01,"D19C","EMP D19",51.6221404718771,NA,1.34656651707241,NA,1.60028635462819,NA,38.0438,121.6148
"730",1989-01-01,"D28AL","EMP D28A",1.3815651619349,NA,0.0403591893377529,NA,0.0428285200199819,NA,37.9701,-121.5741
"731",1989-01-01,"D4C","EMP D4",9.85587127165164,1.32190190218764,0.268805206375191,0.343398281301502,0.305532009421201,0.356913513590662,38.0581,-121.8193
"732",1989-01-01,"D4L","EMP D4",0.000894911950508381,0.342957070546769,2.74857482049599e-05,0.0460317950821979,2.77422704657598e-05,0.04698,38.0581,-121.8193
"733",1989-01-01,"D4R","EMP D4",12.9032538009288,1.17700750862327,0.340350357022765,0.301464527364123,0.400000867828792,0.317792027328284,38.0581,-121.8193
"734",1989-01-01,"D41AC","EMP D41A",NA,0.687805818073612,NA,0.178409066455974,NA,0.185707570879875,38.0847,-122.3906
"735",1989-01-01,"D7C","EMP D7",0,2.98832000217123,0,0.746736181290481,0,0.806846400586231,38.1171,-122.0395
"736",1989-01-01,"USGS 8.1","EMP USGS 8.1",NA,99.222473523722,NA,20.8479162213601,NA,31.1839556648895,38.0316,122.1403
"737",1989-02-01,"D11","EMP D11",0.031929697367256,0,0.000954968951481545,0,0.000989820618384937,0,38.0422,121.7995
"738",1989-02-01,"D19C","EMP D19",26.188496978932,NA,0.711179374314068,NA,0.811843406346891,NA,38.0438,121.6148
"739",1989-02-01,"D28AL","EMP D28A",0.889516626747099,NA,0.0260190366931377,NA,0.0275750154291601,NA,37.9701,-121.5741
"740",1989-02-01,"D4C","EMP D4",2.75901528218006,1.38310290821185,0.0812676335311232,0.357832279046202,0.0855294737475818,0.3734377852172,38.0581,-121.8193
"741",1989-02-01,"D4L","EMP D4",0,0.158676619894456,0,0.0440471857928006,0,0.0459,38.0581,-121.8193
"742",1989-02-01,"D4R","EMP D4",4.32579402777425,6.76626830282497,0.12145193804328,1.65573309720762,0.134099614861002,1.82689244176274,38.0581,-121.8193
"743",1989-02-01,"D7C","EMP D7",0,5.88749128613446,0,1.43913717590471,0,1.5896226472563,38.1171,-122.0395
"744",1989-02-01,"USGS 8.1","EMP USGS 8.1",NA,45.6845604378634,NA,9.21524867319496,NA,12.3348313182231,38.0316,122.1403
"745",1989-03-01,"D11","EMP D11",NA,0,NA,0,NA,0,38.0422,121.7995
"746",1989-03-01,"D4C","EMP D4",NA,0,NA,0,NA,0,38.0581,-121.8193
"747",1989-03-01,"D4L","EMP D4",NA,NA,NA,NA,NA,NA,38.0581,-121.8193
"748",1989-03-01,"D4R","EMP D4",NA,NA,NA,NA,NA,NA,38.0581,-121.8193
"749",1989-03-01,"D41AC","EMP D41A",NA,1.41683677191272,NA,0.544956457328111,NA,0.566734708765088,38.0847,-122.3906
"750",1989-03-01,"USGS 8.1","EMP USGS 8.1",NA,36.6220791393054,NA,11.0045352116044,NA,14.6488316557221,38.0316,122.1403
"751",1989-04-01,"USGS 8.1","EMP USGS 8.1",NA,48.8844235643142,NA,13.832259417725,NA,19.5537694257257,38.0316,122.1403
"752",1989-05-01,"D11","EMP D11",0.0453567858934961,0.02,0.00214636256396809,0.00935243512487043,0.00222248250878131,0.00943321162291008,38.0422,121.7995
"753",1989-05-01,"D19C","EMP D19",20.7948623455192,NA,1.59956927876936,NA,1.78835816171465,NA,38.0438,121.6148
"754",1989-05-01,"D28AL","EMP D28A",54.7173765862395,NA,4.12574229949895,NA,5.25286815227899,NA,37.9701,-121.5741
"755",1989-05-01,"D4C","EMP D4",0.48073150342244,0,0.0355935114191204,0,0.0370163257635279,0,38.0581,-121.8193
"756",1989-05-01,"D4L","EMP D4",0.121115278388778,0.242222384546604,0.0089346795405279,0.0430025247150752,0.00932587643593589,0.0436,38.0581,-121.8193
"757",1989-05-01,"D4R","EMP D4",0,0.841564541375927,0,0.327728302693079,0,0.336625816550371,38.0581,-121.8193
"758",1989-05-01,"D7C","EMP D7",0,1.13099908232982,0,0.428519349024325,0,0.452399632931927,38.1171,-122.0395
"759",1989-05-01,"USGS 8.1","EMP USGS 8.1",NA,46.0598324517417,NA,13.8258727489364,NA,18.4239329806967,38.0316,122.1403
"760",1989-06-01,"D11","EMP D11",NA,0,NA,0,NA,0,38.0422,121.7995
"761",1989-06-01,"D19C","EMP D19",NA,NA,NA,NA,NA,NA,38.0438,121.6148
"762",1989-06-01,"D4C","EMP D4",129.152648975507,7.03743988409291,6.48835134274135,2.7183902603071,11.1071278118936,2.81497595363716,38.0581,-121.8193
"763",1989-06-01,"D4L","EMP D4",0,NA,0,NA,0,NA,38.0581,-121.8193
"764",1989-06-01,"D4R","EMP D4",3.76683520126386,0.154287544066039,0.305003110201339,0.0608520377531819,0.323947827308692,0.0617150176264156,38.0581,-121.8193
"765",1989-06-01,"D7C","EMP D7",0,1.66524587665848,0,0.617365116751341,0,0.666098350663391,38.1171,-122.0395
"766",1989-06-01,"USGS 8.1","EMP USGS 8.1",NA,41.8443208241385,NA,13.7316840139644,NA,16.7377283296554,38.0316,122.1403
"767",1989-07-01,"D11","EMP D11",NA,0,NA,0,NA,0,38.0422,121.7995
"768",1989-07-01,"D19C","EMP D19",NA,NA,NA,NA,NA,NA,38.0438,121.6148
"769",1989-07-01,"D28AL","EMP D28A",8.95739305359058,NA,1.33505373487399,NA,1.49588463994963,NA,37.9701,-121.5741
"770",1989-07-01,"D4C","EMP D4",55.8856375390151,1.23589519541674,4.68953663006919,0.486005160491596,5.97976321667462,0.494358078166698,38.0581,-121.8193
"771",1989-07-01,"D4L","EMP D4",1.07433434240845,1.49843632147112,0.110296231262689,0.0125213051088233,0.114953774637704,0.0128,38.0581,-121.8193
"772",1989-07-01,"D4R","EMP D4",2.06089384765655,2.12392385318015,0.210134623404771,0.821134460148045,0.220515641699251,0.849569541272062,38.0581,-121.8193
"773",1989-07-01,"D41AC","EMP D41A",NA,21.8208714824246,NA,6.525837378819,NA,8.72834859296983,38.0847,-122.3906
"774",1989-07-01,"D7C","EMP D7",0,4.85212635833572,0,1.74198499197625,0,1.94085054333429,38.1171,-122.0395
"775",1989-07-01,"USGS 8.1","EMP USGS 8.1",NA,20.7427968346607,NA,6.92122366774758,NA,8.2971187338643,38.0316,122.1403
"776",1989-08-01,"D11","EMP D11",NA,0,NA,0,NA,0,38.0422,121.7995
"777",1989-08-01,"D19C","EMP D19",25.3968483745742,NA,2.59225203311789,NA,3.04762180494891,NA,38.0438,121.6148
"778",1989-08-01,"D28AL","EMP D28A",42.0094467751657,NA,5.10636352997103,NA,6.25940756949969,NA,37.9701,-121.5741
"779",1989-08-01,"D4C","EMP D4",0,2.59529636073571,0,1.00883651575516,0,1.03811854429429,38.0581,-121.8193
"780",1989-08-01,"D4L","EMP D4",5.58640111138831,0.0102684269224168,0.644050057595081,0.00832207678979919,0.670368133366598,0.0084,38.0581,-121.8193
"781",1989-08-01,"D4R","EMP D4",9.6618248723148,0.634852714749588,1.07028869264845,0.249773303792239,1.15941898467778,0.253941085899835,38.0581,-121.8193
"782",1989-08-01,"D7C","EMP D7",0,5.24980103107579,0,1.86754695795738,0,2.09992041243032,38.1171,-122.0395
"783",1989-08-01,"USGS 8.1","EMP USGS 8.1",NA,44.3430382698877,NA,13.9363966730327,NA,17.7372153079551,38.0316,122.1403
"784",1989-09-01,"D11","EMP D11",NA,0,NA,0,NA,0,38.0422,121.7995
"785",1989-09-01,"D19C","EMP D19",6.19953644712852,NA,0.61724516096291,NA,0.663350399842752,NA,38.0438,121.6148
"786",1989-09-01,"D28AL","EMP D28A",35.2829019658872,NA,3.72418948396847,NA,4.23394823590646,NA,37.9701,-121.5741
"787",1989-09-01,"D4C","EMP D4",0.000167259850947848,0.0165721666528568,1.59963320502419e-05,0.00657210374133731,1.60569456909934e-05,0.00662886666114274,38.0581,-121.8193
"788",1989-09-01,"D4L","EMP D4",0.0307599815411413,0.0330569702277965,0.00288071629113884,0.163710976122239,0.00295295822794957,0.168,38.0581,-121.8193
"789",1989-09-01,"D4R","EMP D4",2.60517504099561,0.379681638872239,0.236652152436637,0.148838192763744,0.250096803935578,0.151872655548896,38.0581,-121.8193
"790",1989-09-01,"D41AC","EMP D41A",NA,37.9734777636783,NA,10.6728787991767,NA,15.1893911054713,38.0847,-122.3906
"791",1989-09-01,"D7C","EMP D7",0,6.56779072614654,0,2.29957001044909,0,2.62711629045861,38.1171,-122.0395
"792",1989-09-01,"USGS 8.1","EMP USGS 8.1",NA,47.61252347363,NA,14.8806709943304,NA,19.045009389452,38.0316,122.1403
"793",1989-10-01,"D11","EMP D11",0.0150794552061976,0,0.00117934264106633,0,0.001296833147733,0,38.0422,121.7995
"794",1989-10-01,"D19C","EMP D19",39.826892553812,NA,3.3345583369114,NA,3.82338168516596,NA,38.0438,121.6148
"795",1989-10-01,"D28AL","EMP D28A",16.1806599699538,NA,1.34779429570868,NA,1.55334335711556,NA,37.9701,-121.5741
"796",1989-10-01,"D4C","EMP D4",0,0,0,0,0,0,38.0581,-121.8193
"797",1989-10-01,"D4L","EMP D4",0.014208050932288,1.34537981025045,0.00120730623980672,NA,0.00122189238017677,NA,38.0581,-121.8193
"798",1989-10-01,"D4R","EMP D4",0.104037109643868,0.0257862369541323,0.00868979206779627,0.0102188116215356,0.00894719142937265,0.0103144947816529,38.0581,-121.8193
"799",1989-10-01,"D7C","EMP D7",0,10.5835615053068,0,3.63982011442907,0,4.23342460212271,38.1171,-122.0395
"800",1989-10-01,"USGS 8.1","EMP USGS 8.1",NA,52.9940022109059,NA,16.1296559327013,NA,21.1976008843624,38.0316,122.1403
"801",1989-11-01,"D11","EMP D11",1.22035982896465,0,0.0801997133757984,0,0.0842048281985605,0,38.0422,121.7995
"802",1989-11-01,"D19C","EMP D19",47.0814444891419,NA,2.16098109821538,NA,2.87196811383766,NA,38.0438,121.6148
"803",1989-11-01,"D28AL","EMP D28A",21.8039387209626,NA,1.02915773248421,NA,1.19921662965295,NA,37.9701,-121.5741
"804",1989-11-01,"D4C","EMP D4",0,0,0,0,0,0,38.0581,-121.8193
"805",1989-11-01,"D4L","EMP D4",0,NA,0,NA,0,NA,38.0581,-121.8193
"806",1989-11-01,"D4R","EMP D4",0,NA,0,NA,0,NA,38.0581,-121.8193
"807",1989-11-01,"D41AC","EMP D41A",NA,27.3977044781142,NA,8.58813075020304,NA,10.9590817912457,38.0847,-122.3906
"808",1989-11-01,"D7C","EMP D7",0,7.70967679822881,0,1.85891627908312,0,2.08161273552178,38.1171,-122.0395
"809",1989-11-01,"USGS 8.1","EMP USGS 8.1",NA,NA,NA,NA,NA,NA,38.0316,122.1403
"810",1989-12-01,"D11","EMP D11",0.946262031435255,0,0.0373744934886355,0,0.0416355293831512,0,38.0422,121.7995
"811",1989-12-01,"D19C","EMP D19",10.1963479145718,NA,0.404120474545044,NA,0.448639308241158,NA,38.0438,121.6148
"812",1989-12-01,"D28AL","EMP D28A",16.2581540021167,NA,0.556286700022505,NA,0.634068006082553,NA,37.9701,-121.5741
"813",1989-12-01,"D4C","EMP D4",0,0,0,0,0,0,38.0581,-121.8193
"814",1989-12-01,"D4L","EMP D4",0,NA,0,NA,0,NA,38.0581,-121.8193
"815",1989-12-01,"D4R","EMP D4",0,NA,0,NA,0,NA,38.0581,-121.8193
"816",1989-12-01,"D7C","EMP D7",0,6.85266842119836,0,1.64932446167345,0,1.85022047372356,38.1171,-122.0395
"817",1989-12-01,"USGS 8.1","EMP USGS 8.1",NA,24.9479439492886,NA,8.13475486346,NA,9.97917757971545,38.0316,122.1403
"818",1990-01-01,"D11","EMP D11",1.27258361896544,0,0.0356475043708161,0,0.0394500921879286,0,38.0422,121.7995
"819",1990-01-01,"D19C","EMP D19",16.7595329114115,NA,0.46974234628648,NA,0.519545520253755,NA,38.0438,121.6148
"820",1990-01-01,"D28AL","EMP D28A",6.53914378148773,NA,0.176145656433649,NA,0.20271345722612,NA,37.9701,-121.5741
"821",1990-01-01,"D4C","EMP D4",0.0231153545115889,0.0609981368504009,0.000701908920367525,0.0241177937813596,0.000716575989859256,0.0243992547401603,38.0581,-121.8193
"822",1990-01-01,"D4L","EMP D4",3.94902362305562,0,0.117158816424856,0,0.122419732314724,0,38.0581,-121.8193
"823",1990-01-01,"D4R","EMP D4",5.28446938606183,3.96269212463035,0.151822200020977,1.03554478397006,0.163818550967917,1.0699268736502,38.0581,-121.8193
"824",1990-01-01,"D41AC","EMP D41A",NA,11.9588658249841,NA,2.75168258571745,NA,3.22889377274569,38.0847,-122.3906
"825",1990-01-01,"D7C","EMP D7",0,10.5039039163612,0,1.9,0,2.83605405741752,38.1171,-122.0395
"826",1990-01-01,"USGS 8.1","EMP USGS 8.1",NA,6.79401933880694,NA,1.49926491361496,NA,1.83438522147787,38.0316,122.1403
"827",1990-02-01,"D11","EMP D11",0.191362354060644,0,0.00556020108300099,0,0.00593223297587995,0,38.0422,121.7995
"828",1990-02-01,"D19C","EMP D19",26.6508153456638,NA,0.732631691854334,NA,0.826175275715576,NA,38.0438,121.6148
"829",1990-02-01,"D28AL","EMP D28A",20.6437110995651,NA,0.500060886086788,NA,0.639955044086519,NA,37.9701,-121.5741
"830",1990-02-01,"D4C","EMP D4",3.36541104702239,0.167721587794968,0.122512905356208,0.0447677973162078,0.131251030833873,0.0452848287046414,38.0581,-121.8193
"831",1990-02-01,"D4L","EMP D4",0.144884398559531,0.316461041788238,0.00524353845111882,0,0.00565049154382169,0,38.0581,-121.8193
"832",1990-02-01,"D4R","EMP D4",1.79844457907893,1.24311930166959,0.0666871575757575,0.486516517314958,0.0701393385840784,0.497247720667835,38.0581,-121.8193
"833",1990-02-01,"D7C","EMP D7",0,3.64205568826677,0,0.911387565283886,0,0.983355035832027,38.1171,-122.0395
"834",1990-02-01,"USGS 8.1","EMP USGS 8.1",NA,3.92388010241193,NA,0.983822101899035,NA,1.05944762765122,38.0316,122.1403
"835",1990-03-01,"D11","EMP D11",2.15422089573895,0,0.110506355496612,0,0.118482149265642,0,38.0422,121.7995
"836",1990-03-01,"D19C","EMP D19",28.9337391965839,NA,1.51627367966154,NA,1.76495809099162,NA,38.0438,121.6148
"837",1990-03-01,"D28AL","EMP D28A",32.3157506543708,NA,1.64443401417865,NA,1.97126078991662,NA,37.9701,-121.5741
"838",1990-03-01,"D4C","EMP D4",0.000983786272447664,0.0418857752062758,5.38342092920615e-05,0.0165988875079473,5.41082449846215e-05,0.0167543100825103,38.0581,-121.8193
"839",1990-03-01,"D4L","EMP D4",2.14557127033776,0,0.114174389635816,0.0022149806940464,0.118006419868577,0.00224,38.0581,-121.8193
"840",1990-03-01,"D4R","EMP D4",1.36574479649646,0.586382718634891,0.0722741669593716,0.23002369708195,0.0751159638073052,0.234553087453956,38.0581,-121.8193
"841",1990-03-01,"D41AC","EMP D41A",NA,10.106479164565,NA,3.57952024580345,NA,4.04259166582601,38.0847,-122.3906
"842",1990-03-01,"D7C","EMP D7",0,2.56534731688209,0,0.951407917748562,0,1.02613892675284,38.1171,-122.0395
"843",1990-03-01,"USGS 8.1","EMP USGS 8.1",NA,NA,NA,NA,NA,NA,38.0316,122.1403
"844",1990-04-01,"D11","EMP D11",6.99378217882008,0,0.444056636849366,0,0.482570970338585,0,38.0422,121.7995
"845",1990-04-01,"D19C","EMP D19",67.2914805409641,NA,3.67284809459637,NA,5.18144400165424,NA,38.0438,121.6148
"846",1990-04-01,"D28AL","EMP D28A",12.0552043477167,NA,0.86185925899535,NA,1.03674757390364,NA,37.9701,-121.5741
"847",1990-04-01,"D4C","EMP D4",0,0,0,0,0,0,38.0581,-121.8193
"848",1990-04-01,"D4L","EMP D4",2.96941959897092,2.06835637017008,0.186641951194193,0,0.204889952328994,0,38.0581,-121.8193
"849",1990-04-01,"D4R","EMP D4",9.70291637338075,0.394642299929517,0.626602393177491,0.155645729715413,0.669501229763272,0.157856919971807,38.0581,-121.8193
"850",1990-04-01,"D7C","EMP D7",0,5.7923048993949,0,2.11381303756174,0,2.31692195975796,38.1171,-122.0395
"851",1990-04-01,"USGS 8.1","EMP USGS 8.1",NA,15.597025670409,NA,5.28887144420566,NA,6.23881026816361,38.0316,122.1403
"852",1990-05-01,"D11","EMP D11",1.62589761560672,0,0.127550040754798,0,0.139827194942178,0,38.0422,121.7995
"853",1990-05-01,"D19C","EMP D19",10.5040666747618,NA,0.940296043641387,NA,1.00839040077713,NA,38.0438,121.6148
"854",1990-05-01,"D28AL","EMP D28A",35.6786934905725,NA,2.71641493943695,NA,3.42515457509496,NA,37.9701,-121.5741
"855",1990-05-01,"D4C","EMP D4",5.34952681259567,0.0421043469937935,0.440955762139196,0.0165555697523557,0.460059305883227,0.0168417387975174,38.0581,-121.8193
"856",1990-05-01,"D4L","EMP D4",3.70918305375588,NA,0.296372042660696,NA,0.318989742623006,NA,38.0581,-121.8193
"857",1990-05-01,"D4R","EMP D4",19.0941876162343,0.693289700127997,1.51455556315891,0.273599662385858,1.64210013499615,0.277315880051199,38.0581,-121.8193
"858",1990-05-01,"D41AC","EMP D41A",NA,4.26586682949014,NA,1.56883073939391,NA,1.70634673179606,38.0847,-122.3906
"859",1990-05-01,"D7C","EMP D7",0,4.74062795678124,0,1.73441753883921,0,1.8962511827125,38.1171,-122.0395
"860",1990-05-01,"USGS 8.1","EMP USGS 8.1",NA,2.87696181069994,NA,1.0780125582744,NA,1.15078472427998,38.0316,122.1403
"861",1990-06-01,"D11","EMP D11",4.46931582117793,0,0.49673796465346,0,0.536317898541352,0,38.0422,121.7995
"862",1990-06-01,"D19C","EMP D19",14.1628160528387,NA,1.88083720018218,NA,2.11025959187297,NA,38.0438,121.6148
"863",1990-06-01,"D28AL","EMP D28A",27.3603768768986,NA,3.49498475355808,NA,4.07669615465789,NA,37.9701,-121.5741
"864",1990-06-01,"D4C","EMP D4",10.1051624001316,1.94127651995517,0.993331198955478,0.760198216439779,1.08125237681408,0.776510607982067,38.0581,-121.8193
"865",1990-06-01,"D4L","EMP D4",31.1323803899472,0.00590649534877313,2.86167890000691,0,3.33116470172435,0,38.0581,-121.8193
"866",1990-06-01,"D4R","EMP D4",0.429571730770796,1.84873624460507,0.042631138562694,0.704891528156002,0.0459641751924751,0.73949449784203,38.0581,-121.8193
"867",1990-06-01,"D7C","EMP D7",0,5.354766616003,0,1.94462702105036,0,2.1419066464012,38.1171,-122.0395
"868",1990-06-01,"USGS 8.1","EMP USGS 8.1",NA,9.28158430052626,NA,3.2610740919153,NA,3.7126337202105,38.0316,122.1403
"869",1990-07-01,"D11","EMP D11",3.14408000194814,0,0.38805713090496,0,0.421306720261051,0,38.0422,121.7995
"870",1990-07-01,"D19C","EMP D19",19.657119496804,NA,2.54133721148486,NA,2.92891080502379,NA,38.0438,121.6148
"871",1990-07-01,"D28AL","EMP D28A",8.04188611841367,NA,1.35396402340627,NA,1.50383270414336,NA,37.9701,-121.5741
"872",1990-07-01,"D4C","EMP D4",61.0458660144177,1.61146165491042,5.97607451651727,0.625464303339038,7.32550392173012,0.644584661964167,38.0581,-121.8193
"873",1990-07-01,"D4L","EMP D4",2.15756731995606,0.0027330431206498,0.250289588841461,0.00394713706780739,0.258908078394727,0.004,38.0581,-121.8193
"874",1990-07-01,"D4R","EMP D4",9.65823721522776,0.239417141267512,1.07086333910742,0.0930909082091165,1.15898846582733,0.0957668565070048,38.0581,-121.8193
"875",1990-07-01,"D7C","EMP D7",0,NA,0,NA,0,NA,38.1171,-122.0395
"876",1990-08-01,"D11","EMP D11",0.122861308741489,0,0.0156707416703463,0,0.0164634153713595,0,38.0422,121.7995
"877",1990-08-01,"D19C","EMP D19",23.9953023961133,NA,2.71440010940633,NA,3.21537052107918,NA,38.0438,121.6148
"878",1990-08-01,"D28AL","EMP D28A",19.5643383040352,NA,2.91870361929798,NA,3.26724449677388,NA,37.9701,-121.5741
"879",1990-08-01,"D4C","EMP D4",2.27297419903667,0.0856207787176368,0.264039600063714,0.0338003372887543,0.2727569038844,0.0342483114870547,38.0581,-121.8193
"880",1990-08-01,"D4L","EMP D4",0.103678474491808,0.0939229424023254,0.0118917019737366,0.0027245492208537,0.0124414169390169,0.00276,38.0581,-121.8193
"881",1990-08-01,"D4R","EMP D4",5.03049936081374,0.151901863743046,0.563054380594065,0.0595091134679369,0.603659923297649,0.0607607454972183,38.0581,-121.8193
"882",1990-08-01,"D41AC","EMP D41A",NA,6.49583569060009,NA,2.35484076806514,NA,2.59833427624004,38.0847,-122.3906
"883",1990-08-01,"D7C","EMP D7",0,4.19600503077381,0,1.5350003501653,0,1.67840201230952,38.1171,-122.0395
"884",1990-08-01,"USGS 8.1","EMP USGS 8.1",NA,10.2722789721744,NA,3.56338328093462,NA,4.10891158886976,38.0316,122.1403
"885",1990-09-01,"D11","EMP D11",0.951845023994143,0,0.107431231081266,0,0.114221402879297,0,38.0422,121.7995
"886",1990-09-01,"D19C","EMP D19",43.9385778451795,NA,4.32057292497947,NA,5.27262934142154,NA,38.0438,121.6148
"887",1990-09-01,"D28AL","EMP D28A",2.82254706562062,NA,0.362471942685221,NA,0.378221306793164,NA,37.9701,-121.5741
"888",1990-09-01,"D4C","EMP D4",8.94207338745982,0.222562282804963,0.865760358754419,0.0872644117574046,0.9568018524582,0.089024913121985,38.0581,-121.8193
"889",1990-09-01,"D4L","EMP D4",0.491374311427564,1.65996424689716,0.0504039647655933,0.018627133290082,0.0525770513227494,0.01916,38.0581,-121.8193
"890",1990-09-01,"D4R","EMP D4",6.27664710217403,1.02274333545649,0.619654197287848,0.389698064551804,0.671601239932622,0.409097334182596,38.0581,-121.8193
"891",1990-09-01,"D7C","EMP D7",0,4.51741006182927,0,1.64738325341943,0,1.80696402473171,38.1171,-122.0395
"892",1990-09-01,"USGS 8.1","EMP USGS 8.1",NA,11.5373972403449,NA,3.991022734125,NA,4.61495889613795,38.0316,122.1403
"893",1990-10-01,"D11","EMP D11",1.43606273345382,0,0.111633688541776,0,0.123501395077028,0,38.0422,121.7995
"894",1990-10-01,"D19C","EMP D19",8.73287235109008,NA,0.698103111910419,NA,0.751027022193747,NA,38.0438,121.6148
"895",1990-10-01,"D28AL","EMP D28A",7.1463163001554,NA,0.501420552514631,NA,0.550266355111966,NA,37.9701,-121.5741
"896",1990-10-01,"D4C","EMP D4",10.9132354789841,0.319080448674231,0.761063984021695,0.124877723661588,0.840319131881777,0.127632179469692,38.0581,-121.8193
"897",1990-10-01,"D4L","EMP D4",1.89216345274681,0.0191768865501493,0.139859405293303,0.543621111671917,0.145696585861505,0.5836,38.0581,-121.8193
"898",1990-10-01,"D4R","EMP D4",9.65586657394936,5.32818527724137,0.6727828685968,1.92338395167374,0.7435017261941,2.13127411089655,38.0581,-121.8193
"899",1990-10-01,"D41AC","EMP D41A",NA,10.1582301882411,NA,3.63288477344568,NA,4.06329207529644,38.0847,-122.3906
"900",1990-10-01,"D7C","EMP D7",0,6.60266383559253,0,2.36532672328676,0,2.64106553423701,38.1171,-122.0395
"901",1990-10-01,"USGS 8.1","EMP USGS 8.1",NA,NA,NA,NA,NA,NA,38.0316,122.1403
"902",1990-11-01,"D11","EMP D11",0.300486826391877,0.01,0.0157024139943643,0.00357325436708983,0.0165267754515532,0.00361344911203923,38.0422,121.7995
"903",1990-11-01,"D19C","EMP D19",79.6023058356312,NA,2.61252414458307,NA,3.90051298594593,NA,38.0438,121.6148
"904",1990-11-01,"D28AL","EMP D28A",35.0154539493873,NA,1.44880135051057,NA,1.71575724351998,NA,37.9701,-121.5741
"905",1990-11-01,"D4C","EMP D4",1.1234043436938,2.24359461400686,0.0532181978191853,0.86195120281568,0.0550468128409963,0.897437845602745,38.0581,-121.8193
"906",1990-11-01,"D4L","EMP D4",0.0740934573549617,2.32415597369458,0.00352008506563014,0.00394713706780739,0.00363057941039312,0.004,38.0581,-121.8193
"907",1990-11-01,"D4R","EMP D4",2.60114058830804,17.7649465310392,0.119677549255213,6.2410014556671,0.127455888827094,7.10597861241566,38.0581,-121.8193
"908",1990-11-01,"D7C","EMP D7",0,7.64154739994312,0,1.81926381896218,0,2.06321779798464,38.1171,-122.0395
"909",1990-11-01,"USGS 8.1","EMP USGS 8.1",NA,23.8051303404735,NA,7.80056770681528,NA,9.52205213618941,38.0316,122.1403
"910",1990-12-01,"D11","EMP D11",2.30975150384116,0,0.0703406428874212,0.00184528831981754,0.0808413026344407,0.00186357019993168,38.0422,121.7995
"911",1990-12-01,"D19C","EMP D19",NA,NA,NA,NA,NA,NA,38.0438,121.6148
"912",1990-12-01,"D28AL","EMP D28A",5.89727970713769,NA,0.169117994043191,NA,0.182815670921268,NA,37.9701,-121.5741
"913",1990-12-01,"D4C","EMP D4",6.19825834175544,1.1506767923504,0.195371547642388,0.450208046702431,0.216939041961441,0.460270716940159,38.0581,-121.8193
"914",1990-12-01,"D4L","EMP D4",0.015702454993404,0.895576160796837,0.000541823327562243,0.170532915487501,0.00054958592476914,0.178,38.0581,-121.8193
"915",1990-12-01,"D4R","EMP D4",4.82419659056007,18.3707946560385,0.156948457709966,6.44312172405989,0.168846880669603,7.34831786241539,38.0581,-121.8193
"916",1990-12-01,"D7C","EMP D7",0,8.49826030749942,0,2.00068422423493,0,2.29453028302484,38.1171,-122.0395
"917",1990-12-01,"USGS 8.1","EMP USGS 8.1",NA,19.6800989894766,NA,6.676014495009,NA,7.87203959579066,38.0316,122.1403
"918",1991-01-01,"D11","EMP D11",0.823158134482583,0.01,0.0221285810119019,0.00334619974923976,0.0255179021689601,0.0033915411408551,38.0422,121.7995
"919",1991-01-01,"D19C","EMP D19",26.3658262911013,NA,0.684051630497999,NA,0.817340615024139,NA,38.0438,121.6148
"920",1991-01-01,"D28AL","EMP D28A",7.71032724177591,NA,0.20745886710889,NA,0.239020144495053,NA,37.9701,-121.5741
"921",1991-01-01,"D4C","EMP D4",3.84756680934871,0.729829421456428,0.112780949705185,0.284401543425877,0.11927457108981,0.291931768582571,38.0581,-121.8193
"922",1991-01-01,"D4L","EMP D4",0.0118407594798868,0.107856099655011,0.000362263565195643,0.272004631010079,0.00036706354387649,0.2812,38.0581,-121.8193
"923",1991-01-01,"D4R","EMP D4",7.73402043258187,14.3904881071864,0.215740839967278,3.51244729318007,0.239754633410038,3.88543178894034,38.0581,-121.8193
"924",1991-01-01,"D7C","EMP D7",0,6.23859418411589,0,1.53185348851513,0,1.12856168790657,38.1171,-122.0395
"925",1991-01-01,"USGS 8.1","EMP USGS 8.1",NA,24.7722717759588,NA,8.27812188051361,NA,9.90890871038352,38.0316,122.1403
"926",1991-02-01,"D11","EMP D11",1.29554522606438,0.02,0.0499126615213193,0.00782266576298271,0.0570039899468329,0.00789022972223307,38.0422,121.7995
"927",1991-02-01,"D19C","EMP D19",44.0543454529287,NA,1.56017416871443,NA,1.93839119992886,NA,38.0438,121.6148
"928",1991-02-01,"D28AL","EMP D28A",2.45208277129588,NA,0.0951416980793336,NA,0.107891641937019,NA,37.9701,-121.5741
"929",1991-02-01,"D4C","EMP D4",1.36649275228198,0.714375641844906,0.0582986121205491,0.189027592607998,0.0601256811004071,0.192881423298125,38.0581,-121.8193
"930",1991-02-01,"D4L","EMP D4",1.34478885862126,0.0395113783539356,0.0577808151225426,0.0250368889488853,0.0591707097793354,0.02619,38.0581,-121.8193
"931",1991-02-01,"D4R","EMP D4",7.80886555101171,22.6272349267519,0.308410352064615,7.84680411034733,0.343590084244515,9.05089397070076,38.0581,-121.8193
"932",1991-02-01,"D41AC","EMP D41A",NA,1.28332854998772,NA,0.477842094708149,NA,0.513331419995089,38.0847,-122.3906
"933",1991-02-01,"D7C","EMP D7",0,4.37277357525904,0,1.103986869773,0,1.17190331816942,38.1171,-122.0395
"934",1991-02-01,"USGS 8.1","EMP USGS 8.1",NA,19.1409243299903,NA,4.43828876184411,NA,5.16804956909739,38.0316,122.1403
"935",1991-03-01,"D11","EMP D11",1.04476143762473,0.01,0.0410551720007817,0.00283306852632558,0.0459695032554882,0.00285138078547191,38.0422,121.7995
"936",1991-03-01,"D19C","EMP D19",10.8207081465323,NA,0.439367435953481,NA,0.476111158447421,NA,38.0438,121.6148
"937",1991-03-01,"D28AL","EMP D28A",20.8799657252848,NA,0.809500752269329,NA,0.91871849191253,NA,37.9701,-121.5741
"938",1991-03-01,"D4C","EMP D4",11.1850173554227,1.71456501536065,0.448378849802767,0.653128077650047,0.492140763638597,0.685826006144261,38.0581,-121.8193
"939",1991-03-01,"D4L","EMP D4",0.845530172616687,0.0613866437788399,0.0364039320499862,0.0117961001186857,0.0372033275951342,0.012,38.0581,-121.8193
"940",1991-03-01,"D4R","EMP D4",4.67938727952438,7.52223386832289,0.19355490952247,2.81889899639105,0.205893040299073,3.00889354732916,38.0581,-121.8193
"941",1991-03-01,"D7C","EMP D7",0,1.948267963192,0,0.726355876039889,0,0.522135814135455,38.1171,-122.0395
"942",1991-03-01,"USGS 8.1","EMP USGS 8.1",NA,15.4782010924355,NA,5.41495542335885,NA,6.19128043697421,38.0316,122.1403
"943",1991-04-01,"D11","EMP D11",0.541575447120321,0,0.0263594693481391,0.000458335952097604,0.0297866495916177,0.000460041733246545,38.0422,121.7995
"944",1991-04-01,"D19C","EMP D19",35.9810176733181,NA,1.80560355863913,NA,2.1948420780724,NA,38.0438,121.6148
"945",1991-04-01,"D28AL","EMP D28A",12.3862248019444,NA,0.686282962398506,NA,0.755559712918607,NA,37.9701,-121.5741
"946",1991-04-01,"D4C","EMP D4",0.0151419291878069,0.78590255008774,0.000822964535679818,0.306889586829278,0.000832806105329379,0.314361020035096,38.0581,-121.8193
"947",1991-04-01,"D4L","EMP D4",1.26742818975842,28.3130897794685,0.0657923876030244,0.0196146654440619,0.0697085504367133,0.02,38.0581,-121.8193
"948",1991-04-01,"D4R","EMP D4",7.83557521922036,49.7183067343194,0.395913740552522,17.1463419743527,0.43095663705712,19.8873226937277,38.0581,-121.8193
"949",1991-04-01,"D41AC","EMP D41A",NA,1.30519619153132,NA,0.499030642399659,NA,0.522078476612529,38.0847,-122.3906
"950",1991-04-01,"D7C","EMP D7",0,1.59753269940954,0,0.599875906524696,0,0.428138763441756,38.1171,-122.0395
"951",1991-04-01,"USGS 8.1","EMP USGS 8.1",NA,9.22604415960799,NA,3.36171483287817,NA,3.6904176638432,38.0316,122.1403
"952",1991-05-01,"D11","EMP D11",5.51988383130026,0,0.377753175007809,0,0.42503105501012,0,38.0422,121.7995
"953",1991-05-01,"D19C","EMP D19",19.3732588026934,NA,1.3413974186037,NA,1.49174092780739,NA,38.0438,121.6148
"954",1991-05-01,"D28AL","EMP D28A",10.7224082889235,NA,0.839137209583905,NA,0.922127112847421,NA,37.9701,-121.5741
"955",1991-05-01,"D4C","EMP D4",5.64747845023234,1.00589299926298,0.373369852793935,0.392085059009215,0.389676013066031,0.402357199705194,38.0581,-121.8193
"956",1991-05-01,"D4L","EMP D4",3.36660187482295,1.72861402069247,0.222322013395494,3.49926177182706,0.232295529362784,4.08,38.0581,-121.8193
"957",1991-05-01,"D4R","EMP D4",1.91009123964444,14.1804244568676,0.125591838815048,0,0.131796295535466,5.67216978274702,38.0581,-121.8193
"958",1991-05-01,"D7C","EMP D7",0,1.8548492990788,0,0.684104324764033,0,0.497099612153118,38.1171,-122.0395
"959",1991-05-01,"USGS 8.1","EMP USGS 8.1",NA,9.89233576597889,NA,3.6264658972001,NA,3.95693430639156,38.0316,122.1403
"960",1991-06-01,"D11","EMP D11",1.82240317107528,0,0.173331333675555,0,0.194997139305055,0,38.0422,121.7995
"961",1991-06-01,"D19C","EMP D19",NA,NA,NA,NA,NA,NA,38.0438,121.6148
"962",1991-06-01,"D28AL","EMP D28A",38.0901553601681,NA,3.73140015052505,NA,4.57081864322018,NA,37.9701,-121.5741
"963",1991-06-01,"D4C","EMP D4",35.2976385188955,1.50649173330258,2.46451375165046,0.5868051980879,3.03559691262502,0.602596693321034,38.0581,-121.8193
"964",1991-06-01,"D4L","EMP D4",1.2946789909841,1.04373262212195,0.107636045941875,0,0.111342393224633,0,38.0581,-121.8193
"965",1991-06-01,"D4R","EMP D4",4.27831236349691,29.025100905641,0.344364047300622,10.1328951505349,0.367934863260734,11.6100403622564,38.0581,-121.8193
"966",1991-06-01,"D41AC","EMP D41A",NA,2.46888651718436,NA,0.885387569925287,NA,0.987554606873742,38.0847,-122.3906
"967",1991-06-01,"D7C","EMP D7",0,2.07088190740769,0,0.76617029752464,0,0.55499635118526,38.1171,-122.0395
"968",1991-06-01,"USGS 8.1","EMP USGS 8.1",NA,7.63013482113778,NA,2.78077965598753,NA,3.05205392845511,38.0316,122.1403
"969",1991-07-01,"D11","EMP D11",1.84904753343662,0,0.184135115484291,0,0.197848086077719,0,38.0422,121.7995
"970",1991-07-01,"D19C","EMP D19",36.9370996378019,NA,4.23760686741435,NA,4.94957135146546,NA,38.0438,121.6148
"971",1991-07-01,"D4C","EMP D4",0.0329081705456566,8.86571913583071,0.00343846337180936,3.29534843748873,0.00352117424838526,3.54628765433229,38.0581,-121.8193
"972",1991-07-01,"D4L","EMP D4",0.901201678726666,0.257635848995735,0.0931339380545531,0.0590312082576735,0.0964285796237533,0.06,38.0581,-121.8193
"973",1991-07-01,"D4R","EMP D4",5.39794204149327,17.4066646472034,0.544278729034216,6.32642138943183,0.57757979843978,6.96266585888135,38.0581,-121.8193
"974",1991-07-01,"D7C","EMP D7",0,NA,0,NA,0,NA,38.1171,-122.0395
"975",1991-08-01,"D11","EMP D11",2.83115291598437,0,0.282650282361391,0.000631064045407904,0.302933362010328,0.00063514308840671,38.0422,121.7995
"976",1991-08-01,"D19C","EMP D19",30.4893131270353,NA,3.11562386796369,NA,3.65871757524423,NA,38.0438,121.6148
"977",1991-08-01,"D28AL","EMP D28A",9.16832029090494,NA,1.24655227521642,NA,1.36607972334484,NA,37.9701,-121.5741
"978",1991-08-01,"D4C","EMP D4",8.87363886418715,0.448287427160592,0.86677191247918,0.173302398975737,0.949479358468025,0.179314970864237,38.0581,-121.8193
"979",1991-08-01,"D4L","EMP D4",0.0233074763773492,0.402440863493551,0.00243519841941997,0.0078615723495829,0.00249389997237636,0.08,38.0581,-121.8193
"980",1991-08-01,"D4R","EMP D4",1.67524813032305,31.7324880014846,0.173486027566683,11.0385360551893,0.179251549944567,12.6929952005939,38.0581,-121.8193
"981",1991-08-01,"D7C","EMP D7",0,1.97354965205692,0,0.729846675066991,0,0.528911306751255,38.1171,-122.0395
"982",1991-08-01,"USGS 8.1","EMP USGS 8.1",NA,16.157730171479,NA,5.65063812091348,NA,6.46309206859162,38.0316,122.1403
"983",1991-09-01,"D11","EMP D11",1.02198716350674,0.24,0.116698249630027,0.0959954620584401,0.122638459620809,0.0968987720711904,38.0422,121.7995
"984",1991-09-01,"D19C","EMP D19",17.2121952351698,NA,2.04873650900855,NA,2.30643416151275,NA,38.0438,121.6148
"985",1991-09-01,"D28AL","EMP D28A",3.61488996115769,NA,0.459328748107244,NA,0.48439525479513,NA,37.9701,-121.5741
"986",1991-09-01,"D4C","EMP D4",17.4578860524665,0.934443622130004,1.58029171055256,0.362369601087119,1.86799380761392,0.373777448852002,38.0581,-121.8193
"987",1991-09-01,"D4L","EMP D4",0.898241462273308,0.162206070738555,0.0930204548596837,0.10692515850951,0.0961118364632439,0.008,38.0581,-121.8193
"988",1991-09-01,"D4R","EMP D4",5.91952341492046,109.383108689599,0.5836563913083,35.2253205008726,0.633389005396489,43.7532434758396,38.0581,-121.8193
"989",1991-09-01,"D41AC","EMP D41A",NA,21.6757883956816,NA,7.12903624196916,NA,8.67031535827265,38.0847,-122.3906
"990",1991-09-01,"D7C","EMP D7",0,3.60103775103853,0,1.31722248422519,0,0.965078117278326,38.1171,-122.0395
"991",1991-09-01,"USGS 8.1","EMP USGS 8.1",NA,14.0295791435261,NA,4.98842092592864,NA,5.61183165741043,38.0316,122.1403
"992",1991-10-01,"D11","EMP D11",1.91214664876481,0,0.192223811407265,0,0.204599691417835,0,38.0422,121.7995
"993",1991-10-01,"D19C","EMP D19",22.9968599908895,NA,2.62113561268247,NA,3.08157923877919,NA,38.0438,121.6148
"994",1991-10-01,"D28AL","EMP D28A",6.27639798942535,NA,0.698998553291655,NA,0.753167758731042,NA,37.9701,-121.5741
"995",1991-10-01,"D4C","EMP D4",2.74819886622628,0.868862417880068,0.284059504187247,0.337217834683042,0.294057278686212,0.347544967152027,38.0581,-121.8193
"996",1991-10-01,"D4L","EMP D4",0,0.0220349253386694,0,0.00787363342214019,0,0.112,38.0581,-121.8193
"997",1991-10-01,"D4R","EMP D4",4.22230990035418,2.1866250747479,0.429957282518809,0.831843288471429,0.451787159337897,0.87465002989916,38.0581,-121.8193
"998",1991-10-01,"D41AC","EMP D41A",NA,24.6924527770907,NA,8.14430238953143,NA,9.87698111083629,38.0847,-122.3906
"999",1991-10-01,"D7C","EMP D7",0,4.99701898821757,0,1.80670826564188,0,1.33920108884231,38.1171,-122.0395
"1000",1991-10-01,"USGS 8.1","EMP USGS 8.1",NA,9.78427725820866,NA,3.55671850719286,NA,3.91371090328346,38.0316,122.1403
"1001",1991-11-01,"D11","EMP D11",1.51610921479346,0,0.0700801926522163,0,0.0742893515248794,0,38.0422,121.7995
"1002",1991-11-01,"D19C","EMP D19",23.9777002687893,NA,1.14137970144932,NA,1.31877351478341,NA,38.0438,121.6148
"1003",1991-11-01,"D28AL","EMP D28A",7.64980749003583,NA,0.433993517114607,NA,0.466638256892186,NA,37.9701,-121.5741
"1004",1991-11-01,"D4C","EMP D4",0,2.22534525041932,0,0.855299189612573,0,0.890138100167727,38.0581,-121.8193
"1005",1991-11-01,"D4L","EMP D4",0,0.0998218309868829,0,0.00396367030966276,0,0.008,38.0581,-121.8193
"1006",1991-11-01,"D4R","EMP D4",4.51730920384138,2.65466973486629,0.255740654958004,1.0073183246357,0.275555861434324,1.06186789394652,38.0581,-121.8193
"1007",1991-11-01,"D41AC","EMP D41A",NA,11.0890122420199,NA,3.92364800218678,NA,4.43560489680797,38.0847,-122.3906
"1008",1991-11-01,"D7C","EMP D7",0,7.47838895283309,0,2.32723044698729,0,2.00420823935927,38.1171,-122.0395
"1009",1991-11-01,"USGS 8.1","EMP USGS 8.1",NA,9.3012854430288,NA,3.39319688085613,NA,3.72051417721152,38.0316,122.1403
"1010",1991-12-01,"D11","EMP D11",5.43808327258097,0,0.157101766377976,0,0.16858058145001,0,38.0422,121.7995
"1011",1991-12-01,"D19C","EMP D19",38.0374285869144,NA,0.944952692948172,NA,1.17916028619435,NA,38.0438,121.6148
"1012",1991-12-01,"D28AL","EMP D28A",12.2491796209553,NA,0.342084572734685,NA,0.379724568249614,NA,37.9701,-121.5741
"1013",1991-12-01,"D4C","EMP D4",9.2739395621662,4.37540384883229,0.247898761293423,1.12665075403064,0.287492126427152,1.18135903918472,38.0581,-121.8193
"1014",1991-12-01,"D4L","EMP D4",37.1235263893504,0.0115142089637524,0.908124080458033,0.00265752571309604,1.15082931806986,0.004,38.0581,-121.8193
"1015",1991-12-01,"D4R","EMP D4",0.830036822931068,10.1076386207242,0.0249492365143554,2.506545662047,0.0257311415108631,2.72906242759555,38.0581,-121.8193
"1016",1991-12-01,"D41AC","EMP D41A",NA,3.61646579284844,NA,1.33576232067855,NA,1.44658631713938,38.0847,-122.3906
"1017",1991-12-01,"D7C","EMP D7",0,6.74834663593851,0,1.48038736732003,0,1.22077590644128,38.1171,-122.0395
"1018",1991-12-01,"USGS 8.1","EMP USGS 8.1",NA,9.89067264601024,NA,3.61989652496129,NA,3.9562690584041,38.0316,122.1403
"1019",1992-01-01,"D11","EMP D11",3.67894306827625,0,0.104827293784965,0,0.114047235116564,0,38.0422,121.7995
"1020",1992-01-01,"D19C","EMP D19",25.2517112412325,NA,0.674838529648489,NA,0.782803048478208,NA,38.0438,121.6148
"1021",1992-01-01,"D28AL","EMP D28A",12.7640866945685,NA,0.321062234351684,NA,0.395686687531623,NA,37.9701,-121.5741
"1022",1992-01-01,"D4C","EMP D4",14.0099590540234,1.52561571334097,0.371836171053542,0.397491389034432,0.434308730674724,0.411916242602062,38.0581,-121.8193
"1023",1992-01-01,"D4L","EMP D4",0.0215474643065553,4.88499642369237,0.000657380939303478,0.435450925380372,0.000667971393503215,0.0027,38.0581,-121.8193
"1024",1992-01-01,"D4R","EMP D4",0,35.3531243874657,0,8.16874605692214,0,9.54534358461573,38.0581,-121.8193
"1025",1992-01-01,"D41AC","EMP D41A",NA,2.37681531234325,NA,0.606268677665088,NA,0.641740134332678,38.0847,-122.3906
"1026",1992-01-01,"D7C","EMP D7",0,6.79844704585655,0,1.60780653607271,0,1.83558070238127,38.1171,-122.0395
"1027",1992-01-01,"USGS 8.1","EMP USGS 8.1",NA,4.28387007315921,NA,1.09207282711509,NA,1.15664491975299,38.0316,122.1403
"1028",1992-02-01,"D11","EMP D11",3.09556879695219,0,0.142942659730997,0,0.151682871050657,0,38.0422,121.7995
"1029",1992-02-01,"D19C","EMP D19",29.9891076341167,NA,1.24619926094463,NA,1.46946627407172,NA,38.0438,121.6148
"1030",1992-02-01,"D28AL","EMP D28A",5.19228856106624,NA,0.276582129233896,NA,0.316729602225041,NA,37.9701,-121.5741
"1031",1992-02-01,"D4C","EMP D4",2.35978044235675,0.559212911905029,0.109581047522901,0.218731008813789,0.115629241675481,0.223685164762012,38.0581,-121.8193
"1032",1992-02-01,"D4L","EMP D4",0.00075354851543097,0.12221265178548,3.67287388441231e-05,0.0511644902528396,3.69238772561175e-05,0.4671,38.0581,-121.8193
"1033",1992-02-01,"D4R","EMP D4",5.87859121623346,5.66667994778156,0.260371084908944,2.13872574173346,0.28805096959544,2.26667197911263,38.0581,-121.8193
"1034",1992-02-01,"D41AC","EMP D41A",NA,1.17620254777657,NA,0.450009927711334,NA,0.470481019110628,38.0847,-122.3906
"1035",1992-02-01,"D7C","EMP D7",0,6.45832552616478,0,2.29817103963707,0,1.74374789206449,38.1171,-122.0395
"1036",1992-02-01,"USGS 8.1","EMP USGS 8.1",NA,6.03261369986355,NA,1.49800183097257,NA,1.62880569896316,38.0316,122.1403
"1037",1992-03-01,"D11","EMP D11",3.93957446484382,0,0.22244310996433,0,0.240314042355473,0,38.0422,121.7995
"1038",1992-03-01,"D19C","EMP D19",14.8438216763753,NA,0.737632107981226,NA,0.816410192200644,NA,38.0438,121.6148
"1039",1992-03-01,"D28AL","EMP D28A",5.68766030714623,NA,0.318267600112076,NA,0.34694727873592,NA,37.9701,-121.5741
"1040",1992-03-01,"D4C","EMP D4",3.940291891564,2.10912461492593,0.203064077858277,0.814988257366012,0.21671605403602,0.843649845970371,38.0581,-121.8193
"1041",1992-03-01,"D4L","EMP D4",85.668947100834,0.00921224340270397,3.2948286656484,0.00474660647769626,4.71179209054587,0.052,38.0581,-121.8193
"1042",1992-03-01,"D4R","EMP D4",3.72077992669211,99.7108385153267,0.193081025104505,32.8665780692399,0.204642895968066,39.8843354061307,38.0581,-121.8193
"1043",1992-03-01,"D41AC","EMP D41A",NA,1.14589739768129,NA,0.444471984634963,NA,0.458358959072516,38.0847,-122.3906
"1044",1992-03-01,"D7C","EMP D7",0,5.09645772078677,0,1.80644978332637,0,2.03858308831471,38.1171,-122.0395
"1045",1992-03-01,"USGS 8.1","EMP USGS 8.1",NA,2.7827421431901,NA,1.05411213340954,NA,1.11309685727604,38.0316,122.1403
"1046",1992-04-01,"D11","EMP D11",1.38204881635743,0,0.110935638637114,0,0.118856198206739,0,38.0422,121.7995
"1047",1992-04-01,"D19C","EMP D19",41.3626127770674,NA,2.6327296927671,NA,3.18492118383419,NA,38.0438,121.6148
"1048",1992-04-01,"D28AL","EMP D28A",3.18634784451349,NA,0.258811774733599,NA,0.27402591462816,NA,37.9701,-121.5741
"1049",1992-04-01,"D4C","EMP D4",1.96116830676488,0.670391499556806,0.129292888638755,0.263187588324181,0.135320613166777,0.268156599822722,38.0581,-121.8193
"1050",1992-04-01,"D4L","EMP D4",4.93809786932974,0.0900031229645096,0.323665078806145,0.0353320867697073,0.340728752983752,0.0048,38.0581,-121.8193
"1051",1992-04-01,"D4R","EMP D4",6.11927616824764,11.3059614950299,0.389653946472225,4.22427837220942,0.422230055609087,4.52238459801194,38.0581,-121.8193
"1052",1992-04-01,"D41AC","EMP D41A",NA,0.825732071085258,NA,0.307228786964237,NA,0.330292828434103,38.0847,-122.3906
"1053",1992-04-01,"D7C","EMP D7",0,3.03066206217514,0,1.10025435396686,0,1.21226482487005,38.1171,-122.0395
"1054",1992-04-01,"USGS 8.1","EMP USGS 8.1",NA,8.29781271296286,NA,3.02132713527522,NA,3.31912508518514,38.0316,122.1403
"1055",1992-05-01,"D11","EMP D11",4.3613075657877,0,0.43691437581555,0,0.466659909539284,0,38.0422,121.7995
"1056",1992-05-01,"D19C","EMP D19",21.8375898879039,NA,2.296251403613,NA,2.62051078654847,NA,38.0438,121.6148
"1057",1992-05-01,"D28AL","EMP D28A",5.73348253577167,NA,0.70332176449441,NA,0.768286659793404,NA,37.9701,-121.5741
"1058",1992-05-01,"D4C","EMP D4",6.2922626123359,2.70077426522282,0.621327466253303,1.0509348475587,0.673272099519941,1.08030970608913,38.0581,-121.8193
"1059",1992-05-01,"D4L","EMP D4",2.99573132658367,0.779399107311934,0.306427915926754,0.155166817628105,0.320543251944453,0.036,38.0581,-121.8193
"1060",1992-05-01,"D4R","EMP D4",0.0411954911454487,54.9040060782705,0.00431569195018022,18.8843067544563,0.00440791755256301,21.9616024313082,38.0581,-121.8193
"1061",1992-05-01,"D41AC","EMP D41A",NA,4.11899379972165,NA,1.50931771820087,NA,1.64759751988866,38.0847,-122.3906
"1062",1992-05-01,"D7C","EMP D7",0,5.85974713003894,0,2.04933361263123,0,2.34389885201558,38.1171,-122.0395
"1063",1992-05-01,"USGS 8.1","EMP USGS 8.1",NA,17.8808254563499,NA,6.23669961062714,NA,7.15233018253996,38.0316,122.1403
"1064",1992-06-01,"D11","EMP D11",3.83199007286396,0,0.436297666435833,0,0.459838808743675,0,38.0422,121.7995
"1065",1992-06-01,"D19C","EMP D19",35.2652698050873,NA,3.90107335734244,NA,4.7255461538817,NA,38.0438,121.6148
"1066",1992-06-01,"D28AL","EMP D28A",25.0649693093695,NA,3.44416735758137,NA,4.18584987466471,NA,37.9701,-121.5741
"1067",1992-06-01,"D4C","EMP D4",0,1.29353916143235,0,0.505600663959984,0,0.517415664572939,38.0581,-121.8193
"1068",1992-06-01,"D4L","EMP D4",0.095037370792841,2.89061808353412,0.00979092930793299,0.247174152827981,0.010168998674834,0.16,38.0581,-121.8193
"1069",1992-06-01,"D4R","EMP D4",1.4756257809606,43.5749479596625,0.152845735519358,15.2987075075738,0.157891958562784,17.429979183865,38.0581,-121.8193
"1070",1992-06-01,"D41AC","EMP D41A",NA,4.05662866668176,NA,1.46648428494,NA,1.62265146667271,38.0847,-122.3906
"1071",1992-06-01,"D7C","EMP D7",0,4.55848991959562,0,1.60285941027546,0,1.82339596783825,38.1171,-122.0395
"1072",1992-06-01,"USGS 8.1","EMP USGS 8.1",NA,18.7695832284401,NA,6.45037700029014,NA,7.50783329137603,38.0316,122.1403
"1073",1992-07-01,"D11","EMP D11",1.2540619703755,0,0.161686830208486,0,0.168044304030317,0,38.0422,121.7995
"1074",1992-07-01,"D19C","EMP D19",9.1469084028201,NA,1.23046909805074,NA,1.36288935202019,NA,38.0438,121.6148
"1075",1992-07-01,"D28AL","EMP D28A",72.7317962564921,NA,8.51648344126605,NA,12.1462099748342,NA,37.9701,-121.5741
"1076",1992-07-01,"D4C","EMP D4",3.69727968197637,2.08464998032188,0.4235755902261,0.811186383658052,0.443673561837165,0.833859992128754,38.0581,-121.8193
"1077",1992-07-01,"D4L","EMP D4",0.196622922938144,2.3959753686527,0.0228358392480093,0.823136472708774,0.0235947507525772,0.26,38.0581,-121.8193
"1078",1992-07-01,"D4R","EMP D4",0.0107527131575642,24.4145224484939,0.00127517098101345,8.9950074332087,0.00129032557890771,9.76580897939758,38.0581,-121.8193
"1079",1992-07-01,"D41AC","EMP D41A",NA,2.37531196751285,NA,0.887455397286239,NA,0.95012478700514,38.0847,-122.3906
"1080",1992-07-01,"D7C","EMP D7",0,4.17284223513393,0,1.47626901071305,0,1.66913689405357,38.1171,-122.0395
"1081",1992-07-01,"USGS 8.1","EMP USGS 8.1",NA,28.7790897754966,NA,9.5085121142491,NA,11.5116359101986,38.0316,122.1403
"1082",1992-08-01,"D11","EMP D11",2.28539388009147,1.2,0.29339667098222,0.473002412808828,0.306242779932257,0.480324245546104,38.0422,121.7995
"1083",1992-08-01,"D19C","EMP D19",35.0345637333113,NA,4.31078248655802,NA,5.22014999626338,NA,38.0438,121.6148
"1084",1992-08-01,"D28AL","EMP D28A",19.0983698047506,NA,2.49679114598267,NA,2.84565710090783,NA,37.9701,-121.5741
"1085",1992-08-01,"D4C","EMP D4",5.08054553037254,2.76296939831058,0.557192707894516,1.07058320752582,0.609665463644705,1.10518775932423,38.0581,-121.8193
"1086",1992-08-01,"D4L","EMP D4",0.0175525726261781,0.266151005762782,0.00207655826955657,0.00670234811706885,0.00210630871514137,0.88,38.0581,-121.8193
"1087",1992-08-01,"D4R","EMP D4",3.03975038079388,16.5864357791758,0.342738418079702,6.14463167252917,0.364770045695265,6.63457431167031,38.0581,-121.8193
"1088",1992-08-01,"D41AC","EMP D41A",NA,1.74645033607889,NA,0.659161221516103,NA,0.698580134431558,38.0847,-122.3906
"1089",1992-08-01,"D7C","EMP D7",0,4.94210975799539,0,1.73471414718471,0,1.97684390319816,38.1171,-122.0395
"1090",1992-08-01,"USGS 8.1","EMP USGS 8.1",NA,6.94708615084579,NA,2.49686310929525,NA,2.77883446033831,38.0316,122.1403
"1091",1992-09-01,"D11","EMP D11",6.20094004987446,0,0.750587843293413,0.000392941267160921,0.830925966683178,0.000395491641450583,38.0422,121.7995
"1092",1992-09-01,"D19C","EMP D19",16.1115405383606,NA,1.73077922952974,NA,1.93338486460328,NA,38.0438,121.6148
"1093",1992-09-01,"D28AL","EMP D28A",24.9924402968357,NA,2.94383818475121,NA,3.34898699977598,NA,37.9701,-121.5741
"1094",1992-09-01,"D4C","EMP D4",0,1.46668183256949,0,0.573000027413883,0,0.586672733027794,38.0581,-121.8193
"1095",1992-09-01,"D4L","EMP D4",2.27327231083337,1.12999450243718,0.207748678296396,0.0933842622957185,0.218234141840004,0.0068,38.0581,-121.8193
"1096",1992-09-01,"D4R","EMP D4",2.05636912160959,11.5875151451317,0.187085477693666,4.35955208184751,0.19741143567452,4.63500605805266,38.0581,-121.8193
"1097",1992-09-01,"D41AC","EMP D41A",NA,3.19892455123779,NA,1.18175953354763,NA,1.27956982049512,38.0847,-122.3906
"1098",1992-09-01,"D7C","EMP D7",0,8.25533618914567,0,2.80293135431335,0,3.30213447565827,38.1171,-122.0395
"1099",1992-09-01,"USGS 8.1","EMP USGS 8.1",NA,26.1088444146861,NA,8.58641198106847,NA,10.4435377658744,38.0316,122.1403
"1100",1992-10-01,"D11","EMP D11",7.79352334194026,0,0.660168434404409,0,0.748178240826264,0,38.0422,121.7995
"1101",1992-10-01,"D19C","EMP D19",39.6680988033403,NA,2.71979582810842,NA,3.41145649708727,NA,38.0438,121.6148
"1102",1992-10-01,"D28AL","EMP D28A",8.69879477320356,NA,0.832385679890158,NA,0.930771040732781,NA,37.9701,-121.5741
"1103",1992-10-01,"D4C","EMP D4",10.475637593109,2.76303369352742,1.00924837496083,1.06141852257127,1.12089322246267,1.10521347741097,38.0581,-121.8193
"1104",1992-10-01,"D4L","EMP D4",3.07173525595214,0.487693827718452,0.316894678144163,0.299764570709809,0.328675672386879,0.096,38.0581,-121.8193
"1105",1992-10-01,"D4R","EMP D4",0.0202450704236431,51.9530467820641,0.00211862524795084,17.0824816786619,0.00216622253532981,20.7812187128256,38.0581,-121.8193
"1106",1992-10-01,"D41AC","EMP D41A",NA,5.99710946645631,NA,2.15300910962183,NA,2.39884378658252,38.0847,-122.3906
"1107",1992-10-01,"D7C","EMP D7",0,8.44472352816172,0,2.88454938550964,0,3.37788941126469,38.1171,-122.0395
"1108",1992-10-01,"USGS 8.1","EMP USGS 8.1",NA,22.4772304768415,NA,7.50210208359243,NA,8.99089219073659,38.0316,122.1403
"1109",1992-11-01,"D11","EMP D11",2.64169422185598,0,0.209360671699071,0,0.227185703079614,0,38.0422,121.7995
"1110",1992-11-01,"D19C","EMP D19",48.7729538658026,NA,2.86782083857577,NA,3.7555174476668,NA,38.0438,121.6148
"1111",1992-11-01,"D28AL","EMP D28A",20.0121635298833,NA,1.50428237863155,NA,1.72104606356996,NA,37.9701,-121.5741
"1112",1992-11-01,"D4C","EMP D4",0,6.50054207139436,0,2.49281843846057,0,2.60021682855774,38.0581,-121.8193
"1113",1992-11-01,"D4L","EMP D4",0.103893357923287,0.177997223792864,0.00783438434681503,0.077669915435011,0.00799978856009314,0.316,38.0581,-121.8193
"1114",1992-11-01,"D4R","EMP D4",0.00944597995961079,22.7752896311589,0.000718797998818539,8.28440089667039,0.000727340456890031,9.11011585246358,38.0581,-121.8193
"1115",1992-11-01,"D41AC","EMP D41A",NA,2.52469504915294,NA,0.939824651418004,NA,1.00987801966117,38.0847,-122.3906
"1116",1992-11-01,"D7C","EMP D7",0,12.2221070365453,0,3.74966984285873,0,3.29996889986724,38.1171,-122.0395
"1117",1992-11-01,"USGS 8.1","EMP USGS 8.1",NA,25.1762373515722,NA,8.33677051146254,NA,10.0704949406289,38.0316,122.1403
"1118",1992-12-01,"D11","EMP D11",1.98458099890235,0,0.0817399739554548,0,0.0873215639517033,0,38.0422,121.7995
"1119",1992-12-01,"D19C","EMP D19",23.4340439869328,NA,0.769851424325234,NA,0.913927715490379,NA,38.0438,121.6148
"1120",1992-12-01,"D28AL","EMP D28A",50.8091230980563,NA,1.46019354110019,NA,1.77831930843197,NA,37.9701,-121.5741
"1121",1992-12-01,"D4C","EMP D4",2.59896479929968,5.01277413505567,0.106130006556246,1.93196548177708,0.114354451169186,2.00510965402227,38.0581,-121.8193
"1122",1992-12-01,"D4L","EMP D4",19.1653899187292,1.29235581151456,0.784999414483599,0.117687992664371,0.843277156424085,0.08,38.0581,-121.8193
"1123",1992-12-01,"D4R","EMP D4",0.35449921607224,97.4624902263045,0.0150650352726421,31.6834020430289,0.0155979655071786,38.9849960905218,38.0581,-121.8193
"1124",1992-12-01,"D7C","EMP D7",0,11.1114132285415,0,3.61459154349987,0,3.0000815717062,38.1171,-122.0395
"1125",1992-12-01,"USGS 8.1","EMP USGS 8.1",NA,24.8628797908635,NA,8.26614823149484,NA,9.94515191634542,38.0316,122.1403
"1126",1993-01-01,"D11","EMP D11",2.11949672155516,0.01,0.0609983853359201,0.00282721829851814,0.06570439836821,0.00284361978206442,38.0422,121.7995
"1127",1993-01-01,"D19C","EMP D19",19.3140930795375,NA,0.536269113571548,NA,0.598736885465663,NA,38.0438,121.6148
"1128",1993-01-01,"D28AL","EMP D28A",42.927869020467,NA,1.10890383832421,NA,1.33076393963448,NA,37.9701,-121.5741
"1129",1993-01-01,"D4C","EMP D4",15.6510258855283,4.6740207436824,0.401664438478456,1.21324588483574,0.485181802451378,1.26198560079425,38.0581,-121.8193
"1130",1993-01-01,"D4L","EMP D4",1.24915366960859,33.8537748978235,0.0365579453471744,4.22836860993657,0.0387237637578662,0.12,38.0581,-121.8193
"1131",1993-01-01,"D4R","EMP D4",0.647424237127107,32.8942842527398,0.0193877780110818,7.83111317814932,0.0200701513509403,8.88145674823976,38.0581,-121.8193
"1132",1993-01-01,"D7C","EMP D7",0,0.47702202939506,0,0.122749393112999,0,0.128795947936666,38.1171,-122.0395
"1133",1993-01-01,"USGS 8.1","EMP USGS 8.1",NA,12.8612639073495,NA,4.46086569270291,NA,5.14450556293982,38.0316,122.1403
"1134",1993-02-01,"D11","EMP D11",4.03375145191742,0,0.128875862183821,0,0.14118130081711,0,38.0422,121.7995
"1135",1993-02-01,"D19C","EMP D19",34.2460735814052,NA,0.954099840411869,NA,1.19861257534918,NA,38.0438,121.6148
"1136",1993-02-01,"D28AL","EMP D28A",34.785178432176,NA,1.08069585758899,NA,1.35662195885486,NA,37.9701,-121.5741
"1137",1993-02-01,"D4C","EMP D4",0,0,0,0,0,0,38.0581,-121.8193
"1138",1993-02-01,"D4L","EMP D4",22.6320361353797,1.00886194530272,0.686470704872971,0.0110643691560743,0.792121264738288,4.9032,38.0581,-121.8193
"1139",1993-02-01,"D4R","EMP D4",0.501070965215437,7.19310239335956,0.0170329525936286,2.7303295862948,0.0175374837825403,2.87724095734383,38.0581,-121.8193
"1140",1993-02-01,"D41AC","EMP D41A",NA,0.669780126035049,NA,0.257970828023666,NA,0.267912050414019,38.0847,-122.3906
"1141",1993-02-01,"D7C","EMP D7",0,0.232553772617344,0,0.0893672019522039,0,0.0627895186066828,38.1171,-122.0395
"1142",1993-02-01,"USGS 8.1","EMP USGS 8.1",NA,30.605772026278,NA,9.85412492754045,NA,12.2423088105112,38.0316,122.1403
"1143",1993-03-01,"D11","EMP D11",1.86581448096861,0,0.123133991571776,0,0.128741199186834,0,38.0422,121.7995
"1144",1993-03-01,"D19C","EMP D19",23.7204050070125,NA,1.26618974582705,NA,1.44694470542776,NA,38.0438,121.6148
"1145",1993-03-01,"D28AL","EMP D28A",53.3898966102171,NA,3.10668724481493,NA,3.68390286610498,NA,37.9701,-121.5741
"1146",1993-03-01,"D4C","EMP D4",1.03565697834442,7.22025281064512,0.06881671451513,2.76911509663958,0.0714603315057646,2.88810112425805,38.0581,-121.8193
"1147",1993-03-01,"D4L","EMP D4",4.58177803716671,90.4104765248353,0.300310279122336,0.284852307065437,0.316142684564503,0.0112,38.0581,-121.8193
"1148",1993-03-01,"D4R","EMP D4",8.75739313610736,5.31901460092028,0.552252597816371,2.05291917759295,0.604260126391408,2.12760584036811,38.0581,-121.8193
"1149",1993-03-01,"D41AC","EMP D41A",NA,0.98000892527203,NA,0.377924291970343,NA,0.392003570108812,38.0847,-122.3906
"1150",1993-03-01,"D7C","EMP D7",0,1.91812026953234,0,0.723771467247404,0,0.767248107812936,38.1171,-122.0395
"1151",1993-03-01,"USGS 8.1","EMP USGS 8.1",NA,12.39319992818,NA,4.33146255990625,NA,4.95727997127202,38.0316,122.1403
"1152",1993-04-01,"D11","EMP D11",5.83223818192496,0,0.292249462460543,0,0.320773100005873,0,38.0422,121.7995
"1153",1993-04-01,"D19C","EMP D19",20.0404168943773,NA,1.05531367721998,NA,1.22246543055702,NA,38.0438,121.6148
"1154",1993-04-01,"D28AL","EMP D28A",85.1044392225134,NA,4.05723460071458,NA,5.19137079257332,NA,37.9701,-121.5741
"1155",1993-04-01,"D4C","EMP D4",0,3.47713745418405,0,1.34339846890453,0,1.39085498167362,38.0581,-121.8193
"1156",1993-04-01,"D4L","EMP D4",2.43454616591594,4.25643701638604,0.125812654115194,0.124214064019878,0.133900039125377,0.29344,38.0581,-121.8193
"1157",1993-04-01,"D4R","EMP D4",0.0209146860053818,79.9637134394855,0.00113120153788664,27.2705902770106,0.001150307730296,31.9854853757942,38.0581,-121.8193
"1158",1993-04-01,"D41AC","EMP D41A",NA,5.88744879997618,NA,1.96356294836417,NA,2.35497951999047,38.0847,-122.3906
"1159",1993-04-01,"D7C","EMP D7",0,0.912689630092856,0,0.353387797874346,0,0.365075852037142,38.1171,-122.0395
"1160",1993-04-01,"USGS 8.1","EMP USGS 8.1",NA,33.2132459929223,NA,10.1903655932871,NA,13.2852983971689,38.0316,122.1403
"1161",1993-05-01,"D11","EMP D11",9.88035651839583,0,0.757171902992921,0,0.849710660582041,0,38.0422,121.7995
"1162",1993-05-01,"D19C","EMP D19",9.3884079619814,NA,0.747055064569211,NA,0.807403084730401,NA,38.0438,121.6148
"1163",1993-05-01,"D28AL","EMP D28A",45.7038830669648,NA,3.62340810417684,NA,4.38757277442862,NA,37.9701,-121.5741
"1164",1993-05-01,"D4C","EMP D4",0.627219457753908,0,0.0467280062936788,0,0.0482958982470509,0,38.0581,-121.8193
"1165",1993-05-01,"D4L","EMP D4",0.637369355104175,2.96908428947932,0.0471112042818712,0.116842447359661,0.0490774403430215,0.12672,38.0581,-121.8193
"1166",1993-05-01,"D4R","EMP D4",2.13594029152448,68.8403117739596,0.157155055222282,23.8925176764055,0.164467402447385,27.5361247095839,38.0581,-121.8193
"1167",1993-05-01,"D41AC","EMP D41A",NA,1.84492797223552,NA,0.64063880344099,NA,0.73797118889421,38.0847,-122.3906
"1168",1993-05-01,"D7C","EMP D7",0,1.74123417313306,0,0.663788019373058,0,0.696493669253223,38.1171,-122.0395
"1169",1993-05-01,"USGS 8.1","EMP USGS 8.1",NA,66.1553886670108,NA,20.6098895966442,NA,26.4621554668043,38.0316,122.1403
"1170",1993-06-01,"D11","EMP D11",4.77984322554745,0,0.478678909116243,0,0.511443225133578,0,38.0422,121.7995
"1171",1993-06-01,"D19C","EMP D19",13.989520087416,NA,1.52475185323549,NA,1.67874241048991,NA,38.0438,121.6148
"1172",1993-06-01,"D28AL","EMP D28A",75.2818922776875,NA,6.80112059580434,NA,9.03382707332251,NA,37.9701,-121.5741
"1173",1993-06-01,"D4C","EMP D4",1.24781840190569,0.151250072714583,0.115359011754364,0.0598302867501856,0.119790566582946,0.0605000290858331,38.0581,-121.8193
"1174",1993-06-01,"D4L","EMP D4",1.077045177321,0.286464906607004,0.0979655188557386,0,0.103396337022816,0,38.0581,-121.8193
"1175",1993-06-01,"D4R","EMP D4",0,126.618789924061,0,0,0,50.6475159696245,38.0581,-121.8193
"1176",1993-06-01,"D41AC","EMP D41A",NA,10.2738066399905,NA,3.33333354897831,NA,4.10952265599618,38.0847,-122.3906
"1177",1993-06-01,"D7C","EMP D7",0,1.10934167177782,0,0.423085028759539,0,0.443736668711128,38.1171,-122.0395
"1178",1993-06-01,"USGS 8.1","EMP USGS 8.1",NA,69.968361392489,NA,22.5110545230719,NA,27.9873445569956,38.0316,122.1403
"1179",1993-07-01,"D11","EMP D11",7.51139442244837,0,0.82223980474424,0,0.901367330693804,0,38.0422,121.7995
"1180",1993-07-01,"D19C","EMP D19",12.3718284149518,NA,1.481509414042,NA,1.65782500760354,NA,38.0438,121.6148
"1181",1993-07-01,"D28AL","EMP D28A",56.2987768314532,NA,6.43411480392798,NA,8.38851774788653,NA,37.9701,-121.5741
"1182",1993-07-01,"D4C","EMP D4",5.14797099517876,6.59426237646637,0.506750706482596,2.53678799080775,0.550832896484127,2.63770495058655,38.0581,-121.8193
"1183",1993-07-01,"D4L","EMP D4",11.268296190219,45.7889997521284,1.05915393474717,17.1801356209316,1.20570769235344,22.7744,38.0581,-121.8193
"1184",1993-07-01,"D4R","EMP D4",0.29144659608286,103.285129820338,0.0302524910663117,34.3912704959742,0.0311847857808661,41.3140519281352,38.0581,-121.8193
"1185",1993-07-01,"D41AC","EMP D41A",NA,5.76425579591067,NA,2.08205325662688,NA,2.30570231836427,38.0847,-122.3906
"1186",1993-07-01,"D7C","EMP D7",0,0.343259036036664,0,0.133131301184642,0,0.137303614414665,38.1171,-122.0395
"1187",1993-07-01,"USGS 8.1","EMP USGS 8.1",NA,45.3112373526477,NA,15.0901527889122,NA,18.1244949410591,38.0316,122.1403
"1188",1993-08-01,"D11","EMP D11",6.31289798154133,0,0.707376873352389,0,0.75754775778496,0,38.0422,121.7995
"1189",1993-08-01,"D19C","EMP D19",25.3054639790049,NA,2.59219383919707,NA,3.03665567748059,NA,38.0438,121.6148
"1190",1993-08-01,"D28AL","EMP D28A",50.8250028852254,NA,6.46086057534774,NA,8.48777548183264,NA,37.9701,-121.5741
"1191",1993-08-01,"D4C","EMP D4",0,9.7251604061935,0,3.69843447411445,0,3.8900641624774,38.0581,-121.8193
"1192",1993-08-01,"D4L","EMP D4",6.58795100752816,151.720945246855,0.641367363529943,10.4131964792413,0.704910757805513,12.9148,38.0581,-121.8193
"1193",1993-08-01,"D4R","EMP D4",0.226851126978666,62.900461343131,0.0235112827822113,21.7832661374836,0.0242730705867172,25.1601845372524,38.0581,-121.8193
"1194",1993-08-01,"D41AC","EMP D41A",NA,16.9901753096126,NA,5.38057540651039,NA,6.79607012384503,38.0847,-122.3906
"1195",1993-08-01,"D7C","EMP D7",0,1.22793155784188,0,0.467728574284113,0,0.491172623136753,38.1171,-122.0395
"1196",1993-08-01,"USGS 8.1","EMP USGS 8.1",NA,32.3430409626166,NA,10.6507065567934,NA,12.9372163850466,38.0316,122.1403
"1197",1993-09-01,"D11","EMP D11",8.39455088518581,0,0.91427517578854,0,1.0073461062223,0,38.0422,121.7995
"1198",1993-09-01,"D19C","EMP D19",16.073203265986,NA,2.13777319444925,NA,2.39490728663191,NA,38.0438,121.6148
"1199",1993-09-01,"D28AL","EMP D28A",19.7630107000276,NA,2.47953665079245,NA,2.94468859430411,NA,37.9701,-121.5741
"1200",1993-09-01,"D4C","EMP D4",0,0.241417414275622,0,0.0953291675462639,0,0.0965669657102487,38.0581,-121.8193
"1201",1993-09-01,"D4L","EMP D4",3.66630990289046,0.53224695534807,0.415720857678732,0,0.439957188346855,0,38.0581,-121.8193
"1202",1993-09-01,"D4R","EMP D4",4.45597419642114,19.7094863328271,0.501524806713816,0,0.534716903570536,7.88379453313085,38.0581,-121.8193
"1203",1993-09-01,"D41AC","EMP D41A",NA,32.1866765166633,NA,10.0950230606615,NA,12.8746706066653,38.0847,-122.3906
"1204",1993-09-01,"D7C","EMP D7",0,1.97416833501469,0,0.743398128920424,0,0.789667334005877,38.1171,-122.0395
"1205",1993-09-01,"USGS 8.1","EMP USGS 8.1",NA,69.5063247196117,NA,22.0228794161701,NA,27.8025298878447,38.0316,122.1403
"1206",1993-10-01,"D11","EMP D11",2.88176571610432,0,0.261704288771321,0,0.276649508746014,0,38.0422,121.7995
"1207",1993-10-01,"D19C","EMP D19",16.0678849785323,NA,1.36588509294407,NA,1.5425169579391,NA,38.0438,121.6148
"1208",1993-10-01,"D28AL","EMP D28A",70.067452846872,NA,5.02613635924734,NA,6.72647547329972,NA,37.9701,-121.5741
"1209",1993-10-01,"D4C","EMP D4",0,0.425846532213579,0,0.167559733445013,0,0.170338612885432,38.0581,-121.8193
"1210",1993-10-01,"D4L","EMP D4",1.14931805416477,0.314198256699626,0.0850958695111081,0.190117292373137,0.088497490170687,0.19456,38.0581,-121.8193
"1211",1993-10-01,"D4R","EMP D4",0.122002941233737,16.9644969162051,0.00913889699867653,6.05987368240517,0.00939422647499775,6.78579876648205,38.0581,-121.8193
"1212",1993-10-01,"D41AC","EMP D41A",NA,21.4188164796782,NA,7.11416017521955,NA,8.56752659187128,38.0847,-122.3906
"1213",1993-10-01,"D7C","EMP D7",0,4.36402460813073,0,1.63360932464931,0,1.74560984325229,38.1171,-122.0395
"1214",1993-10-01,"USGS 8.1","EMP USGS 8.1",NA,58.6916242682277,NA,18.9359759478524,NA,23.4766497072911,38.0316,122.1403
"1215",1993-11-01,"D11","EMP D11",3.57648479432759,0,0.230381916524128,0,0.246777450808604,0,38.0422,121.7995
"1216",1993-11-01,"D19C","EMP D19",15.02338196228,NA,0.908913360475417,NA,1.03661335539732,NA,38.0438,121.6148
"1217",1993-11-01,"D28AL","EMP D28A",11.458163280688,NA,0.692728957985725,NA,0.790613266367475,NA,37.9701,-121.5741
"1218",1993-11-01,"D4C","EMP D4",1.46841610519517,2.18056637559119,0.0966544882297887,0.85138447947791,0.101320711258467,0.872226550236475,38.0581,-121.8193
"1219",1993-11-01,"D4L","EMP D4",0.185795717905171,0.975345956990639,0.0124021428116896,0,0.0128199045354568,0,38.0581,-121.8193
"1220",1993-11-01,"D4R","EMP D4",0,113.656542751498,0,0,0,45.4626171005993,38.0581,-121.8193
"1221",1993-11-01,"D41AC","EMP D41A",NA,4.68870832485602,NA,1.70680290558653,NA,1.87548332994241,38.0847,-122.3906
"1222",1993-11-01,"D7C","EMP D7",0,3.09779878475008,0,1.07575913019035,0,0.836405671882522,38.1171,-122.0395
"1223",1993-11-01,"USGS 8.1","EMP USGS 8.1",NA,47.7993530003889,NA,15.562407287668,NA,19.1197412001555,38.0316,122.1403
"1224",1993-12-01,"D11","EMP D11",10.2733560395778,0,0.318290119109006,0,0.359567461385223,0,38.0422,121.7995
"1225",1993-12-01,"D19C","EMP D19",18.4321663931752,NA,0.49182838563438,NA,0.571397158188431,NA,38.0438,121.6148
"1226",1993-12-01,"D28AL","EMP D28A",13.2608509631181,NA,0.364288352595743,NA,0.411086379856662,NA,37.9701,-121.5741
"1227",1993-12-01,"D4C","EMP D4",0,3.68875991498975,0,1.43200700333236,0,1.4755039659959,38.0581,-121.8193
"1228",1993-12-01,"D4L","EMP D4",4.1696834662086,0.735371463722807,0.136636577111357,0.2173944697627,0.145938921317301,0.2228,38.0581,-121.8193
"1229",1993-12-01,"D4R","EMP D4",0.00244363093956211,77.3178715589304,8.49459391007139e-05,25.6234648758525,8.55270828846738e-05,30.9271486235722,38.0581,-121.8193
"1230",1993-12-01,"D41AC","EMP D41A",NA,4.42511634883468,NA,1.62245229099384,NA,1.77004653953387,38.0847,-122.3906
"1231",1993-12-01,"D7C","EMP D7",0,4.4246936108866,0,1.45039127863626,0,1.19466727493938,38.1171,-122.0395
"1232",1993-12-01,"USGS 8.1","EMP USGS 8.1",NA,75.9093878976931,NA,26.2107842883825,NA,30.3637551590772,38.0316,122.1403
"1233",1994-01-01,"D11","EMP D11",4.07132797916481,0,0.120506645976674,0,0.126211167354109,0,38.0422,121.7995
"1234",1994-01-01,"D19C","EMP D19",32.7438179675684,NA,0.853316268833703,NA,1.01505835699462,NA,38.0438,121.6148
"1235",1994-01-01,"D28AL","EMP D28A",47.3702988754444,NA,1.13935325605575,NA,1.46847926513878,NA,37.9701,-121.5741
"1236",1994-01-01,"D4C","EMP D4",0,0.487148774572819,0,0.129537673885702,0,0.131530169134661,38.0581,-121.8193
"1237",1994-01-01,"D4L","EMP D4",0.102385541247556,209.89767387707,0.00310421217783792,21.4327142166223,0.00317395177867425,34.43715,38.0581,-121.8193
"1238",1994-01-01,"D4R","EMP D4",0.0022962660016226,31.3956019441232,7.07005597054292e-05,7.42964704560669,7.11842460503006e-05,8.47681252491327,38.0581,-121.8193
"1239",1994-01-01,"D41AC","EMP D41A",NA,1.65158644465733,NA,0.62285643112205,NA,0.660634577862934,38.0847,-122.3906
"1240",1994-01-01,"D7C","EMP D7",0,4.1795215077843,0,1.07061919306979,0,0.75607544075818,38.1171,-122.0395
"1241",1994-01-01,"USGS 8.1","EMP USGS 8.1",NA,15.8363205099052,NA,5.59555129132594,NA,6.3345282039621,38.0316,122.1403
"1242",1994-02-01,"D11","EMP D11",11.3573512310187,0,0.351450210450969,0,0.397507293085655,0,38.0422,121.7995
"1243",1994-02-01,"D19C","EMP D19",58.6387703746036,NA,1.44707712244593,NA,2.05235696311113,NA,38.0438,121.6148
"1244",1994-02-01,"D28AL","EMP D28A",5.51133017839144,NA,0.157241736140256,NA,0.170851235530135,NA,37.9701,-121.5741
"1245",1994-02-01,"D4C","EMP D4",0.0022962660016226,1.8118261535991,7.07005597054292e-05,0.476123926031556,7.11842460503006e-05,0.489193061471756,38.0581,-121.8193
"1246",1994-02-01,"D4L","EMP D4",2.15127815957847,1.38283912987213,0.064268651849403,0.386388730353485,0.0666896229469327,0.4023,38.0581,-121.8193
"1247",1994-02-01,"D4R","EMP D4",0.0566296881320452,58.9828236674984,0.00172636177881228,13.3079090762573,0.0017555203320934,15.9253623902246,38.0581,-121.8193
"1248",1994-02-01,"D41AC","EMP D41A",NA,1.22864003988413,NA,0.467766614513465,NA,0.491456015953651,38.0847,-122.3906
"1249",1994-02-01,"D7C","EMP D7",0,2.20914300529949,0,0.565336492362235,0,0.399633969658678,38.1171,-122.0395
"1250",1994-02-01,"USGS 8.1","EMP USGS 8.1",NA,37.7410954152162,NA,12.1162136559453,NA,15.0964381660865,38.0316,122.1403
"1251",1994-03-01,"D11","EMP D11",4.36945844826846,0,0.249165706177508,0,0.266536965344376,0,38.0422,121.7995
"1252",1994-03-01,"D19C","EMP D19",61.4944477471441,NA,2.39611997363038,NA,3.38219462609293,NA,38.0438,121.6148
"1253",1994-03-01,"D28AL","EMP D28A",14.5363129970824,NA,1.02048304600215,NA,1.11929610077535,NA,37.9701,-121.5741
"1254",1994-03-01,"D4C","EMP D4",1.35504542661637,0.16902671428746,0.0714328119553749,0.0669978817147892,0.0745274984639003,0.0676106857149842,38.0581,-121.8193
"1255",1994-03-01,"D4L","EMP D4",1.88520359440487,0,0.0983722825894713,0,0.103686197692268,0,38.0581,-121.8193
"1256",1994-03-01,"D4R","EMP D4",0,96.219688598142,0,0,0,38.4878754392568,38.0581,-121.8193
"1257",1994-03-01,"D41AC","EMP D41A",NA,1.26314339921598,NA,0.484644965798037,NA,0.505257359686392,38.0847,-122.3906
"1258",1994-03-01,"D7C","EMP D7",0,0.843350348245843,0,0.321312210276147,0,0.226017893329886,38.1171,-122.0395
"1259",1994-03-01,"USGS 8.1","EMP USGS 8.1",NA,31.3171859092869,NA,10.3551440907997,NA,12.5268743637148,38.0316,122.1403
"1260",1994-04-01,"D11","EMP D11",7.14339534031833,0,0.204289178287399,0,0.221445255549868,0,38.0422,121.7995
"1261",1994-04-01,"D19C","EMP D19",47.0844333906307,NA,2.23679050982082,NA,2.87215043682847,NA,38.0438,121.6148
"1262",1994-04-01,"D28AL","EMP D28A",46.8612649623362,NA,2.58304526660899,NA,3.2334272824012,NA,37.9701,-121.5741
"1263",1994-04-01,"D4C","EMP D4",0,1.16076495967346,0,0.45646084118718,0,0.464305983869385,38.0581,-121.8193
"1264",1994-04-01,"D4L","EMP D4",0.596586762593888,1.11920215314283,0.0401388959256438,0,0.0411644866189782,0,38.0581,-121.8193
"1265",1994-04-01,"D4R","EMP D4",0.0761418040797936,129.292457953512,0.00514386104650083,0,0.00525378448150575,51.7169831814048,38.0581,-121.8193
"1266",1994-04-01,"D41AC","EMP D41A",NA,0.760916435192733,NA,0.295334366640334,NA,0.304366574077093,38.0847,-122.3906
"1267",1994-04-01,"D7C","EMP D7",0,0.790274514909572,0,0.301903046775428,0,0.211793569995765,38.1171,-122.0395
"1268",1994-04-01,"USGS 8.1","EMP USGS 8.1",NA,34.252175510009,NA,11.3785989746787,NA,13.7008702040036,38.0316,122.1403
"1269",1994-05-01,"D11","EMP D11",9.31617014283546,0,0.660226635282486,0,0.717345100998331,0,38.0422,121.7995
"1270",1994-05-01,"D19C","EMP D19",24.9547238526634,NA,2.04310493529193,NA,2.39565348985569,NA,38.0438,121.6148
"1271",1994-05-01,"D28AL","EMP D28A",39.4321427120958,NA,3.09721693924035,NA,3.78548570036119,NA,37.9701,-121.5741
"1272",1994-05-01,"D4C","EMP D4",5.62329328253076,6.0613658566723,0.402264702058329,2.33696315512202,0.432993582754868,2.42454634266892,38.0581,-121.8193
"1273",1994-05-01,"D4L","EMP D4",0.62299255553159,0,0.0469176425612542,0.218565355596251,0.0479704267759324,0.224,38.0581,-121.8193
"1274",1994-05-01,"D4R","EMP D4",6.92195372921567,127.8929880359,0.49040453457496,41.6966778186167,0.532990437149606,51.1571952143602,38.0581,-121.8193
"1275",1994-05-01,"D41AC","EMP D41A",NA,2.74112136842635,NA,1.0451427216238,NA,1.09644854737054,38.0847,-122.3906
"1276",1994-05-01,"D7C","EMP D7",0,1.41895313286203,0,0.533100135650982,0,0.380279439607025,38.1171,-122.0395
"1277",1994-05-01,"USGS 8.1","EMP USGS 8.1",NA,23.3809973777286,NA,8.01531768405963,NA,9.35239895109142,38.0316,122.1403
"1278",1994-06-01,"D11","EMP D11",3.74846905226178,0,0.365545900909425,0,0.401086188592011,0,38.0422,121.7995
"1279",1994-06-01,"D19C","EMP D19",28.311856969149,NA,2.93630068342869,NA,3.39742283629788,NA,38.0438,121.6148
"1280",1994-06-01,"D28AL","EMP D28A",62.4392343307882,NA,8.74134685631636,NA,11.6761368198574,NA,37.9701,-121.5741
"1281",1994-06-01,"D4C","EMP D4",1.26577998420011,2.61551969685686,0.116102116920786,1.01948438437626,0.121514878483211,1.04620787874274,38.0581,-121.8193
"1282",1994-06-01,"D4L","EMP D4",2.61452822784162,15.523728320242,0.232427886222263,0.483739341756867,0.250994709872795,0.49952,38.0581,-121.8193
"1283",1994-06-01,"D4R","EMP D4",0.00821188302314466,43.9740772206121,0.000781793743698763,15.5707256966561,0.000788340770221887,17.5896308882449,38.0581,-121.8193
"1284",1994-06-01,"D41AC","EMP D41A",NA,0.664037177451693,NA,0.255527453158829,NA,0.265614870980677,38.0847,-122.3906
"1285",1994-06-01,"D7C","EMP D7",0,1.13018265459775,0,0.425913303434634,0,0.302888951432197,38.1171,-122.0395
"1286",1994-06-01,"USGS 8.1","EMP USGS 8.1",NA,35.5653550381618,NA,11.6586553462812,NA,14.2261420152647,38.0316,122.1403
"1287",1994-07-01,"D11","EMP D11",8.71656202099791,0,0.854115780446512,0,0.932672136246776,0,38.0422,121.7995
"1288",1994-07-01,"D19C","EMP D19",20.9928345795725,NA,2.43447908071377,NA,2.81303983366272,NA,38.0438,121.6148
"1289",1994-07-01,"D28AL","EMP D28A",5.5703965293458,NA,0.856840260396338,NA,0.930256220400748,NA,37.9701,-121.5741
"1290",1994-07-01,"D4C","EMP D4",1.5114377584287,2.40743102057311,0.155008404956266,0.941670439887626,0.161723840151871,0.962972408229246,38.0581,-121.8193
"1291",1994-07-01,"D4L","EMP D4",0.289826746345751,0,0.0304355747538497,0,0.0310114618589954,0,38.0581,-121.8193
"1292",1994-07-01,"D4R","EMP D4",0.055549516113172,31.2248290943753,0.00582956590635382,0,0.0059437982241094,12.4899316377501,38.0581,-121.8193
"1293",1994-07-01,"D41AC","EMP D41A",NA,1.97318476231616,NA,0.743549548901288,NA,0.789273904926465,38.0847,-122.3906
"1294",1994-07-01,"D7C","EMP D7",0,3.09142695645486,0,1.14017810053529,0,0.828502424329902,38.1171,-122.0395
"1295",1994-07-01,"USGS 8.1","EMP USGS 8.1",NA,10.260489009615,NA,3.73633174925245,NA,4.104195603846,38.0316,122.1403
"1296",1994-08-01,"D11","EMP D11",5.18638928950998,0,0.719462328691826,0,0.772772004136987,0,38.0422,121.7995
"1297",1994-08-01,"D19C","EMP D19",17.522762849546,NA,3.1961695990261,NA,3.66225743555511,NA,38.0438,121.6148
"1298",1994-08-01,"D28AL","EMP D28A",13.1881485039388,NA,1.91690448562277,NA,2.20242080015779,NA,37.9701,-121.5741
"1299",1994-08-01,"D4C","EMP D4",1.00940718617444,0.5775959163991,0.129643991240067,0.227741067804717,0.135260562947375,0.23103836655964,38.0581,-121.8193
"1300",1994-08-01,"D4L","EMP D4",5.15166704536894,0.819801452227757,0.634384183922314,0.192615045710063,0.690323384079437,0.19708,38.0581,-121.8193
"1301",1994-08-01,"D4R","EMP D4",0.0872708610873437,59.9820034651713,0.0114996564944817,20.8737364184237,0.0116942953857041,23.9928013860685,38.0581,-121.8193
"1302",1994-08-01,"D41AC","EMP D41A",NA,1.63571591672235,NA,0.621297284311515,NA,0.654286366688941,38.0847,-122.3906
"1303",1994-08-01,"D7C","EMP D7",0,0.70527297274396,0,0.269298014746077,0,0.189013156695381,38.1171,-122.0395
"1304",1994-08-01,"USGS 8.1","EMP USGS 8.1",NA,15.0849331169489,NA,5.34770416872666,NA,6.03397324677956,38.0316,122.1403
"1305",1994-09-01,"D11","EMP D11",2.04500123324877,0,0.230670066708973,0,0.245400147989852,0,38.0422,121.7995
"1306",1994-09-01,"D19C","EMP D19",13.7926828042455,NA,1.46439672667192,NA,1.65512193650946,NA,38.0438,121.6148
"1307",1994-09-01,"D28AL","EMP D28A",2.05112500010665,NA,0.258146697095433,NA,0.274850750014291,NA,37.9701,-121.5741
"1308",1994-09-01,"D4C","EMP D4",0,7.20563257585917,0,2.76727858773865,0,2.88225303034367,38.0581,-121.8193
"1309",1994-09-01,"D4L","EMP D4",2.86808508489144,0.389986997458568,0.289546774665312,0.000871208663464524,0.306885104083384,0.00088,38.0581,-121.8193
"1310",1994-09-01,"D4R","EMP D4",0.0875767922869105,94.7759099185813,0.00916506209610537,31.2925082164306,0.00937071677469942,37.9103639674325,38.0581,-121.8193
"1311",1994-09-01,"D41AC","EMP D41A",NA,2.35900310007715,NA,0.887423111226311,NA,0.94360124003086,38.0847,-122.3906
"1312",1994-09-01,"D7C","EMP D7",0,4.77718859963715,0,1.71047279375578,0,1.28028654470276,38.1171,-122.0395
"1313",1994-09-01,"USGS 8.1","EMP USGS 8.1",NA,3.3260786750319,NA,1.25517604384604,NA,1.33043147001276,38.0316,122.1403
"1314",1994-10-01,"D11","EMP D11",5.29802085230931,0,0.364186482025659,0.0119159767609289,0.407947605627817,0.012,38.0422,121.7995
"1315",1994-10-01,"D19C","EMP D19",29.6988874286161,NA,1.90906029077453,NA,2.28681433200344,NA,38.0438,121.6148
"1316",1994-10-01,"D28AL","EMP D28A",18.7875692341205,NA,1.25204877416187,NA,1.44664283102728,NA,37.9701,-121.5741
"1317",1994-10-01,"D4C","EMP D4",0,0.517847482473949,0,0.203322535506293,0,0.20713899298958,38.0581,-121.8193
"1318",1994-10-01,"D4L","EMP D4",0.894895133785532,0.0198102132924822,0.0658011563269985,0.000872386479227059,0.068906925301486,0.00088,38.0581,-121.8193
"1319",1994-10-01,"D4R","EMP D4",0.0225099195656624,7.47300544140974,0.00171660823259139,2.80488624775202,0.001733263806556,2.9892021765639,38.0581,-121.8193
"1320",1994-10-01,"D41AC","EMP D41A",NA,1.96834779328422,NA,0.739347794072736,NA,0.787339117313687,38.0847,-122.3906
"1321",1994-10-01,"D7C","EMP D7",0,4.33313434141733,0,1.54663464668366,0,1.16128000349984,38.1171,-122.0395
"1322",1994-10-01,"USGS 8.1","EMP USGS 8.1",NA,3.03956603729674,NA,1.14538972449596,NA,1.2158264149187,38.0316,122.1403
"1323",1994-11-01,"D11","EMP D11",5.71509857085153,0,0.202452319401277,0,0.22288884426321,0,38.0422,121.7995
"1324",1994-11-01,"D19C","EMP D19",37.3174762058737,NA,1.09151469821071,NA,1.30611166720558,NA,38.0438,121.6148
"1325",1994-11-01,"D28AL","EMP D28A",16.3985106872518,NA,0.452348141103142,NA,0.508353831304804,NA,37.9701,-121.5741
"1326",1994-11-01,"D4C","EMP D4",0,1.40065935298524,0,0.548584999048947,0,0.560263741194097,38.0581,-121.8193
"1327",1994-11-01,"D4L","EMP D4",10.1121778103956,0.51450031925683,0.319189126310777,0.00166921063243373,0.353926223363847,0.00168,38.0581,-121.8193
"1328",1994-11-01,"D4R","EMP D4",0.245486585312972,7.75564381411644,0.0084085549222693,2.95320790635089,0.00859203048595404,3.10225752564658,38.0581,-121.8193
"1329",1994-11-01,"D41AC","EMP D41A",NA,1.14033102189953,NA,0.429452229620136,NA,0.456132408759811,38.0847,-122.3906
"1330",1994-11-01,"D7C","EMP D7",0,3.14450597809411,0,0.915939198216898,0,0.842727602129222,38.1171,-122.0395
"1331",1994-11-01,"USGS 8.1","EMP USGS 8.1",NA,4.55843448556119,NA,1.14540770090602,NA,1.23077731110152,38.0316,122.1403
"1332",1994-12-01,"D11","EMP D11",6.90924687939641,0,0.184647269656121,0,0.214186653261289,0,38.0422,121.7995
"1333",1994-12-01,"D19C","EMP D19",9.57547717229223,NA,0.264209010673443,NA,0.296839792341059,NA,38.0438,121.6148
"1334",1994-12-01,"D28AL","EMP D28A",4.20334474097801,NA,0.119512653395187,NA,0.130303686970318,NA,37.9701,-121.5741
"1335",1994-12-01,"D4C","EMP D4",2.29821584933513,8.48696128822271,0.0669087860065044,2.18860300420403,0.0712446913293889,2.29147954782013,38.0581,-121.8193
"1336",1994-12-01,"D4L","EMP D4",9.82622191044362,0.00301522033530403,0.27410289216889,0.000722692890177871,0.304612879223752,0.000729,38.0581,-121.8193
"1337",1994-12-01,"D4R","EMP D4",0.859698010074629,35.8108872187214,0.0257653235221636,8.62922128556547,0.0266506383123135,9.66893954905478,38.0581,-121.8193
"1338",1994-12-01,"D41AC","EMP D41A",NA,0.868640642162024,NA,0.33190498449717,NA,0.34745625686481,38.0847,-122.3906
"1339",1994-12-01,"D7C","EMP D7",0,3.631053757889,0,0.739088270131495,0,0.656857624802121,38.1171,-122.0395
"1340",1994-12-01,"USGS 8.1","EMP USGS 8.1",NA,NA,NA,NA,NA,NA,38.0316,122.1403
"1341",1995-01-01,"D11","EMP D11",6.80794151292509,0,0.218810090069281,0,0.238277952952378,0,38.0422,121.7995
"1342",1995-01-01,"D19C","EMP D19",8.35651602241954,NA,0.268631967369162,NA,0.292478060784684,NA,38.0438,121.6148
"1343",1995-01-01,"D28AL","EMP D28A",0.195237531408665,NA,0.00661553127436175,NA,0.00683331359930326,NA,37.9701,-121.5741
"1344",1995-01-01,"D4C","EMP D4",0,0.910043300453644,0,0.356670299892799,0,0.364017320181457,38.0581,-121.8193
"1345",1995-01-01,"D4L","EMP D4",0.74309825333811,1.72837941900755,0.0245390196127783,0.0639471135248144,0.0260084388668338,0.066,38.0581,-121.8193
"1346",1995-01-01,"D4R","EMP D4",0.0097373833105415,21.8409472415711,0.000336797432370474,7.88749158297431,0.000340808415868953,8.73637889662846,38.0581,-121.8193
"1347",1995-01-01,"D41AC","EMP D41A",NA,0.340657325659298,NA,0.131044760964123,NA,0.136262930263719,38.0847,-122.3906
"1348",1995-01-01,"D7C","EMP D7",0,2.0339482324001,0,0.74831691207187,0,0.545098126283227,38.1171,-122.0395
"1349",1995-01-01,"USGS 8.1","EMP USGS 8.1",NA,12.3349824368859,NA,2.93192155657239,NA,3.3304452579592,38.0316,122.1403
"1350",1995-02-01,"D11","EMP D11",1.28697034833266,0,0.0473561154684987,0,0.0501918435849738,0,38.0422,121.7995
"1351",1995-02-01,"D19C","EMP D19",31.6208217117589,NA,0.989709651708523,NA,1.2332120467586,NA,38.0438,121.6148
"1352",1995-02-01,"D28AL","EMP D28A",0.238552759465623,NA,0.00895802093409657,NA,0.0093035576191593,NA,37.9701,-121.5741
"1353",1995-02-01,"D4C","EMP D4",0,0.407757418721741,0,0.160548623653867,0,0.163102967488696,38.0581,-121.8193
"1354",1995-02-01,"D4L","EMP D4",0.617679637552061,0.0666961485418922,0.0231781485662374,0.0274348714836429,0.0240895058645304,0.028,38.0581,-121.8193
"1355",1995-02-01,"D4R","EMP D4",0.231080486863709,27.432791580349,0.00874547711997721,9.81501086682957,0.00901213898768467,10.9731166321396,38.0581,-121.8193
"1356",1995-02-01,"D41AC","EMP D41A",NA,0.204113575802461,NA,0.079125654516294,NA,0.0816454303209845,38.0847,-122.3906
"1357",1995-02-01,"D7C","EMP D7",0,0.48612175191596,0,0.186663160788552,0,0.130280629513477,38.1171,-122.0395
"1358",1995-02-01,"USGS 8.1","EMP USGS 8.1",NA,2.29324537948549,NA,0.877003800933803,NA,0.917298151794195,38.0316,122.1403
"1359",1995-03-01,"D11","EMP D11",5.98992484722413,0,0.248298604379719,0,0.263556693277862,0,38.0422,121.7995
"1360",1995-03-01,"D19C","EMP D19",29.9559417479566,NA,1.07737533417096,NA,1.31806143691009,NA,38.0438,121.6148
"1361",1995-03-01,"D28AL","EMP D28A",15.4898474261679,NA,0.560156037725992,NA,0.681553286751386,NA,37.9701,-121.5741
"1362",1995-03-01,"D4C","EMP D4",0,0,0,0,0,0,38.0581,-121.8193
"1363",1995-03-01,"D4L","EMP D4",2.15808194248837,2.91667415176899,0.0802030258620689,0.314046911487113,0.0841651957570464,0.3228,38.0581,-121.8193
"1364",1995-03-01,"D4R","EMP D4",0.00285091547165473,0.556107415845913,0.000110430213107556,0.219327083171136,0.000111185703394534,0.222442966338365,38.0581,-121.8193
"1365",1995-03-01,"D41AC","EMP D41A",NA,0.107042987976552,NA,0.0418717105439326,NA,0.042817195190621,38.0847,-122.3906
"1366",1995-03-01,"D7C","EMP D7",0,0.147909702560016,0,0.0575058842899131,0,0.0396398002860842,38.1171,-122.0395
"1367",1995-03-01,"USGS 8.1","EMP USGS 8.1",NA,7.91024624400766,NA,2.8951715179451,NA,3.16409849760306,38.0316,122.1403
"1368",1995-04-01,"D11","EMP D11",12.6902292555203,0,0.625882060243448,0,0.697962609053615,0,38.0422,121.7995
"1369",1995-04-01,"D19C","EMP D19",18.9951415157439,NA,0.791625383923894,NA,0.93076193427145,NA,38.0438,121.6148
"1370",1995-04-01,"D28AL","EMP D28A",11.4689527831883,NA,0.548658290651969,NA,0.630792403075356,NA,37.9701,-121.5741
"1371",1995-04-01,"D4C","EMP D4",0.0145118012234679,0.116659801090884,0.000777274760533528,0.0462017217441791,0.000798149067290737,0.0466639204363535,38.0581,-121.8193
"1372",1995-04-01,"D4L","EMP D4",21.8869058603086,1.58875730875905,1.054067549838,0.00396574803947217,1.20377982231697,0.004,38.0581,-121.8193
"1373",1995-04-01,"D4R","EMP D4",1.84766547098224,6.55981617203791,0.0961446585511426,2.51582409502191,0.101621600904023,2.62392646881517,38.0581,-121.8193
"1374",1995-04-01,"D41AC","EMP D41A",NA,0.485741102076662,NA,0.186293280101317,NA,0.194296440830665,38.0847,-122.3906
"1375",1995-04-01,"D7C","EMP D7",0,0.28186415421763,0,0.10873301417902,0,0.0755395933303248,38.1171,-122.0395
"1376",1995-04-01,"USGS 8.1","EMP USGS 8.1",NA,1.30662795148828,NA,0.506119092276495,NA,0.522651180595312,38.0316,122.1403
"1377",1995-05-01,"D11","EMP D11",21.0795621087872,0,1.0004764783288,0,1.1593759159833,0,38.0422,121.7995
"1378",1995-05-01,"D19C","EMP D19",29.0332832183174,NA,2.17007782289984,NA,2.49686235677529,NA,38.0438,121.6148
"1379",1995-05-01,"D28AL","EMP D28A",25.1720781109107,NA,1.41627469561354,NA,1.73687338965284,NA,37.9701,-121.5741
"1380",1995-05-01,"D4C","EMP D4",2.19105362710155,0.582708799148696,0.104834543905302,0.229688438628408,0.107361627727976,0.233083519659479,38.0581,-121.8193
"1381",1995-05-01,"D4L","EMP D4",1.23690353991241,0.0296197732029946,0.0582069464321867,0.0118801181381526,0.0606082734557081,0.012,38.0581,-121.8193
"1382",1995-05-01,"D4R","EMP D4",0.153982385991281,3.40608091904676,0.00720573152803997,1.31846033064383,0.00754513691357277,1.3624323676187,38.0581,-121.8193
"1383",1995-05-01,"D41AC","EMP D41A",NA,3.40797289645469,NA,1.24549453622796,NA,1.36318915858188,38.0847,-122.3906
"1384",1995-05-01,"D7C","EMP D7",0,0.390793277183536,0,0.149538207980563,0,0.104732598285188,38.1171,-122.0395
"1385",1995-05-01,"USGS 8.1","EMP USGS 8.1",NA,1.09578538989233,NA,0.424951510723147,NA,0.438314155956931,38.0316,122.1403
"1386",1995-06-01,"D11","EMP D11",15.1611134023223,0,1.3558593670449,0,1.62223913404848,0,38.0422,121.7995
"1387",1995-06-01,"D19C","EMP D19",11.9375775055399,NA,0.921171005718368,NA,1.02663166547643,NA,38.0438,121.6148
"1388",1995-06-01,"D28AL","EMP D28A",24.4673714059376,NA,2.09805875879238,NA,2.61800874043532,NA,37.9701,-121.5741
"1389",1995-06-01,"D4C","EMP D4",1.1927384388302,0.132560990377336,0.111133643801738,0.0524189996429429,0.114502890127699,0.0530243961509342,38.0581,-121.8193
"1390",1995-06-01,"D4L","EMP D4",6.38324934755086,2.61978939328991,0.554790961986282,0.248722660663787,0.612791937364883,0.256,38.0581,-121.8193
"1391",1995-06-01,"D4R","EMP D4",0.18577657923766,1.73912111095137,0.0169862697621052,0.678208293234637,0.0178345516068154,0.695648444380548,38.0581,-121.8193
"1392",1995-06-01,"D41AC","EMP D41A",NA,6.424556482824,NA,2.34126791805347,NA,2.5698225931296,38.0847,-122.3906
"1393",1995-06-01,"D7C","EMP D7",0,0.881180832335687,0,0.337494290821721,0,0.236156463065964,38.1171,-122.0395
"1394",1995-06-01,"USGS 8.1","EMP USGS 8.1",NA,0.928887909795477,NA,0.36134674636324,NA,0.371555163918191,38.0316,122.1403
"1395",1995-07-01,"D11","EMP D11",9.25254468470827,0,0.838402187010574,0,0.990022281263785,0,38.0422,121.7995
"1396",1995-07-01,"D19C","EMP D19",21.4386402993062,NA,1.96534658902628,NA,2.29393451202577,NA,38.0438,121.6148
"1397",1995-07-01,"D28AL","EMP D28A",34.0414275179515,NA,3.36656414223129,NA,4.5615512874055,NA,37.9701,-121.5741
"1398",1995-07-01,"D4C","EMP D4",1.98142603933667,0.251613123900642,0.230193198200118,0.099069597042262,0.2377711247204,0.100645249560257,38.0581,-121.8193
"1399",1995-07-01,"D4L","EMP D4",4.3262328516107,0.768547812113217,0.473290014364926,0.0185853543806923,0.519147942193285,0.0188,38.0581,-121.8193
"1400",1995-07-01,"D4R","EMP D4",0.122790685581857,1.21748473652141,0.0141685105021171,0.478197923821149,0.0147348822698228,0.486993894608564,38.0581,-121.8193
"1401",1995-07-01,"D41AC","EMP D41A",NA,6.28911060854142,NA,2.2761149923417,NA,2.51564424341657,38.0847,-122.3906
"1402",1995-07-01,"D7C","EMP D7",0,1.47252099512657,0,0.561994629491384,0,0.39463562669392,38.1171,-122.0395
"1403",1995-07-01,"USGS 8.1","EMP USGS 8.1",NA,1.07219288828414,NA,0.410763463796953,NA,0.428877155313658,38.0316,122.1403
"1404",1995-08-01,"D11","EMP D11",16.4819690792043,0,2.05672112362753,0,2.45581339280144,0,38.0422,121.7995
"1405",1995-08-01,"D19C","EMP D19",14.0915034119263,NA,1.85303648568828,NA,2.09963400837702,NA,38.0438,121.6148
"1406",1995-08-01,"D28AL","EMP D28A",28.8991109748329,NA,4.0029897378444,NA,4.8261515327971,NA,37.9701,-121.5741
"1407",1995-08-01,"D4C","EMP D4",0.061590502373587,0.151250072714583,0.00808523752915512,0.0598302867501856,0.00825312731806066,0.0605000290858331,38.0581,-121.8193
"1408",1995-08-01,"D4L","EMP D4",9.42196781026875,8.16204113601074,1.08093477530354,0.914907718341419,1.26254368657601,0.98,38.0581,-121.8193
"1409",1995-08-01,"D4R","EMP D4",2.23395981689255,6.71841467349182,0.266301331387524,2.57160013229812,0.299350615463601,2.68736586939673,38.0581,-121.8193
"1410",1995-08-01,"D41AC","EMP D41A",NA,11.1369888411747,NA,3.93928019893892,NA,4.45479553646989,38.0847,-122.3906
"1411",1995-08-01,"D7C","EMP D7",0,1.33922367233609,0,0.512925754806419,0,0.358911944186073,38.1171,-122.0395
"1412",1995-08-01,"USGS 8.1","EMP USGS 8.1",NA,3.41508285202147,NA,1.28275813518449,NA,1.36603314080859,38.0316,122.1403
"1413",1995-09-01,"D11","EMP D11",13.1763574707858,0,1.33139760866879,0,1.58116289649429,0,38.0422,121.7995
"1414",1995-09-01,"D19C","EMP D19",20.4785467078072,NA,1.85517730457945,NA,2.19120449773537,NA,38.0438,121.6148
"1415",1995-09-01,"D28AL","EMP D28A",2.34814712712512,NA,0.299086756239486,NA,0.314651715034767,NA,37.9701,-121.5741
"1416",1995-09-01,"D4C","EMP D4",1.60341427053102,0.185789485534657,0.184192218238018,0.0736115998746253,0.192409712463722,0.074315794213863,38.0581,-121.8193
"1417",1995-09-01,"D4L","EMP D4",8.22523144721957,6.96416844560182,0.829780401801292,1.87876869744992,0.987027773666349,2.06,38.0581,-121.8193
"1418",1995-09-01,"D4R","EMP D4",0.891321660559265,1.01317067014341,0.0998818510426967,0.396920004049063,0.106958599267112,0.405268268057365,38.0581,-121.8193
"1419",1995-09-01,"D41AC","EMP D41A",NA,10.7628874431844,NA,3.88624332856779,NA,4.30515497727378,38.0847,-122.3906
"1420",1995-09-01,"D7C","EMP D7",0,0.337619377948693,0,0.12921200047579,0,0.0904819932902497,38.1171,-122.0395
"1421",1995-09-01,"USGS 8.1","EMP USGS 8.1",NA,10.6984400485027,NA,3.8507743171322,NA,4.27937601940109,38.0316,122.1403
"1422",1995-10-01,"D11","EMP D11",13.8431947442093,0,0.977102501798127,0,1.190514748002,0,38.0422,121.7995
"1423",1995-10-01,"D19C","EMP D19",37.1570461423115,NA,2.62226666515067,NA,3.19550596823878,NA,38.0438,121.6148
"1424",1995-10-01,"D28AL","EMP D28A",26.5049179583953,NA,1.85620094498884,NA,2.279422944422,NA,37.9701,-121.5741
"1425",1995-10-01,"D4C","EMP D4",1.60572300902042,0,0.132023722732317,0,0.138092178775756,0,38.0581,-121.8193
"1426",1995-10-01,"D4L","EMP D4",4.30459510504083,2.59142358631624,0.318644387121085,0.33461797775569,0.370195179033511,0.348,38.0581,-121.8193
"1427",1995-10-01,"D4R","EMP D4",7.03982430329639,4.43119247392768,0.541426353056206,1.68480285264302,0.60542489008349,1.77247698957107,38.0581,-121.8193
"1428",1995-10-01,"D41AC","EMP D41A",NA,11.893372931634,NA,4.20529889816058,NA,4.75734917265362,38.0847,-122.3906
"1429",1995-10-01,"D7C","EMP D7",0,1.52785950854543,0,0.578291863149844,0,0.409466348290176,38.1171,-122.0395
"1430",1995-10-01,"USGS 8.1","EMP USGS 8.1",NA,8.56563037303814,NA,3.14127583656138,NA,3.42625214921526,38.0316,122.1403
"1431",1995-11-01,"D11","EMP D11",13.7097125617553,0,0.752895176103471,0,0.945970166761117,0,38.0422,121.7995
"1432",1995-11-01,"D19C","EMP D19",16.3181409130705,NA,0.888678164705994,NA,0.995406595697302,NA,38.0438,121.6148
"1433",1995-11-01,"D28AL","EMP D28A",18.5875509430624,NA,0.96543951017598,NA,1.1338406075268,NA,37.9701,-121.5741
"1434",1995-11-01,"D4C","EMP D4",0.0199773520144616,0,0.00136178613169971,0,0.00137843728899785,0,38.0581,-121.8193
"1435",1995-11-01,"D4L","EMP D4",5.18760250761024,1.21092403507189,0.314255505967901,0.610914726992514,0.357944573025107,0.64,38.0581,-121.8193
"1436",1995-11-01,"D4R","EMP D4",0.378588615181793,1.1389749657918,0.0249848673737191,0.446487157016939,0.0261226144475437,0.455589986316719,38.0581,-121.8193
"1437",1995-11-01,"D41AC","EMP D41A",NA,3.15726100735678,NA,1.18611823662952,NA,1.26290440294271,38.0847,-122.3906
"1438",1995-11-01,"D7C","EMP D7",0,0.859697658264494,0,0.331351226047311,0,0.230398972414884,38.1171,-122.0395
"1439",1995-11-01,"USGS 8.1","EMP USGS 8.1",NA,NA,NA,NA,NA,NA,38.0316,122.1403
"1440",1995-12-01,"D11","EMP D11",12.6462760793116,NA,0.407967339022374,NA,0.493204767093151,NA,38.0422,121.7995
"1441",1995-12-01,"D19C","EMP D19",17.4053406391757,NA,0.638681216140738,NA,0.76583498812373,NA,38.0438,121.6148
"1442",1995-12-01,"D28AL","EMP D28A",14.8526735864145,NA,0.592838076434451,NA,0.653517637802239,NA,37.9701,-121.5741
"1443",1995-12-01,"D4C","EMP D4",NA,0,NA,0,NA,0,38.0581,-121.8193
"1444",1995-12-01,"D4L","EMP D4",5.48903025114698,NA,0.20431450307502,NA,0.214072179794732,NA,38.0581,-121.8193
"1445",1995-12-01,"D4R","EMP D4",NA,1.39831456205902,NA,0.370001466864277,NA,0.377544931755936,38.0581,-121.8193
"1446",1995-12-01,"D41AC","EMP D41A",NA,2.8599212814645,NA,1.07519419880155,NA,1.1439685125858,38.0847,-122.3906
"1447",1995-12-01,"D7C","EMP D7",0,NA,0,NA,0,NA,38.1171,-122.0395
"1448",1995-12-01,"USGS 8.1","EMP USGS 8.1",NA,11.0690164838663,NA,3.79206076019005,NA,4.4276065935465,38.0316,122.1403
"1449",1996-01-01,"C9L","EMP C9",4.91679248204109,NA,0.143782273345771,NA,0.152420566943274,NA,37.8271,-121.5522
"1450",1996-01-01,"D16L","EMP D16",0.319215821236702,NA,0.0138196135066315,NA,0.0140454961344149,NA,38.093,-121.6697
"1451",1996-01-01,"D24L","EMP D24",34.7719617152141,NA,0.899012546016711,NA,1.07793081317164,NA,38.1547,-121.6814
"1452",1996-01-01,"D28AL","EMP D28A",0.738609167388336,NA,0.0222841785847781,NA,0.0228968841890384,NA,37.9701,-121.5741
"1453",1996-01-01,"D4L","EMP D4",4.21178779342057,1.17056555079725,0.116608304750144,NA,0.130565421596038,NA,38.0581,-121.8193
"1454",1996-01-01,"D41C","EMP D41",NA,20.4220991777776,NA,6.58777714750904,NA,8.16883967111105,38.016,-122.3647
"1455",1996-01-01,"D41AC","EMP D41A",NA,0.617822764719805,NA,0.237271008454487,NA,0.247129105887922,38.0847,-122.3906
"1456",1996-01-01,"D7C","EMP D7",NA,0.846810191158957,NA,0.218350922385994,NA,0.153187963580655,38.1171,-122.0395
"1457",1996-01-01,"P8R","EMP P8",7.6329117125478,NA,0.221114435061497,NA,0.236620263088982,NA,37.9778,-121.3799
"1458",1996-01-01,"USGS 8.1","EMP USGS 8.1",NA,37.4114650731777,NA,8.1935693506103,NA,10.101095569758,38.0316,122.1403
"1459",1996-02-01,"C9L","EMP C9",4.18440924646361,NA,0.168806308369424,NA,0.184114006844399,NA,37.8271,-121.5522
"1460",1996-02-01,"D16L","EMP D16",0.0469199673496692,NA,0.00181096137345331,NA,0.0018298787266371,NA,38.093,-121.6697
"1461",1996-02-01,"D24L","EMP D24",3.39014300519372,NA,0.111022066020752,NA,0.11865500518178,NA,38.1547,-121.6814
"1462",1996-02-01,"D28AL","EMP D28A",1.32970265167536,NA,0.0559124136170932,NA,0.058506916673716,NA,37.9701,-121.5741
"1463",1996-02-01,"D4L","EMP D4",3.56109362554258,0.276185640375823,0.143542780031949,0.159872587167565,0.156688119523873,0.16497,38.0581,-121.8193
"1464",1996-02-01,"D41C","EMP D41",NA,14.2809970542888,NA,4.89761159924038,NA,5.7123988217155,38.016,-122.3647
"1465",1996-02-01,"D41AC","EMP D41A",NA,1.37307023835203,NA,0.519483491823949,NA,0.549228095340812,38.0847,-122.3906
"1466",1996-02-01,"D7C","EMP D7",NA,1.18731761645107,NA,0.449254570858147,NA,0.318201121208886,38.1171,-122.0395
"1467",1996-02-01,"P8R","EMP P8",NA,NA,NA,NA,NA,NA,37.9778,-121.3799
"1468",1996-02-01,"USGS 8.1","EMP USGS 8.1",NA,15.6252421056687,NA,3.68956544855853,NA,4.21881536853054,38.0316,122.1403
"1469",1996-03-01,"C9L","EMP C9",0.441563561109838,NA,0.019602477839328,NA,0.0216366144943821,NA,37.8271,-121.5522
"1470",1996-03-01,"D16L","EMP D16",2.13825615042822,NA,0.0901684850606183,NA,0.0940832706188417,NA,38.093,-121.6697
"1471",1996-03-01,"D24L","EMP D24",15.8359666772306,NA,0.490586071971107,NA,0.554258833703071,NA,38.1547,-121.6814
"1472",1996-03-01,"D28AL","EMP D28A",4.81127388333229,NA,0.22272846457809,NA,0.235752420283282,NA,37.9701,-121.5741
"1473",1996-03-01,"D4L","EMP D4",0.414011359097005,0.423881919947679,0.0179051308594676,0.0692445671981946,NA,0.0704,38.0581,-121.8193
"1474",1996-03-01,"D41C","EMP D41",NA,23.9401759183299,NA,7.80096601009455,NA,9.57607036733195,38.016,-122.3647
"1475",1996-03-01,"D41AC","EMP D41A",NA,0.689979153326398,NA,0.261858354980308,NA,0.275991661330559,38.0847,-122.3906
"1476",1996-03-01,"D7C","EMP D7",NA,0.39271739627345,NA,0.150361288131505,NA,0.105248262201285,38.1171,-122.0395
"1477",1996-03-01,"P8R","EMP P8",5.52975562057639,NA,0.253640516329911,NA,0.270958025408243,NA,37.9778,-121.3799
"1478",1996-03-01,"USGS 8.1","EMP USGS 8.1",NA,14.8685069601562,NA,5.21011210987785,NA,5.94740278406246,38.0316,122.1403
"1479",1996-04-01,"C9L","EMP C9",2.27387532883257,NA,0.187301630853014,NA,0.195553278279601,NA,37.8271,-121.5522
"1480",1996-04-01,"D16L","EMP D16",1.5760710911045,NA,0.103629430011887,NA,0.108748905286211,NA,38.093,-121.6697
"1481",1996-04-01,"D24L","EMP D24",58.0937769020595,NA,2.0025096136615,NA,2.55612618369062,NA,38.1547,-121.6814
"1482",1996-04-01,"D28AL","EMP D28A",16.7128116681248,NA,1.30475261079879,NA,1.43730180345873,NA,37.9701,-121.5741
"1483",1996-04-01,"D4L","EMP D4",1.51357774235185,0.214153954181436,0.0893524284110072,0,0.092328242283463,0,38.0581,-121.8193
"1484",1996-04-01,"D41C","EMP D41",NA,14.0045807022603,NA,4.46829252440758,NA,5.60183228090411,38.016,-122.3647
"1485",1996-04-01,"D41AC","EMP D41A",NA,0.922514098141515,NA,0.339740227964952,NA,0.369005639256606,38.0847,-122.3906
"1486",1996-04-01,"D7C","EMP D7",NA,0.417352822771745,NA,0.159589765078262,NA,0.111850556502828,38.1171,-122.0395
"1487",1996-04-01,"P8R","EMP P8",14.5342000375258,NA,1.04375827271851,NA,1.11913340288949,NA,37.9778,-121.3799
"1488",1996-04-01,"USGS 8.1","EMP USGS 8.1",NA,9.63744714366977,NA,3.5145854322199,NA,3.85497885746791,38.0316,122.1403
"1489",1996-05-01,"C9L","EMP C9",7.07019874268247,NA,0.704089456126329,NA,0.756511265467024,NA,37.8271,-121.5522
"1490",1996-05-01,"D16L","EMP D16",18.6563810540298,NA,1.20924023236389,NA,1.43654134116029,NA,38.093,-121.6697
"1491",1996-05-01,"D24L","EMP D24",74.4769672664648,NA,4.06186468252145,NA,5.13891074138607,NA,38.1547,-121.6814
"1492",1996-05-01,"D28AL","EMP D28A",5.72448981360071,NA,0.576827586474404,NA,0.612520410055276,NA,37.9701,-121.5741
"1493",1996-05-01,"D4L","EMP D4",13.8544780646135,0.214153954181436,1.15642797471813,0,1.3300298942029,0,38.0581,-121.8193
"1494",1996-05-01,"D41C","EMP D41",NA,21.1605574229272,NA,7.03039344150883,NA,8.46422296917086,38.016,-122.3647
"1495",1996-05-01,"D41AC","EMP D41A",NA,4.48229297602604,NA,1.59877673837033,NA,1.79291719041042,38.0847,-122.3906
"1496",1996-05-01,"D7C","EMP D7",NA,0.662150797273331,NA,0.251841578788465,NA,0.177456413669253,38.1171,-122.0395
"1497",1996-05-01,"P8R","EMP P8",12.3435154894743,NA,1.12458939609455,NA,1.18497748698953,NA,37.9778,-121.3799
"1498",1996-05-01,"USGS 8.1","EMP USGS 8.1",NA,20.024117795077,NA,6.98274496620656,NA,8.00964711803078,38.0316,122.1403
"1499",1996-06-01,"C9L","EMP C9",22.3906729095609,NA,3.35113495508661,NA,3.73924237589668,NA,37.8271,-121.5522
"1500",1996-06-01,"D16L","EMP D16",NA,NA,NA,NA,NA,NA,38.093,-121.6697
"1501",1996-06-01,"D28AL","EMP D28A",11.4797195241985,NA,1.75418064658142,NA,1.91711316054115,NA,37.9701,-121.5741
"1502",1996-06-01,"P8R","EMP P8",8.52831003849099,NA,1.51740669188831,NA,1.59479397719781,NA,37.9778,-121.3799
"1503",1996-07-01,"C9L","EMP C9",34.8132720503016,NA,5.05189055769931,NA,5.81381643240037,NA,37.8271,-121.5522
"1504",1996-07-01,"D16L","EMP D16",0,NA,0,NA,0,NA,38.093,-121.6697
"1505",1996-07-01,"D24L","EMP D24",0,NA,0,NA,0,NA,38.1547,-121.6814
"1506",1996-07-01,"D28AL","EMP D28A",60.4960811798192,NA,7.96924942954419,NA,10.1028455570298,NA,37.9701,-121.5741
"1507",1996-07-01,"D4L","EMP D4",13.3500716134517,0.430599794615082,1.36879647115535,0,1.60200859361421,0,38.0581,-121.8193
"1508",1996-07-01,"D41C","EMP D41",NA,23.2854157824401,NA,7.64460310556531,NA,9.31416631297603,38.016,-122.3647
"1509",1996-07-01,"D41AC","EMP D41A",NA,7.09721998979836,NA,2.45816513851131,NA,2.83888799591934,38.0847,-122.3906
"1510",1996-07-01,"D7C","EMP D7",NA,1.56574407203148,NA,0.592629252321993,NA,0.419619411304436,38.1171,-122.0395
"1511",1996-07-01,"P8R","EMP P8",5.77679559360932,NA,1.00567876309012,NA,1.08026077600494,NA,37.9778,-121.3799
"1512",1996-07-01,"USGS 8.1","EMP USGS 8.1",NA,8.35611734974415,NA,3.02699908215601,NA,3.34244693989766,38.0316,122.1403
"1513",1996-08-01,"C9L","EMP C9",29.1961022127334,NA,4.46595374487342,NA,4.87574906952648,NA,37.8271,-121.5522
"1514",1996-08-01,"D16L","EMP D16",2.98885181081768,NA,0.36498506342075,NA,0.40050614264957,NA,38.093,-121.6697
"1515",1996-08-01,"D24L","EMP D24",23.3498408290509,NA,2.50395707789773,NA,3.12887867109282,NA,38.1547,-121.6814
"1516",1996-08-01,"D28AL","EMP D28A",60.1998318246553,NA,7.78774691076447,NA,10.0533719147174,NA,37.9701,-121.5741
"1517",1996-08-01,"D4L","EMP D4",21.1248279518814,1.48009360920863,2.21362639382748,0.10167789414838,2.8307269455521,0.1036,38.0581,-121.8193
"1518",1996-08-01,"D41C","EMP D41",NA,31.0322562804275,NA,9.73326809158158,NA,12.412902512171,38.016,-122.3647
"1519",1996-08-01,"D41AC","EMP D41A",NA,11.3112981932545,NA,3.83976300186737,NA,4.5245192773018,38.0847,-122.3906
"1520",1996-08-01,"D7C","EMP D7",NA,2.13954771200362,NA,0.813174554982594,NA,0.573398786816969,38.1171,-122.0395
"1521",1996-08-01,"P8R","EMP P8",7.22759073636337,NA,1.25556543818815,NA,1.35155946769995,NA,37.9778,-121.3799
"1522",1996-08-01,"USGS 8.1","EMP USGS 8.1",NA,20.4920617673222,NA,7.06423936712349,NA,8.19682470692888,38.0316,122.1403
"1523",1996-09-01,"C9L","EMP C9",60.7417459779423,NA,5.56881091055488,NA,6.49936681963983,NA,37.8271,-121.5522
"1524",1996-09-01,"D16L","EMP D16",4.78661219754877,NA,0.429881518797551,NA,0.459514770964682,NA,38.093,-121.6697
"1525",1996-09-01,"D24L","EMP D24",46.5486334525,NA,3.77937016520118,NA,4.46866881144001,NA,38.1547,-121.6814
"1526",1996-09-01,"D28AL","EMP D28A",41.2664896430491,NA,3.52736355367458,NA,4.41551439180625,NA,37.9701,-121.5741
"1527",1996-09-01,"D4L","EMP D4",14.785621612399,1.74100622869424,1.1547792396483,0,1.4194196747903,0,38.0581,-121.8193
"1528",1996-09-01,"D41C","EMP D41",NA,26.3772828636862,NA,8.67308974421107,NA,10.5509131454745,38.016,-122.3647
"1529",1996-09-01,"D41AC","EMP D41A",NA,9.29878532548827,NA,3.23967974407203,NA,3.71951413019531,38.0847,-122.3906
"1530",1996-09-01,"D7C","EMP D7",NA,3.43169993773622,NA,1.27602719572419,NA,0.919695583313307,38.1171,-122.0395
"1531",1996-09-01,"P8R","EMP P8",1.71629426313123,NA,0.191112054973466,NA,0.205955311575747,NA,37.9778,-121.3799
"1532",1996-09-01,"USGS 8.1","EMP USGS 8.1",NA,4.97760935257008,NA,1.84527540510503,NA,1.99104374102803,38.0316,122.1403
"1533",1996-10-01,"C9L","EMP C9",32.2808907344012,NA,2.43300722293099,NA,2.7761566031585,NA,37.8271,-121.5522
"1534",1996-10-01,"D16L","EMP D16",9.5327066619374,NA,0.638871787595696,NA,0.73401841296918,NA,38.093,-121.6697
"1535",1996-10-01,"D24L","EMP D24",27.2885974550535,NA,1.8660831504977,NA,2.10122200403912,NA,38.1547,-121.6814
"1536",1996-10-01,"D28AL","EMP D28A",39.5757376521062,NA,2.74337219708286,NA,3.40351343808113,NA,37.9701,-121.5741
"1537",1996-10-01,"D4L","EMP D4",2.07830367466198,0.22376391553448,0.139397877528648,0.141803524319824,0.160029382948973,0.1448,38.0581,-121.8193
"1538",1996-10-01,"D41C","EMP D41",NA,8.95152809421627,NA,3.14897406279364,NA,3.58061123768651,38.016,-122.3647
"1539",1996-10-01,"D41AC","EMP D41A",NA,4.19274717999823,NA,1.52865381924833,NA,1.67709887199929,38.0847,-122.3906
"1540",1996-10-01,"D7C","EMP D7",NA,1.64868123444431,NA,0.62991186452492,NA,0.441846570831076,38.1171,-122.0395
"1541",1996-10-01,"P8R","EMP P8",0.421932340849268,NA,0.0347035150991267,NA,0.036286181313037,NA,37.9778,-121.3799
"1542",1996-10-01,"USGS 8.1","EMP USGS 8.1",NA,4.67126421060697,NA,1.72773535450881,NA,1.86850568424279,38.0316,122.1403
"1543",1996-11-01,"C9L","EMP C9",43.5133156793069,NA,1.78444866875767,NA,2.13215246828604,NA,37.8271,-121.5522
"1544",1996-11-01,"D16L","EMP D16",18.5398113479009,NA,0.723358601721923,NA,0.908450756047146,NA,38.093,-121.6697
"1545",1996-11-01,"D24L","EMP D24",24.8470727936215,NA,0.888478422555418,NA,1.09327120291935,NA,38.1547,-121.6814
"1546",1996-11-01,"D28AL","EMP D28A",8.30435283783085,NA,0.369802797092013,NA,0.406913289053712,NA,37.9701,-121.5741
"1547",1996-11-01,"D4L","EMP D4",8.25702028916664,1.34901425943582,0.352894646513095,0,0.404593994169165,0,38.0581,-121.8193
"1548",1996-11-01,"D41C","EMP D41",NA,13.8784780839673,NA,4.50779426731638,NA,5.55139123358692,38.016,-122.3647
"1549",1996-11-01,"D41AC","EMP D41A",NA,1.68046786708058,NA,0.632873229493533,NA,0.67218714683223,38.0847,-122.3906
"1550",1996-11-01,"D7C","EMP D7",NA,1.52785950854543,NA,0.828143081842007,NA,0.60280615827572,38.1171,-122.0395
"1551",1996-11-01,"P8R","EMP P8",5.50273884990441,NA,0.255752624077168,NA,0.269634203645316,NA,37.9778,-121.3799
"1552",1996-11-01,"USGS 8.1","EMP USGS 8.1",NA,40.7387078203473,NA,13.0237142418513,NA,16.2954831281389,38.0316,122.1403
"1553",1996-12-01,"C9L","EMP C9",33.4017094851269,NA,1.13993518445868,NA,1.30266666991995,NA,37.8271,-121.5522
"1554",1996-12-01,"D16L","EMP D16",26.4614274730449,NA,0.726636540180812,NA,1.03199567144875,NA,38.093,-121.6697
"1555",1996-12-01,"D24L","EMP D24",42.4522683091284,NA,1.45389600485934,NA,1.86789980560165,NA,38.1547,-121.6814
"1556",1996-12-01,"D28AL","EMP D28A",3.56814035705961,NA,0.132151551547114,NA,0.139157473925325,NA,37.9701,-121.5741
"1557",1996-12-01,"D4L","EMP D4",NA,0.839052746920098,NA,0,NA,0,38.0581,-121.8193
"1558",1996-12-01,"D41C","EMP D41",NA,21.7717008285855,NA,7.02581837151041,NA,8.70868033143418,38.016,-122.3647
"1559",1996-12-01,"D41AC","EMP D41A",NA,1.2833000205472,NA,0.477745878358915,NA,0.513320008218881,38.0847,-122.3906
"1560",1996-12-01,"D7C","EMP D7",NA,2.64124605281308,NA,0.659116643563371,NA,0.477801410953886,38.1171,-122.0395
"1561",1996-12-01,"P8R","EMP P8",6.916598384928,NA,0.256000639809061,NA,0.269747337012192,NA,37.9778,-121.3799
"1562",1996-12-01,"USGS 8.1","EMP USGS 8.1",NA,15.5027307283542,NA,5.4290524326603,NA,6.20109229134167,38.0316,122.1403
"1563",1997-01-01,"C9L","EMP C9",NA,NA,NA,NA,NA,NA,37.8271,-121.5522
"1564",1997-01-01,"D16L","EMP D16",46.3650464934881,NA,1.44109491144612,NA,1.80823681324604,NA,38.093,-121.6697
"1565",1997-01-01,"D24L","EMP D24",50.9955592805496,NA,1.29083261207856,NA,1.78484457481923,NA,38.1547,-121.6814
"1566",1997-01-01,"D28AL","EMP D28A",3.2243744445933,NA,0.1298424571589,NA,0.141872475562105,NA,37.9701,-121.5741
"1567",1997-01-01,"D4L","EMP D4",8.44485248257577,1.34351016485515,0.213466537791148,0.095717378915881,0.261790426959849,0.09774,38.0581,-121.8193
"1568",1997-01-01,"D7C","EMP D7",NA,0.27316604980746,NA,0.0689985215376887,NA,0.0494157384101695,38.1171,-122.0395
"1569",1997-01-01,"P8R","EMP P8",1.00218643814602,NA,0.0365748599982714,NA,0.0390852710876948,NA,37.9778,-121.3799
"1570",1997-01-01,"USGS 8.1","EMP USGS 8.1",NA,2.67159799423327,NA,0.68557882885408,NA,0.721331458442983,38.0316,122.1403
"1571",1997-02-01,"C9L","EMP C9",7.37435879553249,NA,0.277257633753228,NA,0.287599993025767,NA,37.8271,-121.5522
"1572",1997-02-01,"D16L","EMP D16",11.1535741204682,NA,0.311313034414649,NA,0.390375094216387,NA,38.093,-121.6697
"1573",1997-02-01,"D24L","EMP D24",19.9779130594668,NA,0.502493197158109,NA,0.61931530484347,NA,38.1547,-121.6814
"1574",1997-02-01,"D28AL","EMP D28A",5.91462399533469,NA,0.191909811510237,NA,0.230670335818053,NA,37.9701,-121.5741
"1575",1997-02-01,"D4L","EMP D4",11.6245480011583,1.34351016485515,0.368649442660069,0,0.453357372045175,0,38.0581,-121.8193
"1576",1997-02-01,"D41C","EMP D41",NA,1.60232645759251,NA,0.600182166220547,NA,0.640930583037003,38.016,-122.3647
"1577",1997-02-01,"D41AC","EMP D41A",NA,0.338589252673707,NA,0.129800403987153,NA,0.135435701069483,38.0847,-122.3906
"1578",1997-02-01,"D7C","EMP D7",NA,0.504808938352444,NA,0.188294945600765,NA,0.135288795478455,38.1171,-122.0395
"1579",1997-02-01,"P8R","EMP P8",0.195733511131574,NA,0.00716010788852674,NA,0.00763360693413137,NA,37.9778,-121.3799
"1580",1997-02-01,"USGS 8.1","EMP USGS 8.1",NA,0.914356988272408,NA,0.353961016877006,NA,0.365742795308963,38.0316,122.1403
"1581",1997-03-01,"C9L","EMP C9",25.8080700631766,NA,1.28838371151109,NA,1.41944385347472,NA,37.8271,-121.5522
"1582",1997-03-01,"D16L","EMP D16",170.357972983259,NA,4.00439285986224,NA,7.4957508112634,NA,38.093,-121.6697
"1583",1997-03-01,"D24L","EMP D24",30.6782353001892,NA,1.40046640415228,NA,1.68730294151041,NA,38.1547,-121.6814
"1584",1997-03-01,"D28AL","EMP D28A",7.31446938195372,NA,0.35590610180131,NA,0.402295816007454,NA,37.9701,-121.5741
"1585",1997-03-01,"D4L","EMP D4",11.1363273301603,0,0.544780240826459,0,0.612498003158817,0,38.0581,-121.8193
"1586",1997-03-01,"D41C","EMP D41",NA,1.2796912167277,NA,0.485904037186118,NA,0.51187648669108,38.016,-122.3647
"1587",1997-03-01,"D41AC","EMP D41A",NA,0.21047807983704,NA,0.0802456290050225,NA,0.0841912319348159,38.0847,-122.3906
"1588",1997-03-01,"D7C","EMP D7",NA,0.371110631508898,NA,0.139826287031744,NA,0.0994576492443846,38.1171,-122.0395
"1589",1997-03-01,"P8R","EMP P8",26.1605372884566,NA,1.33796654742893,NA,1.43882955086511,NA,37.9778,-121.3799
"1590",1997-03-01,"USGS 8.1","EMP USGS 8.1",NA,NA,NA,NA,NA,NA,38.0316,122.1403
"1591",1997-04-01,"C9L","EMP C9",33.7039751369665,NA,2.14856339982439,NA,2.32557428445069,NA,37.8271,-121.5522
"1592",1997-04-01,"D16L","EMP D16",0.746646996499647,NA,0.0359355973967583,NA,0.0410655848074806,NA,38.093,-121.6697
"1593",1997-04-01,"D24L","EMP D24",0.0848491810600719,NA,0.00631365086820195,NA,0.00653338694162554,NA,38.1547,-121.6814
"1594",1997-04-01,"D28AL","EMP D28A",7.5305962939509,NA,0.457232091519775,NA,0.519611144282612,NA,37.9701,-121.5741
"1595",1997-04-01,"D4L","EMP D4",25.1336251525613,0.854225527220316,1.60575104844974,0.375470293465911,1.93528913674722,0.388,38.0581,-121.8193
"1596",1997-04-01,"D41C","EMP D41",NA,0.670015570000315,NA,0.257000107890654,NA,0.268006228000126,38.016,-122.3647
"1597",1997-04-01,"D41AC","EMP D41A",NA,1.70453396978202,NA,0.615774386625972,NA,0.68181358791281,38.0847,-122.3906
"1598",1997-04-01,"D7C","EMP D7",NA,0.335678486400991,NA,0.12806857928907,NA,0.0899618343554656,38.1171,-122.0395
"1599",1997-04-01,"P8R","EMP P8",1.01443534103575,NA,0.0756346592371599,NA,0.0781115212597526,NA,37.9778,-121.3799
"1600",1997-04-01,"USGS 8.1","EMP USGS 8.1",NA,3.65086322595459,NA,1.39881582900913,NA,1.46034529038184,38.0316,122.1403
"1601",1997-05-01,"C9L","EMP C9",27.5429067481313,NA,3.2989279878118,NA,3.69074950424959,NA,37.8271,-121.5522
"1602",1997-05-01,"D16L","EMP D16",28.6134704860139,NA,2.35322866662464,NA,2.4607584617972,NA,38.093,-121.6697
"1603",1997-05-01,"D24L","EMP D24",39.5839954509058,NA,3.30204874151839,NA,3.80006356328696,NA,38.1547,-121.6814
"1604",1997-05-01,"D28AL","EMP D28A",0.0058193278003344,NA,0.000773545516705821,NA,0.00077978992524481,NA,37.9701,-121.5741
"1605",1997-05-01,"D4L","EMP D4",29.9588445221156,0.403405684140838,2.85472307094013,0,3.59506134265388,0,38.0581,-121.8193
"1606",1997-05-01,"D41C","EMP D41",NA,0.665128302766052,NA,0.251873485395986,NA,0.266051321106421,38.016,-122.3647
"1607",1997-05-01,"D41AC","EMP D41A",NA,1.68055540789187,NA,0.597408064329206,NA,0.672222163156747,38.0847,-122.3906
"1608",1997-05-01,"D7C","EMP D7",NA,0.886579023874338,NA,0.326256116377571,NA,0.237603178398323,38.1171,-122.0395
"1609",1997-05-01,"P8R","EMP P8",5.30930125492813,NA,0.547047305847336,NA,0.56809523427731,NA,37.9778,-121.3799
"1610",1997-05-01,"USGS 8.1","EMP USGS 8.1",NA,23.7322511973461,NA,8.43153680801209,NA,9.49290047893846,38.0316,122.1403
"1611",1997-06-01,"C9L","EMP C9",45.3636886146998,NA,5.48554939107753,NA,6.07873427436978,NA,37.8271,-121.5522
"1612",1997-06-01,"D16L","EMP D16",47.0991969381857,NA,3.73536350829385,NA,5.03961407238587,NA,38.093,-121.6697
"1613",1997-06-01,"D24L","EMP D24",22.8412141152836,NA,2.19357377587479,NA,2.44400991033535,NA,38.1547,-121.6814
"1614",1997-06-01,"D28AL","EMP D28A",26.5799568573015,NA,2.846936474643,NA,3.5617142188784,NA,37.9701,-121.5741
"1615",1997-06-01,"D4L","EMP D4",29.8929687694927,0,2.90467887021424,0,3.58715625233913,0,38.0581,-121.8193
"1616",1997-06-01,"D41C","EMP D41",NA,10.8400278707023,NA,3.660426241433,NA,4.33601114828093,38.016,-122.3647
"1617",1997-06-01,"D41AC","EMP D41A",NA,7.599813783051,NA,2.67163392662254,NA,3.0399255132204,38.0847,-122.3906
"1618",1997-06-01,"D7C","EMP D7",NA,2.77389232685353,NA,0.996778505528366,NA,0.743403143596747,38.1171,-122.0395
"1619",1997-06-01,"P8R","EMP P8",9.81611075166049,NA,1.39175686826823,NA,1.46260050199741,NA,37.9778,-121.3799
"1620",1997-06-01,"USGS 8.1","EMP USGS 8.1",NA,4.16590010709044,NA,1.55143166866095,NA,1.66636004283617,38.0316,122.1403
"1621",1997-07-01,"C9L","EMP C9",18.3897972564015,NA,0,NA,0,NA,37.8271,-121.5522
"1622",1997-07-01,"D16L","EMP D16",66.7230875451142,NA,7.8684504821142,NA,11.1427556200341,NA,38.093,-121.6697
"1623",1997-07-01,"D24L","EMP D24",12.1789878101496,NA,1.33762308132308,NA,1.46147853721795,NA,38.1547,-121.6814
"1624",1997-07-01,"D28AL","EMP D28A",0.778470493500062,NA,0,NA,0,NA,37.9701,-121.5741
"1625",1997-07-01,"D4L","EMP D4",51.8617192489467,0.570336300002684,4.65745011407625,0,6.2234063098736,0,38.0581,-121.8193
"1626",1997-07-01,"D41C","EMP D41",NA,5.62019788930687,NA,2.00287280238995,NA,2.24807915572275,38.016,-122.3647
"1627",1997-07-01,"D41AC","EMP D41A",NA,6.9047235567248,NA,2.39722617694834,NA,2.76188942268992,38.0847,-122.3906
"1628",1997-07-01,"D7C","EMP D7",NA,3.13273924670852,NA,1.14280960791159,NA,0.839574118117885,38.1171,-122.0395
"1629",1997-07-01,"P8R","EMP P8",9.48682719800837,NA,1.47196667024829,NA,1.5843001420674,NA,37.9778,-121.3799
"1630",1997-07-01,"USGS 8.1","EMP USGS 8.1",NA,13.7092175705416,NA,4.89364638108533,NA,5.48368702821662,38.0316,122.1403
"1631",1997-08-01,"C9L","EMP C9",0.868919846034963,NA,0.137472105021081,NA,0.145109614287839,NA,37.8271,-121.5522
"1632",1997-08-01,"D16L","EMP D16",8.86986987705349,NA,1.30975812752126,NA,1.48126826946793,NA,38.093,-121.6697
"1633",1997-08-01,"D24L","EMP D24",34.169399768017,NA,3.58358122142131,NA,4.10032797216205,NA,38.1547,-121.6814
"1634",1997-08-01,"D28AL","EMP D28A",47.9388195251744,NA,6.34125757591694,NA,8.00578286070413,NA,37.9701,-121.5741
"1635",1997-08-01,"D4L","EMP D4",22.9184171256679,0.847958021438808,2.22518984126564,0.2173944697627,2.75021005508015,0.2228,38.0581,-121.8193
"1636",1997-08-01,"D41C","EMP D41",NA,32.9099179202909,NA,9.32267187036917,NA,13.1639671681164,38.016,-122.3647
"1637",1997-08-01,"D41AC","EMP D41A",NA,14.5603554657729,NA,4.81092019587683,NA,5.82414218630915,38.0847,-122.3906
"1638",1997-08-01,"D7C","EMP D7",NA,4.71774563337236,NA,1.69411904265891,NA,1.26435582974379,38.1171,-122.0395
"1639",1997-08-01,"P8R","EMP P8",110.604129272719,NA,16.5435327405708,NA,20.6829721739985,NA,37.9778,-121.3799
"1640",1997-08-01,"USGS 8.1","EMP USGS 8.1",NA,17.9534566363566,NA,6.34461989614768,NA,7.18138265454266,38.0316,122.1403
"1641",1997-09-01,"C9L","EMP C9",78.2012903122258,NA,9.37530329051816,NA,11.6519922565216,NA,37.8271,-121.5522
"1642",1997-09-01,"D16L","EMP D16",16.944671473052,NA,1.73962026343923,NA,2.03336057676623,NA,38.093,-121.6697
"1643",1997-09-01,"D24L","EMP D24",29.9584023557099,NA,3.24262557815164,NA,3.59500828268518,NA,38.1547,-121.6814
"1644",1997-09-01,"D28AL","EMP D28A",35.5531313123008,NA,4.52373000961425,NA,5.29741656553282,NA,37.9701,-121.5741
"1645",1997-09-01,"D4L","EMP D4",20.8990585853472,1.30590729616692,2.22720686630491,0,2.80047385043652,0,38.0581,-121.8193
"1646",1997-09-01,"D41C","EMP D41",NA,12.3859566127327,NA,4.29600771145614,NA,4.95438264509308,38.016,-122.3647
"1647",1997-09-01,"D41AC","EMP D41A",NA,9.94899500654203,NA,3.44031050897117,NA,3.97959800261681,38.0847,-122.3906
"1648",1997-09-01,"D7C","EMP D7",NA,6.06033097919184,NA,2.16283295835049,NA,1.62416870242341,38.1171,-122.0395
"1649",1997-09-01,"P8R","EMP P8",4.24319833848414,NA,0.676046557425556,NA,0.708614122526852,NA,37.9778,-121.3799
"1650",1997-09-01,"USGS 8.1","EMP USGS 8.1",NA,19.3735427748079,NA,6.79943111465451,NA,7.74941710992316,38.0316,122.1403
"1651",1997-10-01,"C9L","EMP C9",84.250223475229,NA,5.40753178557453,NA,6.48726720759263,NA,37.8271,-121.5522
"1652",1997-10-01,"D16L","EMP D16",8.04044039928129,NA,0.561382601519376,NA,0.691477874338191,NA,38.093,-121.6697
"1653",1997-10-01,"D24L","EMP D24",2.57584211954521,NA,0.205922776184279,NA,0.221522422280888,NA,38.1547,-121.6814
"1654",1997-10-01,"D28AL","EMP D28A",51.9033825401091,NA,3.10302105577509,NA,3.9965604555884,NA,37.9701,-121.5741
"1655",1997-10-01,"D4L","EMP D4",10.1154783544359,0.0787257460887864,0.68056890913494,0.280396064762822,0.86993113848149,0.288,38.0581,-121.8193
"1656",1997-10-01,"D41C","EMP D41",NA,17.1010000978867,NA,5.8118695188401,NA,6.84040003915466,38.016,-122.3647
"1657",1997-10-01,"D41AC","EMP D41A",NA,2.35086441859376,NA,0.861958344034594,NA,0.940345767437504,38.0847,-122.3906
"1658",1997-10-01,"D7C","EMP D7",NA,9.8,NA,3.34223005766435,NA,2.62771650481449,38.1171,-122.0395
"1659",1997-10-01,"P8R","EMP P8",2.98368953988131,NA,0.272013585236627,NA,0.286434195828606,NA,37.9778,-121.3799
"1660",1997-10-01,"USGS 8.1","EMP USGS 8.1",NA,4.46459475041564,NA,1.6698748033999,NA,1.78583790016625,38.0316,122.1403
"1661",1997-11-01,"C9L","EMP C9",5.43722671934246,NA,0.354814793851395,NA,0.375168643634629,NA,37.8271,-121.5522
"1662",1997-11-01,"D16L","EMP D16",26.4532177903071,NA,1.58677776282875,NA,1.82527202753119,NA,38.093,-121.6697
"1663",1997-11-01,"D24L","EMP D24",21.5576900580831,NA,1.18171137193845,NA,1.31501909354307,NA,38.1547,-121.6814
"1664",1997-11-01,"D28AL","EMP D28A",7.74429714754626,NA,0.488936986235518,NA,0.534356503180692,NA,37.9701,-121.5741
"1665",1997-11-01,"D4L","EMP D4",16.2324507159876,0.0474435804779136,0.919260351856382,0,1.12003909940314,0,38.0581,-121.8193
"1666",1997-11-01,"D41C","EMP D41",NA,1.37070403348809,NA,0.527641861011311,NA,0.548281613395237,38.016,-122.3647
"1667",1997-11-01,"D41AC","EMP D41A",NA,2.09075836488027,NA,0.786000787663905,NA,0.83630334595211,38.0847,-122.3906
"1668",1997-11-01,"D7C","EMP D7",NA,7.14837196585432,NA,1.72079123103096,NA,1.29314048862305,38.1171,-122.0395
"1669",1997-11-01,"P8R","EMP P8",0.0208693233107716,NA,0.00139385886504564,NA,0.00143998330844324,NA,37.9778,-121.3799
"1670",1997-11-01,"USGS 8.1","EMP USGS 8.1",NA,6.30606734173972,NA,2.33899024106202,NA,2.52242693669589,38.0316,122.1403
"1671",1997-12-01,"C9L","EMP C9",5.33235765923051,NA,0.177800100880904,NA,0.186632518073068,NA,37.8271,-121.5522
"1672",1997-12-01,"D16L","EMP D16",23.8240306226401,NA,0.790250606859717,NA,0.929137194282965,NA,38.093,-121.6697
"1673",1997-12-01,"D24L","EMP D24",25.7525838737662,NA,1.02525175691058,NA,1.15886627431948,NA,38.1547,-121.6814
"1674",1997-12-01,"D28AL","EMP D28A",3.04591751700089,NA,0.10238156631421,NA,0.106607113095031,NA,37.9701,-121.5741
"1675",1997-12-01,"D4L","EMP D4",8.78144602437135,0,0.271359749334865,0,0.307350610852997,0,38.0581,-121.8193
"1676",1997-12-01,"D41C","EMP D41",NA,0.449664333721467,NA,0.175690935510859,NA,0.179865733488587,38.016,-122.3647
"1677",1997-12-01,"D41AC","EMP D41A",NA,1.16674419829373,NA,0.439373200157943,NA,0.466697679317494,38.0847,-122.3906
"1678",1997-12-01,"D7C","EMP D7",NA,9.72705932468214,NA,3.32216258784845,NA,2.607104,38.1171,-122.0395
"1679",1997-12-01,"P8R","EMP P8",3.70912698293911,NA,0.139613794861609,NA,0.144655952334625,NA,37.9778,-121.3799
"1680",1997-12-01,"USGS 8.1","EMP USGS 8.1",NA,23.8375598914151,NA,8.17264393101626,NA,9.53502395656603,38.0316,122.1403
"1681",1998-01-01,"C9L","EMP C9",0.573619670774247,NA,0.0172993196526472,NA,0.0177822097940017,NA,37.8271,-121.5522
"1682",1998-01-01,"D16L","EMP D16",5.25422365737059,NA,0.134749533536698,NA,0.162880933378488,NA,38.093,-121.6697
"1683",1998-01-01,"D24L","EMP D24",43.495778221043,NA,1.14810308003713,NA,1.34836912485233,NA,38.1547,-121.6814
"1684",1998-01-01,"D28AL","EMP D28A",35.0450846096187,NA,0.905578495474764,NA,1.08639762289818,NA,37.9701,-121.5741
"1685",1998-01-01,"D4L","EMP D4",0.0400004113938273,0.0261604064415605,0.00121379945845247,0.00511786172439112,0.00124001275320865,0.0052,38.0581,-121.8193
"1686",1998-01-01,"D41C","EMP D41",NA,0,NA,0,NA,0,38.016,-122.3647
"1687",1998-01-01,"D41AC","EMP D41A",NA,0.206844125082584,NA,0.0801105296484872,NA,0.0827376500330336,38.0847,-122.3906
"1688",1998-01-01,"D7C","EMP D7",NA,1.67201898471108,NA,0.420331417752427,NA,0.302468234334235,38.1171,-122.0395
"1689",1998-01-01,"P8R","EMP P8",6.81037189797611,NA,0.20315345998706,NA,0.211121528837259,NA,37.9778,-121.3799
"1690",1998-01-01,"USGS 8.1","EMP USGS 8.1",NA,8.97859464713053,NA,2.16989836581934,NA,2.42422055472524,38.0316,122.1403
"1691",1998-02-01,"C9L","EMP C9",NA,NA,NA,NA,NA,NA,37.8271,-121.5522
"1692",1998-02-01,"D16L","EMP D16",6.63229986744638,NA,0.208880334610561,NA,0.232130495360623,NA,38.093,-121.6697
"1693",1998-02-01,"D24L","EMP D24",12.8696798750287,NA,0.359489150978221,NA,0.398960076125889,NA,38.1547,-121.6814
"1694",1998-02-01,"D28AL","EMP D28A",16.2119550300137,NA,0.509258065059259,NA,0.567418426050479,NA,37.9701,-121.5741
"1695",1998-02-01,"D4L","EMP D4",5.07038802996905,0.456463933038715,0.150533519169987,0.00292734910407272,0.177463581048917,0.00297,38.0581,-121.8193
"1696",1998-02-01,"D41C","EMP D41",NA,0,NA,0,NA,0,38.016,-122.3647
"1697",1998-02-01,"D41AC","EMP D41A",NA,0.341229815683979,NA,0.132079882235791,NA,0.136491926273592,38.0847,-122.3906
"1698",1998-02-01,"D7C","EMP D7",NA,0.516030802333767,NA,0.194599524864982,NA,0.13829625502545,38.1171,-122.0395
"1699",1998-02-01,"P8R","EMP P8",2.40322083490319,NA,0.0806982600297552,NA,0.0841127292216115,NA,37.9778,-121.3799
"1700",1998-02-01,"USGS 8.1","EMP USGS 8.1",NA,0.540048757585111,NA,0.142340826779572,NA,0.14581316454798,38.0316,122.1403
"1701",1998-03-01,"C9L","EMP C9",32.3486734852514,NA,1.28260706040084,NA,1.42334163335106,NA,37.8271,-121.5522
"1702",1998-03-01,"D16L","EMP D16",88.134270078685,NA,2.67515538074806,NA,3.43723653306871,NA,38.093,-121.6697
"1703",1998-03-01,"D24L","EMP D24",57.9735246470359,NA,2.17205656200228,NA,2.84070270770476,NA,38.1547,-121.6814
"1704",1998-03-01,"D28AL","EMP D28A",18.188302420844,NA,0.712364030890518,NA,0.800285306517136,NA,37.9701,-121.5741
"1705",1998-03-01,"D4L","EMP D4",22.7168080213823,0.222217811507487,0.758092333404048,0.196116844420604,0.88595551283391,0.20428,38.0581,-121.8193
"1706",1998-03-01,"D41C","EMP D41",NA,0,NA,0,NA,0,38.016,-122.3647
"1707",1998-03-01,"D41AC","EMP D41A",NA,0.324268016257895,NA,0.12492998461146,NA,0.129707206503158,38.0847,-122.3906
"1708",1998-03-01,"D7C","EMP D7",NA,0.269388749496953,NA,0.102504146318477,NA,0.0721961848651834,38.1171,-122.0395
"1709",1998-03-01,"P8R","EMP P8",0.344217964742863,NA,0.000994221684848966,NA,0.00103265389422859,NA,37.9778,-121.3799
"1710",1998-03-01,"USGS 8.1","EMP USGS 8.1",NA,0.190789623697907,NA,0.0751753593870306,NA,0.076315849479163,38.0316,122.1403
"1711",1998-04-01,"C9L","EMP C9",122.599720148898,NA,7.08216337638435,NA,8.45938069027395,NA,37.8271,-121.5522
"1712",1998-04-01,"D16L","EMP D16",NA,NA,NA,NA,NA,NA,38.093,-121.6697
"1713",1998-04-01,"D24L","EMP D24",50.4483142427632,NA,1.54973568507185,NA,1.96748425546776,NA,38.1547,-121.6814
"1714",1998-04-01,"D28AL","EMP D28A",1.26177560495045,NA,0.0834104646808786,NA,0.0870625167415807,NA,37.9701,-121.5741
"1715",1998-04-01,"D4L","EMP D4",54.9903272559677,2.57736501732464,2.89936180170683,0.0802566900635935,3.79433258066177,0.084,38.0581,-121.8193
"1716",1998-04-01,"D41C","EMP D41",NA,0.0841379719529775,NA,0.032777216691702,NA,0.033655188781191,38.016,-122.3647
"1717",1998-04-01,"D41AC","EMP D41A",NA,0.1400291580826,NA,0.0541716804368495,NA,0.0560116632330402,38.0847,-122.3906
"1718",1998-04-01,"D7C","EMP D7",NA,0.270819905839191,NA,0.103330766310119,NA,0.0725797347649032,38.1171,-122.0395
"1719",1998-04-01,"P8R","EMP P8",0.0802851349701424,NA,0.00540551236732688,NA,0.00553967431293983,NA,37.9778,-121.3799
"1720",1998-04-01,"USGS 8.1","EMP USGS 8.1",NA,NA,NA,NA,NA,NA,38.0316,122.1403
"1721",1998-05-01,"C9L","EMP C9",72.9849472207015,NA,3.66465965717716,NA,4.45208178046279,NA,37.8271,-121.5522
"1722",1998-05-01,"D16L","EMP D16",20.557039151466,NA,1.1442864610535,NA,1.41843570145115,NA,38.093,-121.6697
"1723",1998-05-01,"D24L","EMP D24",56.7500341029878,NA,2.67833138736377,NA,3.12125187566433,NA,38.1547,-121.6814
"1724",1998-05-01,"D28AL","EMP D28A",4.73752686240263,NA,0.267840108648774,NA,0.288989138606561,NA,37.9701,-121.5741
"1725",1998-05-01,"D4L","EMP D4",1.5149054428355,0.00230020866623272,0.0891697381088421,0.159735973613208,0.0924092320129657,0.168,38.0581,-121.8193
"1726",1998-05-01,"D41C","EMP D41",NA,6.91123175350399,NA,2.35590217647964,NA,2.76449270140159,38.016,-122.3647
"1727",1998-05-01,"D41AC","EMP D41A",NA,0.990293995984285,NA,0.373197513948154,NA,0.396117598393714,38.0847,-122.3906
"1728",1998-05-01,"D7C","EMP D7",NA,0.278375931260322,NA,0.106096142024679,NA,0.0746047495777662,38.1171,-122.0395
"1729",1998-05-01,"P8R","EMP P8",3.32391743562621,NA,0.217439004397902,NA,0.229350303058209,NA,37.9778,-121.3799
"1730",1998-05-01,"USGS 8.1","EMP USGS 8.1",NA,0.572696709175806,NA,0.223327321260146,NA,0.229078683670322,38.0316,122.1403
"1731",1998-06-01,"C9L","EMP C9",15.6099559442051,NA,1.69466520380555,NA,1.87319471330461,NA,37.8271,-121.5522
"1732",1998-06-01,"D16L","EMP D16",71.7056560791041,NA,4.32887740902922,NA,6.88374298359399,NA,38.093,-121.6697
"1733",1998-06-01,"D24L","EMP D24",47.1144760268888,NA,2.80534361967147,NA,3.25089884585533,NA,38.1547,-121.6814
"1734",1998-06-01,"D28AL","EMP D28A",90.8762817593784,NA,7.83205902227408,NA,10.9051538111254,NA,37.9701,-121.5741
"1735",1998-06-01,"D4L","EMP D4",32.5147122234339,0.255713867388455,2.30200284420481,0.0668233649714546,2.79626525121532,0.068,38.0581,-121.8193
"1736",1998-06-01,"D41C","EMP D41",NA,0.993228465534794,NA,0.373784792675223,NA,0.397291386213917,38.016,-122.3647
"1737",1998-06-01,"D41AC","EMP D41A",NA,4.78493731454105,NA,1.64791605196465,NA,1.91397492581642,38.0847,-122.3906
"1738",1998-06-01,"D7C","EMP D7",NA,0.605693192712169,NA,0.230627997057055,NA,0.162325775646861,38.1171,-122.0395
"1739",1998-06-01,"P8R","EMP P8",10.009963223348,NA,0.998234832573781,NA,1.07106606489824,NA,37.9778,-121.3799
"1740",1998-06-01,"USGS 8.1","EMP USGS 8.1",NA,0.955434475786608,NA,0.366599532340602,NA,0.382173790314643,38.0316,122.1403
"1741",1998-07-01,"C9L","EMP C9",109.730564621998,NA,15.7571763657498,NA,20.5196155843137,NA,37.8271,-121.5522
"1742",1998-07-01,"D16L","EMP D16",20.3354953664267,NA,2.3192983180712,NA,2.72495637910117,NA,38.093,-121.6697
"1743",1998-07-01,"D24L","EMP D24",3.11454948919377,NA,0.398116106497024,NA,0.417349631551965,NA,38.1547,-121.6814
"1744",1998-07-01,"D28AL","EMP D28A",39.3982999389915,NA,5.99955670732247,NA,7.36748208859141,NA,37.9701,-121.5741
"1745",1998-07-01,"D4L","EMP D4",39.6914984026466,5.48920568750285,4.80620995918123,0.069996260309122,5.91403326199435,0.072,38.0581,-121.8193
"1746",1998-07-01,"D41C","EMP D41",NA,1.81379608673858,NA,0.665821345915179,NA,0.725518434695432,38.016,-122.3647
"1747",1998-07-01,"D41AC","EMP D41A",NA,6.43433772994291,NA,2.20520933367954,NA,2.57373509197717,38.0847,-122.3906
"1748",1998-07-01,"D7C","EMP D7",NA,1.34779025483894,NA,0.505533423716093,NA,0.361207788296837,38.1171,-122.0395
"1749",1998-07-01,"P8R","EMP P8",4.85714671759182,NA,0.697774149982757,NA,0.723714860921181,NA,37.9778,-121.3799
"1750",1998-07-01,"USGS 8.1","EMP USGS 8.1",NA,0.790440632841451,NA,0.304270637829124,NA,0.316176253136581,38.0316,122.1403
"1751",1998-08-01,"C9L","EMP C9",17.0313547445085,NA,2.64487922183291,NA,2.84423624233292,NA,37.8271,-121.5522
"1752",1998-08-01,"D16L","EMP D16",18.4057946319458,NA,2.2221678426119,NA,2.46637648068074,NA,38.093,-121.6697
"1753",1998-08-01,"D24L","EMP D24",0.352799336391789,NA,0.0404432809845519,NA,0.0423359203670147,NA,38.1547,-121.6814
"1754",1998-08-01,"D28AL","EMP D28A",26.5178212345574,NA,3.81306771991141,NA,4.42847614617109,NA,37.9701,-121.5741
"1755",1998-08-01,"D4L","EMP D4",1.8309820286813,0,0.22893229008779,0.0741346936783466,0.245351591843295,0.076,38.0581,-121.8193
"1756",1998-08-01,"D41C","EMP D41",NA,35.3986941567034,NA,10.0870696053379,NA,14.1594776626814,38.016,-122.3647
"1757",1998-08-01,"D41AC","EMP D41A",NA,5.03886405863166,NA,1.82136479901809,NA,2.01554562345266,38.0847,-122.3906
"1758",1998-08-01,"D7C","EMP D7",NA,1.05017993566085,NA,0.400391792805226,NA,0.281448222757109,38.1171,-122.0395
"1759",1998-08-01,"P8R","EMP P8",3.22658135751025,NA,0.447342087219121,NA,0.480760622269028,NA,37.9778,-121.3799
"1760",1998-08-01,"USGS 8.1","EMP USGS 8.1",NA,1.94325496726837,NA,0.73514406218521,NA,0.777301986907346,38.0316,122.1403
"1761",1998-09-01,"C9L","EMP C9",81.6317409437882,NA,10.4157829346257,NA,12.1631294006244,NA,37.8271,-121.5522
"1762",1998-09-01,"D16L","EMP D16",47.9723501359029,NA,4.35777275172257,NA,5.75668201630834,NA,38.093,-121.6697
"1763",1998-09-01,"D24L","EMP D24",15.0078066561964,NA,1.65659309059258,NA,1.80093679874357,NA,38.1547,-121.6814
"1764",1998-09-01,"D28AL","EMP D28A",80.3121547107893,NA,9.56502815619564,NA,11.9665110519076,NA,37.9701,-121.5741
"1765",1998-09-01,"D4L","EMP D4",25.6253064532184,0,2.46243295236423,0,3.07503677438621,0,38.0581,-121.8193
"1766",1998-09-01,"D41C","EMP D41",NA,8.40579666245846,NA,2.89046065622863,NA,3.36231866498338,38.016,-122.3647
"1767",1998-09-01,"D41AC","EMP D41A",NA,13.0514577294619,NA,4.35118641260332,NA,5.22058309178475,38.0847,-122.3906
"1768",1998-09-01,"D7C","EMP D7",NA,1.87030021408373,NA,0.710473065402222,NA,0.501240457374439,38.1171,-122.0395
"1769",1998-09-01,"P8R","EMP P8",3.1971515142346,NA,0.361539796735159,NA,0.383658181708153,NA,37.9778,-121.3799
"1770",1998-09-01,"USGS 8.1","EMP USGS 8.1",NA,2.58551362776863,NA,0.967117815470996,NA,1.03420545110745,38.0316,122.1403
"1771",1998-10-01,"C9L","EMP C9",16.4455167900956,NA,1.19815053250441,NA,1.26630479283736,NA,37.8271,-121.5522
"1772",1998-10-01,"D16L","EMP D16",48.264045941329,NA,1.79178766770424,NA,3.3302191699517,NA,38.093,-121.6697
"1773",1998-10-01,"D24L","EMP D24",65.4902412446072,NA,1.76882163612615,NA,2.03019747858282,NA,38.1547,-121.6814
"1774",1998-10-01,"D28AL","EMP D28A",26.1832271002416,NA,1.77813986486227,NA,2.01610848671861,NA,37.9701,-121.5741
"1775",1998-10-01,"D4L","EMP D4",9.50935578152811,0.0282188966773462,0.546265165482028,0,0.656145548925439,0,38.0581,-121.8193
"1776",1998-10-01,"D41C","EMP D41",NA,9.2468232757058,NA,3.06014512415352,NA,3.69872931028232,38.016,-122.3647
"1777",1998-10-01,"D41AC","EMP D41A",NA,20.2826254485918,NA,6.44829795671052,NA,8.11305017943672,38.0847,-122.3906
"1778",1998-10-01,"D7C","EMP D7",NA,1.22071524677201,NA,0.415207361747022,NA,0.290513270963011,38.1171,-122.0395
"1779",1998-10-01,"P8R","EMP P8",3.39965469976234,NA,0.195524169152394,NA,0.207378936685503,NA,37.9778,-121.3799
"1780",1998-10-01,"USGS 8.1","EMP USGS 8.1",NA,3.31582844939225,NA,1.22806964707774,NA,1.3263313797569,38.0316,122.1403
"1781",1998-11-01,"C9L","EMP C9",16.175931581361,NA,0.646263294206168,NA,0.711740989579884,NA,37.8271,-121.5522
"1782",1998-11-01,"D16L","EMP D16",84.4038550606687,NA,2.85682309633955,NA,3.71376962266942,NA,38.093,-121.6697
"1783",1998-11-01,"D24L","EMP D24",11.9093580876106,NA,0.432720246073231,NA,0.464464965416815,NA,38.1547,-121.6814
"1784",1998-11-01,"D28AL","EMP D28A",67.0254548053111,NA,2.31233049189414,NA,2.94912001143369,NA,37.9701,-121.5741
"1785",1998-11-01,"D4L","EMP D4",19.0799106896564,0,0.803535360403364,0.0118801181381526,0.934915623793162,0.012,38.0581,-121.8193
"1786",1998-11-01,"D41C","EMP D41",NA,11.0444885712616,NA,3.71706909921005,NA,4.41779542850463,38.016,-122.3647
"1787",1998-11-01,"D41AC","EMP D41A",NA,8.72008242631022,NA,3.05141396029095,NA,3.48803297052409,38.0847,-122.3906
"1788",1998-11-01,"D7C","EMP D7",NA,0.929412615271256,NA,0.357213115524341,NA,0.249082580892697,38.1171,-122.0395
"1789",1998-11-01,"P8R","EMP P8",2.29513107450172,NA,0.0861987579322362,NA,0.0895101119055672,NA,37.9778,-121.3799
"1790",1998-11-01,"USGS 8.1","EMP USGS 8.1",NA,0.603891647405477,NA,0.233199124367411,NA,0.241556658962191,38.0316,122.1403
"1791",1998-12-01,"C9L","EMP C9",12.3945120715506,NA,0.359790135761404,NA,0.384229874218069,NA,37.8271,-121.5522
"1792",1998-12-01,"D16L","EMP D16",38.7509352206693,NA,0.944980551780349,NA,1.20127899184075,NA,38.093,-121.6697
"1793",1998-12-01,"D24L","EMP D24",27.213032674202,NA,0.713316426090433,NA,0.843604012900263,NA,38.1547,-121.6814
"1794",1998-12-01,"D28AL","EMP D28A",70.037155770818,NA,1.78485010115114,NA,2.17115182889536,NA,37.9701,-121.5741
"1795",1998-12-01,"D4L","EMP D4",22.1709054179398,0,0.559771397730662,0,0.687298067956135,0,38.0581,-121.8193
"1796",1998-12-01,"D41C","EMP D41",NA,1.57548941208772,NA,0.598627186278477,NA,0.630195764835089,38.016,-122.3647
"1797",1998-12-01,"D41AC","EMP D41A",NA,1.48049965470986,NA,0.558113063150443,NA,0.592199861883946,38.0847,-122.3906
"1798",1998-12-01,"D7C","EMP D7",NA,0.377924241935965,NA,0.0984813047922582,NA,0.068366495366216,38.1171,-122.0395
"1799",1998-12-01,"P8R","EMP P8",4.14598230462317,NA,0.122450125270629,NA,0.128525451443318,NA,37.9778,-121.3799
"1800",1998-12-01,"USGS 8.1","EMP USGS 8.1",NA,0.516417272078144,NA,0.199158093561802,NA,0.206566908831258,38.0316,122.1403
"1801",1999-01-01,"C9L","EMP C9",0.0708308347088431,NA,0.00211911251465821,NA,0.00219575587597414,NA,37.8271,-121.5522
"1802",1999-01-01,"D16L","EMP D16",98.5334376871317,NA,2.58057327182949,NA,3.05453656830108,NA,38.093,-121.6697
"1803",1999-01-01,"D24L","EMP D24",17.9320245503056,NA,0.488676843555714,NA,0.555892761059475,NA,38.1547,-121.6814
"1804",1999-01-01,"D28AL","EMP D28A",17.5867083609759,NA,0.492766095688482,NA,0.545187959190252,NA,37.9701,-121.5741
"1805",1999-01-01,"D4L","EMP D4",25.6271761905527,0,0.650732761195632,0,0.794442461907133,0,38.0581,-121.8193
"1806",1999-01-01,"D41C","EMP D41",NA,0.854042320104185,NA,0.220550074475838,NA,0.23059142642813,38.016,-122.3647
"1807",1999-01-01,"D41AC","EMP D41A",NA,1.05792613111477,NA,0.2672497540237,NA,0.285640055400988,38.0847,-122.3906
"1808",1999-01-01,"D7C","EMP D7",NA,0.214790724321555,NA,0.055018429244242,NA,0.0388556420297693,38.1171,-122.0395
"1809",1999-01-01,"P8R","EMP P8",10.2884747415255,NA,0.303761077161119,NA,0.31894271698729,NA,37.9778,-121.3799
"1810",1999-01-01,"USGS 8.1","EMP USGS 8.1",NA,0.200281506954551,NA,0.0779978728477779,NA,0.0801126027818205,38.0316,122.1403
"1811",1999-02-01,"C9L","EMP C9",26.9718938412184,NA,0.765741432184096,NA,0.836128709077771,NA,37.8271,-121.5522
"1812",1999-02-01,"D16L","EMP D16",118.622253339761,NA,2.18010839654653,NA,3.67728985353261,NA,38.093,-121.6697
"1813",1999-02-01,"D24L","EMP D24",8.71132084965866,NA,0.239553417311381,NA,0.270050946339419,NA,38.1547,-121.6814
"1814",1999-02-01,"D28AL","EMP D28A",20.917410773723,NA,0.582348963442063,NA,0.648439733985414,NA,37.9701,-121.5741
"1815",1999-02-01,"D4L","EMP D4",30.4190700731086,0,0.77127271282594,0,0.942991172266367,0,38.0581,-121.8193
"1816",1999-02-01,"D41C","EMP D41",NA,0.327454968785119,NA,0.0859523371297446,NA,0.088412841571982,38.016,-122.3647
"1817",1999-02-01,"D41AC","EMP D41A",NA,0.382181652938249,NA,0.0987931580405655,NA,0.103189046293327,38.0847,-122.3906
"1818",1999-02-01,"D7C","EMP D7",NA,0.276190310669658,NA,0.0722605611974589,NA,0.0499628272001411,38.1171,-122.0395
"1819",1999-02-01,"P8R","EMP P8",7.59253212681375,NA,0.251978392098488,NA,0.265738624438481,NA,37.9778,-121.3799
"1820",1999-02-01,"USGS 8.1","EMP USGS 8.1",NA,2.25469948841338,NA,0.56834907882218,NA,0.608768861871612,38.0316,122.1403
"1821",1999-03-01,"C9L","EMP C9",14.7176343249113,NA,0.534309468757002,NA,0.57398773867154,NA,37.8271,-121.5522
"1822",1999-03-01,"D16L","EMP D16",40.5412555444595,NA,1.03389875583165,NA,1.25677892187825,NA,38.093,-121.6697
"1823",1999-03-01,"D24L","EMP D24",5.57558830855067,NA,0.159281925863901,NA,0.172843237565071,NA,38.1547,-121.6814
"1824",1999-03-01,"D28AL","EMP D28A",24.3054487223906,NA,0.868743261850108,NA,0.947912500173234,NA,37.9701,-121.5741
"1825",1999-03-01,"D4L","EMP D4",25.7110634018786,0,0.67849890695107,0,0.797042965458235,0,38.0581,-121.8193
"1826",1999-03-01,"D41C","EMP D41",NA,0.587770023180699,NA,0.224219816459066,NA,0.23510800927228,38.016,-122.3647
"1827",1999-03-01,"D41AC","EMP D41A",NA,0.39562767887863,NA,0.152604811701174,NA,0.158251071551452,38.0847,-122.3906
"1828",1999-03-01,"D7C","EMP D7",NA,0.0477284946267537,NA,0.012570992570059,NA,0.00863408467797975,38.1171,-122.0395
"1829",1999-03-01,"P8R","EMP P8",4.82656592404413,NA,0.162801949889747,NA,0.168929807341545,NA,37.9778,-121.3799
"1830",1999-03-01,"USGS 8.1","EMP USGS 8.1",NA,0.569559694029511,NA,0.148370335091899,NA,0.153781117387968,38.0316,122.1403
"1831",1999-04-01,"C9L","EMP C9",72.5417383304844,NA,2.55087847375315,NA,2.82912779488889,NA,37.8271,-121.5522
"1832",1999-04-01,"D16L","EMP D16",87.5381992676405,NA,2.3562698428196,NA,3.41398977143798,NA,38.093,-121.6697
"1833",1999-04-01,"D24L","EMP D24",17.354221220508,NA,0.566393633052337,NA,0.676814627599813,NA,38.1547,-121.6814
"1834",1999-04-01,"D28AL","EMP D28A",39.7095043446009,NA,1.35621218054291,NA,1.54867066943944,NA,37.9701,-121.5741
"1835",1999-04-01,"D4L","EMP D4",45.0125747975707,0,1.4819836720973,0,1.75549041710526,0,38.0581,-121.8193
"1836",1999-04-01,"D41C","EMP D41",NA,0.106219932316674,NA,0.0414639599790548,NA,0.0424879729266698,38.016,-122.3647
"1837",1999-04-01,"D41AC","EMP D41A",NA,0.267650690088506,NA,0.103054018135879,NA,0.107060276035403,38.0847,-122.3906
"1838",1999-04-01,"D7C","EMP D7",NA,0.127811484253875,NA,0.0495171580994494,NA,0.0342534777800386,38.1171,-122.0395
"1839",1999-04-01,"P8R","EMP P8",15.1339643935977,NA,0.561122333113855,NA,0.59022461135031,NA,37.9778,-121.3799
"1840",1999-04-01,"USGS 8.1","EMP USGS 8.1",NA,0.844394751007921,NA,0.322056146263103,NA,0.337757900403169,38.0316,122.1403
"1841",1999-05-01,"C9L","EMP C9",0.0934274094490439,NA,0.00858614373878214,NA,0.00896903130710821,NA,37.8271,-121.5522
"1842",1999-05-01,"D16L","EMP D16",119.855481320449,NA,6.2538433325416,NA,8.27002821111098,NA,38.093,-121.6697
"1843",1999-05-01,"D24L","EMP D24",16.8512209364116,NA,0.856345458875346,NA,0.926817151502636,NA,38.1547,-121.6814
"1844",1999-05-01,"D28AL","EMP D28A",33.9081861207424,NA,2.89023056939952,NA,3.25518586759128,NA,37.9701,-121.5741
"1845",1999-05-01,"D4L","EMP D4",9.18512888898575,0,0.594129284578708,0,0.633773893340017,0,38.0581,-121.8193
"1846",1999-05-01,"D41C","EMP D41",NA,0.481152820485943,NA,0.18484542894901,NA,0.192461128194377,38.016,-122.3647
"1847",1999-05-01,"D41AC","EMP D41A",NA,0.509234499801059,NA,0.194587502344904,NA,0.203693799920424,38.0847,-122.3906
"1848",1999-05-01,"D7C","EMP D7",NA,0.525347006472421,NA,0.204403899449411,NA,0.140792997734609,38.1171,-122.0395
"1849",1999-05-01,"P8R","EMP P8",2.83387383282297,NA,0.0848412264817218,NA,0.0878500888175122,NA,37.9778,-121.3799
"1850",1999-05-01,"USGS 8.1","EMP USGS 8.1",NA,3.10291162132371,NA,1.15329304309993,NA,1.24116464852948,38.0316,122.1403
"1851",1999-06-01,"C9L","EMP C9",0.0208941212257161,NA,0.00218554305995158,NA,0.00223567097115162,NA,37.8271,-121.5522
"1852",1999-06-01,"D16L","EMP D16",46.4532275055974,NA,3.20589465723044,NA,3.99497756548137,NA,38.093,-121.6697
"1853",1999-06-01,"D24L","EMP D24",16.7784083733193,NA,1.2063749919915,NA,1.29193744474559,NA,38.1547,-121.6814
"1854",1999-06-01,"D28AL","EMP D28A",42.7737805173655,NA,3.90998433675236,NA,4.5767945153581,NA,37.9701,-121.5741
"1855",1999-06-01,"D4L","EMP D4",0.409712936216539,0,0.0302931977491111,0,0.0315478960886735,0,38.0581,-121.8193
"1856",1999-06-01,"D41C","EMP D41",NA,1.54621334561445,NA,0.574413137134693,NA,0.61848533824578,38.016,-122.3647
"1857",1999-06-01,"D41AC","EMP D41A",NA,3.3866519781029,NA,1.23382801012087,NA,1.35466079124116,38.0847,-122.3906
"1858",1999-06-01,"D7C","EMP D7",NA,0.283449573125573,NA,0.110711088673366,NA,0.0759644855976537,38.1171,-122.0395
"1859",1999-06-01,"P8R","EMP P8",4.4717953798168,NA,0.5795879664783,NA,0.599220580895451,NA,37.9778,-121.3799
"1860",1999-06-01,"USGS 8.1","EMP USGS 8.1",NA,13.9853091589603,NA,4.89893743459392,NA,5.59412366358413,38.0316,122.1403
"1861",1999-07-01,"C9L","EMP C9",0.00712521747489585,NA,0.00117450759572259,NA,0.00118991131830761,NA,37.8271,-121.5522
"1862",1999-07-01,"D16L","EMP D16",70.1962016469646,NA,7.27831511316282,NA,8.42354419763576,NA,38.093,-121.6697
"1863",1999-07-01,"D24L","EMP D24",0.581248083544202,NA,0.0506346459672827,NA,0.0534748236860666,NA,38.1547,-121.6814
"1864",1999-07-01,"D28AL","EMP D28A",6.05827331615728,NA,0.91630046207541,NA,1.01173164379827,NA,37.9701,-121.5741
"1865",1999-07-01,"D4L","EMP D4",12.9998591329549,0,1.47022562152513,0,1.55998309595458,0,38.0581,-121.8193
"1866",1999-07-01,"D41C","EMP D41",NA,0.970334893585947,NA,0.365002769143424,NA,0.388133957434379,38.016,-122.3647
"1867",1999-07-01,"D41AC","EMP D41A",NA,5.53555071611046,NA,1.8818729406638,NA,2.21422028644418,38.0847,-122.3906
"1868",1999-07-01,"D7C","EMP D7",NA,1.58019590470335,NA,0.597402655861,NA,0.423492502460499,38.1171,-122.0395
"1869",1999-07-01,"P8R","EMP P8",5.03364047002445,NA,0.790923197754037,NA,0.840617958494083,NA,37.9778,-121.3799
"1870",1999-07-01,"USGS 8.1","EMP USGS 8.1",NA,8.08532535091783,NA,2.84967511853363,NA,3.23413014036713,38.0316,122.1403
"1871",1999-08-01,"C9L","EMP C9",21.8235351312321,NA,2.42510201574541,NA,2.61882421574785,NA,37.8271,-121.5522
"1872",1999-08-01,"D16L","EMP D16",31.8253606479335,NA,2.60998514318067,NA,3.05523462220161,NA,38.093,-121.6697
"1873",1999-08-01,"D24L","EMP D24",0.463093155125894,NA,0.0471224747270216,NA,0.0495509675984707,NA,38.1547,-121.6814
"1874",1999-08-01,"D28AL","EMP D28A",5.52614508600659,NA,0.615052756999447,NA,0.663137410320791,NA,37.9701,-121.5741
"1875",1999-08-01,"D4L","EMP D4",0.840982275620116,0,0.0860347984437861,0,0.0899851034913524,0,38.0581,-121.8193
"1876",1999-08-01,"D41C","EMP D41",NA,0.00142134523003533,NA,0.000566509597817651,NA,0.000568538092014134,38.016,-122.3647
"1877",1999-08-01,"D41AC","EMP D41A",NA,4.53715095263357,NA,1.64048453832006,NA,1.81486038105343,38.0847,-122.3906
"1878",1999-08-01,"D7C","EMP D7",NA,3.31893405763644,NA,1.14302067848715,NA,0.889474327446566,38.1171,-122.0395
"1879",1999-08-01,"P8R","EMP P8",6.45894048064714,NA,0.91374313969615,NA,0.962382131616424,NA,37.9778,-121.3799
"1880",1999-08-01,"USGS 8.1","EMP USGS 8.1",NA,18.4127280090014,NA,6.14941551727011,NA,7.36509120360058,38.0316,122.1403
"1881",1999-09-01,"C9L","EMP C9",0.000927363926955971,NA,8.86194745951114e-05,NA,8.90269369877733e-05,NA,37.8271,-121.5522
"1882",1999-09-01,"D16L","EMP D16",41.4326876589904,NA,3.25684895708656,NA,3.97753801526308,NA,38.093,-121.6697
"1883",1999-09-01,"D24L","EMP D24",46.2074075290906,NA,3.74760407142771,NA,4.4359111227927,NA,38.1547,-121.6814
"1884",1999-09-01,"D28AL","EMP D28A",47.7977296734434,NA,3.59868801858782,NA,4.58858204865057,NA,37.9701,-121.5741
"1885",1999-09-01,"D4L","EMP D4",12.0192874001384,0.0288363012804706,0.843962943305999,0,0.925485129810657,0,38.0581,-121.8193
"1886",1999-09-01,"D41C","EMP D41",NA,0.271420838507603,NA,0.106373320193973,NA,0.108568335403041,38.016,-122.3647
"1887",1999-09-01,"D41AC","EMP D41A",NA,10.5770599993719,NA,3.56152887232702,NA,4.23082399974876,38.0847,-122.3906
"1888",1999-09-01,"D7C","EMP D7",NA,3.71390174116727,NA,1.29049068115078,NA,0.995325666632828,38.1171,-122.0395
"1889",1999-09-01,"P8R","EMP P8",7.50643844454716,NA,0.939627376759781,NA,1.00586275156932,NA,37.9778,-121.3799
"1890",1999-09-01,"USGS 8.1","EMP USGS 8.1",NA,23.003411602918,NA,7.5584674734672,NA,9.20136464116719,38.0316,122.1403
"1891",1999-10-01,"C9L","EMP C9",NA,NA,NA,NA,NA,NA,37.8271,-121.5522
"1892",1999-10-01,"D16L","EMP D16",64.0519262368138,NA,4.7517590977943,NA,6.14898491873412,NA,38.093,-121.6697
"1893",1999-10-01,"D24L","EMP D24",13.52503340921,NA,0.860788274537627,NA,0.933227305235491,NA,38.1547,-121.6814
"1894",1999-10-01,"D28AL","EMP D28A",38.11967966127,NA,3.14460788852859,NA,3.65948924748192,NA,37.9701,-121.5741
"1895",1999-10-01,"D4L","EMP D4",20.1868838919011,0.0787247916087029,1.38687287772931,0.00495718504934021,1.73607201470349,0.005,38.0581,-121.8193
"1896",1999-10-01,"D41C","EMP D41",NA,0.237321422278656,NA,0.093214883426538,NA,0.0949285689114624,38.016,-122.3647
"1897",1999-10-01,"D41AC","EMP D41A",NA,5.61439425325926,NA,2.00914105062004,NA,2.2457577013037,38.0847,-122.3906
"1898",1999-10-01,"D7C","EMP D7",NA,7.25,NA,2.24922667845304,NA,1.83242285646098,38.1171,-122.0395
"1899",1999-10-01,"P8R","EMP P8",1.88595478367448,NA,0.192288178523068,NA,0.201797161853169,NA,37.9778,-121.3799
"1900",1999-10-01,"USGS 8.1","EMP USGS 8.1",NA,15.9521222339546,NA,5.25065917106345,NA,6.38084889358183,38.0316,122.1403
"1901",1999-11-01,"C9L","EMP C9",0.0738338541680864,NA,0.00439675428130716,NA,0.00450386510425327,NA,37.8271,-121.5522
"1902",1999-11-01,"D16L","EMP D16",38.0637761163389,NA,1.76596345919346,NA,2.32189034309667,NA,38.093,-121.6697
"1903",1999-11-01,"D24L","EMP D24",0.4308801671343,NA,0.0225102464865164,NA,0.0236984091923865,NA,38.1547,-121.6814
"1904",1999-11-01,"D28AL","EMP D28A",36.9511989594258,NA,1.84919254913106,NA,2.25402313652497,NA,37.9701,-121.5741
"1905",1999-11-01,"D4L","EMP D4",1.53711509984292,0.0584004698986032,0.0904534871613853,0.0328653876510455,0.0937640210904178,0.034,38.0581,-121.8193
"1906",1999-11-01,"D41C","EMP D41",NA,0.252013609174829,NA,0.0988119778532913,NA,0.100805443669932,38.016,-122.3647
"1907",1999-11-01,"D41AC","EMP D41A",NA,5.33972956054636,NA,1.92736920455859,NA,2.13589182421855,38.0847,-122.3906
"1908",1999-11-01,"D7C","EMP D7",NA,5.33115771650997,NA,1.84254251504347,NA,1.42875026802467,38.1171,-122.0395
"1909",1999-11-01,"P8R","EMP P8",1.71671904983735,NA,0.114396582467376,NA,0.118453614438777,NA,37.9778,-121.3799
"1910",1999-11-01,"USGS 8.1","EMP USGS 8.1",NA,52.5036582265008,NA,14.7080658753818,NA,21.0014632906003,38.0316,122.1403
"1911",1999-12-01,"C9L","EMP C9",0.0200420707250775,NA,0.000611777246809136,NA,0.000621304192477402,NA,37.8271,-121.5522
"1912",1999-12-01,"D16L","EMP D16",41.1556350724071,NA,0.968605254833241,NA,1.27582468724462,NA,38.093,-121.6697
"1913",1999-12-01,"D24L","EMP D24",171.414410545971,NA,4.87310710487102,NA,5.31384672692511,NA,38.1547,-121.6814
"1914",1999-12-01,"D28AL","EMP D28A",62.271657580963,NA,1.46748633274148,NA,1.93042138500985,NA,37.9701,-121.5741
"1915",1999-12-01,"D4L","EMP D4",2.20941556679926,0.0521019605189147,0.0651683179388094,0.0156685821710955,0.0684918825707772,0.01604,38.0581,-121.8193
"1916",1999-12-01,"D41C","EMP D41",NA,0,NA,0,NA,0,38.016,-122.3647
"1917",1999-12-01,"D41AC","EMP D41A",NA,1.99985715908105,NA,0.749503097044187,NA,0.799942863632419,38.0847,-122.3906
"1918",1999-12-01,"D7C","EMP D7",NA,1.31332085119294,NA,0.326095816784589,NA,0.237579741980802,38.1171,-122.0395
"1919",1999-12-01,"P8R","EMP P8",2.02162765632901,NA,0.0605049164418683,NA,0.0626704573461994,NA,37.9778,-121.3799
"1920",1999-12-01,"USGS 8.1","EMP USGS 8.1",NA,7.37638964817985,NA,1.71644792089899,NA,1.99162520500856,38.0316,122.1403
"1921",2000-01-01,"C9L","EMP C9",4.68457770348321,NA,0.138385426459253,NA,0.14522190880798,NA,37.8271,-121.5522
"1922",2000-01-01,"D16L","EMP D16",37.0495435150202,NA,0.906314294689945,NA,1.14853584896563,NA,38.093,-121.6697
"1923",2000-01-01,"D24L","EMP D24",4.17087237340007,NA,0.121842264454544,NA,0.129297043575402,NA,38.1547,-121.6814
"1924",2000-01-01,"D28AL","EMP D28A",76.036102526337,NA,1.71789348900123,NA,2.35711917831645,NA,37.9701,-121.5741
"1925",2000-01-01,"D4L","EMP D4",0.00248651447018369,0.00437330789874877,7.63692010109303e-05,0.00797257713928812,7.70819485756945e-05,0.0081,38.0581,-121.8193
"1926",2000-01-01,"D41C","EMP D41",NA,0,NA,0,NA,0,38.016,-122.3647
"1927",2000-01-01,"D41AC","EMP D41A",NA,0.406053446319714,NA,0.156919637925689,NA,0.162421378527886,38.0847,-122.3906
"1928",2000-01-01,"D7C","EMP D7",NA,2.79079163412307,NA,0.680290968292123,NA,0.504854206612863,38.1171,-122.0395
"1929",2000-01-01,"P8R","EMP P8",3.21115561711453,NA,0.0965698201796168,NA,0.0995458241305503,NA,37.9778,-121.3799
"1930",2000-01-01,"USGS 8.1","EMP USGS 8.1",NA,14.8511892405287,NA,3.24447188808746,NA,4.00982109494274,38.0316,122.1403
"1931",2000-02-01,"C9L","EMP C9",6.79661678159384,NA,0.254374627988537,NA,0.26506805448216,NA,37.8271,-121.5522
"1932",2000-02-01,"D16L","EMP D16",73.0501659445792,NA,2.08261848936257,NA,2.55675580806027,NA,38.093,-121.6697
"1933",2000-02-01,"D24L","EMP D24",15.0514689439383,NA,0.417339156659609,NA,0.466595537262087,NA,38.1547,-121.6814
"1934",2000-02-01,"D28AL","EMP D28A",13.6990678748633,NA,0.468447916819738,NA,0.534263647119671,NA,37.9701,-121.5741
"1935",2000-02-01,"D4L","EMP D4",13.5861600604304,0.293836228978932,0.460006172015925,0.0034533256830739,0.529860242356785,0.00351,38.0581,-121.8193
"1936",2000-02-01,"D41C","EMP D41",NA,0,NA,0,NA,0,38.016,-122.3647
"1937",2000-02-01,"D41AC","EMP D41A",NA,0.279962699293474,NA,0.10910829831975,NA,0.11198507971739,38.0847,-122.3906
"1938",2000-02-01,"D7C","EMP D7",NA,0.438137577756396,NA,0.165828134821682,NA,0.117420870838714,38.1171,-122.0395
"1939",2000-02-01,"P8R","EMP P8",0.0835517091417052,NA,0.00356353276612291,NA,0.00367627520223503,NA,37.9778,-121.3799
"1940",2000-02-01,"USGS 8.1","EMP USGS 8.1",NA,8.19689464501766,NA,2.78653201542451,NA,3.27875785800707,38.0316,122.1403
"1941",2000-03-01,"C9L","EMP C9",0.145323624864778,NA,0.0067728803878384,NA,0.00712085761837414,NA,37.8271,-121.5522
"1942",2000-03-01,"D16L","EMP D16",18.9033714825157,NA,0.63361460537998,NA,0.737231487818112,NA,38.093,-121.6697
"1943",2000-03-01,"D24L","EMP D24",5.8350118960293,NA,0.166522116551025,NA,0.180885368776908,NA,38.1547,-121.6814
"1944",2000-03-01,"D28AL","EMP D28A",59.8692802756317,NA,2.32417024087339,NA,2.93359473350595,NA,37.9701,-121.5741
"1945",2000-03-01,"D4L","EMP D4",16.8076957171449,0.152717367207741,0.813701589471641,0,0.924423264442968,0,38.0581,-121.8193
"1946",2000-03-01,"D41C","EMP D41",NA,0,NA,0,NA,0,38.016,-122.3647
"1947",2000-03-01,"D41AC","EMP D41A",NA,0.260105119756921,NA,0.101320269749332,NA,0.104042047902768,38.0847,-122.3906
"1948",2000-03-01,"D7C","EMP D7",NA,0.661521575560987,NA,0.250835490482041,NA,0.177287782250345,38.1171,-122.0395
"1949",2000-03-01,"P8R","EMP P8",0.0681716555679234,NA,0.00289681826952056,NA,0.00299955284498863,NA,37.9778,-121.3799
"1950",2000-03-01,"USGS 8.1","EMP USGS 8.1",NA,7.23657935080179,NA,2.38133155467453,NA,2.89463174032071,38.0316,122.1403
"1951",2000-04-01,"C9L","EMP C9",23.6956076875007,NA,1.66066078565954,NA,1.82456179193755,NA,37.8271,-121.5522
"1952",2000-04-01,"D16L","EMP D16",55.5619563464963,NA,2.65941818003335,NA,3.83377498790825,NA,38.093,-121.6697
"1953",2000-04-01,"D24L","EMP D24",39.4371446754773,NA,1.92220353377238,NA,2.16904295715125,NA,38.1547,-121.6814
"1954",2000-04-01,"D28AL","EMP D28A",12.9624300237577,NA,0.8781427749088,NA,0.998107111829346,NA,37.9701,-121.5741
"1955",2000-04-01,"D4L","EMP D4",101.197009375629,1.3997597113254,5.51913663306141,0.027400590690763,6.98259364691843,0.028,38.0581,-121.8193
"1956",2000-04-01,"D41C","EMP D41",NA,0.0577502503035295,NA,0.022667576299373,NA,0.0231001001214118,38.016,-122.3647
"1957",2000-04-01,"D41AC","EMP D41A",NA,0.548982937698681,NA,0.19797776839484,NA,0.219593175079472,38.0847,-122.3906
"1958",2000-04-01,"D7C","EMP D7",NA,1.08010456782571,NA,0.411453413407781,NA,0.289468024177291,38.1171,-122.0395
"1959",2000-04-01,"P8R","EMP P8",0.0565930893839313,NA,0.00527144945225502,NA,0.00543293658085741,NA,37.9778,-121.3799
"1960",2000-04-01,"USGS 8.1","EMP USGS 8.1",NA,19.9089453592241,NA,6.53945736247041,NA,7.96357814368963,38.0316,122.1403
"1961",2000-05-01,"C9L","EMP C9",0.0704140345191701,NA,0.00588931356209435,NA,0.00605560696864863,NA,37.8271,-121.5522
"1962",2000-05-01,"D16L","EMP D16",39.1669336277563,NA,2.26185806129034,NA,2.70251842031518,NA,38.093,-121.6697
"1963",2000-05-01,"D24L","EMP D24",115.368898935932,NA,6.47027425503931,NA,7.96045402657933,NA,38.1547,-121.6814
"1964",2000-05-01,"D28AL","EMP D28A",6.35372552666511,NA,0.503516406721403,NA,0.546420395293199,NA,37.9701,-121.5741
"1965",2000-05-01,"D4L","EMP D4",1.47022448611133,0.230732265047426,0.0971564683003118,0.432463485023383,0.101445489541682,0.464,38.0581,-121.8193
"1966",2000-05-01,"D41C","EMP D41",NA,3.55337578479061,NA,1.16281583425177,NA,1.42135031391625,38.016,-122.3647
"1967",2000-05-01,"D41AC","EMP D41A",NA,2.79586015237324,NA,0.865787811808564,NA,1.11834406094929,38.0847,-122.3906
"1968",2000-05-01,"D7C","EMP D7",NA,1.26462926475588,NA,0.480529242419003,NA,0.338920642954577,38.1171,-122.0395
"1969",2000-05-01,"P8R","EMP P8",2.60465132494815,NA,0.172921715545159,NA,0.179720941421422,NA,37.9778,-121.3799
"1970",2000-05-01,"USGS 8.1","EMP USGS 8.1",NA,11.0806379737328,NA,3.74670885485085,NA,4.4322551894931,38.0316,122.1403
"1971",2000-06-01,"C9L","EMP C9",0.0111810893758129,NA,0.00117188880693877,NA,0.00119637656321198,NA,37.8271,-121.5522
"1972",2000-06-01,"D16L","EMP D16",37.8547688875747,NA,2.73440718451046,NA,3.63405781320718,NA,38.093,-121.6697
"1973",2000-06-01,"D24L","EMP D24",50.6860346417101,NA,4.38747860611616,NA,5.42340570666298,NA,38.1547,-121.6814
"1974",2000-06-01,"D28AL","EMP D28A",70.7126938371505,NA,5.65026113363394,NA,7.5662582405751,NA,37.9701,-121.5741
"1975",2000-06-01,"D4L","EMP D4",0.00244480301271373,NA,0.000231927541930687,0.0157626954564278,0.000234701089220518,0.016,38.0581,-121.8193
"1976",2000-06-01,"D41C","EMP D41",NA,1.27806060968424,NA,0.482557780298522,NA,0.511224243873695,38.016,-122.3647
"1977",2000-06-01,"D41AC","EMP D41A",NA,13.4153631719233,NA,4.19651810801736,NA,5.36614526876933,38.0847,-122.3906
"1978",2000-06-01,"D7C","EMP D7",NA,1.92954878071137,NA,0.71915477675151,NA,0.517119073230648,38.1171,-122.0395
"1979",2000-06-01,"P8R","EMP P8",0.10653472389789,NA,0.0122876834150351,NA,0.0127841668677468,NA,37.9778,-121.3799
"1980",2000-06-01,"USGS 8.1","EMP USGS 8.1",NA,25.9424377204867,NA,8.07123009090245,NA,10.3769750881947,38.0316,122.1403
"1981",2000-07-01,"C9L","EMP C9",3.9037705211178,NA,0.506528528123374,NA,0.523105249829785,NA,37.8271,-121.5522
"1982",2000-07-01,"D16L","EMP D16",61.4880136219507,NA,5.73295247755572,NA,7.37856163463409,NA,38.093,-121.6697
"1983",2000-07-01,"D24L","EMP D24",19.3267532617926,NA,1.76234605929976,NA,1.85536831313209,NA,38.1547,-121.6814
"1984",2000-07-01,"D28AL","EMP D28A",35.9097386893395,NA,3.84935558555663,NA,4.8119049843715,NA,37.9701,-121.5741
"1985",2000-07-01,"D4L","EMP D4",2.55142891121031,NA,0.258047292652792,0.0118801181381526,0.273002893499503,0.012,38.0581,-121.8193
"1986",2000-07-01,"D41C","EMP D41",NA,4.45816517103654,NA,1.59734057592271,NA,1.78326606841462,38.016,-122.3647
"1987",2000-07-01,"D41AC","EMP D41A",NA,14.4066781039919,NA,4.42668718677836,NA,5.76267124159675,38.0847,-122.3906
"1988",2000-07-01,"D7C","EMP D7",NA,1.40637528405585,NA,0.525925897754502,NA,0.376908576126967,38.1171,-122.0395
"1989",2000-07-01,"P8R","EMP P8",3.87598284497932,NA,0.609968888676258,NA,0.647289135111546,NA,37.9778,-121.3799
"1990",2000-07-01,"USGS 8.1","EMP USGS 8.1",NA,12.9220026791183,NA,4.22937285854129,NA,5.16880107164733,38.0316,122.1403
"1991",2000-08-01,"C9L","EMP C9",0.691824767355775,NA,0.109013693215408,NA,0.115534736148414,NA,37.8271,-121.5522
"1992",2000-08-01,"D16L","EMP D16",37.9455302020344,NA,4.15954252105359,NA,5.08470104707261,NA,38.093,-121.6697
"1993",2000-08-01,"D24L","EMP D24",22.1463854271404,NA,2.20243190681834,NA,2.36966324070403,NA,38.1547,-121.6814
"1994",2000-08-01,"D28AL","EMP D28A",4.27956897444936,NA,0.667856535477326,NA,0.714688018733043,NA,37.9701,-121.5741
"1995",2000-08-01,"D4L","EMP D4",8.05406994568455,NA,0.885234362871032,0,0.966488393482146,0,38.0581,-121.8193
"1996",2000-08-01,"D41C","EMP D41",NA,22.7238046749386,NA,6.86288804873521,NA,9.08952186997545,38.016,-122.3647
"1997",2000-08-01,"D41AC","EMP D41A",NA,16.0916646417524,NA,4.95874610559613,NA,6.43666585670095,38.0847,-122.3906
"1998",2000-08-01,"D7C","EMP D7",NA,2.8669743338642,NA,1.05109028488159,NA,0.768349121475607,38.1171,-122.0395
"1999",2000-08-01,"P8R","EMP P8",0.124692701461882,NA,0.0275179609517093,NA,0.0290533994406185,NA,37.9778,-121.3799
"2000",2000-08-01,"USGS 8.1","EMP USGS 8.1",NA,11.1183513010522,NA,3.65659116956033,NA,4.44734052042088,38.0316,122.1403
"2001",2000-09-01,"C9L","EMP C9",0.0204856993917314,NA,0.00192843936435166,NA,0.00196662714160622,NA,37.8271,-121.5522
"2002",2000-09-01,"D16L","EMP D16",91.2242544330555,NA,5.54725124702054,NA,8.75752842557332,NA,38.093,-121.6697
"2003",2000-09-01,"D24L","EMP D24",6.97835362897035,NA,0.495742856472511,NA,0.537333229430717,NA,38.1547,-121.6814
"2004",2000-09-01,"D28AL","EMP D28A",35.121629751567,NA,2.7985013753861,NA,3.37167645615043,NA,37.9701,-121.5741
"2005",2000-09-01,"D4L","EMP D4",81.2285852274036,0.0492815434168934,6.40399616164269,0,8.69145861933219,0,38.0581,-121.8193
"2006",2000-09-01,"D41C","EMP D41",NA,38.3080947807114,NA,10.4923263564896,NA,15.3232379122846,38.016,-122.3647
"2007",2000-09-01,"D41AC","EMP D41A",NA,24.1898707636007,NA,7.51800235704491,NA,9.67594830544027,38.0847,-122.3906
"2008",2000-09-01,"D7C","EMP D7",NA,3.57360475763935,NA,1.31079478071379,NA,0.957726075047345,38.1171,-122.0395
"2009",2000-09-01,"P8R","EMP P8",0.0343914257389758,NA,0.003533055240163,NA,0.00367988255407041,NA,37.9778,-121.3799
"2010",2000-09-01,"USGS 8.1","EMP USGS 8.1",NA,3.68568490513056,NA,1.31531915001466,NA,1.47427396205222,38.0316,122.1403
"2011",2000-10-01,"C9L","EMP C9",17.73,NA,2.01725506627624,NA,2.1276,NA,37.8271,-121.5522
"2012",2000-10-01,"D16L","EMP D16",43.7088704625966,NA,3.17918419944542,NA,4.19605156440927,NA,38.093,-121.6697
"2013",2000-10-01,"D24L","EMP D24",7.1231379953829,NA,0.510576703743378,NA,0.548481625644484,NA,38.1547,-121.6814
"2014",2000-10-01,"D28AL","EMP D28A",62.0527324812201,NA,5.84952334248515,NA,7.44632789774642,NA,37.9701,-121.5741
"2015",2000-10-01,"D4L","EMP D4",7.3047763592276,0.000546144405582889,0.630511588273195,0.0236746063749856,0.70125853048585,0.024,38.0581,-121.8193
"2016",2000-10-01,"D41C","EMP D41",NA,81.9086833236184,NA,18.8565437601747,NA,32.7634733294474,38.016,-122.3647
"2017",2000-10-01,"D41AC","EMP D41A",NA,28.797965612559,NA,9.20232410176811,NA,11.5191862450236,38.0847,-122.3906
"2018",2000-10-01,"D7C","EMP D7",NA,2.56,NA,0.879965035175906,NA,0.627159050217239,38.1171,-122.0395
"2019",2000-10-01,"P8R","EMP P8",0.0576622550365859,NA,0.00748515943025731,NA,0.00772674217490251,NA,37.9778,-121.3799
"2020",2000-10-01,"USGS 8.1","EMP USGS 8.1",NA,20.1015758744919,NA,6.34229044519738,NA,8.04063034979678,38.0316,122.1403
"2021",2000-11-01,"C9L","EMP C9",0.0122048986024482,NA,0.000661703833854981,NA,0.00067126942313465,NA,37.8271,-121.5522
"2022",2000-11-01,"D16L","EMP D16",63.5422304177364,NA,2.20460419192285,NA,3.4948226729755,NA,38.093,-121.6697
"2023",2000-11-01,"D24L","EMP D24",5.22309339882903,NA,0.214978186783081,NA,0.229816109548477,NA,38.1547,-121.6814
"2024",2000-11-01,"D28AL","EMP D28A",31.392452337552,NA,1.42366885942116,NA,1.72658487856536,NA,37.9701,-121.5741
"2025",2000-11-01,"D4L","EMP D4",1.2497537438028,0.0214247628007561,0.0668431813832522,0.000864455693052268,0.0687364559091542,0.000872,38.0581,-121.8193
"2026",2000-11-01,"D41C","EMP D41",NA,8.24275989582975,NA,2.86624763737688,NA,3.2971039583319,38.016,-122.3647
"2027",2000-11-01,"D41AC","EMP D41A",NA,2.51332795979232,NA,0.922909721304281,NA,1.00533118391693,38.0847,-122.3906
"2028",2000-11-01,"D7C","EMP D7",NA,5.37767029586217,NA,1.97710069206637,NA,1.44121563929106,38.1171,-122.0395
"2029",2000-11-01,"P8R","EMP P8",0.367411477043252,NA,0.0194833123806237,NA,0.0202076312373788,NA,37.9778,-121.3799
"2030",2000-11-01,"USGS 8.1","EMP USGS 8.1",NA,31.9739453017193,NA,9.76220456168142,NA,12.7895781206877,38.0316,122.1403
"2031",2000-12-01,"C9L","EMP C9",0.0457518697791525,NA,0.00138717642644116,NA,0.00141830796315373,NA,37.8271,-121.5522
"2032",2000-12-01,"D16L","EMP D16",65.0755074392286,NA,1.58506024409988,NA,2.01734073061609,NA,38.093,-121.6697
"2033",2000-12-01,"D24L","EMP D24",260.081632600674,NA,7.52145656010023,NA,8.06253061062088,NA,38.1547,-121.6814
"2034",2000-12-01,"D28AL","EMP D28A",24.1335646312506,NA,0.642361161434998,NA,0.748140503568769,NA,37.9701,-121.5741
"2035",2000-12-01,"D4L","EMP D4",0.637032061672856,0.0478111141254495,0.0241084116872203,0.00429691244141023,0.0248442504052414,0.0044,38.0581,-121.8193
"2036",2000-12-01,"D41C","EMP D41",NA,4.39398844594259,NA,1.58008438466959,NA,1.75759537837703,38.016,-122.3647
"2037",2000-12-01,"D41AC","EMP D41A",NA,1.37055101275686,NA,0.514695641217446,NA,0.548220405102744,38.0847,-122.3906
"2038",2000-12-01,"D7C","EMP D7",NA,3.39691198029783,NA,0.855170138983353,NA,0.614501377235878,38.1171,-122.0395
"2039",2000-12-01,"P8R","EMP P8",0.165275368608629,NA,0.00491205598282401,NA,0.00512353642686749,NA,37.9778,-121.3799
"2040",2000-12-01,"USGS 8.1","EMP USGS 8.1",NA,15.5988678399971,NA,5.10629036007138,NA,6.23954713599884,38.0316,122.1403
"2041",2001-01-01,"C9L","EMP C9",46.0652357243575,NA,1.29892964374707,NA,1.42802230745508,NA,37.8271,-121.5522
"2042",2001-01-01,"D16L","EMP D16",2.20001022193013,NA,0.0637133592554039,NA,0.0682003168798341,NA,38.093,-121.6697
"2043",2001-01-01,"D24L","EMP D24",6.01841036543429,NA,0.172625798569124,NA,0.186570721328463,NA,38.1547,-121.6814
"2044",2001-01-01,"D28AL","EMP D28A",9.05141698157342,NA,0.233247910439896,NA,0.280593926428776,NA,37.9701,-121.5741
"2045",2001-01-01,"D4L","EMP D4",0.00630666013637182,0.0528609831997181,0.000193589030156679,0.0175223505693829,0.000195506464227526,0.01804,38.0581,-121.8193
"2046",2001-01-01,"D41C","EMP D41",NA,0,NA,0,NA,0,38.016,-122.3647
"2047",2001-01-01,"D41AC","EMP D41A",NA,0.369066710362126,NA,0.142119173294064,NA,0.147626684144851,38.0847,-122.3906
"2048",2001-01-01,"D7C","EMP D7",NA,1.91342209067557,NA,0.48403887289552,NA,0.346138056203212,38.1171,-122.0395
"2049",2001-01-01,"P8R","EMP P8",2.24002438691829,NA,0.0666696978512077,NA,0.0694407559944668,NA,37.9778,-121.3799
"2050",2001-01-01,"USGS 8.1","EMP USGS 8.1",NA,32.7423628486067,NA,9.9726899910119,NA,13.0969451394427,38.0316,122.1403
"2051",2001-02-01,"C9L","EMP C9",4.02829815640801,NA,0.120592415484105,NA,0.124877242848648,NA,37.8271,-121.5522
"2052",2001-02-01,"D16L","EMP D16",0.328834629184718,NA,0.00936124149870154,NA,0.0101938735047263,NA,38.093,-121.6697
"2053",2001-02-01,"D24L","EMP D24",1.92856864625165,NA,0.0559957190346308,NA,0.0597856280338013,NA,38.1547,-121.6814
"2054",2001-02-01,"D28AL","EMP D28A",4.64668828592364,NA,0.128605892349889,NA,0.144047336863633,NA,37.9701,-121.5741
"2055",2001-02-01,"D4L","EMP D4",9.52403222975088,0.213305111140308,0.269449573481421,0.00922362004772728,0.295244999122277,0.00945,38.0581,-121.8193
"2056",2001-02-01,"D41C","EMP D41",NA,0,NA,0,NA,0,38.016,-122.3647
"2057",2001-02-01,"D41AC","EMP D41A",NA,0.218016215998458,NA,0.0850210749147296,NA,0.0872064863993832,38.0847,-122.3906
"2058",2001-02-01,"D7C","EMP D7",NA,2.61016665010967,NA,0.650775860282609,NA,0.472179147004839,38.1171,-122.0395
"2059",2001-02-01,"P8R","EMP P8",NA,NA,NA,NA,NA,NA,37.9778,-121.3799
"2060",2001-02-01,"USGS 8.1","EMP USGS 8.1",NA,1.4878760044017,NA,0.374621360687874,NA,0.40172652118846,38.0316,122.1403
"2061",2001-03-01,"C9L","EMP C9",2.93864290506989,NA,0.139930932948326,NA,0.143993502348425,NA,37.8271,-121.5522
"2062",2001-03-01,"D16L","EMP D16",30.9218235057866,NA,1.39376201686942,NA,1.51516935178354,NA,38.093,-121.6697
"2063",2001-03-01,"D24L","EMP D24",4.18384312973745,NA,0.120102908314918,NA,0.129699137021861,NA,38.1547,-121.6814
"2064",2001-03-01,"D28AL","EMP D28A",5.97186763132492,NA,0.267018101315287,NA,0.292621513934921,NA,37.9701,-121.5741
"2065",2001-03-01,"D4L","EMP D4",0.565430478183181,0.0197339129061146,0.0337318363613422,0.0345403530740874,0.0344912591691741,0.0358425,38.0581,-121.8193
"2066",2001-03-01,"D41C","EMP D41",NA,0.024124504362051,NA,0.00952566388068142,NA,0.00964980174482039,38.016,-122.3647
"2067",2001-03-01,"D41AC","EMP D41A",NA,0.223067772213569,NA,0.0868447617874416,NA,0.0892271088854275,38.0847,-122.3906
"2068",2001-03-01,"D7C","EMP D7",NA,0.849567482264623,NA,0.319516821079798,NA,0.227684085246919,38.1171,-122.0395
"2069",2001-03-01,"P8R","EMP P8",NA,NA,NA,NA,NA,NA,37.9778,-121.3799
"2070",2001-03-01,"USGS 8.1","EMP USGS 8.1",NA,3.78035311092989,NA,0.941710454919144,NA,1.02069533995107,38.0316,122.1403
"2071",2001-04-01,"C9L","EMP C9",8.74695686820138,NA,0.461921824762019,NA,0.481082627751076,NA,37.8271,-121.5522
"2072",2001-04-01,"D16L","EMP D16",87.869519606942,NA,3.24567604660453,NA,4.83282357838181,NA,38.093,-121.6697
"2073",2001-04-01,"D24L","EMP D24",30.8865601892779,NA,1.94178336592263,NA,2.13117265306018,NA,38.1547,-121.6814
"2074",2001-04-01,"D28AL","EMP D28A",18.786301969316,NA,0.869495829018821,NA,1.03324660831238,NA,37.9701,-121.5741
"2075",2001-04-01,"D4L","EMP D4",6.47303776150351,0.0557704961125173,0.451009881072263,0.00119229330888124,0.49842390763577,0.0012,38.0581,-121.8193
"2076",2001-04-01,"D41C","EMP D41",NA,0,NA,NA,NA,0,38.016,-122.3647
"2077",2001-04-01,"D41AC","EMP D41A",NA,0.049628459577719,NA,0.0195258831172097,NA,0.0198513838310876,38.0847,-122.3906
"2078",2001-04-01,"D7C","EMP D7",NA,0.805227794240353,NA,0.306969977376389,NA,0.215801048856415,38.1171,-122.0395
"2079",2001-04-01,"P8R","EMP P8",0.0762394987751127,NA,0.00401110591893367,NA,0.0041931724326312,NA,37.9778,-121.3799
"2080",2001-04-01,"USGS 8.1","EMP USGS 8.1",NA,12.5234903401251,NA,4.34663670810359,NA,5.00939613605005,38.0316,122.1403
"2081",2001-05-01,"C9L","EMP C9",12.0971810689188,NA,1.36710769737254,NA,1.45166172827026,NA,37.8271,-121.5522
"2082",2001-05-01,"D16L","EMP D16",20.1620538064441,NA,1.62132376651048,NA,1.93555716541864,NA,38.093,-121.6697
"2083",2001-05-01,"D24L","EMP D24",2.54163871462799,NA,0.14813584217865,NA,0.155039961592307,NA,38.1547,-121.6814
"2084",2001-05-01,"D28AL","EMP D28A",13.6519266984225,NA,1.4482447605147,NA,1.6382312038107,NA,37.9701,-121.5741
"2085",2001-05-01,"D4L","EMP D4",46.707061768964,0.148476078705997,3.31813106432016,0.0195486907933578,4.48387792982055,0.02,38.0581,-121.8193
"2086",2001-05-01,"D41C","EMP D41",NA,0.0245745272055066,NA,0.00964396287185486,NA,0.00982981088220265,38.016,-122.3647
"2087",2001-05-01,"D41AC","EMP D41A",NA,0.449862817023541,NA,0.174202649535813,NA,0.179945126809416,38.0847,-122.3906
"2088",2001-05-01,"D7C","EMP D7",NA,1.15869283460756,NA,0.427986797894332,NA,0.310529679674827,38.1171,-122.0395
"2089",2001-05-01,"P8R","EMP P8",0.0612385680537617,NA,0.00628936654598052,NA,0.0065525267817525,NA,37.9778,-121.3799
"2090",2001-05-01,"USGS 8.1","EMP USGS 8.1",NA,11.8137650640893,NA,4.18470945922454,NA,4.72550602563572,38.0316,122.1403
"2091",2001-06-01,"C9L","EMP C9",144.631425159035,NA,17.4451951948569,NA,19.3806109713107,NA,37.8271,-121.5522
"2092",2001-06-01,"D16L","EMP D16",18.3559681810369,NA,1.70668626104913,NA,1.96408859537095,NA,38.093,-121.6697
"2093",2001-06-01,"D24L","EMP D24",12.0983425914202,NA,1.20008126275068,NA,1.29452265728196,NA,38.1547,-121.6814
"2094",2001-06-01,"D28AL","EMP D28A",13.2449221463733,NA,1.55201530443247,NA,1.77481956761402,NA,37.9701,-121.5741
"2095",2001-06-01,"D4L","EMP D4",5.87618263107039,0.022948429369637,0.643533976872586,0.0750264489096348,0.705141915728447,0.0776,38.0581,-121.8193
"2096",2001-06-01,"D41C","EMP D41",NA,0,NA,0,NA,0,38.016,-122.3647
"2097",2001-06-01,"D41AC","EMP D41A",NA,4.34509808302527,NA,1.53882809074368,NA,1.73803923321011,38.0847,-122.3906
"2098",2001-06-01,"D7C","EMP D7",NA,2.41407465183128,NA,0.858618116511905,NA,0.646972006690782,38.1171,-122.0395
"2099",2001-06-01,"P8R","EMP P8",6.59673592649983,NA,0.934045888713104,NA,0.982913653048475,NA,37.9778,-121.3799
"2100",2001-06-01,"USGS 8.1","EMP USGS 8.1",NA,7.50586311138707,NA,2.65315286476264,NA,3.00234524455483,38.0316,122.1403
"2101",2001-07-01,"C9L","EMP C9",0.109335028099379,NA,0.0138892970295808,NA,0.0146508937653168,NA,37.8271,-121.5522
"2102",2001-07-01,"D16L","EMP D16",32.2379373377106,NA,2.53969502664026,NA,3.44945929513503,NA,38.093,-121.6697
"2103",2001-07-01,"D24L","EMP D24",24.5355593706504,NA,3.02426772093925,NA,3.28776495566715,NA,38.1547,-121.6814
"2104",2001-07-01,"D28AL","EMP D28A",0.037366418707204,NA,0.00491596091243494,NA,0.00500710010676533,NA,37.9701,-121.5741
"2105",2001-07-01,"D4L","EMP D4",0.0132449444057563,0.0265565471133981,0.00139569628015379,0.0118801181381526,0.00141720905141593,0.012,38.0581,-121.8193
"2106",2001-07-01,"D41C","EMP D41",NA,0,NA,0,NA,0,38.016,-122.3647
"2107",2001-07-01,"D41AC","EMP D41A",NA,5.77583148501853,NA,2.11044889858835,NA,2.31033259400741,38.0847,-122.3906
"2108",2001-07-01,"D7C","EMP D7",NA,8.43650339107373,NA,2.92295600172012,NA,2.26098290880776,38.1171,-122.0395
"2109",2001-07-01,"P8R","EMP P8",1.55359654904429,NA,0.274566438117727,NA,0.290522554671282,NA,37.9778,-121.3799
"2110",2001-07-01,"USGS 8.1","EMP USGS 8.1",NA,20.3858852302839,NA,6.80013175671842,NA,8.15435409211355,38.0316,122.1403
"2111",2001-08-01,"C9L","EMP C9",2.0906048737703,NA,0.299645223670045,NA,0.311500126191775,NA,37.8271,-121.5522
"2112",2001-08-01,"D16L","EMP D16",44.2916975157944,NA,3.22658947541837,NA,5.31500370189533,NA,38.093,-121.6697
"2113",2001-08-01,"D24L","EMP D24",13.3487218325639,NA,1.4619723861237,NA,1.60184661990766,NA,38.1547,-121.6814
"2114",2001-08-01,"D28AL","EMP D28A",5.24124269410744,NA,0.727748606637952,NA,0.780945161422009,NA,37.9701,-121.5741
"2115",2001-08-01,"D4L","EMP D4",9.9467305637984,0.0465111906678364,0.964300347746844,0.0117687992664372,1.06430017032643,0.012,38.0581,-121.8193
"2116",2001-08-01,"D41C","EMP D41",NA,0.0519864846969421,NA,0.0205889833950613,NA,0.0207945938787768,38.016,-122.3647
"2117",2001-08-01,"D41AC","EMP D41A",NA,5.63831326674603,NA,2.04560557951438,NA,2.25532530669841,38.0847,-122.3906
"2118",2001-08-01,"D7C","EMP D7",NA,5.92252790462709,NA,2.07613047383106,NA,1.58723747844006,38.1171,-122.0395
"2119",2001-08-01,"P8R","EMP P8",0.168047386464247,NA,0.0299938038286747,NA,0.0314248612688142,NA,37.9778,-121.3799
"2120",2001-08-01,"USGS 8.1","EMP USGS 8.1",NA,NA,NA,NA,NA,NA,38.0316,122.1403
"2121",2001-09-01,"C9L","EMP C9",1.84715445323372,NA,0.211702703624504,NA,0.221658534388046,NA,37.8271,-121.5522
"2122",2001-09-01,"D16L","EMP D16",46.9307369426529,NA,3.86666708352067,NA,5.02158885286386,NA,38.093,-121.6697
"2123",2001-09-01,"D24L","EMP D24",10.6023354500911,NA,1.02837979880607,NA,1.13444989315975,NA,38.1547,-121.6814
"2124",2001-09-01,"D28AL","EMP D28A",6.47304984142622,NA,0.728384230923063,NA,0.776765980971146,NA,37.9701,-121.5741
"2125",2001-09-01,"D4L","EMP D4",0.0430460851483197,0.115855202976882,0.00453290567452481,0.011655665567217,0.00460593111087021,0.012,38.0581,-121.8193
"2126",2001-09-01,"D41C","EMP D41",NA,0,NA,0,NA,0,38.016,-122.3647
"2127",2001-09-01,"D41AC","EMP D41A",NA,10.5336236840994,NA,3.71351412153649,NA,4.21344947363974,38.0847,-122.3906
"2128",2001-09-01,"D7C","EMP D7",NA,8.13891101416079,NA,2.80019789859089,NA,2.18122815179509,38.1171,-122.0395
"2129",2001-09-01,"P8R","EMP P8",0.0885690897170413,NA,0.0126174611073292,NA,0.0131967943678392,NA,37.9778,-121.3799
"2130",2001-09-01,"USGS 8.1","EMP USGS 8.1",NA,9.52652605039562,NA,3.39264225942898,NA,3.81061042015825,38.0316,122.1403
"2131",2001-10-01,"C9L","EMP C9",0.0247219599670059,NA,0.00207368672780319,NA,0.00212608855716251,NA,37.8271,-121.5522
"2132",2001-10-01,"D16L","EMP D16",25.2443287750337,NA,1.78591606362095,NA,2.1710122746529,NA,38.093,-121.6697
"2133",2001-10-01,"D24L","EMP D24",3.82814352947328,NA,0.341589541389778,NA,0.367501778829435,NA,38.1547,-121.6814
"2134",2001-10-01,"D28AL","EMP D28A",0.443876813266791,NA,0.0364088838653404,NA,0.038173405940944,NA,37.9701,-121.5741
"2135",2001-10-01,"D4L","EMP D4",0.00822548770592478,0.0201147309910809,0.000697679075235532,0.0465026760254374,0.000707391942709531,0.048,38.0581,-121.8193
"2136",2001-10-01,"D41C","EMP D41",NA,0,NA,0,NA,0,38.016,-122.3647
"2137",2001-10-01,"D41AC","EMP D41A",NA,10.9110447380108,NA,3.89344352112144,NA,4.3644178952043,38.0847,-122.3906
"2138",2001-10-01,"D7C","EMP D7",NA,8.6,NA,2.98426418803658,NA,2.31413794800203,38.1171,-122.0395
"2139",2001-10-01,"P8R","EMP P8",0.0732231959109408,NA,0.00752850226179721,NA,0.00783488196247067,NA,37.9778,-121.3799
"2140",2001-10-01,"USGS 8.1","EMP USGS 8.1",NA,4.57523352058192,NA,1.67278052620379,NA,1.83009340823277,38.0316,122.1403
"2141",2001-11-01,"C9L","EMP C9",15.4456981454478,NA,0.985930785140405,NA,1.0657531720359,NA,37.8271,-121.5522
"2142",2001-11-01,"D16L","EMP D16",3.34061955652597,NA,0.221924144335186,NA,0.230502749400292,NA,38.093,-121.6697
"2143",2001-11-01,"D24L","EMP D24",2.71779824654323,NA,0.0971904208561277,NA,0.105994131615186,NA,38.1547,-121.6814
"2144",2001-11-01,"D28AL","EMP D28A",0.822857822507154,NA,0.0541785864124626,NA,0.0567771897529937,NA,37.9701,-121.5741
"2145",2001-11-01,"D4L","EMP D4",0.545660520258347,0.0102466718426817,0.0324542952459604,0.019315109468601,0.0332852917357592,0.02,38.0581,-121.8193
"2146",2001-11-01,"D41C","EMP D41",NA,0,NA,0,NA,0,38.016,-122.3647
"2147",2001-11-01,"D41AC","EMP D41A",NA,0.908528912613044,NA,0.347479830272765,NA,0.363411565045218,38.0847,-122.3906
"2148",2001-11-01,"D7C","EMP D7",NA,10.8710186058565,NA,3.72835076623621,NA,2.91343298636953,38.1171,-122.0395
"2149",2001-11-01,"P8R","EMP P8",0.0611310451067639,NA,0.00402012534657983,NA,0.00421804211236671,NA,37.9778,-121.3799
"2150",2001-11-01,"USGS 8.1","EMP USGS 8.1",NA,4.52302133583212,NA,1.63672922862865,NA,1.80920853433285,38.0316,122.1403
"2151",2001-12-01,"C9L","EMP C9",0.0734291139163777,NA,0.00249470175351382,NA,0.00257001898707322,NA,37.8271,-121.5522
"2152",2001-12-01,"D16L","EMP D16",0.38766599775151,NA,0.0108861579206694,NA,0.0120176459302968,NA,38.093,-121.6697
"2153",2001-12-01,"D24L","EMP D24",2.17538430198063,NA,0.0726751133912866,NA,0.0761384505693219,NA,38.1547,-121.6814
"2154",2001-12-01,"D28AL","EMP D28A",8.59936993042207,NA,0.279815944285469,NA,0.300977947564772,NA,37.9701,-121.5741
"2155",2001-12-01,"D4L","EMP D4",0.00758904783869789,0.00615183907377408,0.000262143285630735,0.00589805005934283,0.000265616674354426,0.006,38.0581,-121.8193
"2156",2001-12-01,"D41C","EMP D41",NA,0,NA,0,NA,0,38.016,-122.3647
"2157",2001-12-01,"D41AC","EMP D41A",NA,0.707695559356594,NA,0.274368781284131,NA,0.283078223742638,38.0847,-122.3906
"2158",2001-12-01,"D7C","EMP D7",NA,0.838498010032559,NA,0.311678748866496,NA,0.224717466688726,38.1171,-122.0395
"2159",2001-12-01,"P8R","EMP P8",0.0795258881148505,NA,0.00267233327116424,NA,0.00278340608401977,NA,37.9778,-121.3799
"2160",2001-12-01,"USGS 8.1","EMP USGS 8.1",NA,2.52052062959705,NA,0.935339988521875,NA,1.00820825183882,38.0316,122.1403
"2161",2002-01-01,"C9L","EMP C9",0.114124353225147,NA,0.00343034839178274,NA,0.00353785494997956,NA,37.8271,-121.5522
"2162",2002-01-01,"D16L","EMP D16",14.6083225964838,NA,0.487890286666659,NA,0.511291290876931,NA,38.093,-121.6697
"2163",2002-01-01,"D24L","EMP D24",53.1793975209577,NA,1.38269228225515,NA,1.64856132314969,NA,38.1547,-121.6814
"2164",2002-01-01,"D28AL","EMP D28A",7.94983242179237,NA,0.228292338344393,NA,0.246444805075563,NA,37.9701,-121.5741
"2165",2002-01-01,"D4L","EMP D4",0.0164520899487225,0.0197006291529565,0.000633241087293084,0.002373193600764,0.000641631508000177,0.0024,38.0581,-121.8193
"2166",2002-01-01,"D41C","EMP D41",NA,0,NA,0,NA,0,38.016,-122.3647
"2167",2002-01-01,"D41AC","EMP D41A",NA,0.306776641059276,NA,0.1196172728896,NA,0.12271065642371,38.0847,-122.3906
"2168",2002-01-01,"D7C","EMP D7",NA,1.35267470131306,NA,0.506062701069013,NA,0.3625168199519,38.1171,-122.0395
"2169",2002-01-01,"P8R","EMP P8",0.335652203060244,NA,0.0122814723982552,NA,0.0130904359193495,NA,37.9778,-121.3799
"2170",2002-01-01,"USGS 8.1","EMP USGS 8.1",NA,0.638725095023672,NA,0.241117629915672,NA,0.255490038009469,38.0316,122.1403
"2171",2002-02-01,"C9L","EMP C9",0.0142041397064444,NA,0.000433746342835931,NA,0.000440328330899775,NA,37.8271,-121.5522
"2172",2002-02-01,"D16L","EMP D16",1.29889351084553,NA,0.0380317688965039,NA,0.0402656988362114,NA,38.093,-121.6697
"2173",2002-02-01,"D24L","EMP D24",3.8719210054228,NA,0.129410495652727,NA,0.135517235189798,NA,38.1547,-121.6814
"2174",2002-02-01,"D28AL","EMP D28A",0.273238870797184,NA,0.00791533569736445,NA,0.00847040499471271,NA,37.9701,-121.5741
"2175",2002-02-01,"D4L","EMP D4",0.0091817195738672,0.0133138972573785,0.00028036914740226,0.0117902504350422,0.000284633306789883,0.012,38.0581,-121.8193
"2176",2002-02-01,"D41C","EMP D41",NA,0.209120506504035,NA,0.0816021361041,NA,0.083648202601614,38.016,-122.3647
"2177",2002-02-01,"D7C","EMP D7",NA,0.82924395455321,NA,0.212770157870448,NA,0.150010231378676,38.1171,-122.0395
"2178",2002-02-01,"P8R","EMP P8",0.268844451922453,NA,0.00774819520322644,NA,0.00833417800959605,NA,37.9778,-121.3799
"2179",2002-02-01,"USGS 8.1","EMP USGS 8.1",NA,NA,NA,NA,NA,NA,38.0316,122.1403
"2180",2002-03-01,"C9L","EMP C9",0.147604470436699,NA,0.00697337429870484,NA,0.00723261905139826,NA,37.8271,-121.5522
"2181",2002-03-01,"D16L","EMP D16",14.1366220281361,NA,0.806746503753521,NA,0.8623339437163,NA,38.093,-121.6697
"2182",2002-03-01,"D24L","EMP D24",17.2934517532489,NA,0.564001005749252,NA,0.605270811363713,NA,38.1547,-121.6814
"2183",2002-03-01,"D28AL","EMP D28A",16.6023854737045,NA,0.739046292985981,NA,0.813516888211522,NA,37.9701,-121.5741
"2184",2002-03-01,"D4L","EMP D4",NA,NA,NA,0.00507293567303788,NA,0.00513,38.0581,-121.8193
"2185",2002-03-01,"D41C","EMP D41",NA,0,NA,0,NA,0,38.016,-122.3647
"2186",2002-03-01,"D41AC","EMP D41A",NA,0.158647197808297,NA,0.0625162352630986,NA,0.063458879123319,38.0847,-122.3906
"2187",2002-03-01,"D7C","EMP D7",NA,0.355353416235448,NA,0.137382283346643,NA,0.0952347155511,38.1171,-122.0395
"2188",2002-03-01,"P8R","EMP P8",0.160485583235392,NA,NA,NA,NA,NA,37.9778,-121.3799
"2189",2002-03-01,"USGS 8.1","EMP USGS 8.1",NA,0.814379580167236,NA,0.311508863257037,NA,0.325751832066894,38.0316,122.1403
"2190",2002-04-01,"C9L","EMP C9",0.565869151652275,NA,0.0242240736128593,NA,0.0248982426727001,NA,37.8271,-121.5522
"2191",2002-04-01,"D16L","EMP D16",22.654062767337,NA,1.13417815950903,NA,1.38189782880756,NA,38.093,-121.6697
"2192",2002-04-01,"D24L","EMP D24",11.9184885565765,NA,0.664687245190753,NA,0.727027801951167,NA,38.1547,-121.6814
"2193",2002-04-01,"D28AL","EMP D28A",0.78525714045129,NA,0.0519441313503925,NA,0.054182742691139,NA,37.9701,-121.5741
"2194",2002-04-01,"D4L","EMP D4",0.00431591676592487,0.00304175731335159,0.000259295618965082,0,0.000263270922721417,0,38.0581,-121.8193
"2195",2002-04-01,"D41C","EMP D41",NA,0.0138486438378594,NA,0.00544366692320213,NA,0.00553945753514376,38.016,-122.3647
"2196",2002-04-01,"D7C","EMP D7",NA,0.596369564044253,NA,0.228306925511164,NA,0.15982704316386,38.1171,-122.0395
"2197",2002-04-01,"P8R","EMP P8",0.12039632847118,NA,NA,NA,NA,NA,37.9778,-121.3799
"2198",2002-04-01,"USGS 8.1","EMP USGS 8.1",NA,2.5624274168862,NA,0.956221423413186,NA,1.02497096675448,38.0316,122.1403
"2199",2002-05-01,"C9L","EMP C9",0.016995350980219,NA,0.0011530810848233,NA,0.00117267921763511,NA,37.8271,-121.5522
"2200",2002-05-01,"D16L","EMP D16",29.8942623557731,NA,1.5336076175171,NA,1.82355000370216,NA,38.093,-121.6697
"2201",2002-05-01,"D24L","EMP D24",39.8710160355554,NA,2.57077446567707,NA,2.75110010645333,NA,38.1547,-121.6814
"2202",2002-05-01,"D28AL","EMP D28A",16.2037837259618,NA,1.00692809785236,NA,1.11806107709137,NA,37.9701,-121.5741
"2203",2002-05-01,"D4L","EMP D4",0.0229259080396058,0.0569273323932794,0.00154973017031323,0.00396574803947217,0.0015818876547328,0.004,38.0581,-121.8193
"2204",2002-05-01,"D41C","EMP D41",NA,0,NA,0,NA,0,38.016,-122.3647
"2205",2002-05-01,"D41AC","EMP D41A",NA,0.998495494686781,NA,0.375935981196437,NA,0.399398197874712,38.0847,-122.3906
"2206",2002-05-01,"D7C","EMP D7",NA,0.632745503357282,NA,0.235424478807291,NA,0.169575794899752,38.1171,-122.0395
"2207",2002-05-01,"P8R","EMP P8",0.116600605292785,NA,0.00892321514437865,NA,0.00927051729228089,NA,37.9778,-121.3799
"2208",2002-05-01,"USGS 8.1","EMP USGS 8.1",NA,1.35392471943674,NA,0.51172288424138,NA,0.541569887774696,38.0316,122.1403
"2209",2002-06-01,"C9L","EMP C9",16.611074431177,NA,1.04571443905938,NA,1.14616413575121,NA,37.8271,-121.5522
"2210",2002-06-01,"D16L","EMP D16",6.92762737454946,NA,0.65314942651231,NA,0.741256129076792,NA,38.093,-121.6697
"2211",2002-06-01,"D24L","EMP D24",27.3866418450831,NA,2.79693821868636,NA,2.9303706774239,NA,38.1547,-121.6814
"2212",2002-06-01,"D28AL","EMP D28A",15.0122769805055,NA,2.01238175947753,NA,2.23682927009531,NA,37.9701,-121.5741
"2213",2002-06-01,"D4L","EMP D4",2.85564534588847,NA,0.32568619427886,0,0.342677441506617,0,38.0581,-121.8193
"2214",2002-06-01,"D41C","EMP D41",NA,0,NA,0,NA,0,38.016,-122.3647
"2215",2002-06-01,"D41AC","EMP D41A",NA,4.89437886624967,NA,1.71042030212777,NA,1.95775154649987,38.0847,-122.3906
"2216",2002-06-01,"D7C","EMP D7",NA,1.94003582475602,NA,0.687939506726667,NA,0.519929601034614,38.1171,-122.0395
"2217",2002-06-01,"P8R","EMP P8",1.94185614478315,NA,0.00681427981921379,NA,0.00711263692285987,NA,37.9778,-121.3799
"2218",2002-06-01,"USGS 8.1","EMP USGS 8.1",NA,2.67175625895841,NA,0.974703653137558,NA,1.06870250358336,38.0316,122.1403
"2219",2002-07-01,"C9L","EMP C9",44.1685774071307,NA,5.50649868845169,NA,5.91858937255551,NA,37.8271,-121.5522
"2220",2002-07-01,"D16L","EMP D16",12.1515562005805,NA,1.37461011892292,NA,1.62830853087778,NA,38.093,-121.6697
"2221",2002-07-01,"D24L","EMP D24",42.4414099640626,NA,4.2440741336455,NA,4.5412308661547,NA,38.1547,-121.6814
"2222",2002-07-01,"D28AL","EMP D28A",17.5029155281353,NA,2.58417917146471,NA,2.92298689319859,NA,37.9701,-121.5741
"2223",2002-07-01,"D4L","EMP D4",4.04900373676065,0.440758188777167,0.453786343705509,0,0.485880448411278,0,38.0581,-121.8193
"2224",2002-07-01,"D41C","EMP D41",NA,0,NA,0,NA,0,38.016,-122.3647
"2225",2002-07-01,"D41AC","EMP D41A",NA,9.8123203809195,NA,3.39771776743902,NA,3.9249281523678,38.0847,-122.3906
"2226",2002-07-01,"D7C","EMP D7",NA,3.47007582248871,NA,1.23750101559733,NA,0.929980320426975,38.1171,-122.0395
"2227",2002-07-01,"P8R","EMP P8",0.140121557460354,NA,0.273723908460998,NA,0.28933656557269,NA,37.9778,-121.3799
"2228",2002-07-01,"USGS 8.1","EMP USGS 8.1",NA,5.43357266284764,NA,1.89804374933288,NA,2.17342906513905,38.0316,122.1403
"2229",2002-08-01,"C9L","EMP C9",1.60971664776195,NA,0.255307000021588,NA,0.268822680176245,NA,37.8271,-121.5522
"2230",2002-08-01,"D16L","EMP D16",3.11416559633214,NA,0.333390766484455,NA,0.373699871559857,NA,38.093,-121.6697
"2231",2002-08-01,"D24L","EMP D24",10.1173873132914,NA,0.944627149579868,NA,1.08256044252218,NA,38.1547,-121.6814
"2232",2002-08-01,"D28AL","EMP D28A",36.9097362430941,NA,4.61261962311369,NA,5.49955070022102,NA,37.9701,-121.5741
"2233",2002-08-01,"D4L","EMP D4",0.0258314600200615,0,0.00271029579108345,0,0.00276396622214658,0,38.0581,-121.8193
"2234",2002-08-01,"D41C","EMP D41",NA,0,NA,0,NA,0,38.016,-122.3647
"2235",2002-08-01,"D41AC","EMP D41A",NA,8.13996425574129,NA,2.9061542666441,NA,3.25598570229652,38.0847,-122.3906
"2236",2002-08-01,"D7C","EMP D7",NA,6.59421370391773,NA,2.25262197482373,NA,1.76724927264995,38.1171,-122.0395
"2237",2002-08-01,"P8R","EMP P8",0.617113112274116,NA,0.0277848549375011,NA,0.0292854055092139,NA,37.9778,-121.3799
"2238",2002-08-01,"USGS 8.1","EMP USGS 8.1",NA,0.595573175556441,NA,0.230560408896384,NA,0.238229270222576,38.0316,122.1403
"2239",2002-09-01,"C9L","EMP C9",14.5667902562783,NA,2.01750279934508,NA,2.17045174818547,NA,37.8271,-121.5522
"2240",2002-09-01,"D16L","EMP D16",27.0325478562656,NA,2.76398307111352,NA,3.24390574275187,NA,38.093,-121.6697
"2241",2002-09-01,"D24L","EMP D24",9.71721368982689,NA,0.831277404175017,NA,0.932852514223381,NA,38.1547,-121.6814
"2242",2002-09-01,"D28AL","EMP D28A",6.93093797724777,NA,0.850199373033533,NA,0.928745688951201,NA,37.9701,-121.5741
"2243",2002-09-01,"D4L","EMP D4",0.650612627440847,0.314630100971863,0.0604124376326392,0,0.0624588122343213,0,38.0581,-121.8193
"2244",2002-09-01,"D41C","EMP D41",NA,0,NA,0,NA,0,38.016,-122.3647
"2245",2002-09-01,"D41AC","EMP D41A",NA,20.7278582281686,NA,6.94376288644205,NA,8.29114329126745,38.0847,-122.3906
"2246",2002-09-01,"D7C","EMP D7",NA,9.38266687710629,NA,3.16639014618829,NA,2.51455472306449,38.1171,-122.0395
"2247",2002-09-01,"P8R","EMP P8",0.129766724948099,NA,0.110301280149845,NA,0.11540015199526,NA,37.9778,-121.3799
"2248",2002-09-01,"USGS 8.1","EMP USGS 8.1",NA,21.967455172508,NA,7.1683377331727,NA,8.7869820690032,38.0316,122.1403
"2249",2002-10-01,"C9L","EMP C9",0.260679600374836,NA,0.0337135020507003,NA,0.0349310664502281,NA,37.8271,-121.5522
"2250",2002-10-01,"D16L","EMP D16",6.06465575080782,NA,0.526384993232544,NA,0.582206952077551,NA,38.093,-121.6697
"2251",2002-10-01,"D24L","EMP D24",3.00070000414591,NA,0.214129892142299,NA,0.231053900319235,NA,38.1547,-121.6814
"2252",2002-10-01,"D28AL","EMP D28A",3.37631889076252,NA,0.305071007567908,NA,0.324126613513202,NA,37.9701,-121.5741
"2253",2002-10-01,"D4L","EMP D4",0.0194277448592051,0.0398176417011078,0.00146609242389333,0.00395105843484317,0.00149593635415879,0.004,38.0581,-121.8193
"2254",2002-10-01,"D41C","EMP D41",NA,0,NA,0,NA,0,38.016,-122.3647
"2255",2002-10-01,"D41AC","EMP D41A",NA,3.18421895928923,NA,1.2089929468781,NA,1.27368758371569,38.0847,-122.3906
"2256",2002-10-01,"D7C","EMP D7",NA,10.7,NA,3.60432625493603,NA,2.86546723143204,38.1171,-122.0395
"2257",2002-10-01,"P8R","EMP P8",0.0575434514713911,NA,0.0185503478782227,NA,0.0193352420172668,NA,37.9778,-121.3799
"2258",2002-10-01,"USGS 8.1","EMP USGS 8.1",NA,12.7899096575423,NA,4.32302568390022,NA,5.11596386301693,38.0316,122.1403
"2259",2002-11-01,"C9L","EMP C9",0.00789842893782639,NA,0.000740328170849556,NA,0.000758249178031333,NA,37.8271,-121.5522
"2260",2002-11-01,"D16L","EMP D16",11.8632490865873,NA,0.597018969818307,NA,0.652478699762302,NA,38.093,-121.6697
"2261",2002-11-01,"D24L","EMP D24",3.08327479461608,NA,0.139634571621174,NA,0.151080464936188,NA,38.1547,-121.6814
"2262",2002-11-01,"D28AL","EMP D28A",9.92277819766045,NA,0.354425504822406,NA,0.386988349708758,NA,37.9701,-121.5741
"2263",2002-11-01,"D4L","EMP D4",1.26426472081118,0.0617420584567545,0.0670845540606128,0.0233281462444847,0.0695345596446149,0.024,38.0581,-121.8193
"2264",2002-11-01,"D41C","EMP D41",NA,0,NA,0,NA,0,38.016,-122.3647
"2265",2002-11-01,"D41AC","EMP D41A",NA,1.14161945339618,NA,0.442296552152756,NA,0.456647781358474,38.0847,-122.3906
"2266",2002-11-01,"D7C","EMP D7",NA,11.5251332702983,NA,3.90004055337287,NA,3.08873571643995,38.1171,-122.0395
"2267",2002-11-01,"P8R","EMP P8",0.0992974467824116,NA,0.00531263632898026,NA,0.00552417134125355,NA,37.9778,-121.3799
"2268",2002-11-01,"USGS 8.1","EMP USGS 8.1",NA,43.1405413658617,NA,12.3200193335396,NA,17.2562165463447,38.0316,122.1403
"2269",2002-12-01,"C9L","EMP C9",NA,NA,NA,NA,NA,NA,37.8271,-121.5522
"2270",2002-12-01,"D16L","EMP D16",14.6417857510436,NA,0.523508791963125,NA,0.571029644290701,NA,38.093,-121.6697
"2271",2002-12-01,"D24L","EMP D24",1.97060084702112,NA,0.0640310473549898,NA,0.0689710296457393,NA,38.1547,-121.6814
"2272",2002-12-01,"D28AL","EMP D28A",2.620685067641,NA,0.0969635130231696,NA,0.102206717637999,NA,37.9701,-121.5741
"2273",2002-12-01,"D4L","EMP D4",0.0130012781725294,0.0252676848864335,0.000498366629321909,0.0406785777407657,0.000507049848728648,0.042,38.0581,-121.8193
"2274",2002-12-01,"D41C","EMP D41",NA,0,NA,0,NA,0,38.016,-122.3647
"2275",2002-12-01,"D41AC","EMP D41A",NA,0.00502233057949382,NA,0.00200065569106256,NA,0.00200893223179753,38.0847,-122.3906
"2276",2002-12-01,"D7C","EMP D7",NA,3.30253049064272,NA,1.18548123764718,NA,0.885078171492248,38.1171,-122.0395
"2277",2002-12-01,"P8R","EMP P8",0.0602239405311945,NA,0.00523966133329726,NA,0.00546135957303264,NA,37.9778,-121.3799
"2278",2002-12-01,"USGS 8.1","EMP USGS 8.1",NA,44.741558016931,NA,12.8783906567299,NA,17.8966232067724,38.0316,122.1403
"2279",2003-01-01,"C9L","EMP C9",NA,NA,NA,NA,NA,NA,37.8271,-121.5522
"2280",2003-01-01,"D16L","EMP D16",NA,NA,NA,NA,NA,NA,38.093,-121.6697
"2281",2003-01-01,"D24L","EMP D24",NA,NA,NA,NA,NA,NA,38.1547,-121.6814
"2282",2003-01-01,"D28AL","EMP D28A",NA,NA,NA,NA,NA,NA,37.9701,-121.5741
"2283",2003-01-01,"D4L","EMP D4",NA,NA,NA,NA,NA,NA,38.0581,-121.8193
"2284",2003-01-01,"D41C","EMP D41",NA,NA,NA,NA,NA,NA,38.016,-122.3647
"2285",2003-01-01,"D41AC","EMP D41A",NA,0,NA,0,NA,0,38.0847,-122.3906
"2286",2003-01-01,"D7C","EMP D7",NA,2.14015443366712,NA,0.536042528278578,NA,0.387153937050382,38.1171,-122.0395
"2287",2003-01-01,"P8R","EMP P8",NA,NA,0.00222421064098483,NA,0.00234873368071659,NA,37.9778,-121.3799
"2288",2003-01-01,"USGS 8.1","EMP USGS 8.1",NA,51.345788245651,NA,9.71832806417272,NA,13.8633628263258,38.0316,122.1403
"2289",2003-02-01,"C9L","EMP C9",NA,NA,NA,NA,NA,NA,37.8271,-121.5522
"2290",2003-02-01,"D16L","EMP D16",NA,NA,NA,NA,NA,NA,38.093,-121.6697
"2291",2003-02-01,"D24L","EMP D24",NA,NA,NA,NA,NA,NA,38.1547,-121.6814
"2292",2003-02-01,"D28AL","EMP D28A",NA,NA,NA,NA,NA,NA,37.9701,-121.5741
"2293",2003-02-01,"D4L","EMP D4",NA,NA,NA,NA,NA,NA,38.0581,-121.8193
"2294",2003-02-01,"D41C","EMP D41",NA,NA,NA,NA,NA,NA,38.016,-122.3647
"2295",2003-02-01,"D41AC","EMP D41A",NA,0,NA,0,NA,0,38.0847,-122.3906
"2296",2003-02-01,"D7C","EMP D7",NA,1.14533561221408,NA,0.427160744376995,NA,0.306949944073372,38.1171,-122.0395
"2297",2003-02-01,"P8R","EMP P8",NA,NA,NA,NA,NA,NA,37.9778,-121.3799
"2298",2003-02-01,"USGS 8.1","EMP USGS 8.1",NA,23.8024404258315,NA,7.71539713641648,NA,9.52097617033261,38.0316,122.1403
"2299",2003-03-01,"C9L","EMP C9",NA,NA,NA,NA,NA,NA,37.8271,-121.5522
"2300",2003-03-01,"D16L","EMP D16",NA,NA,NA,NA,NA,NA,38.093,-121.6697
"2301",2003-03-01,"D24L","EMP D24",NA,NA,NA,NA,NA,NA,38.1547,-121.6814
"2302",2003-03-01,"D28AL","EMP D28A",NA,NA,NA,NA,NA,NA,37.9701,-121.5741
"2303",2003-03-01,"D4L","EMP D4",NA,NA,NA,NA,NA,NA,38.0581,-121.8193
"2304",2003-03-01,"D41C","EMP D41",NA,NA,NA,NA,NA,NA,38.016,-122.3647
"2305",2003-03-01,"D41AC","EMP D41A",NA,0.0692221669344575,NA,0.027323978353199,NA,0.027688866773783,38.0847,-122.3906
"2306",2003-03-01,"D7C","EMP D7",NA,0.831193858005044,NA,0.310083524922945,NA,0.222759953945352,38.1171,-122.0395
"2307",2003-03-01,"P8R","EMP P8",NA,NA,NA,NA,NA,NA,37.9778,-121.3799
"2308",2003-03-01,"USGS 8.1","EMP USGS 8.1",NA,12.0726474101116,NA,4.10097334546536,NA,4.82905896404466,38.0316,122.1403
"2309",2003-04-01,"C9L","EMP C9",NA,NA,NA,NA,NA,NA,37.8271,-121.5522
"2310",2003-04-01,"D16L","EMP D16",NA,NA,NA,NA,NA,NA,38.093,-121.6697
"2311",2003-04-01,"D24L","EMP D24",NA,NA,NA,NA,NA,NA,38.1547,-121.6814
"2312",2003-04-01,"D28AL","EMP D28A",NA,NA,NA,NA,NA,NA,37.9701,-121.5741
"2313",2003-04-01,"D4L","EMP D4",NA,NA,NA,NA,NA,NA,38.0581,-121.8193
"2314",2003-04-01,"D41C","EMP D41",NA,NA,NA,NA,NA,NA,38.016,-122.3647
"2315",2003-04-01,"D41AC","EMP D41A",NA,0.2,NA,0.0752331383909327,NA,0.08,38.0847,-122.3906
"2316",2003-04-01,"D7C","EMP D7",NA,0.882285607660246,NA,0.32144446227035,NA,0.236452542852946,38.1171,-122.0395
"2317",2003-04-01,"P8R","EMP P8",NA,NA,NA,NA,NA,NA,37.9778,-121.3799
"2318",2003-04-01,"USGS 8.1","EMP USGS 8.1",NA,19.5124215226823,NA,6.48639249066051,NA,7.80496860907291,38.0316,122.1403
"2319",2003-05-01,"C9L","EMP C9",NA,NA,NA,NA,NA,NA,37.8271,-121.5522
"2320",2003-05-01,"D16L","EMP D16",NA,NA,NA,NA,NA,NA,38.093,-121.6697
"2321",2003-05-01,"D24L","EMP D24",NA,NA,NA,NA,NA,NA,38.1547,-121.6814
"2322",2003-05-01,"D28AL","EMP D28A",NA,NA,NA,NA,NA,NA,37.9701,-121.5741
"2323",2003-05-01,"D4L","EMP D4",NA,NA,NA,NA,NA,NA,38.0581,-121.8193
"2324",2003-05-01,"D41C","EMP D41",NA,NA,NA,NA,NA,NA,38.016,-122.3647
"2325",2003-05-01,"D41AC","EMP D41A",NA,4.4,NA,1.5197251377676,NA,1.76,38.0847,-122.3906
"2326",2003-05-01,"D7C","EMP D7",NA,2.58987395769158,NA,0.789134991678722,NA,0.694086220661344,38.1171,-122.0395
"2327",2003-05-01,"P8R","EMP P8",NA,NA,NA,NA,NA,NA,37.9778,-121.3799
"2328",2003-05-01,"USGS 8.1","EMP USGS 8.1",NA,12.4273554315404,NA,4.34032261536325,NA,4.97094217261615,38.0316,122.1403
"2329",2003-06-01,"C9L","EMP C9",NA,NA,NA,NA,NA,NA,37.8271,-121.5522
"2330",2003-06-01,"D16L","EMP D16",NA,NA,NA,NA,NA,NA,38.093,-121.6697
"2331",2003-06-01,"D24L","EMP D24",NA,NA,NA,NA,NA,NA,38.1547,-121.6814
"2332",2003-06-01,"D28AL","EMP D28A",NA,NA,NA,NA,NA,NA,37.9701,-121.5741
"2333",2003-06-01,"D4L","EMP D4",NA,NA,NA,NA,NA,NA,38.0581,-121.8193
"2334",2003-06-01,"D41C","EMP D41",NA,NA,NA,NA,NA,NA,38.016,-122.3647
"2335",2003-06-01,"D41AC","EMP D41A",NA,5.4,NA,1.78055125626773,NA,2.16,38.0847,-122.3906
"2336",2003-06-01,"D7C","EMP D7",NA,3.43552702366732,NA,0.838573737824845,NA,0.920721242342841,38.1171,-122.0395
"2337",2003-06-01,"P8R","EMP P8",NA,NA,NA,NA,NA,NA,37.9778,-121.3799
"2338",2003-06-01,"USGS 8.1","EMP USGS 8.1",NA,13.7678451769635,NA,4.62843332190338,NA,5.50713807078539,38.0316,122.1403
"2339",2003-07-01,"C9L","EMP C9",NA,NA,NA,NA,NA,NA,37.8271,-121.5522
"2340",2003-07-01,"D16L","EMP D16",NA,NA,NA,NA,NA,NA,38.093,-121.6697
"2341",2003-07-01,"D24L","EMP D24",NA,NA,NA,NA,NA,NA,38.1547,-121.6814
"2342",2003-07-01,"D28AL","EMP D28A",NA,NA,NA,NA,NA,NA,37.9701,-121.5741
"2343",2003-07-01,"D4L","EMP D4",NA,NA,NA,NA,NA,NA,38.0581,-121.8193
"2344",2003-07-01,"D41C","EMP D41",NA,NA,NA,NA,NA,NA,38.016,-122.3647
"2345",2003-07-01,"D41AC","EMP D41A",NA,5.6,NA,1.71213245317106,NA,2.24,38.0847,-122.3906
"2346",2003-07-01,"D7C","EMP D7",NA,3.97502970493284,NA,1.44156232339285,NA,1.065307960922,38.1171,-122.0395
"2347",2003-07-01,"P8R","EMP P8",NA,NA,NA,NA,NA,NA,37.9778,-121.3799
"2348",2003-07-01,"USGS 8.1","EMP USGS 8.1",NA,16.6656888702004,NA,5.49803342637181,NA,6.66627554808017,38.0316,122.1403
"2349",2003-08-01,"C9L","EMP C9",NA,NA,NA,NA,NA,NA,37.8271,-121.5522
"2350",2003-08-01,"D16L","EMP D16",NA,NA,NA,NA,NA,NA,38.093,-121.6697
"2351",2003-08-01,"D24L","EMP D24",NA,NA,NA,NA,NA,NA,38.1547,-121.6814
"2352",2003-08-01,"D28AL","EMP D28A",NA,NA,NA,NA,NA,NA,37.9701,-121.5741
"2353",2003-08-01,"D4L","EMP D4",NA,NA,NA,NA,NA,NA,38.0581,-121.8193
"2354",2003-08-01,"D41C","EMP D41",NA,NA,NA,NA,NA,NA,38.016,-122.3647
"2355",2003-08-01,"D41AC","EMP D41A",NA,14,NA,4.27655992504383,NA,5.6,38.0847,-122.3906
"2356",2003-08-01,"D7C","EMP D7",NA,4.79993720804256,NA,1.71845982191673,NA,1.28638317175541,38.1171,-122.0395
"2357",2003-08-01,"P8R","EMP P8",NA,NA,NA,NA,NA,NA,37.9778,-121.3799
"2358",2003-08-01,"USGS 8.1","EMP USGS 8.1",NA,34.7942933344093,NA,10.43124022867,NA,13.9177173337637,38.0316,122.1403
"2359",2003-09-01,"C9L","EMP C9",NA,NA,NA,NA,NA,NA,37.8271,-121.5522
"2360",2003-09-01,"D16L","EMP D16",NA,NA,NA,NA,NA,NA,38.093,-121.6697
"2361",2003-09-01,"D24L","EMP D24",NA,NA,NA,NA,NA,NA,38.1547,-121.6814
"2362",2003-09-01,"D28AL","EMP D28A",NA,NA,NA,NA,NA,NA,37.9701,-121.5741
"2363",2003-09-01,"D4L","EMP D4",NA,NA,NA,NA,NA,NA,38.0581,-121.8193
"2364",2003-09-01,"D41C","EMP D41",NA,NA,NA,NA,NA,NA,38.016,-122.3647
"2365",2003-09-01,"D41AC","EMP D41A",NA,13,NA,3.8720629364311,NA,5.2,38.0847,-122.3906
"2366",2003-09-01,"D7C","EMP D7",NA,6.62009133358846,NA,2.35488142749397,NA,1.77418447740171,38.1171,-122.0395
"2367",2003-09-01,"P8R","EMP P8",NA,NA,NA,NA,NA,NA,37.9778,-121.3799
"2368",2003-09-01,"USGS 8.1","EMP USGS 8.1",NA,46.3984365293939,NA,13.6641830107655,NA,18.5593746117576,38.0316,122.1403
"2369",2003-10-01,"C9L","EMP C9",NA,NA,NA,NA,NA,NA,37.8271,-121.5522
"2370",2003-10-01,"D16L","EMP D16",NA,NA,NA,NA,NA,NA,38.093,-121.6697
"2371",2003-10-01,"D24L","EMP D24",NA,NA,NA,NA,NA,NA,38.1547,-121.6814
"2372",2003-10-01,"D28AL","EMP D28A",NA,NA,NA,NA,NA,NA,37.9701,-121.5741
"2373",2003-10-01,"D4L","EMP D4",NA,NA,NA,NA,NA,NA,38.0581,-121.8193
"2374",2003-10-01,"D41C","EMP D41",NA,NA,NA,NA,NA,NA,38.016,-122.3647
"2375",2003-10-01,"D41AC","EMP D41A",NA,7,NA,2.52804518022289,NA,2.8,38.0847,-122.3906
"2376",2003-10-01,"D7C","EMP D7",NA,11.7878141588828,NA,3.95308199695434,NA,3.15913419458058,38.1171,-122.0395
"2377",2003-10-01,"P8R","EMP P8",NA,NA,NA,NA,NA,NA,37.9778,-121.3799
"2378",2003-10-01,"USGS 8.1","EMP USGS 8.1",NA,33.3127788793664,NA,10.0721059478987,NA,13.3251115517466,38.0316,122.1403
"2379",2004-01-01,"C9L","EMP C9",NA,NA,NA,NA,NA,NA,37.8271,-121.5522
"2380",2004-01-01,"D16L","EMP D16",NA,NA,NA,NA,NA,NA,38.093,-121.6697
"2381",2004-01-01,"D24L","EMP D24",NA,NA,NA,NA,NA,NA,38.1547,-121.6814
"2382",2004-01-01,"D28AL","EMP D28A",NA,NA,NA,NA,NA,NA,37.9701,-121.5741
"2383",2004-01-01,"D4L","EMP D4",NA,NA,NA,NA,NA,NA,38.0581,-121.8193
"2384",2004-01-01,"D41C","EMP D41",NA,NA,NA,NA,NA,NA,38.016,-122.3647
"2385",2004-01-01,"D41AC","EMP D41A",NA,0.4,NA,0.155610794331545,NA,0.16,38.0847,-122.3906
"2386",2004-01-01,"D7C","EMP D7",NA,2.85,NA,0.691058240392824,NA,0.515565,38.1171,-122.0395
"2387",2004-01-01,"P8R","EMP P8",NA,NA,NA,NA,NA,NA,37.9778,-121.3799
"2388",2004-01-01,"USGS 8.1","EMP USGS 8.1",NA,15.1728328749138,NA,3.29223910451569,NA,4.09666487622674,38.0316,122.1403
"2389",2004-04-01,"C9L","EMP C9",NA,NA,NA,NA,NA,NA,37.8271,-121.5522
"2390",2004-04-01,"D16L","EMP D16",NA,NA,NA,NA,NA,NA,38.093,-121.6697
"2391",2004-04-01,"D24L","EMP D24",NA,NA,NA,NA,NA,NA,38.1547,-121.6814
"2392",2004-04-01,"D28AL","EMP D28A",NA,NA,NA,NA,NA,NA,37.9701,-121.5741
"2393",2004-04-01,"D4L","EMP D4",NA,NA,NA,NA,NA,NA,38.0581,-121.8193
"2394",2004-04-01,"D41C","EMP D41",NA,NA,NA,NA,NA,NA,38.016,-122.3647
"2395",2004-04-01,"D41AC","EMP D41A",NA,0.1,NA,0.0369778418307441,NA,0.04,38.0847,-122.3906
"2396",2004-04-01,"D7C","EMP D7",NA,0.7,NA,0.261851506729208,NA,0.1876,38.1171,-122.0395
"2397",2004-04-01,"P8R","EMP P8",NA,NA,NA,NA,NA,NA,37.9778,-121.3799
"2398",2004-04-01,"USGS 8.1","EMP USGS 8.1",NA,24.4760726039318,NA,5.61811638154986,NA,6.60853960306159,38.0316,122.1403
"2399",2004-07-01,"C9L","EMP C9",1.08057557185695,NA,0.146415919613867,NA,0.161005760206685,NA,37.8271,-121.5522
"2400",2004-07-01,"D16L","EMP D16",0.0129297908064708,NA,0.00153115900684674,NA,0.00155157489677649,NA,38.093,-121.6697
"2401",2004-07-01,"D24L","EMP D24",11.61,NA,1.29091131672244,NA,1.3932,NA,38.1547,-121.6814
"2402",2004-07-01,"D28AL","EMP D28A",0.74,NA,0.105361467599609,NA,0.11026,NA,37.9701,-121.5741
"2403",2004-07-01,"D4L","EMP D4",0.47,1.1944447063614,0.00310876071124615,NA,0.00329,0,38.0581,-121.8193
"2404",2004-07-01,"D41C","EMP D41",NA,0,NA,0,NA,0,38.016,-122.3647
"2405",2004-07-01,"D41AC","EMP D41A",NA,1.12787065609215,NA,0.427367039712974,NA,0.451148262436858,38.0847,-122.3906
"2406",2004-07-01,"D7C","EMP D7",NA,3.72506642305048,NA,1.30399855716008,NA,0.998317801377528,38.1171,-122.0395
"2407",2004-07-01,"P8R","EMP P8",0.208935694003404,NA,0.0368184831008196,NA,0.0390709747786366,NA,37.9778,-121.3799
"2408",2004-07-01,"USGS 8.1","EMP USGS 8.1",NA,9.96654989897343,NA,3.57772617890914,NA,3.98661995958937,38.0316,122.1403
"2409",2004-10-01,"C9L","EMP C9",9.29828398052715,NA,0.678517887577809,NA,0.715967866500591,NA,37.8271,-121.5522
"2410",2004-10-01,"D16L","EMP D16",3.74729903867584,NA,0.27043077831432,NA,0.288542025978039,NA,38.093,-121.6697
"2411",2004-10-01,"D24L","EMP D24",10.86,NA,1.03076085224206,NA,1.16202,NA,38.1547,-121.6814
"2412",2004-10-01,"D28AL","EMP D28A",7.66,NA,0.553575537004076,NA,0.58982,NA,37.9701,-121.5741
"2413",2004-10-01,"D4L","EMP D4",10.65,7.66234014859379,0.664404596412037,NA,0.82005,0,38.0581,-121.8193
"2414",2004-10-01,"D41C","EMP D41",NA,0,NA,0,NA,0,38.016,-122.3647
"2415",2004-10-01,"D41AC","EMP D41A",NA,2.94130113744958,NA,1.10862518120744,NA,1.17652045497983,38.0847,-122.3906
"2416",2004-10-01,"D7C","EMP D7",NA,11.0733513093935,NA,3.84608870405262,NA,2.96765815091746,38.1171,-122.0395
"2417",2004-10-01,"P8R","EMP P8",0.0837392335999788,NA,0.00693108331191645,NA,0.00720157408959817,NA,37.9778,-121.3799
"2418",2004-10-01,"USGS 8.1","EMP USGS 8.1",NA,10.3769688793561,NA,3.72679454190614,NA,4.15078755174244,38.0316,122.1403
"2419",2005-01-01,"C9L","EMP C9",0.0166824344059894,NA,0.000508956146470635,NA,0.000517155466585671,NA,37.8271,-121.5522
"2420",2005-01-01,"D16L","EMP D16",1.91769498715141,NA,0.0559493869044917,NA,0.0594485446016939,NA,38.093,-121.6697
"2421",2005-01-01,"D24L","EMP D24",1.38,NA,0.0409473088443322,NA,0.04278,NA,38.1547,-121.6814
"2422",2005-01-01,"D28AL","EMP D28A",6.67,NA,0.194302116193267,NA,0.20677,NA,37.9701,-121.5741
"2423",2005-01-01,"D4L","EMP D4",18.88,14.5607020043861,0.470392055444843,1.14789212966516,0.58528,1.232,38.0581,-121.8193
"2424",2005-01-01,"D41C","EMP D41",NA,0,NA,0,NA,0,38.016,-122.3647
"2425",2005-01-01,"D41AC","EMP D41A",NA,0.166603268083494,NA,0.0652554235248313,NA,0.0666413072333974,38.0847,-122.3906
"2426",2005-01-01,"D7C","EMP D7",NA,1.80452236522839,NA,0.554701837570387,NA,0.411321785598903,38.1171,-122.0395
"2427",2005-01-01,"P8R","EMP P8",0.0927206282574891,NA,0.00271936485767577,NA,0.00287433947598216,NA,37.9778,-121.3799
"2428",2005-01-01,"USGS 8.1","EMP USGS 8.1",NA,1.5835457264767,NA,0.407177945854661,NA,0.42755734614871,38.0316,122.1403
"2429",2005-04-01,"C9L","EMP C9",NA,NA,NA,NA,NA,NA,37.8271,-121.5522
"2430",2005-04-01,"D16L","EMP D16",0.0144025593745333,NA,0.000782818039424304,NA,0.000792140765599331,NA,38.093,-121.6697
"2431",2005-04-01,"D24L","EMP D24",9.01112320248373,NA,0.422329093148536,NA,0.495611776136605,NA,38.1547,-121.6814
"2432",2005-04-01,"D28AL","EMP D28A",1.54,NA,0.081387842807161,NA,0.0847,NA,37.9701,-121.5741
"2433",2005-04-01,"D4L","EMP D4",15.26,0.0575775481880628,0.830065010879627,NA,0.93086,0,38.0581,-121.8193
"2434",2005-04-01,"D41C","EMP D41",NA,0,NA,NA,NA,0,38.016,-122.3647
"2435",2005-04-01,"D41AC","EMP D41A",NA,0.141974453382074,NA,0.05474421248253,NA,0.0567897813528295,38.0847,-122.3906
"2436",2005-04-01,"D7C","EMP D7",NA,0.394375487336697,NA,0.228286487349461,NA,0.161936117983706,38.1171,-122.0395
"2437",2005-04-01,"P8R","EMP P8",0.611503103599666,NA,0.0287681023585359,NA,0.0299636520763836,NA,37.9778,-121.3799
"2438",2005-04-01,"USGS 8.1","EMP USGS 8.1",NA,6.95080395836153,NA,2.51047248314814,NA,2.78032158334461,38.0316,122.1403
"2439",2005-07-01,"C9L","EMP C9",0.670658128813512,NA,0.108100826531501,NA,0.111999907511856,NA,37.8271,-121.5522
"2440",2005-07-01,"D16L","EMP D16",1.54090234394052,NA,0.198622775669157,NA,0.20648091408803,NA,38.093,-121.6697
"2441",2005-07-01,"D24L","EMP D24",9.15,NA,0.634098734213959,NA,0.70455,NA,38.1547,-121.6814
"2442",2005-07-01,"D28AL","EMP D28A",2.5,NA,0.393254255885375,NA,0.4175,NA,37.9701,-121.5741
"2443",2005-07-01,"D4L","EMP D4",21.07,0.389318275383117,2.41411181028119,0.0426314090165429,2.82338,0.044,38.0581,-121.8193
"2444",2005-07-01,"D41C","EMP D41",NA,0.190654321856388,NA,0.0750645099529963,NA,0.0762617287425553,38.016,-122.3647
"2445",2005-07-01,"D41AC","EMP D41A",NA,1.78466423787874,NA,0.670497654412045,NA,0.713865695151497,38.0847,-122.3906
"2446",2005-07-01,"D7C","EMP D7",NA,2.24160226007185,NA,0.96168383961893,NA,0.710217867255342,38.1171,-122.0395
"2447",2005-07-01,"P8R","EMP P8",1.88120847100563,NA,0.269116089698863,NA,0.280300062179838,NA,37.9778,-121.3799
"2448",2005-07-01,"USGS 8.1","EMP USGS 8.1",NA,20.5524113939936,NA,6.86663788940964,NA,8.22096455759744,38.0316,122.1403
"2449",2005-10-01,"C9L","EMP C9",13.7377093683207,NA,1.00030267747531,NA,1.05780362136069,NA,37.8271,-121.5522
"2450",2005-10-01,"D16L","EMP D16",1.25156730047351,NA,0.0928782852026471,NA,0.0963706821364601,NA,38.093,-121.6697
"2451",2005-10-01,"D24L","EMP D24",8.6320756712138,NA,0.523761749248341,NA,0.595613221313752,NA,38.1547,-121.6814
"2452",2005-10-01,"D28AL","EMP D28A",1.84,NA,0.135610442194132,NA,0.14168,NA,37.9701,-121.5741
"2453",2005-10-01,"D4L","EMP D4",9.36,0.00556189382622409,0.650918277302014,0.0862238818057348,0.72072,0.088,38.0581,-121.8193
"2454",2005-10-01,"D41C","EMP D41",NA,0.101388985050011,NA,0.0400121220237461,NA,0.0405555940200043,38.016,-122.3647
"2455",2005-10-01,"D41AC","EMP D41A",NA,0.909479942366998,NA,0.344503715808254,NA,0.363791976946799,38.0847,-122.3906
"2456",2005-10-01,"D7C","EMP D7",NA,8.94303830000987,NA,3.78367430700987,NA,3.02439715811007,38.1171,-122.0395
"2457",2005-10-01,"P8R","EMP P8",0.0781982397657968,NA,0.00586865302266093,NA,0.00602126446196635,NA,37.9778,-121.3799
"2458",2005-10-01,"USGS 8.1","EMP USGS 8.1",NA,17.1217957912525,NA,5.64727545030043,NA,6.848718316501,38.0316,122.1403
"2459",2005-11-01,"C9L","EMP C9",0.104073816057275,NA,0.00550802458110017,NA,0.00572405988315012,NA,37.8271,-121.5522
"2460",2005-11-01,"D16L","EMP D16",0.0080829922255478,NA,0.000440495167110645,NA,0.000444564572405129,NA,38.093,-121.6697
"2461",2005-11-01,"D24L","EMP D24",4.48,NA,0.195610613613262,NA,0.21952,NA,38.1547,-121.6814
"2462",2005-11-01,"D28AL","EMP D28A",0.31,NA,0.0165124684975801,NA,0.01705,NA,37.9701,-121.5741
"2463",2005-11-01,"D4L","EMP D4",9.13,0.289747767025769,0.443835270557436,0.00395105843484317,0.50215,0.004,38.0581,-121.8193
"2464",2005-11-01,"D41C","EMP D41",NA,0,NA,0,NA,0,38.016,-122.3647
"2465",2005-11-01,"D41AC","EMP D41A",NA,1.05032867794941,NA,0.400774919243682,NA,0.420131471179766,38.0847,-122.3906
"2466",2005-11-01,"D7C","EMP D7",NA,7.71228581708595,NA,3.93273737475205,NA,3.11359520528758,38.1171,-122.0395
"2467",2005-11-01,"P8R","EMP P8",3.47234643591264,NA,0.162303857507562,NA,0.170144975359719,NA,37.9778,-121.3799
"2468",2005-11-01,"USGS 8.1","EMP USGS 8.1",NA,34.2157759942437,NA,10.416403193293,NA,13.6863103976975,38.0316,122.1403
"2469",2005-12-01,"C9L","EMP C9",1.5715224322046,NA,0.046410765459488,NA,0.0487171953983426,NA,37.8271,-121.5522
"2470",2005-12-01,"D16L","EMP D16",0.631821266818117,NA,0.0188821122492001,NA,0.0195864592713616,NA,38.093,-121.6697
"2471",2005-12-01,"D24L","EMP D24",3.91,NA,0.141517309315208,NA,0.1564,NA,38.1547,-121.6814
"2472",2005-12-01,"D28AL","EMP D28A",2.65,NA,0.0783156625003594,NA,0.08215,NA,37.9701,-121.5741
"2473",2005-12-01,"D4L","EMP D4",12.39,0.590648029613566,0.337613268943904,0.014774492621507,0.38409,0.0152,38.0581,-121.8193
"2474",2005-12-01,"D41C","EMP D41",NA,0,NA,0,NA,0,38.016,-122.3647
"2475",2005-12-01,"D41AC","EMP D41A",NA,0.601567149371272,NA,0.231698089571297,NA,0.240626859748509,38.0847,-122.3906
"2476",2005-12-01,"D7C","EMP D7",NA,9.26069142783809,NA,4.51745561724848,NA,3.55114006299392,38.1171,-122.0395
"2477",2005-12-01,"P8R","EMP P8",1.48054292583355,NA,0.043341308521056,NA,0.0458968307008401,NA,37.9778,-121.3799
"2478",2005-12-01,"USGS 8.1","EMP USGS 8.1",NA,8.60410127920649,NA,3.01831932567016,NA,3.4416405116826,38.0316,122.1403
"2479",2006-01-01,"C9L","EMP C9",2.04054578712161,NA,0.0604055071923341,NA,0.0632569194007698,NA,37.8271,-121.5522
"2480",2006-01-01,"D16L","EMP D16",0.0207616598165241,NA,0.000635817840459569,NA,0.000643611454312247,NA,38.093,-121.6697
"2481",2006-01-01,"D24L","EMP D24",2.99991073109332,NA,0.0859145790540151,NA,0.0929972326638929,NA,38.1547,-121.6814
"2482",2006-01-01,"D28AL","EMP D28A",0.144887443356034,NA,0.00428086475600235,NA,0.00449151074403706,NA,37.9701,-121.5741
"2483",2006-01-01,"D4L","EMP D4",4.77039642711164,1.91515584944786,0.129929056522267,0,0.147882289240461,0,38.0581,-121.8193
"2484",2006-01-01,"D41C","EMP D41",NA,0,NA,0,NA,0,38.016,-122.3647
"2485",2006-01-01,"D41AC","EMP D41A",NA,0.238155296249414,NA,0.0929240522911904,NA,0.0952621184997654,38.0847,-122.3906
"2486",2006-01-01,"D7C","EMP D7",NA,0.398337712433462,NA,0.109330546266094,NA,0.0789015841435402,38.1171,-122.0395
"2487",2006-01-01,"P8R","EMP P8",0.187001798891005,NA,0.00551005759149391,NA,0.00579705576562114,NA,37.9778,-121.3799
"2488",2006-01-01,"USGS 8.1","EMP USGS 8.1",NA,4.74954321822716,NA,1.16401031529967,NA,1.28237666892133,38.0316,122.1403
"2489",2006-02-01,"C9L","EMP C9",1.1671149483269,NA,0.0383198805709362,NA,0.0408490231914416,NA,37.8271,-121.5522
"2490",2006-02-01,"D16L","EMP D16",0.350446823771454,NA,0.0119528704531429,NA,0.0122656388320009,NA,38.093,-121.6697
"2491",2006-02-01,"D24L","EMP D24",10.5328096114479,NA,0.348414302481567,NA,0.368648336400678,NA,38.1547,-121.6814
"2492",2006-02-01,"D28AL","EMP D28A",0.531823884932223,NA,0.0177462325183877,NA,0.0186138359726278,NA,37.9701,-121.5741
"2493",2006-02-01,"D4L","EMP D4",4.85979055792682,0.19419473356392,0.151299399952167,0.271518330543575,0.170092669527439,0.28296,38.0581,-121.8193
"2494",2006-02-01,"D41C","EMP D41",NA,0,NA,0,NA,0,38.016,-122.3647
"2495",2006-02-01,"D41AC","EMP D41A",NA,0.168460707861702,NA,0.0656532502898302,NA,0.067384283144681,38.0847,-122.3906
"2496",2006-02-01,"D7C","EMP D7",NA,0.0872634732711641,NA,0.0212093540113699,NA,0.0146556146398059,38.1171,-122.0395
"2497",2006-02-01,"P8R","EMP P8",0.177338256320201,NA,0.00653458550153997,NA,0.00691619199648785,NA,37.9778,-121.3799
"2498",2006-02-01,"USGS 8.1","EMP USGS 8.1",NA,1.32323243864999,NA,0.507518949195538,NA,0.529292975459998,38.0316,122.1403
"2499",2006-03-01,"C9L","EMP C9",12.1027728751162,NA,0.42739427061281,NA,0.472008142129531,NA,37.8271,-121.5522
"2500",2006-03-01,"D16L","EMP D16",2.14397219896172,NA,0.0713570032900364,NA,0.0750390269636602,NA,38.093,-121.6697
"2501",2006-03-01,"D24L","EMP D24",1.9541865599943,NA,0.058550417129048,NA,0.0605797833598233,NA,38.1547,-121.6814
"2502",2006-03-01,"D28AL","EMP D28A",0.331737399079554,NA,0.0120358362446234,NA,0.0129377585641026,NA,37.9701,-121.5741
"2503",2006-03-01,"D4L","EMP D4",10.2074223322519,1.30247033496817,0.315329002975968,NA,0.357259781628817,NA,38.0581,-121.8193
"2504",2006-03-01,"D41C","EMP D41",NA,0,NA,0,NA,0,38.016,-122.3647
"2505",2006-03-01,"D41AC","EMP D41A",NA,NA,NA,NA,NA,NA,38.0847,-122.3906
"2506",2006-03-01,"P8R","EMP P8",0.322774453969485,NA,0.0106269313258619,NA,0.011297105888932,NA,37.9778,-121.3799
"2507",2006-03-01,"USGS 8.1","EMP USGS 8.1",NA,3.51768455198584,NA,1.31191290058602,NA,1.40707382079434,38.0316,122.1403
"2508",2006-04-01,"C9L","EMP C9",4.80293508589796,NA,0.269992649898248,NA,0.292979040239776,NA,37.8271,-121.5522
"2509",2006-04-01,"D16L","EMP D16",2.50887633930424,NA,0.116114543800871,NA,0.122934940625908,NA,38.093,-121.6697
"2510",2006-04-01,"D24L","EMP D24",4.38977894477694,NA,0.146639057256273,NA,0.153642263067193,NA,38.1547,-121.6814
"2511",2006-04-01,"D28AL","EMP D28A",0.413923292640083,NA,0.023237741750292,NA,0.025249320851045,NA,37.9701,-121.5741
"2512",2006-04-01,"D4L","EMP D4",10.0580416795712,0.340776131809287,0.490704960644738,NA,0.553192292376413,0,38.0581,-121.8193
"2513",2006-04-01,"D41C","EMP D41",NA,1.83442459233204,NA,0.655229038523018,NA,0.733769836932814,38.016,-122.3647
"2514",2006-04-01,"D41AC","EMP D41A",NA,0.362146232742579,NA,0.139621609800219,NA,0.144858493097032,38.0847,-122.3906
"2515",2006-04-01,"D7C","EMP D7",NA,0.390660611821967,NA,0.148194531576664,NA,0.104697043968287,38.1171,-122.0395
"2516",2006-04-01,"P8R","EMP P8",5.25696688054379,NA,0.27137901217088,NA,0.289133178429909,NA,37.9778,-121.3799
"2517",2006-04-01,"USGS 8.1","EMP USGS 8.1",NA,2.53186003013975,NA,0.948858694114907,NA,1.0127440120559,38.0316,122.1403
"2518",2006-05-01,"C9L","EMP C9",12.2011267916344,NA,1.08508713997715,NA,1.1713081719969,NA,37.8271,-121.5522
"2519",2006-05-01,"D16L","EMP D16",0.0558973008158734,NA,0.00527682727059879,NA,0.00536614087832385,NA,38.093,-121.6697
"2520",2006-05-01,"D24L","EMP D24",37.260699695146,NA,2.12370281444344,NA,2.57098827896507,NA,38.1547,-121.6814
"2521",2006-05-01,"D28AL","EMP D28A",0.708326810355472,NA,0.0616669323377332,NA,0.0679993737941253,NA,37.9701,-121.5741
"2522",2006-05-01,"D4L","EMP D4",57.448271998422,0.252000456188875,3.90988001843077,0.0274348714836429,4.94055139186429,0.028,38.0581,-121.8193
"2523",2006-05-01,"D41C","EMP D41",NA,8.79488200873272,NA,3.03684685237427,NA,3.51795280349309,38.016,-122.3647
"2524",2006-05-01,"D41AC","EMP D41A",NA,1.34331273716206,NA,0.508087359348535,NA,0.537325094864823,38.0847,-122.3906
"2525",2006-05-01,"D7C","EMP D7",NA,0.946944428033458,NA,0.360244735727605,NA,0.253781106712967,38.1171,-122.0395
"2526",2006-05-01,"P8R","EMP P8",0.0602365297718092,NA,0.00555197685445574,NA,0.00578270685809368,NA,37.9778,-121.3799
"2527",2006-05-01,"USGS 8.1","EMP USGS 8.1",NA,0.687223892213999,NA,0.267088167369013,NA,0.2748895568856,38.0316,122.1403
"2528",2006-06-01,"C9L","EMP C9",2.81617232897754,NA,0.386412670389645,NA,0.419609677017653,NA,37.8271,-121.5522
"2529",2006-06-01,"D16L","EMP D16",0.000347485232523133,NA,4.63477458533642e-05,NA,4.65630211580998e-05,NA,38.093,-121.6697
"2530",2006-06-01,"D24L","EMP D24",10.3417560768254,NA,0.788146627732748,NA,0.848023998299681,NA,38.1547,-121.6814
"2531",2006-06-01,"D28AL","EMP D28A",7.70412421111218,NA,0.931335344512456,NA,1.14791450745571,NA,37.9701,-121.5741
"2532",2006-06-01,"D4L","EMP D4",10.6163115289852,0.194174658985629,1.24560996891657,0.00395963367740306,1.45443467947097,0.004,38.0581,-121.8193
"2533",2006-06-01,"D41C","EMP D41",NA,20.4885800981159,NA,6.69864917995804,NA,8.19543203924636,38.016,-122.3647
"2534",2006-06-01,"D41AC","EMP D41A",NA,1.47149765159493,NA,0.557803125789113,NA,0.588599060637972,38.0847,-122.3906
"2535",2006-06-01,"D7C","EMP D7",NA,0.719448631008997,NA,0.273474433991042,NA,0.192812233110411,38.1171,-122.0395
"2536",2006-06-01,"P8R","EMP P8",0.0484725346597477,NA,0.00565995720241974,NA,0.00581670415916972,NA,37.9778,-121.3799
"2537",2006-06-01,"USGS 8.1","EMP USGS 8.1",NA,NA,NA,NA,NA,NA,38.0316,122.1403
"2538",2006-07-01,"C9L","EMP C9",5.51621643041128,NA,0.858927183152623,NA,0.921208143878683,NA,37.8271,-121.5522
"2539",2006-07-01,"D16L","EMP D16",0.636669713522491,NA,0.0821900001952841,NA,0.0853137416120139,NA,38.093,-121.6697
"2540",2006-07-01,"D24L","EMP D24",15.5167517267681,NA,1.34149101232177,NA,1.47409141404297,NA,38.1547,-121.6814
"2541",2006-07-01,"D28AL","EMP D28A",0.630927242310199,NA,0.100482800120452,NA,0.105364849465803,NA,37.9701,-121.5741
"2542",2006-07-01,"D4L","EMP D4",26.9839273900828,0.530082737466816,3.09657878534006,0.131703536352766,4.02060518112234,0.136,38.0581,-121.8193
"2543",2006-07-01,"D41C","EMP D41",NA,42.6859461735987,NA,12.9010325620116,NA,17.0743784694395,38.016,-122.3647
"2544",2006-07-01,"D41AC","EMP D41A",NA,3.39379275445196,NA,1.26243959143527,NA,1.35751710178078,38.0847,-122.3906
"2545",2006-07-01,"D7C","EMP D7",NA,2.93030653061564,NA,1.0868298664116,NA,0.785322150204991,38.1171,-122.0395
"2546",2006-07-01,"P8R","EMP P8",1.57863181629694,NA,0.226603760178384,NA,0.235216140628245,NA,37.9778,-121.3799
"2547",2006-07-01,"USGS 8.1","EMP USGS 8.1",NA,0.940880190511665,NA,0.365284850563369,NA,0.376352076204666,38.0316,122.1403
"2548",2006-08-01,"C9L","EMP C9",0.019587462585862,NA,0.00259293675159076,NA,0.00262471998650551,NA,37.8271,-121.5522
"2549",2006-08-01,"D16L","EMP D16",0.344845142574876,NA,0.0402691303408065,NA,0.0413814171089851,NA,38.093,-121.6697
"2550",2006-08-01,"D24L","EMP D24",37.5717246805432,NA,3.66961295809214,NA,4.02017454081812,NA,38.1547,-121.6814
"2551",2006-08-01,"D28AL","EMP D28A",0.631626615826802,NA,0.0802805495059602,NA,0.0846379665207915,NA,37.9701,-121.5741
"2552",2006-08-01,"D4L","EMP D4",11.4335035733105,NA,1.00789460340672,0,1.22338488234423,0,38.0581,-121.8193
"2553",2006-08-01,"D41C","EMP D41",NA,39.2371217847903,NA,12.1193550724299,NA,15.6948487139161,38.016,-122.3647
"2554",2006-08-01,"D41AC","EMP D41A",NA,3.90495367424228,NA,1.44859472836724,NA,1.56198146969691,38.0847,-122.3906
"2555",2006-08-01,"D7C","EMP D7",NA,3.31367285442556,NA,1.07967240580631,NA,0.88806432498605,38.1171,-122.0395
"2556",2006-08-01,"P8R","EMP P8",1.04044392855025,NA,0.12947929746186,NA,0.139419486425734,NA,37.9778,-121.3799
"2557",2006-08-01,"USGS 8.1","EMP USGS 8.1",NA,1.36259335501149,NA,0.507536744883594,NA,0.545037342004595,38.0316,122.1403
"2558",2006-09-01,"C9L","EMP C9",0.229648352731758,NA,0.0270858754658271,NA,0.027557802327811,NA,37.8271,-121.5522
"2559",2006-09-01,"D16L","EMP D16",0.0550464525605505,NA,0.00649328148687532,NA,0.00660557430726606,NA,38.093,-121.6697
"2560",2006-09-01,"D24L","EMP D24",9.26733622380996,NA,0.77959962760427,NA,0.889664277485756,NA,38.1547,-121.6814
"2561",2006-09-01,"D28AL","EMP D28A",23.6971966921542,NA,2.40453732506168,NA,2.84366360305851,NA,37.9701,-121.5741
"2562",2006-09-01,"D4L","EMP D4",3.47500174942511,0,0.334258770108135,0,0.371825187188487,0,38.0581,-121.8193
"2563",2006-09-01,"D41C","EMP D41",NA,25.5277020394976,NA,8.40263181054183,NA,10.211080815799,38.016,-122.3647
"2564",2006-09-01,"D41AC","EMP D41A",NA,3.89285975725019,NA,1.44751287410707,NA,1.55714390290008,38.0847,-122.3906
"2565",2006-09-01,"D7C","EMP D7",NA,4.24528098717251,NA,1.33105276231287,NA,1.13773530456223,38.1171,-122.0395
"2566",2006-09-01,"P8R","EMP P8",0.0259331566465165,NA,0.00340391487895816,NA,0.00347504299063321,NA,37.9778,-121.3799
"2567",2006-09-01,"USGS 8.1","EMP USGS 8.1",NA,4.03741319789729,NA,1.4127525364655,NA,1.61496527915891,38.0316,122.1403
"2568",2006-10-01,"C9L","EMP C9",0.00863874356991345,NA,0.000654754239939392,NA,0.000665183254883336,NA,37.8271,-121.5522
"2569",2006-10-01,"D16L","EMP D16",0.00331137670430904,NA,0.000252954728268179,NA,0.000254976006231796,NA,38.093,-121.6697
"2570",2006-10-01,"D24L","EMP D24",17.0593260759394,NA,0.975535478737743,NA,1.04061889063231,NA,38.1547,-121.6814
"2571",2006-10-01,"D28AL","EMP D28A",0.71410908774253,NA,0.0532068653598683,NA,0.0549863997561748,NA,37.9701,-121.5741
"2572",2006-10-01,"D4L","EMP D4",4.01196304492953,0.154718874270208,0.225106839436678,0.164206493425319,0.276825450100138,0.172,38.0581,-121.8193
"2573",2006-10-01,"D41C","EMP D41",NA,10.7520365013585,NA,3.78513969620295,NA,4.30081460054339,38.016,-122.3647
"2574",2006-10-01,"D41AC","EMP D41A",NA,6.75308962580026,NA,2.45786473973447,NA,2.70123585032011,38.0847,-122.3906
"2575",2006-10-01,"D7C","EMP D7",NA,5.26601459621795,NA,1.64849379895645,NA,1.41129191178641,38.1171,-122.0395
"2576",2006-10-01,"P8R","EMP P8",0.306325215970784,NA,0.0256340584956125,NA,0.0263439685734874,NA,37.9778,-121.3799
"2577",2006-10-01,"USGS 8.1","EMP USGS 8.1",NA,1.18828840558682,NA,0.437810070542057,NA,0.475315362234727,38.0316,122.1403
"2578",2006-11-01,"C9L","EMP C9",0.00109411458597863,NA,7.50664315616974e-05,NA,7.54939064325254e-05,NA,37.8271,-121.5522
"2579",2006-11-01,"D16L","EMP D16",2.05730816527396,NA,0.120762226999678,NA,0.125495798081712,NA,38.093,-121.6697
"2580",2006-11-01,"D24L","EMP D24",11.9837726985563,NA,0.514544720068978,NA,0.587204862229261,NA,38.1547,-121.6814
"2581",2006-11-01,"D28AL","EMP D28A",11.4701154798077,NA,0.710236432578981,NA,0.791437968106731,NA,37.9701,-121.5741
"2582",2006-11-01,"D4L","EMP D4",NA,0.328502316145437,NA,0,NA,0,38.0581,-121.8193
"2583",2006-11-01,"D41C","EMP D41",NA,9.05231342070291,NA,2.176312797718,NA,2.44412462358979,38.016,-122.3647
"2584",2006-11-01,"D41AC","EMP D41A",NA,3.30235242868144,NA,1.20392737062356,NA,1.32094097147258,38.0847,-122.3906
"2585",2006-11-01,"D7C","EMP D7",NA,7.09004514002231,NA,2.3051748659488,NA,1.90013209752598,38.1171,-122.0395
"2586",2006-11-01,"P8R","EMP P8",0.0674116250354956,NA,0.00393028600150389,NA,0.00411210912716523,NA,37.9778,-121.3799
"2587",2006-11-01,"USGS 8.1","EMP USGS 8.1",NA,8.4747406754985,NA,2.70645865627806,NA,3.3898962701994,38.0316,122.1403
"2588",2006-12-01,"C9L","EMP C9",0.0070089712576294,NA,0.000215031879951237,NA,0.000217278108986511,NA,37.8271,-121.5522
"2589",2006-12-01,"D16L","EMP D16",0.0130934461848777,NA,0.000450643197996351,NA,0.000458270616470718,NA,38.093,-121.6697
"2590",2006-12-01,"D24L","EMP D24",57.44329726874,NA,1.67824313581866,NA,1.78074221533094,NA,38.1547,-121.6814
"2591",2006-12-01,"D28AL","EMP D28A",1.47509191676273,NA,0.0435328054754712,NA,0.0457278494196448,NA,37.9701,-121.5741
"2592",2006-12-01,"D4L","EMP D4",18.4519823458318,0.590209882270387,0.519047817444765,1.39316683636731,0.645819382104113,1.532,38.0581,-121.8193
"2593",2006-12-01,"D41C","EMP D41",NA,9.15487363181676,NA,3.27902788893501,NA,3.6619494527267,38.016,-122.3647
"2594",2006-12-01,"D41AC","EMP D41A",NA,0.799113625057108,NA,0.303042748208915,NA,0.319645450022843,38.0847,-122.3906
"2595",2006-12-01,"D7C","EMP D7",NA,8.06505202279988,NA,2.62534890203801,NA,2.16143394211037,38.1171,-122.0395
"2596",2006-12-01,"P8R","EMP P8",0.333647102892136,NA,0.00988605959230315,NA,0.0103430601896562,NA,37.9778,-121.3799
"2597",2006-12-01,"USGS 8.1","EMP USGS 8.1",NA,18.7744917628078,NA,5.54351450559949,NA,7.50979670512312,38.0316,122.1403
"2598",2007-01-01,"C9L","EMP C9",6.34840189428011,NA,0.188307908937699,NA,0.196800458722683,NA,37.8271,-121.5522
"2599",2007-01-01,"D16L","EMP D16",3.02330616986822,NA,0.08821964799964,NA,0.0937224912659147,NA,38.093,-121.6697
"2600",2007-01-01,"D24L","EMP D24",46.5073121757043,NA,1.17073947841466,NA,1.44172667744683,NA,38.1547,-121.6814
"2601",2007-01-01,"D28AL","EMP D28A",0.365878877182471,NA,0.0107262296976413,NA,0.0113422451926566,NA,37.9701,-121.5741
"2602",2007-01-01,"D4L","EMP D4",15.584241080659,0.00100398182938534,0.402069959414216,0.102328980505679,0.48311147350043,0.104,38.0581,-121.8193
"2603",2007-01-01,"D41C","EMP D41",NA,0.459607840540659,NA,0.179245495777324,NA,0.183843136216264,38.016,-122.3647
"2604",2007-01-01,"D41AC","EMP D41A",NA,0.627532431183737,NA,0.160440073882364,NA,0.169433756419609,38.0847,-122.3906
"2605",2007-01-01,"D6R","EMP D6",NA,7.80873927845051,NA,1.67270689733728,NA,2.10835960518164,38.0577,-122.1149
"2606",2007-01-01,"D7C","EMP D7",NA,1.44912081545014,NA,0.349953983121358,NA,0.26214595551493,38.1171,-122.0395
"2607",2007-01-01,"P8R","EMP P8",3.82167387051443,NA,0.111743025581347,NA,0.118471889985947,NA,37.9778,-121.3799
"2608",2007-01-01,"USGS 8.1","EMP USGS 8.1",NA,7.80895624784883,NA,1.73010113691519,NA,2.10841818691918,38.0316,122.1403
"2609",2007-02-01,"C9L","EMP C9",0.0524123159067379,NA,0.00154283695789578,NA,0.00162478179310887,NA,37.8271,-121.5522
"2610",2007-02-01,"D16L","EMP D16",0.402807936997686,NA,0.0120123822347333,NA,0.0124870460469283,NA,38.093,-121.6697
"2611",2007-02-01,"D24L","EMP D24",8.18907253000699,NA,0.240113659780367,NA,0.253861248430217,NA,38.1547,-121.6814
"2612",2007-02-01,"D28AL","EMP D28A",2.33275557433411,NA,0.0676230224601105,NA,0.0723154228043573,NA,37.9701,-121.5741
"2613",2007-02-01,"D4L","EMP D4",6.0810881565113,0.250094079382176,0.185005894299851,0.155963367740306,0.212838085477895,0.16,38.0581,-121.8193
"2614",2007-02-01,"D41C","EMP D41",NA,1.26314154073422,NA,0.484270701385333,NA,0.505256616293689,38.016,-122.3647
"2615",2007-02-01,"D41AC","EMP D41A",NA,0.220312662319645,NA,0.085001871515317,NA,0.0881250649278582,38.0847,-122.3906
"2616",2007-02-01,"D6R","EMP D6",NA,9.80404073211882,NA,3.27208072533886,NA,3.92161629284753,38.0577,-122.1149
"2617",2007-02-01,"D7C","EMP D7",NA,0.821158272502557,NA,0.299308296832005,NA,0.220070417030685,38.1171,-122.0395
"2618",2007-02-01,"P8R","EMP P8",0.0988989101439156,NA,0.00292807479770448,NA,0.00306586621446138,NA,37.9778,-121.3799
"2619",2007-02-01,"USGS 8.1","EMP USGS 8.1",NA,9.60328860454866,NA,1.98448170356961,NA,2.59288792322814,38.0316,122.1403
"2620",2007-03-01,"C9L","EMP C9",0.312360304772159,NA,0.0115815483915331,NA,0.0121820518861142,NA,37.8271,-121.5522
"2621",2007-03-01,"D16L","EMP D16",0.0533575927903609,NA,0.002050951245683,NA,0.00208094611882408,NA,38.093,-121.6697
"2622",2007-03-01,"D24L","EMP D24",34.5172003032212,NA,1.09614790713455,NA,1.20810201061274,NA,38.1547,-121.6814
"2623",2007-03-01,"D28AL","EMP D28A",10.2930130896855,NA,0.365521575551276,NA,0.401427510497734,NA,37.9701,-121.5741
"2624",2007-03-01,"D4L","EMP D4",12.3411031682325,0,0.519369897029492,0,0.604714055243393,0,38.0581,-121.8193
"2625",2007-03-01,"D41C","EMP D41",NA,0.415237230717173,NA,0.162163948644675,NA,0.166094892286869,38.016,-122.3647
"2626",2007-03-01,"D41AC","EMP D41A",NA,0.223220900786651,NA,0.0864275813150492,NA,0.0892883603146605,38.0847,-122.3906
"2627",2007-03-01,"D6R","EMP D6",NA,14.3409239235182,NA,4.67259650811157,NA,5.73636956940726,38.0577,-122.1149
"2628",2007-03-01,"D7C","EMP D7",NA,0.49403480484143,NA,0.183618167905079,NA,0.132401327697503,38.1171,-122.0395
"2629",2007-03-01,"P8R","EMP P8",0.0561649566482505,NA,0.00266391189988744,NA,0.00275208287576428,NA,37.9778,-121.3799
"2630",2007-03-01,"USGS 8.1","EMP USGS 8.1",NA,26.7062891733168,NA,7.2895850954453,NA,10.6825156693267,38.0316,122.1403
"2631",2007-04-01,"C9L","EMP C9",2.31667810850557,NA,0.15262556474671,NA,0.159850789486884,NA,37.8271,-121.5522
"2632",2007-04-01,"D16L","EMP D16",0.19729580171917,NA,0.011711172622043,NA,0.0120350439048694,NA,38.093,-121.6697
"2633",2007-04-01,"D24L","EMP D24",96.1125671619505,NA,3.93457174973186,NA,5.28619119390727,NA,38.1547,-121.6814
"2634",2007-04-01,"D28AL","EMP D28A",5.96547373308135,NA,0.379315361769851,NA,0.411617687582613,NA,37.9701,-121.5741
"2635",2007-04-01,"D4L","EMP D4",17.1262477418876,0.481033978646611,0.838656282147318,0.00364286298321082,1.04470111225514,0.00368,38.0581,-121.8193
"2636",2007-04-01,"D41C","EMP D41",NA,0.000737524770287808,NA,0.000294062595515616,NA,0.000295009908115123,38.016,-122.3647
"2637",2007-04-01,"D41AC","EMP D41A",NA,0.107035335363046,NA,0.0416167680104175,NA,0.0428141341452182,38.0847,-122.3906
"2638",2007-04-01,"D6R","EMP D6",NA,21.2332950184367,NA,6.80073183820859,NA,8.49331800737468,38.0577,-122.1149
"2639",2007-04-01,"D7C","EMP D7",NA,0.925261904241112,NA,0.341417337038106,NA,0.247970190336618,38.1171,-122.0395
"2640",2007-04-01,"P8R","EMP P8",6.3445136231228,NA,0.469676572300012,NA,0.488527548980456,NA,37.9778,-121.3799
"2641",2007-04-01,"USGS 8.1","EMP USGS 8.1",NA,70.5623364629645,NA,17.805822006381,NA,28.2249345851858,38.0316,122.1403
"2642",2007-05-01,"C9L","EMP C9",1.10774976976437,NA,0.0910987295641543,NA,0.0952664801997355,NA,37.8271,-121.5522
"2643",2007-05-01,"D16L","EMP D16",0.209076616807107,NA,0.0158011786497249,NA,0.0160988994941472,NA,38.093,-121.6697
"2644",2007-05-01,"D24L","EMP D24",21.6773934494415,NA,1.37831078067394,NA,1.49574014801146,NA,38.1547,-121.6814
"2645",2007-05-01,"D28AL","EMP D28A",13.9115609397905,NA,1.02626016500968,NA,1.19639424082198,NA,37.9701,-121.5741
"2646",2007-05-01,"D4L","EMP D4",37.6879083123166,0.972583166594838,2.31583620541219,0,3.24116011485922,0,38.0581,-121.8193
"2647",2007-05-01,"D41C","EMP D41",NA,0.0152858761470099,NA,0.00607732838234033,NA,0.00611435045880396,38.016,-122.3647
"2648",2007-05-01,"D41AC","EMP D41A",NA,1.3839370445443,NA,0.515412133787211,NA,0.553574817817719,38.0847,-122.3906
"2649",2007-05-01,"D6R","EMP D6",NA,20.4681823950959,NA,6.57852235728113,NA,8.18727295803835,38.0577,-122.1149
"2650",2007-05-01,"D7C","EMP D7",NA,0.647693639421148,NA,0.238949421601019,NA,0.173581895364868,38.1171,-122.0395
"2651",2007-05-01,"P8R","EMP P8",1.89274486419113,NA,0.125902921696198,NA,0.130599395629188,NA,37.9778,-121.3799
"2652",2007-05-01,"USGS 8.1","EMP USGS 8.1",NA,NA,NA,NA,NA,NA,38.0316,122.1403
"2653",2007-06-01,"C9L","EMP C9",0.141898562211253,NA,0.0131952040594493,NA,0.0136222619722803,NA,37.8271,-121.5522
"2654",2007-06-01,"D16L","EMP D16",1.89689315671879,NA,0.154772258868428,NA,0.163132811477816,NA,38.093,-121.6697
"2655",2007-06-01,"D24L","EMP D24",43.5031280504601,NA,3.21365410015417,NA,3.56725650013773,NA,38.1547,-121.6814
"2656",2007-06-01,"D28AL","EMP D28A",2.14716852244399,NA,0.199266617244379,NA,0.206128178154623,NA,37.9701,-121.5741
"2657",2007-06-01,"D4L","EMP D4",11.696230203035,0.841861299585068,0.827350808407208,0,1.00587579746101,0,38.0581,-121.8193
"2658",2007-06-01,"D41C","EMP D41",NA,0.0828028255746148,NA,0.0327868856729376,NA,0.0331211302298459,38.016,-122.3647
"2659",2007-06-01,"D41AC","EMP D41A",NA,3.19610785789475,NA,1.18286740412249,NA,1.2784431431579,38.0847,-122.3906
"2660",2007-06-01,"D6R","EMP D6",NA,13.020324490969,NA,4.31074460930337,NA,5.20812979638758,38.0577,-122.1149
"2661",2007-06-01,"D7C","EMP D7",NA,1.3262704336438,NA,0.471154763481548,NA,0.355440476216537,38.1171,-122.0395
"2662",2007-06-01,"P8R","EMP P8",2.00893863263077,NA,0.201494063021129,NA,0.214956433691493,NA,37.9778,-121.3799
"2663",2007-06-01,"USGS 8.1","EMP USGS 8.1",NA,NA,NA,NA,NA,NA,38.0316,122.1403
"2664",2007-07-01,"C9L","EMP C9",5.54387563686905,NA,0.636160831790873,NA,0.665265076424286,NA,37.8271,-121.5522
"2665",2007-07-01,"D16L","EMP D16",0.0342562474346707,NA,0.00405023050697821,NA,0.00411074969216049,NA,38.093,-121.6697
"2666",2007-07-01,"D24L","EMP D24",48.1779397129257,NA,3.96373300632859,NA,4.57690427272794,NA,38.1547,-121.6814
"2667",2007-07-01,"D28AL","EMP D28A",3.05483977337618,NA,0.343542899215668,NA,0.366580772805141,NA,37.9701,-121.5741
"2668",2007-07-01,"D4L","EMP D4",16.0800935579671,0.231929995262621,1.37946883947992,0.271208663464524,1.72057001070248,0.28,38.0581,-121.8193
"2669",2007-07-01,"D41C","EMP D41",NA,0.120886257750101,NA,0.0477568602204668,NA,0.0483545031000405,38.016,-122.3647
"2670",2007-07-01,"D41AC","EMP D41A",NA,3.54924579864264,NA,1.32833443591626,NA,1.41969831945705,38.0847,-122.3906
"2671",2007-07-01,"D6R","EMP D6",NA,38.8946992800131,NA,12.0131214416791,NA,15.5578797120052,38.0577,-122.1149
"2672",2007-07-01,"D7C","EMP D7",NA,2.27784343748874,NA,0.797132278069631,NA,0.610462041246982,38.1171,-122.0395
"2673",2007-07-01,"P8R","EMP P8",2.2890717917953,NA,0.361352661385801,NA,0.382274989229816,NA,37.9778,-121.3799
"2674",2007-07-01,"USGS 8.1","EMP USGS 8.1",NA,51.5089452361734,NA,14.8650921501961,NA,20.6035780944694,38.0316,122.1403
"2675",2007-08-01,"C9L","EMP C9",0.588585311252439,NA,0.0756615777498033,NA,0.0788704317078269,NA,37.8271,-121.5522
"2676",2007-08-01,"D16L","EMP D16",NA,NA,NA,NA,NA,NA,38.093,-121.6697
"2677",2007-08-01,"D24L","EMP D24",46.5019011350859,NA,4.39977950630951,NA,4.97570342145419,NA,38.1547,-121.6814
"2678",2007-08-01,"D28AL","EMP D28A",8.49311645020894,NA,1.01340339739742,NA,1.138077604328,NA,37.9701,-121.5741
"2679",2007-08-01,"D4L","EMP D4",6.3301650609746,0.292294908097527,0.653119999623209,0.0903587602247082,0.759619807316952,0.092,38.0581,-121.8193
"2680",2007-08-01,"D41C","EMP D41",NA,0.111074094823774,NA,0.0439857789531602,NA,0.0444296379295098,38.016,-122.3647
"2681",2007-08-01,"D41AC","EMP D41A",NA,0.308086972170886,NA,0.121224354385358,NA,0.123234788868354,38.0847,-122.3906
"2682",2007-08-01,"D6R","EMP D6",NA,15.6549849369626,NA,5.27446666083886,NA,6.26199397478502,38.0577,-122.1149
"2683",2007-08-01,"D7C","EMP D7",NA,3.4894352619896,NA,1.15924764554022,NA,0.935168650213213,38.1171,-122.0395
"2684",2007-08-01,"P8R","EMP P8",1.35910258945942,NA,0.194919776272879,NA,0.202506285829453,NA,37.9778,-121.3799
"2685",2007-08-01,"USGS 8.1","EMP USGS 8.1",NA,31.927851062027,NA,9.80454369064886,NA,12.7711404248108,38.0316,122.1403
"2686",2007-09-01,"C9L","EMP C9",0.258031525288535,NA,0.0265968523770119,NA,0.0276093732058732,NA,37.8271,-121.5522
"2687",2007-09-01,"D16L","EMP D16",0.00612913838855393,NA,0.000650360118732113,NA,0.000655817807575271,NA,38.093,-121.6697
"2688",2007-09-01,"D24L","EMP D24",22.8679631247662,NA,1.77475088290508,NA,2.19532445997755,NA,38.1547,-121.6814
"2689",2007-09-01,"D28AL","EMP D28A",2.97039383116678,NA,0.301208660648554,NA,0.317832139934846,NA,37.9701,-121.5741
"2690",2007-09-01,"D4L","EMP D4",8.31753558935928,0.28535126425786,0.680277230398418,0,0.798483416578491,0,38.0581,-121.8193
"2691",2007-09-01,"D41C","EMP D41",NA,0,NA,0,NA,0,38.016,-122.3647
"2692",2007-09-01,"D41AC","EMP D41A",NA,0.00473788613567927,NA,0.00187944157794374,NA,0.00189515445427171,38.0847,-122.3906
"2693",2007-09-01,"D6R","EMP D6",NA,6.77361196977006,NA,2.31639578630497,NA,2.70944478790803,38.0577,-122.1149
"2694",2007-09-01,"D7C","EMP D7",NA,5.81714015386852,NA,1.9336885302065,NA,1.55899356123676,38.1171,-122.0395
"2695",2007-09-01,"P8R","EMP P8",1.02934331946344,NA,0.145844467851584,NA,0.153372154600053,NA,37.9778,-121.3799
"2696",2007-09-01,"USGS 8.1","EMP USGS 8.1",NA,31.0805983020858,NA,9.53058094126862,NA,12.4322393208343,38.0316,122.1403
"2697",2007-10-01,"C9L","EMP C9",2.94268060775748,NA,0.217810467793182,NA,0.226586406797326,NA,37.8271,-121.5522
"2698",2007-10-01,"D16L","EMP D16",0.0421644428693319,NA,0.00286255783372947,NA,0.0029093465579839,NA,38.093,-121.6697
"2699",2007-10-01,"D24L","EMP D24",42.8738941821186,NA,1.98812969446248,NA,2.61530754510924,NA,38.1547,-121.6814
"2700",2007-10-01,"D28AL","EMP D28A",14.7270554983923,NA,0.987178594154528,NA,1.1339832733762,NA,37.9701,-121.5741
"2701",2007-10-01,"D4L","EMP D4",10.4756883825616,0.00961422377638096,0.601802000186306,0.271208663464524,0.722822498396748,0.28,38.0581,-121.8193
"2702",2007-10-01,"D41C","EMP D41",NA,0,NA,0,NA,0,38.016,-122.3647
"2703",2007-10-01,"D41AC","EMP D41A",NA,0,NA,0,NA,0,38.0847,-122.3906
"2704",2007-10-01,"D6R","EMP D6",NA,2.23691786624557,NA,0.812960630201288,NA,0.894767146498227,38.0577,-122.1149
"2705",2007-10-01,"D7C","EMP D7",NA,8.1,NA,2.6323370850046,NA,2.17981547720441,38.1171,-122.0395
"2706",2007-10-01,"P8R","EMP P8",1.98511552448527,NA,0.146870763570124,NA,0.152853895385366,NA,37.9778,-121.3799
"2707",2007-10-01,"USGS 8.1","EMP USGS 8.1",NA,29.6405725215554,NA,9.36793626526553,NA,11.8562290086222,38.0316,122.1403
"2708",2007-11-01,"C9L","EMP C9",0.135189208547057,NA,0.00721486236209574,NA,0.00743540647008812,NA,37.8271,-121.5522
"2709",2007-11-01,"D16L","EMP D16",13.8911069598085,NA,0.703654856726067,NA,0.847357524548319,NA,38.093,-121.6697
"2710",2007-11-01,"D24L","EMP D24",7.6962059465046,NA,0.381107038487082,NA,0.423291327057753,NA,38.1547,-121.6814
"2711",2007-11-01,"D28AL","EMP D28A",1.74651471566161,NA,0.0910843065878263,NA,0.0960583093613888,NA,37.9701,-121.5741
"2712",2007-11-01,"D4L","EMP D4",6.41307071269386,0.00324843608836302,0.33586397805383,0,0.391197313474325,0,38.0581,-121.8193
"2713",2007-11-01,"D41C","EMP D41",NA,0,NA,0,NA,0,38.016,-122.3647
"2714",2007-11-01,"D41AC","EMP D41A",NA,0,NA,0,NA,0,38.0847,-122.3906
"2715",2007-11-01,"D6R","EMP D6",NA,8.17070395684205,NA,2.65306102154464,NA,3.26828158273682,38.0577,-122.1149
"2716",2007-11-01,"D7C","EMP D7",NA,4.44596123030201,NA,1.51658173048649,NA,1.19151760972094,38.1171,-122.0395
"2717",2007-11-01,"P8R","EMP P8",1.88052761361118,NA,0.109594924797722,NA,0.114712184430282,NA,37.9778,-121.3799
"2718",2007-11-01,"USGS 8.1","EMP USGS 8.1",NA,65.7825029125859,NA,18.1312442948537,NA,26.3130011650344,38.0316,122.1403
"2719",2007-12-01,"C9L","EMP C9",0.270736797643608,NA,0.0080366157995409,NA,0.00839284072695185,NA,37.8271,-121.5522
"2720",2007-12-01,"D16L","EMP D16",1.75528584346899,NA,0.051788575612684,NA,0.0544138611475387,NA,38.093,-121.6697
"2721",2007-12-01,"D24L","EMP D24",59.8226248440203,NA,1.26795392593623,NA,1.85450137016463,NA,38.1547,-121.6814
"2722",2007-12-01,"D28AL","EMP D28A",1.80733220821217,NA,0.0536498455493737,NA,0.0560272984545773,NA,37.9701,-121.5741
"2723",2007-12-01,"D4L","EMP D4",16.2034951932001,0.318917992617012,0.405771010726313,0.0972363068187659,0.502308350989202,0.1,38.0581,-121.8193
"2724",2007-12-01,"D41C","EMP D41",NA,0,NA,0,NA,0,38.016,-122.3647
"2725",2007-12-01,"D41AC","EMP D41A",NA,0,NA,0,NA,0,38.0847,-122.3906
"2726",2007-12-01,"D6R","EMP D6",NA,3.77422109261986,NA,1.35043928734313,NA,1.50968843704794,38.0577,-122.1149
"2727",2007-12-01,"D7C","EMP D7",NA,1.57681848423353,NA,0.376408894505779,NA,0.285246463797845,38.1171,-122.0395
"2728",2007-12-01,"P8R","EMP P8",0.0922390419081977,NA,0.00274492224595888,NA,0.00285941029915413,NA,37.9778,-121.3799
"2729",2007-12-01,"USGS 8.1","EMP USGS 8.1",NA,39.819424775992,NA,12.0718891705993,NA,15.9277699103968,38.0316,122.1403
"2730",2008-01-01,"C9L","EMP C9",0.493159987533082,NA,0.0145911153633486,NA,0.0152879596135255,NA,37.8271,-121.5522
"2731",2008-01-01,"D16L","EMP D16",0.00503597095073052,NA,0.000154815916030539,NA,0.000156115099472646,NA,38.093,-121.6697
"2732",2008-01-01,"D24L","EMP D24",5.41610693176744,NA,0.150198076227014,NA,0.167899314884791,NA,38.1547,-121.6814
"2733",2008-01-01,"D28AL","EMP D28A",20.8029644097374,NA,0.564301042346405,NA,0.64489189670186,NA,37.9701,-121.5741
"2734",2008-01-01,"D4L","EMP D4",16.3986639615162,0.446799300962178,0.39836456270689,0,0.508358582807001,0,38.0581,-121.8193
"2735",2008-01-01,"D41C","EMP D41",NA,0,NA,0,NA,0,38.016,-122.3647
"2736",2008-01-01,"D41AC","EMP D41A",NA,0,NA,0,NA,0,38.0847,-122.3906
"2737",2008-01-01,"D6R","EMP D6",NA,0.823683188698,NA,0.210678810244187,NA,0.22239446094846,38.0577,-122.1149
"2738",2008-01-01,"D7C","EMP D7",NA,1.16473752174606,NA,0.281741234062301,NA,0.210701017683862,38.1171,-122.0395
"2739",2008-01-01,"P8R","EMP P8",1.58625187232648,NA,0.0462566861134498,NA,0.0491738080421208,NA,37.9778,-121.3799
"2740",2008-02-01,"C9L","EMP C9",2.93238701568477,NA,0.0868693343860121,NA,0.0909039974862278,NA,37.8271,-121.5522
"2741",2008-02-01,"D16L","EMP D16",0.499274025102519,NA,0.0149917479615898,NA,0.0154774947781781,NA,38.093,-121.6697
"2742",2008-02-01,"D24L","EMP D24",9.84654303535249,NA,0.28701333822747,NA,0.305242834095927,NA,38.1547,-121.6814
"2743",2008-02-01,"D28AL","EMP D28A",15.7057949696362,NA,0.400546986332591,NA,0.486879644058721,NA,37.9701,-121.5741
"2744",2008-02-01,"D4L","EMP D4",16.2944331853572,0.285754214682293,0.400912747870552,0,0.505127428746073,0,38.0581,-121.8193
"2745",2008-02-01,"D41C","EMP D41",NA,0,NA,0,NA,0,38.016,-122.3647
"2746",2008-02-01,"D41AC","EMP D41A",NA,0.000234360168789275,NA,9.34737181197364e-05,NA,9.37440675157102e-05,38.0847,-122.3906
"2747",2008-02-01,"D6R","EMP D6",NA,12.8892099078059,NA,4.32299235910446,NA,5.15568396312238,38.0577,-122.1149
"2748",2008-02-01,"D7C","EMP D7",NA,0.912997598547414,NA,0.325885112631891,NA,0.244683356410707,38.1171,-122.0395
"2749",2008-02-01,"P8R","EMP P8",0.382041008122371,NA,0.0107908043404276,NA,0.0118432712517935,NA,37.9778,-121.3799
"2750",2008-03-01,"C9L","EMP C9",3.64094937322384,NA,0.168013677235917,NA,0.178406519287968,NA,37.8271,-121.5522
"2751",2008-03-01,"D16L","EMP D16",0.255726924261446,NA,0.0123035694464062,NA,0.0125306192888108,NA,38.093,-121.6697
"2752",2008-03-01,"D24L","EMP D24",50.1068582361406,NA,1.86341969773601,NA,2.20470176239019,NA,38.1547,-121.6814
"2753",2008-03-01,"D28AL","EMP D28A",11.5459660314932,NA,0.475143606175207,NA,0.565752335543165,NA,37.9701,-121.5741
"2754",2008-03-01,"D4L","EMP D4",9.13405226429713,0.345551777610589,0.381676724545182,0.0250724041101751,0.447568560950559,0.02592,38.0581,-121.8193
"2755",2008-03-01,"D41C","EMP D41",NA,0,NA,0,NA,0,38.016,-122.3647
"2756",2008-03-01,"D41AC","EMP D41A",NA,0.00511344074648327,NA,0.00203526427590641,NA,0.00204537629859331,38.0847,-122.3906
"2757",2008-03-01,"D6R","EMP D6",NA,1.09492433420657,NA,0.417773585817868,NA,0.437969733682628,38.0577,-122.1149
"2758",2008-03-01,"D7C","EMP D7",NA,0.274746091930133,NA,0.1029719866227,NA,0.0736319526372756,38.1171,-122.0395
"2759",2008-03-01,"P8R","EMP P8",0.646802218128749,NA,0.0338054744614615,NA,0.0355741219970812,NA,37.9778,-121.3799
"2760",2008-04-01,"C9L","EMP C9",0.448529239615475,NA,0.0235731311635885,NA,0.0246691081788511,NA,37.8271,-121.5522
"2761",2008-04-01,"D16L","EMP D16",1.83973453381668,NA,0.0953514314545015,NA,0.101185399359917,NA,38.093,-121.6697
"2762",2008-04-01,"D24L","EMP D24",52.9327656454991,NA,2.62045655804129,NA,3.07010040743895,NA,38.1547,-121.6814
"2763",2008-04-01,"D28AL","EMP D28A",2.33073858687448,NA,0.120643968922256,NA,0.128190622278096,NA,37.9701,-121.5741
"2764",2008-04-01,"D4L","EMP D4",15.565471005659,0.286948066537976,0.768310174177419,0.135184016905714,0.949493731345197,0.13948,38.0581,-121.8193
"2765",2008-04-01,"D41C","EMP D41",NA,0,NA,0,NA,0,38.016,-122.3647
"2766",2008-04-01,"D41AC","EMP D41A",NA,0.00986243983184831,NA,0.00391509554159045,NA,0.00394497593273933,38.0847,-122.3906
"2767",2008-04-01,"D6R","EMP D6",NA,2.19172750606528,NA,0.823985161811324,NA,0.876691002426112,38.0577,-122.1149
"2768",2008-04-01,"D7C","EMP D7",NA,0.348508350013076,NA,0.130945569604791,NA,0.0934002378035043,38.1171,-122.0395
"2769",2008-04-01,"P8R","EMP P8",1.29174135809423,NA,0.0745596854651438,NA,0.078796222843748,NA,37.9778,-121.3799
"2770",2008-05-01,"C9L","EMP C9",40.6655063339154,NA,2.96453610672746,NA,3.49723354471673,NA,37.8271,-121.5522
"2771",2008-05-01,"D16L","EMP D16",0.0207159222600506,NA,0.00157890153574727,NA,0.0015951260140239,NA,38.093,-121.6697
"2772",2008-05-01,"D24L","EMP D24",38.475079442061,NA,2.54856202237083,NA,2.96258111703869,NA,38.1547,-121.6814
"2773",2008-05-01,"D28AL","EMP D28A",10.031165452375,NA,0.770510183758519,NA,0.862680228904248,NA,37.9701,-121.5741
"2774",2008-05-01,"D4L","EMP D4",23.2993857799468,1.65341856632212,1.41425687450569,0.0463399279283115,1.79405270505591,0.048,38.0581,-121.8193
"2775",2008-05-01,"D41C","EMP D41",NA,0,NA,0,NA,0,38.016,-122.3647
"2776",2008-05-01,"D41AC","EMP D41A",NA,0.025165350475688,NA,0.00999978627907,NA,0.0100661401902752,38.0847,-122.3906
"2777",2008-05-01,"D6R","EMP D6",NA,3.26380679925407,NA,1.21673329986757,NA,1.30552271970163,38.0577,-122.1149
"2778",2008-05-01,"D7C","EMP D7",NA,1.15259889983857,NA,0.389694386922184,NA,0.308896505156737,38.1171,-122.0395
"2779",2008-05-01,"P8R","EMP P8",0.915264165359928,NA,0.0748931881314593,NA,0.0787127182209538,NA,37.9778,-121.3799
"2780",2008-06-01,"C9L","EMP C9",11.0229924816965,NA,1.06928238742418,NA,1.17946019554153,NA,37.8271,-121.5522
"2781",2008-06-01,"D16L","EMP D16",1.37280087095576,NA,0.125623191713374,NA,0.131788883611753,NA,38.093,-121.6697
"2782",2008-06-01,"D24L","EMP D24",25.8451424584116,NA,2.43812291029181,NA,2.76543024305004,NA,38.1547,-121.6814
"2783",2008-06-01,"D28AL","EMP D28A",11.0599047304245,NA,1.01169904147034,NA,1.18340980615542,NA,37.9701,-121.5741
"2784",2008-06-01,"D4L","EMP D4",21.5248645862272,0.570123260815768,1.61717918009721,0.054083555959596,2.06638700027781,0.056,38.0581,-121.8193
"2785",2008-06-01,"D41C","EMP D41",NA,0,NA,0,NA,0,38.016,-122.3647
"2786",2008-06-01,"D41AC","EMP D41A",NA,0.00252170644913511,NA,0.00100452693800172,NA,0.00100868257965404,38.0847,-122.3906
"2787",2008-06-01,"D6R","EMP D6",NA,16.3013784816173,NA,5.4511314648711,NA,6.52055139264691,38.0577,-122.1149
"2788",2008-06-01,"D7C","EMP D7",NA,5.02576558592092,NA,1.52594723709467,NA,1.34690517702681,38.1171,-122.0395
"2789",2008-06-01,"P8R","EMP P8",0.806112488425363,NA,0.0825939470772794,NA,0.0862540362615139,NA,37.9778,-121.3799
"2790",2008-07-01,"C9L","EMP C9",23.2443749671051,NA,3.08761412613736,NA,3.46341187009867,NA,37.8271,-121.5522
"2791",2008-07-01,"D16L","EMP D16",0.00304399383893604,NA,0.000404661656331942,NA,0.000407895174417429,NA,38.093,-121.6697
"2792",2008-07-01,"D24L","EMP D24",71.9027462698979,NA,5.69418416388093,NA,8.62832955238774,NA,38.1547,-121.6814
"2793",2008-07-01,"D28AL","EMP D28A",2.20211551245089,NA,0.307319876007105,NA,0.328115211355183,NA,37.9701,-121.5741
"2794",2008-07-01,"D4L","EMP D4",26.9561041274117,0.300762949912801,2.56625133053571,0.0259758181283647,3.23473249528941,0.0264,38.0581,-121.8193
"2795",2008-07-01,"D41C","EMP D41",NA,0,NA,0,NA,0,38.016,-122.3647
"2796",2008-07-01,"D41AC","EMP D41A",NA,0.00151415434826931,NA,0.000601772032684977,NA,0.000605661739307725,38.0847,-122.3906
"2797",2008-07-01,"D6R","EMP D6",NA,34.0604091997122,NA,10.5858668721545,NA,13.6241636798849,38.0577,-122.1149
"2798",2008-07-01,"D7C","EMP D7",NA,9.67962513361296,NA,2.91614861644886,NA,2.59413953580827,38.1171,-122.0395
"2799",2008-07-01,"P8R","EMP P8",2.78249291207415,NA,0.436194766245021,NA,0.464676316316383,NA,37.9778,-121.3799
"2800",2008-08-01,"C9L","EMP C9",3.81759102938708,NA,0.488548892854575,NA,0.511557197937869,NA,37.8271,-121.5522
"2801",2008-08-01,"D16L","EMP D16",5.51133864462251,NA,0.581602765507863,NA,0.661360637354701,NA,38.093,-121.6697
"2802",2008-08-01,"D24L","EMP D24",36.9938948788663,NA,3.93132154015338,NA,4.43926738546395,NA,38.1547,-121.6814
"2803",2008-08-01,"D28AL","EMP D28A",4.08621116683886,NA,0.510820177944083,NA,0.547552296356408,NA,37.9701,-121.5741
"2804",2008-08-01,"D4L","EMP D4",7.77708950581083,0.215913035771043,0.708015464611738,0.0707541511462461,0.832148577121759,0.072,38.0581,-121.8193
"2805",2008-08-01,"D41C","EMP D41",NA,0,NA,0,NA,0,38.016,-122.3647
"2806",2008-08-01,"D41AC","EMP D41A",NA,0,NA,0,NA,0,38.0847,-122.3906
"2807",2008-08-01,"D6R","EMP D6",NA,11.3193039243734,NA,3.44043752494431,NA,4.52772156974935,38.0577,-122.1149
"2808",2008-08-01,"D7C","EMP D7",NA,16.1670538456885,NA,4.66842183848416,NA,4.33277043064452,38.1171,-122.0395
"2809",2008-08-01,"P8R","EMP P8",1.35617502568565,NA,0.242389169940585,NA,0.253604729803216,NA,37.9778,-121.3799
"2810",2008-09-01,"C9L","EMP C9",0.345953689377646,NA,0.0447907174949567,NA,0.0463577943766046,NA,37.8271,-121.5522
"2811",2008-09-01,"D16L","EMP D16",0.00437524800026211,NA,0.000579926383263034,NA,0.000586283232035123,NA,38.093,-121.6697
"2812",2008-09-01,"D24L","EMP D24",19.4973387687895,NA,1.67113268944743,NA,1.87174452180379,NA,38.1547,-121.6814
"2813",2008-09-01,"D28AL","EMP D28A",0.431956811769584,NA,0.0558671447297131,NA,0.0578822127771242,NA,37.9701,-121.5741
"2814",2008-09-01,"D4L","EMP D4",17.2662447855734,0.523466471355101,1.66694691882977,0.147227560166456,2.0719493742688,0.152,38.0581,-121.8193
"2815",2008-09-01,"D41C","EMP D41",NA,0,NA,0,NA,0,38.016,-122.3647
"2816",2008-09-01,"D41AC","EMP D41A",NA,0.00151415434826931,NA,0.000601772032684977,NA,0.000605661739307725,38.0847,-122.3906
"2817",2008-09-01,"D6R","EMP D6",NA,21.5800215610692,NA,6.46784020149712,NA,8.63200862442768,38.0577,-122.1149
"2818",2008-09-01,"D7C","EMP D7",NA,22.4723711502739,NA,6.28615336637422,NA,6.0225954682734,38.1171,-122.0395
"2819",2008-09-01,"P8R","EMP P8",0.898816986092648,NA,0.140123251776784,NA,0.150102436677472,NA,37.9778,-121.3799
"2820",2008-10-01,"C9L","EMP C9",5.13188561650335,NA,0.521896555593154,NA,0.549111760965859,NA,37.8271,-121.5522
"2821",2008-10-01,"D16L","EMP D16",0.0514014242669679,NA,0.00540841164092913,NA,0.00549995239656556,NA,38.093,-121.6697
"2822",2008-10-01,"D24L","EMP D24",21.7576688629525,NA,1.08610575510451,NA,1.3272178006401,NA,38.1547,-121.6814
"2823",2008-10-01,"D28AL","EMP D28A",4.59116913431769,NA,0.447318782429438,NA,0.491255097371993,NA,37.9701,-121.5741
"2824",2008-10-01,"D4L","EMP D4",20.8117801706761,1.41020585707194,1.66185693062029,0.171506736889965,1.9979308963849,0.176,38.0581,-121.8193
"2825",2008-10-01,"D41C","EMP D41",NA,0,NA,0,NA,0,38.016,-122.3647
"2826",2008-10-01,"D41AC","EMP D41A",NA,0.00400297808524448,NA,0.00159327519336905,NA,0.00160119123409779,38.0847,-122.3906
"2827",2008-10-01,"D6R","EMP D6",NA,15.3198274717417,NA,4.42184445685746,NA,6.1279309886967,38.0577,-122.1149
"2828",2008-10-01,"D7C","EMP D7",NA,24.9,NA,6.6045544619343,NA,6.33538813230396,38.1171,-122.0395
"2829",2008-10-01,"P8R","EMP P8",1.40793445503842,NA,0.164248531755449,NA,0.168952134604611,NA,37.9778,-121.3799
"2830",2008-11-01,"C9L","EMP C9",5.06677755581311,NA,0.26218136430581,NA,0.278672765569721,NA,37.8271,-121.5522
"2831",2008-11-01,"D16L","EMP D16",0.0379704236000507,NA,0.00227764526642147,NA,0.00231619583960309,NA,38.093,-121.6697
"2832",2008-11-01,"D24L","EMP D24",40.1019437390207,NA,1.58165790337934,NA,2.20560690564614,NA,38.1547,-121.6814
"2833",2008-11-01,"D28AL","EMP D28A",0.220827989561656,NA,0.0115190917993623,NA,0.0121455394258911,NA,37.9701,-121.5741
"2834",2008-11-01,"D4L","EMP D4",13.5486219251184,0.801157335802575,0.666804461241762,0.0193078617479145,0.826465937432221,0.02,38.0581,-121.8193
"2835",2008-11-01,"D41C","EMP D41",NA,0,NA,0,NA,0,38.016,-122.3647
"2836",2008-11-01,"D41AC","EMP D41A",NA,0.0864221973089966,NA,0.0342413145194326,NA,0.0345688789235986,38.0847,-122.3906
"2837",2008-11-01,"D6R","EMP D6",NA,26.5899103732981,NA,8.05432672056549,NA,10.6359641493193,38.0577,-122.1149
"2838",2008-11-01,"D7C","EMP D7",NA,13.9545226383589,NA,4.24778296558099,NA,3.73981206708019,38.1171,-122.0395
"2839",2008-11-01,"P8R","EMP P8",5.48479649365272,NA,0.317383937817297,NA,0.334572586112816,NA,37.9778,-121.3799
"2840",2008-12-01,"C9L","EMP C9",3.23428240446785,NA,0.136023156233562,NA,0.142308425796585,NA,37.8271,-121.5522
"2841",2008-12-01,"D16L","EMP D16",0.60218877729285,NA,0.0254591661776153,NA,0.0264963062008854,NA,38.093,-121.6697
"2842",2008-12-01,"D24L","EMP D24",10.1842300343832,NA,0.264226088857218,NA,0.315711131065878,NA,38.1547,-121.6814
"2843",2008-12-01,"D28AL","EMP D28A",0.491308791744722,NA,0.0206078968347377,NA,0.0216175868367678,NA,37.9701,-121.5741
"2844",2008-12-01,"D4L","EMP D4",9.12385122801638,0.63095118977785,0.343579543993375,0.452813349158089,0.401449454032721,0.48,38.0581,-121.8193
"2845",2008-12-01,"D41C","EMP D41",NA,0,NA,0,NA,0,38.016,-122.3647
"2846",2008-12-01,"D41AC","EMP D41A",NA,0,NA,0,NA,0,38.0847,-122.3906
"2847",2008-12-01,"D6R","EMP D6",NA,19.8087418456757,NA,5.77578402569846,NA,7.9234967382703,38.0577,-122.1149
"2848",2008-12-01,"D7C","EMP D7",NA,3.18946903797954,NA,1.06702447219667,NA,0.854777702178517,38.1171,-122.0395
"2849",2008-12-01,"P8R","EMP P8",0.563291019607,NA,0.0237328409805912,NA,0.024784804862708,NA,37.9778,-121.3799
"2850",2009-01-01,"C9L","EMP C9",6.65530340808927,NA,0.196471651534535,NA,0.206314405650767,NA,37.8271,-121.5522
"2851",2009-01-01,"D16L","EMP D16",2.05061320346331,NA,0.0606893963344541,NA,0.0635690093073627,NA,38.093,-121.6697
"2852",2009-01-01,"D24L","EMP D24",54.8797999632866,NA,1.14639850480952,NA,1.70127379886189,NA,38.1547,-121.6814
"2853",2009-01-01,"D28AL","EMP D28A",0.294701897733419,NA,0.0087617725072477,NA,0.00913575882973598,NA,37.9701,-121.5741
"2854",2009-01-01,"D4L","EMP D4",11.9076616595926,0.874379130277575,0.306832391877119,0.0759018533538382,0.369137511447372,0.078,38.0581,-121.8193
"2855",2009-01-01,"D41C","EMP D41",NA,0,NA,0,NA,0,38.016,-122.3647
"2856",2009-01-01,"D41AC","EMP D41A",NA,0,NA,0,NA,0,38.0847,-122.3906
"2857",2009-01-01,"D6R","EMP D6",NA,12.7679690833921,NA,3.92660459009704,NA,5.10718763335683,38.0577,-122.1149
"2858",2009-01-01,"D7C","EMP D7",NA,1.98211613113436,NA,0.466831502997722,NA,0.358564808122205,38.1171,-122.0395
"2859",2009-01-01,"P8R","EMP P8",9.17936791380922,NA,0.264133239059599,NA,0.284560405328086,NA,37.9778,-121.3799
"2860",2009-02-01,"C9L","EMP C9",0.0250571358132917,NA,0.000763002132539301,NA,0.000776771210212043,NA,37.8271,-121.5522
"2861",2009-02-01,"D16L","EMP D16",0.208807292637637,NA,0.00636298653239437,NA,0.00647302607176674,NA,38.093,-121.6697
"2862",2009-02-01,"D24L","EMP D24",28.7436887985628,NA,0.800801740671024,NA,0.891054352755446,NA,38.1547,-121.6814
"2863",2009-02-01,"D28AL","EMP D28A",11.4687238251784,NA,0.301458045719756,NA,0.355530438580532,NA,37.9701,-121.5741
"2864",2009-02-01,"D4L","EMP D4",10.7878983413809,0.488982792845996,0.314222940372772,0.116912570000794,0.377576441948331,0.12,38.0581,-121.8193
"2865",2009-02-01,"D41C","EMP D41",NA,0,NA,0,NA,0,38.016,-122.3647
"2866",2009-02-01,"D41AC","EMP D41A",NA,0,NA,0,NA,0,38.0847,-122.3906
"2867",2009-02-01,"D6R","EMP D6",NA,8.51415299998999,NA,2.90308130675954,NA,3.405661199996,38.0577,-122.1149
"2868",2009-02-01,"D7C","EMP D7",NA,2.21997026262,NA,0.789457431481899,NA,0.594952030382159,38.1171,-122.0395
"2869",2009-02-01,"P8R","EMP P8",3.75458687044361,NA,0.125218279745846,NA,0.131410540465526,NA,37.9778,-121.3799
"2870",2009-03-01,"C9L","EMP C9",5.91927968239584,NA,0.271761273432912,NA,0.290044704437396,NA,37.8271,-121.5522
"2871",2009-03-01,"D16L","EMP D16",1.10106136717575,NA,0.0515838887517519,NA,0.0539520069916119,NA,38.093,-121.6697
"2872",2009-03-01,"D24L","EMP D24",36.8694243884716,NA,1.23203313206121,NA,1.43790755115039,NA,38.1547,-121.6814
"2873",2009-03-01,"D28AL","EMP D28A",3.20167880699667,NA,0.145102192524336,NA,0.156882261542837,NA,37.9701,-121.5741
"2874",2009-03-01,"D4L","EMP D4",14.6077049138742,0.132694194304333,0.601539445271376,0.0076486906732966,0.715777540779838,0.00783,38.0581,-121.8193
"2875",2009-03-01,"D41C","EMP D41",NA,0.50330173575599,NA,0.193806357384062,NA,0.201320694302396,38.016,-122.3647
"2876",2009-03-01,"D41AC","EMP D41A",NA,0,NA,0,NA,0,38.0847,-122.3906
"2877",2009-03-01,"D6R","EMP D6",NA,4.64703976055674,NA,1.6453490455193,NA,1.85881590422269,38.0577,-122.1149
"2878",2009-03-01,"D7C","EMP D7",NA,0.459045054600146,NA,0.174325554639524,NA,0.123024074632839,38.1171,-122.0395
"2879",2009-03-01,"P8R","EMP P8",0.571680337741104,NA,0.0298269352290678,NA,0.0314424185757607,NA,37.9778,-121.3799
"2880",2009-04-01,"C9L","EMP C9",1.42421879313936,NA,0.074913567224361,NA,0.0783320336226651,NA,37.8271,-121.5522
"2881",2009-04-01,"D16L","EMP D16",1.32399771050902,NA,0.0689052385697888,NA,0.0728198740779963,NA,38.093,-121.6697
"2882",2009-04-01,"D24L","EMP D24",61.5600134278182,NA,2.4959000913048,NA,3.01644065796309,NA,38.1547,-121.6814
"2883",2009-04-01,"D28AL","EMP D28A",7.71805217115973,NA,0.368983223812936,NA,0.424492869413785,NA,37.9701,-121.5741
"2884",2009-04-01,"D4L","EMP D4",8.78572193006517,0.116628794020093,0.421925096880705,0.0176601668644761,0.483214706153584,0.018,38.0581,-121.8193
"2885",2009-04-01,"D41C","EMP D41",NA,0,NA,0,NA,0,38.016,-122.3647
"2886",2009-04-01,"D41AC","EMP D41A",NA,0,NA,0,NA,0,38.0847,-122.3906
"2887",2009-04-01,"D6R","EMP D6",NA,14.1122871031112,NA,4.71847523535733,NA,5.64491484124447,38.0577,-122.1149
"2888",2009-04-01,"D7C","EMP D7",NA,1.40467544308461,NA,0.516887799235587,NA,0.376453018746674,38.1171,-122.0395
"2889",2009-04-01,"P8R","EMP P8",0.667778234719575,NA,0.0393269165131958,NA,0.0407344723178941,NA,37.9778,-121.3799
"2890",2009-05-01,"C9L","EMP C9",3.60661635090295,NA,0.326946265750738,NA,0.346235169686684,NA,37.8271,-121.5522
"2891",2009-05-01,"D16L","EMP D16",2.48898252038092,NA,0.201385217952569,NA,0.214052496752759,NA,38.093,-121.6697
"2892",2009-05-01,"D24L","EMP D24",53.8620888360723,NA,4.25591196765623,NA,5.17076052826294,NA,38.1547,-121.6814
"2893",2009-05-01,"D28AL","EMP D28A",3.53236598096565,NA,0.309996717328409,NA,0.339107134172702,NA,37.9701,-121.5741
"2894",2009-05-01,"D4L","EMP D4",27.7131094154121,0.397349038515214,2.06792428212686,0.0856170873889292,2.66045850387957,0.088,38.0581,-121.8193
"2895",2009-05-01,"D41C","EMP D41",NA,0,NA,0,NA,0,38.016,-122.3647
"2896",2009-05-01,"D41AC","EMP D41A",NA,0.0178107936788061,NA,0.00703243347597649,NA,0.00712431747152246,38.0847,-122.3906
"2897",2009-05-01,"D6R","EMP D6",NA,16.7616039215876,NA,5.72023461208145,NA,6.70464156863503,38.0577,-122.1149
"2898",2009-05-01,"D7C","EMP D7",NA,0.365134253747091,NA,0.137448312099025,NA,0.0978559800042205,38.1171,-122.0395
"2899",2009-05-01,"P8R","EMP P8",0.434018926531504,NA,0.0437180730930052,NA,0.0464400251388709,NA,37.9778,-121.3799
"2900",2009-06-01,"C9L","EMP C9",38.4682287576391,NA,3.92470445024161,NA,4.61618745091669,NA,37.8271,-121.5522
"2901",2009-06-01,"D16L","EMP D16",1.49318210262984,NA,0.136187990598156,NA,0.143345481852465,NA,38.093,-121.6697
"2902",2009-06-01,"D24L","EMP D24",33.1328669957134,NA,3.00764382346116,NA,3.54521676854133,NA,38.1547,-121.6814
"2903",2009-06-01,"D28AL","EMP D28A",1.1813307096787,NA,0.134487413312662,NA,0.141759685161444,NA,37.9701,-121.5741
"2904",2009-06-01,"D4L","EMP D4",14.5094535383687,0.108219154933558,1.14249778285967,0.0965777784992786,1.3929075396834,0.1,38.0581,-121.8193
"2905",2009-06-01,"D41C","EMP D41",NA,0,NA,0,NA,0,38.016,-122.3647
"2906",2009-06-01,"D41AC","EMP D41A",NA,0,NA,0,NA,0,38.0847,-122.3906
"2907",2009-06-01,"D6R","EMP D6",NA,21.8140317098828,NA,7.39074079261058,NA,8.7256126839531,38.0577,-122.1149
"2908",2009-06-01,"D7C","EMP D7",NA,4.48966647205292,NA,1.32751045853957,NA,1.20323061451018,38.1171,-122.0395
"2909",2009-06-01,"P8R","EMP P8",13.2297900492119,NA,1.60562219951294,NA,1.7727918665944,NA,37.9778,-121.3799
"2910",2009-07-01,"C9L","EMP C9",9.35565426879148,NA,1.04747547499455,NA,1.12267851225498,NA,37.8271,-121.5522
"2911",2009-07-01,"D16L","EMP D16",1.06979959629168,NA,0.122482027209145,NA,0.128375951555001,NA,38.093,-121.6697
"2912",2009-07-01,"D24L","EMP D24",29.7739789201327,NA,2.69475060723445,NA,3.57287747041593,NA,38.1547,-121.6814
"2913",2009-07-01,"D28AL","EMP D28A",2.78928735761566,NA,0.307708250673761,NA,0.334714482913879,NA,37.9701,-121.5741
"2914",2009-07-01,"D4L","EMP D4",11.4376163927011,0.633610838534742,1.16224702231944,0.0812257411606381,1.37251396712413,0.0836,38.0581,-121.8193
"2915",2009-07-01,"D41C","EMP D41",NA,0,NA,0,NA,0,38.016,-122.3647
"2916",2009-07-01,"D41AC","EMP D41A",NA,0.135038258326746,NA,0.0534367095816136,NA,0.0540153033306986,38.0847,-122.3906
"2917",2009-07-01,"D6R","EMP D6",NA,20.4381618322988,NA,6.94768466406272,NA,8.17526473291951,38.0577,-122.1149
"2918",2009-07-01,"D7C","EMP D7",NA,5.91650868041433,NA,1.70193379690281,NA,1.58562432635104,38.1171,-122.0395
"2919",2009-07-01,"P8R","EMP P8",0.600127635096948,NA,0.0934332147100755,NA,0.10022131506119,NA,37.9778,-121.3799
"2920",2009-08-01,"C9L","EMP C9",4.29883613703124,NA,0.553053713999925,NA,0.576044042362187,NA,37.8271,-121.5522
"2921",2009-08-01,"D16L","EMP D16",0.0134409015536823,NA,0.00158500673951248,NA,0.00161290818644187,NA,38.093,-121.6697
"2922",2009-08-01,"D24L","EMP D24",69.4329417140716,NA,5.98200267745817,NA,7.42932476340566,NA,38.1547,-121.6814
"2923",2009-08-01,"D28AL","EMP D28A",7.69255572970045,NA,0.935975419633059,NA,1.03080246777986,NA,37.9701,-121.5741
"2924",2009-08-01,"D4L","EMP D4",10.4200886543486,0.0232320033099856,1.06028571121419,0.0314833110707592,1.25041063852183,0.032,38.0581,-121.8193
"2925",2009-08-01,"D41C","EMP D41",NA,0,NA,0,NA,0,38.016,-122.3647
"2926",2009-08-01,"D41AC","EMP D41A",NA,0,NA,0,NA,0,38.0847,-122.3906
"2927",2009-08-01,"D6R","EMP D6",NA,16.0784225904115,NA,4.74499184003801,NA,6.43136903616459,38.0577,-122.1149
"2928",2009-08-01,"D7C","EMP D7",NA,7.84621702707131,NA,2.36800268097222,NA,2.10278616325511,38.1171,-122.0395
"2929",2009-08-01,"P8R","EMP P8",3.42817555869554,NA,0.589576075633139,NA,0.641068829476065,NA,37.9778,-121.3799
"2930",2009-09-01,"C9L","EMP C9",14.0067743253733,NA,1.55040956422335,NA,1.6808129190448,NA,37.8271,-121.5522
"2931",2009-09-01,"D16L","EMP D16",0.0833636777763421,NA,0.00982631638507376,NA,0.010003641333161,NA,38.093,-121.6697
"2932",2009-09-01,"D24L","EMP D24",30.0376140098755,NA,3.07525519103076,NA,3.60451368118506,NA,38.1547,-121.6814
"2933",2009-09-01,"D28AL","EMP D28A",3.20499831874572,NA,0.342502165951142,NA,0.384599798249486,NA,37.9701,-121.5741
"2934",2009-09-01,"D4L","EMP D4",8.50277397627873,0.00147446723111115,0.878813405952125,0,1.02033287715345,0,38.0581,-121.8193
"2935",2009-09-01,"D41C","EMP D41",NA,0,NA,0,NA,0,38.016,-122.3647
"2936",2009-09-01,"D41AC","EMP D41A",NA,0,NA,0,NA,0,38.0847,-122.3906
"2937",2009-09-01,"D6R","EMP D6",NA,22.4492955459229,NA,6.4274462859532,NA,8.97971821836914,38.0577,-122.1149
"2938",2009-09-01,"D7C","EMP D7",NA,11.6769403654186,NA,3.3102372870753,NA,3.12942001793218,38.1171,-122.0395
"2939",2009-09-01,"P8R","EMP P8",0.689439116854124,NA,0.0996440962923591,NA,0.102726428411265,NA,37.9778,-121.3799
"2940",2009-10-01,"C9L","EMP C9",10.6205284664071,NA,0.770979480870532,NA,0.817780691913348,NA,37.8271,-121.5522
"2941",2009-10-01,"D16L","EMP D16",2.18347381705595,NA,0.173017484275216,NA,0.187778748266812,NA,38.093,-121.6697
"2942",2009-10-01,"D24L","EMP D24",17.0266781367456,NA,0.714731971682997,NA,0.93646729752101,NA,38.1547,-121.6814
"2943",2009-10-01,"D28AL","EMP D28A",8.07267711434541,NA,0.549094648750745,NA,0.621596137804596,NA,37.9701,-121.5741
"2944",2009-10-01,"D4L","EMP D4",6.24339667672552,0.0185967130561386,0.420391034416502,0,0.480741544107865,0,38.0581,-121.8193
"2945",2009-10-01,"D41C","EMP D41",NA,0,NA,0,NA,0,38.016,-122.3647
"2946",2009-10-01,"D41AC","EMP D41A",NA,0.000683523800063612,NA,0.000272395749379227,NA,0.000273409520025445,38.0847,-122.3906
"2947",2009-10-01,"D6R","EMP D6",NA,8.35546898056428,NA,2.66495451493627,NA,3.34218759222571,38.0577,-122.1149
"2948",2009-10-01,"D7C","EMP D7",NA,6.11,NA,1.87,NA,1.63,38.1171,-122.0395
"2949",2009-10-01,"P8R","EMP P8",17.5938415018501,NA,1.35478266915198,NA,1.51307036915911,NA,37.9778,-121.3799
"2950",2009-11-01,"C9L","EMP C9",0.372495215309357,NA,0.0216979663230256,NA,0.0227222081338708,NA,37.8271,-121.5522
"2951",2009-11-01,"D16L","EMP D16",0.0682258910415212,NA,0.00408055505621411,NA,0.00416177935353279,NA,38.093,-121.6697
"2952",2009-11-01,"D24L","EMP D24",36.2854123940983,NA,1.14658664937577,NA,1.59655814534032,NA,38.1547,-121.6814
"2953",2009-11-01,"D28AL","EMP D28A",6.68647985256408,NA,0.365480212266043,NA,0.407875271006409,NA,37.9701,-121.5741
"2954",2009-11-01,"D4L","EMP D4",8.70663344521463,0.018397341724948,0.454708602146568,0,0.531104640158092,0,38.0581,-121.8193
"2955",2009-11-01,"D41C","EMP D41",NA,0,NA,0,NA,0,38.016,-122.3647
"2956",2009-11-01,"D41AC","EMP D41A",NA,0,NA,0,NA,0,38.0847,-122.3906
"2957",2009-11-01,"D6R","EMP D6",NA,14.4541574613976,NA,4.86843905416561,NA,5.78166298455906,38.0577,-122.1149
"2958",2009-11-01,"D7C","EMP D7",NA,3.40462914142135,NA,1.1375022438672,NA,0.912440609900921,38.1171,-122.0395
"2959",2009-11-01,"P8R","EMP P8",0.0292948980924506,NA,0.00158567407177403,NA,0.00161121939508478,NA,37.9778,-121.3799
"2960",2009-12-01,"C9L","EMP C9",6.89276518565185,NA,0.199901838391496,NA,0.213675720755207,NA,37.8271,-121.5522
"2961",2009-12-01,"D16L","EMP D16",1.53276410744173,NA,0.0435011333330573,NA,0.0475156873306937,NA,38.093,-121.6697
"2962",2009-12-01,"D24L","EMP D24",16.0526623167783,NA,0.410813123819053,NA,0.497632531820128,NA,38.1547,-121.6814
"2963",2009-12-01,"D28AL","EMP D28A",11.4282298709004,NA,0.306009979916567,NA,0.354275125997912,NA,37.9701,-121.5741
"2964",2009-12-01,"D4L","EMP D4",7.83750233174779,0.0093087555684606,0.206826792116611,0.00783046144509286,0.242962572284182,0.008,38.0581,-121.8193
"2965",2009-12-01,"D41C","EMP D41",NA,0,NA,0,NA,0,38.016,-122.3647
"2966",2009-12-01,"D41AC","EMP D41A",NA,0,NA,0,NA,0,38.0847,-122.3906
"2967",2009-12-01,"D6R","EMP D6",NA,13.5528948810926,NA,2.98908791080655,NA,3.65928161789501,38.0577,-122.1149
"2968",2009-12-01,"D7C","EMP D7",NA,1.3963316782953,NA,0.32881717241817,NA,0.252596400603619,38.1171,-122.0395
"2969",2009-12-01,"P8R","EMP P8",0.0129999599619962,NA,0.000396348455036766,NA,0.000402998758821882,NA,37.9778,-121.3799
"2970",2010-01-01,"C9L","EMP C9",5.91455294042258,NA,0.0321929388501869,NA,0.0339539098662886,NA,37.8271,-121.5522
"2971",2010-01-01,"D16L","EMP D16",0.0371394046014792,NA,0.00113280574704934,NA,0.00115132154264586,NA,38.093,-121.6697
"2972",2010-01-01,"D24L","EMP D24",35.2837741641605,NA,0.797460684242932,NA,1.09379699908897,NA,38.1547,-121.6814
"2973",2010-01-01,"D28AL","EMP D28A",0.434389209594406,NA,0.0130178093227535,NA,0.0134660654974266,NA,37.9701,-121.5741
"2974",2010-01-01,"D4L","EMP D4",8.36546093104103,0.106180966856506,0.222780084607287,0.00316440431846417,0.259329288862272,0.0032,38.0581,-121.8193
"2975",2010-01-01,"D41C","EMP D41",NA,0,NA,0,NA,0,38.016,-122.3647
"2976",2010-01-01,"D41AC","EMP D41A",NA,0,NA,0,NA,0,38.0847,-122.3906
"2977",2010-01-01,"D6R","EMP D6",NA,1.86791059909659,NA,0.681702290000909,NA,0.747164239638635,38.0577,-122.1149
"2978",2010-01-01,"D7C","EMP D7",NA,1.61883898653331,NA,0.379298463936482,NA,0.292847972663876,38.1171,-122.0395
"2979",2010-01-01,"P8R","EMP P8",0.0675382199704042,NA,0.00205417528900063,NA,0.00209368481908253,NA,37.9778,-121.3799
"2980",2010-02-01,"C9L","EMP C9",7.59643315102412,NA,0.0199930305742332,NA,0.0210906868565558,NA,37.8271,-121.5522
"2981",2010-02-01,"D16L","EMP D16",4.73160831101043,NA,0.12933096612686,NA,0.146679857641323,NA,38.093,-121.6697
"2982",2010-02-01,"D24L","EMP D24",17.7029698419769,NA,0.545062057214511,NA,0.690415823837099,NA,38.1547,-121.6814
"2983",2010-02-01,"D28AL","EMP D28A",1.09284096752365,NA,0.0310913969167984,NA,0.0338780699932331,NA,37.9701,-121.5741
"2984",2010-02-01,"D4L","EMP D4",4.29047219877561,0.0112430065179793,0.133504131409213,0.0023956684426313,0.150166526957146,0.00243,38.0581,-121.8193
"2985",2010-02-01,"D41C","EMP D41",NA,0,NA,0,NA,0,38.016,-122.3647
"2986",2010-02-01,"D41AC","EMP D41A",NA,0,NA,0,NA,0,38.0847,-122.3906
"2987",2010-02-01,"D6R","EMP D6",NA,3.66071014485669,NA,1.3147373299961,NA,1.46428405794268,38.0577,-122.1149
"2988",2010-02-01,"D7C","EMP D7",NA,0.347395996415259,NA,0.12949697437296,NA,0.0931021270392895,38.1171,-122.0395
"2989",2010-02-01,"P8R","EMP P8",6.97010213733213,NA,0.20958829791541,NA,0.216073166257296,NA,37.9778,-121.3799
"2990",2010-03-01,"C9L","EMP C9",10.8889348872593,NA,0.0727379755386643,NA,0.078181478533211,NA,37.8271,-121.5522
"2991",2010-03-01,"D16L","EMP D16",4.34343530169228,NA,0.151322124166688,NA,0.169393976765999,NA,38.093,-121.6697
"2992",2010-03-01,"D24L","EMP D24",32.3019965656855,NA,1.36814592614045,NA,1.7766098111127,NA,38.1547,-121.6814
"2993",2010-03-01,"D28AL","EMP D28A",1.56778463388821,NA,0.0637085369942387,NA,0.0689825238910813,NA,37.9701,-121.5741
"2994",2010-03-01,"D4L","EMP D4",6.0869133030594,0.0127381820093421,0.213952878603202,0.00956548362185972,0.237389618819317,0.009801,38.0581,-121.8193
"2995",2010-03-01,"D41C","EMP D41",NA,0,NA,0,NA,0,38.016,-122.3647
"2996",2010-03-01,"D41AC","EMP D41A",NA,0,NA,0,NA,0,38.0847,-122.3906
"2997",2010-03-01,"D6R","EMP D6",NA,5.17307899354184,NA,1.79416169945704,NA,2.06923159741674,38.0577,-122.1149
"2998",2010-03-01,"D7C","EMP D7",NA,0.281408322189586,NA,0.106357015224146,NA,0.0754174303468091,38.1171,-122.0395
"2999",2010-03-01,"P8R","EMP P8",0.0933360951224093,NA,0.00397124737581237,NA,0.00410678818538601,NA,37.9778,-121.3799
"3000",2010-04-01,"C9L","EMP C9",2.8074323124848,NA,0.114964153972185,NA,0.122833148823795,NA,37.8271,-121.5522
"3001",2010-04-01,"D16L","EMP D16",0.0112597581275185,NA,0.0005452348446936,NA,0.000551728148248408,NA,38.093,-121.6697
"3002",2010-04-01,"D24L","EMP D24",51.1521506895434,NA,1.71676082505826,NA,2.50645538378763,NA,38.1547,-121.6814
"3003",2010-04-01,"D28AL","EMP D28A",1.81862276849502,NA,0.0797761273906394,NA,0.089112515656256,NA,37.9701,-121.5741
"3004",2010-04-01,"D4L","EMP D4",7.8189240684099,0.0329945350634063,0.38299113441261,0.0093172223909923,0.430040823762545,0.00952,38.0581,-121.8193
"3005",2010-04-01,"D41C","EMP D41",NA,0,NA,0,NA,0,38.016,-122.3647
"3006",2010-04-01,"D41AC","EMP D41A",NA,0.00353709467834419,NA,0.0013917564113822,NA,0.00141483787133768,38.0847,-122.3906
"3007",2010-04-01,"D6R","EMP D6",NA,12.9185746795636,NA,4.33049848305667,NA,5.16742987182542,38.0577,-122.1149
"3008",2010-04-01,"D7C","EMP D7",NA,0.433238666868764,NA,0.164767615786558,NA,0.116107962720829,38.1171,-122.0395
"3009",2010-04-01,"P8R","EMP P8",0.0564045247626461,NA,0.00300444496214249,NA,0.00310224886194553,NA,37.9778,-121.3799
"3010",2010-05-01,"C9L","EMP C9",10.9064290613969,NA,0.215099306826897,NA,0.229920343854817,NA,37.8271,-121.5522
"3011",2010-05-01,"D16L","EMP D16",3.53071283149518,NA,0.218954935524259,NA,0.243619185373167,NA,38.093,-121.6697
"3012",2010-05-01,"D24L","EMP D24",43.2750506032029,NA,2.14975821382117,NA,2.985978491621,NA,38.1547,-121.6814
"3013",2010-05-01,"D28AL","EMP D28A",9.52752538115387,NA,0.594133121105886,NA,0.733619454348848,NA,37.9701,-121.5741
"3014",2010-05-01,"D4L","EMP D4",15.396742122472,0.810051610427725,0.894162894962064,0,1.06237520645057,0,38.0581,-121.8193
"3015",2010-05-01,"D41C","EMP D41",NA,0,NA,0,NA,0,38.016,-122.3647
"3016",2010-05-01,"D41AC","EMP D41A",NA,0.350510277916362,NA,0.130771113654313,NA,0.140204111166545,38.0847,-122.3906
"3017",2010-05-01,"D6R","EMP D6",NA,24.9949864518436,NA,8.35297904585944,NA,9.99799458073745,38.0577,-122.1149
"3018",2010-05-01,"D7C","EMP D7",NA,1.23558651755737,NA,0.429534231477477,NA,0.331137186705375,38.1171,-122.0395
"3019",2010-05-01,"P8R","EMP P8",0.0329780503213176,NA,0.00248060978467995,NA,0.00253930987474145,NA,37.9778,-121.3799
"3020",2010-06-01,"C9L","EMP C9",10.949970623446,NA,0.196619831695037,NA,0.210167573196224,NA,37.8271,-121.5522
"3021",2010-06-01,"D16L","EMP D16",0.0250922736252236,NA,0.00213253872991316,NA,0.00215793553176923,NA,38.093,-121.6697
"3022",2010-06-01,"D24L","EMP D24",25.4563436526435,NA,1.6871671078836,NA,2.18924555412734,NA,38.1547,-121.6814
"3023",2010-06-01,"D28AL","EMP D28A",11.9343565009635,NA,0.960988359866079,NA,1.14569822409249,NA,37.9701,-121.5741
"3024",2010-06-01,"D4L","EMP D4",15.4008175889433,0.410498384037894,1.14199598469553,0.0900703040023879,1.32447031264912,0.092,38.0581,-121.8193
"3025",2010-06-01,"D41C","EMP D41",NA,0,NA,0,NA,0,38.016,-122.3647
"3026",2010-06-01,"D41AC","EMP D41A",NA,2.77573066696613,NA,0.978104055126983,NA,1.11029226678645,38.0847,-122.3906
"3027",2010-06-01,"D6R","EMP D6",NA,13.3977448162663,NA,4.58652797909489,NA,5.35909792650654,38.0577,-122.1149
"3028",2010-06-01,"D7C","EMP D7",NA,3.35830043737995,NA,1.11550133717243,NA,0.900024517217826,38.1171,-122.0395
"3029",2010-06-01,"P8R","EMP P8",0.225175169394472,NA,0.0209457942812537,NA,0.0216168162618693,NA,37.9778,-121.3799
"3030",2010-07-01,"C9L","EMP C9",4.91197236658848,NA,0.904873470884991,NA,0.971311153805272,NA,37.8271,-121.5522
"3031",2010-07-01,"D16L","EMP D16",0.610777266150408,NA,0.0708013438062177,NA,0.073293271938049,NA,38.093,-121.6697
"3032",2010-07-01,"D24L","EMP D24",60.9239888230115,NA,4.31894483238794,NA,6.51886680406223,NA,38.1547,-121.6814
"3033",2010-07-01,"D28AL","EMP D28A",5.4606180144907,NA,0.715470416364613,NA,0.813632084159115,NA,37.9701,-121.5741
"3034",2010-07-01,"D4L","EMP D4",14.6483822419022,0.423187486993964,1.3319926330193,0.16780786086174,1.56737689988353,0.1744,38.0581,-121.8193
"3035",2010-07-01,"D41C","EMP D41",NA,0,NA,0,NA,0,38.016,-122.3647
"3036",2010-07-01,"D41AC","EMP D41A",NA,9.4535142611816,NA,3.13813474971183,NA,3.78140570447264,38.0847,-122.3906
"3037",2010-07-01,"D6R","EMP D6",NA,31.5157106488894,NA,10.1111172316509,NA,12.6062842595558,38.0577,-122.1149
"3038",2010-07-01,"D7C","EMP D7",NA,4.35119093230543,NA,1.40874321992906,NA,1.16611916985785,38.1171,-122.0395
"3039",2010-07-01,"P8R","EMP P8",0.039602523562886,NA,0.00574800174053689,NA,0.00590077601087001,NA,37.9778,-121.3799
"3040",2010-08-01,"C9L","EMP C9",1.64471802382248,NA,0.569399848863297,NA,0.594019017008476,NA,37.8271,-121.5522
"3041",2010-08-01,"D16L","EMP D16",2.76068504148472,NA,0.266263311213579,NA,0.295393299438865,NA,38.093,-121.6697
"3042",2010-08-01,"D24L","EMP D24",46.2631633184172,NA,3.38836566826877,NA,4.95015847507064,NA,38.1547,-121.6814
"3043",2010-08-01,"D28AL","EMP D28A",1.92505423345017,NA,0.22254826221466,NA,0.23100650801402,NA,37.9701,-121.5741
"3044",2010-08-01,"D4L","EMP D4",10.8586007071045,0.121976458937,0.904997587591534,0.039354138838449,1.04242566788203,0.04,38.0581,-121.8193
"3045",2010-08-01,"D41C","EMP D41",NA,0,NA,0,NA,0,38.016,-122.3647
"3046",2010-08-01,"D41AC","EMP D41A",NA,12.1650206613605,NA,4.02111641099332,NA,4.8660082645442,38.0847,-122.3906
"3047",2010-08-01,"D6R","EMP D6",NA,27.4194852613138,NA,8.94376244894198,NA,10.9677941045255,38.0577,-122.1149
"3048",2010-08-01,"D7C","EMP D7",NA,6.14797712346854,NA,1.94145553617333,NA,1.64765786908957,38.1171,-122.0395
"3049",2010-08-01,"P8R","EMP P8",0.179474941224877,NA,0.0315686618237404,NA,0.0335618140090519,NA,37.9778,-121.3799
"3050",2010-09-01,"C9L","EMP C9",7.92888015725808,NA,0.369744646423615,NA,0.394711423210766,NA,37.8271,-121.5522
"3051",2010-09-01,"D16L","EMP D16",0.0812557776908082,NA,0.00851750245189286,NA,0.00869436821291647,NA,38.093,-121.6697
"3052",2010-09-01,"D24L","EMP D24",38.2472309312757,NA,2.44586227849805,NA,3.28926186008971,NA,38.1547,-121.6814
"3053",2010-09-01,"D28AL","EMP D28A",12.3950172739902,NA,1.21034272215764,NA,1.48740207287882,NA,37.9701,-121.5741
"3054",2010-09-01,"D4L","EMP D4",10.8644936013113,0.102342823773499,0.914351346500346,0.0432451497674373,1.04299138572589,0.044,38.0581,-121.8193
"3055",2010-09-01,"D41C","EMP D41",NA,0,NA,0,NA,0,38.016,-122.3647
"3056",2010-09-01,"D41AC","EMP D41A",NA,14.742032145047,NA,4.76072634079751,NA,5.8968128580188,38.0847,-122.3906
"3057",2010-09-01,"D6R","EMP D6",NA,10.1787182256345,NA,3.28067899451108,NA,4.07148729025382,38.0577,-122.1149
"3058",2010-09-01,"D7C","EMP D7",NA,8.08882244455678,NA,2.54876708743644,NA,2.16780441514122,38.1171,-122.0395
"3059",2010-09-01,"P8R","EMP P8",0.148405067200529,NA,0.0187136147914475,NA,0.0198862790048708,NA,37.9778,-121.3799
"3060",2010-10-01,"C9L","EMP C9",10.8774694749055,NA,0.122426137275461,NA,0.129775493146209,NA,37.8271,-121.5522
"3061",2010-10-01,"D16L","EMP D16",0.334447625396253,NA,0.0314000460677093,NA,0.0321069720380403,NA,38.093,-121.6697
"3062",2010-10-01,"D24L","EMP D24",22.1611156328909,NA,1.06569359927737,NA,1.35182805360634,NA,38.1547,-121.6814
"3063",2010-10-01,"D28AL","EMP D28A",0.245297269985051,NA,0.0228336196652644,NA,0.0235485379185649,NA,37.9701,-121.5741
"3064",2010-10-01,"D4L","EMP D4",5.24893079400179,0.411810238981378,0.44798518168636,0,0.503897356224172,0,38.0581,-121.8193
"3065",2010-10-01,"D41C","EMP D41",NA,0,NA,0,NA,0,38.016,-122.3647
"3066",2010-10-01,"D41AC","EMP D41A",NA,13.5459856861247,NA,4.50289745203911,NA,5.41839427444989,38.0847,-122.3906
"3067",2010-10-01,"D6R","EMP D6",NA,19.1665504235137,NA,5.98614188139639,NA,7.66662016940547,38.0577,-122.1149
"3068",2010-10-01,"D7C","EMP D7",NA,15.4,NA,4.81239481111754,NA,4.13476516673995,38.1171,-122.0395
"3069",2010-10-01,"P8R","EMP P8",0.0302299877484807,NA,0.00315912127951207,NA,0.00323460868908743,NA,37.9778,-121.3799
"3070",2010-11-01,"C9L","EMP C9",4.58279510031702,NA,0.122340016790859,NA,0.129621195399497,NA,37.8271,-121.5522
"3071",2010-11-01,"D16L","EMP D16",1.04681770118927,NA,0.0585395239971625,NA,0.0638558797725452,NA,38.093,-121.6697
"3072",2010-11-01,"D24L","EMP D24",35.0167708318993,NA,1.18092439676158,NA,1.64578822909927,NA,38.1547,-121.6814
"3073",2010-11-01,"D28AL","EMP D28A",0.430023975988808,NA,0.0230871454856815,NA,0.0236513186793844,NA,37.9701,-121.5741
"3074",2010-11-01,"D4L","EMP D4",6.55104266721829,0.294448996931453,0.351865562729209,0.0708183073617899,0.399613602700316,0.072,38.0581,-121.8193
"3075",2010-11-01,"D41C","EMP D41",NA,0,NA,0,NA,0,38.016,-122.3647
"3076",2010-11-01,"D41AC","EMP D41A",NA,2.86076774228028,NA,1.06447911402815,NA,1.14430709691211,38.0847,-122.3906
"3077",2010-11-01,"D6R","EMP D6",NA,12.962391019553,NA,4.15393987401684,NA,5.18495640782118,38.0577,-122.1149
"3078",2010-11-01,"D7C","EMP D7",NA,18.0544087177708,NA,5.62627298005282,NA,4.83858153636258,38.1171,-122.0395
"3079",2010-11-01,"P8R","EMP P8",0.0138888965790307,NA,0.000838036574047293,NA,0.000847222691320875,NA,37.9778,-121.3799
"3080",2010-12-01,"C9L","EMP C9",2.3215407638846,NA,0.118646987849876,NA,0.122926457568519,NA,37.8271,-121.5522
"3081",2010-12-01,"D16L","EMP D16",0.675358729405896,NA,0.0252368240695568,NA,0.0263389904468299,NA,38.093,-121.6697
"3082",2010-12-01,"D24L","EMP D24",57.0477466142229,NA,1.35961187479232,NA,1.9966711314978,NA,38.1547,-121.6814
"3083",2010-12-01,"D28AL","EMP D28A",2.41676235359457,NA,0.086027130229156,NA,0.0942537317901881,NA,37.9701,-121.5741
"3084",2010-12-01,"D4L","EMP D4",7.85077325867354,0.0474630175558017,0.269906297245381,0.127676351334162,0.306180157088268,0.132,38.0581,-121.8193
"3085",2010-12-01,"D41C","EMP D41",NA,0,NA,0,NA,0,38.016,-122.3647
"3086",2010-12-01,"D41AC","EMP D41A",NA,1.54216724304403,NA,0.586710714714971,NA,0.61686689721761,38.0847,-122.3906
"3087",2010-12-01,"D6R","EMP D6",NA,4.46090037744616,NA,1.61373834480809,NA,1.78436015097846,38.0577,-122.1149
"3088",2010-12-01,"D7C","EMP D7",NA,3.36522736072827,NA,1.1650450483519,NA,0.901880932675176,38.1171,-122.0395
"3089",2010-12-01,"P8R","EMP P8",0.640106088717593,NA,0.0243408858819381,NA,0.0249641374599861,NA,37.9778,-121.3799
"3090",2011-01-01,"C9L","EMP C9",6.93032094578345,NA,0.0487819589128929,NA,0.049209461975516,NA,37.8271,-121.5522
"3091",2011-01-01,"D16L","EMP D16",4.74108412198506,NA,0.129510471134133,NA,0.146973607781537,NA,38.093,-121.6697
"3092",2011-01-01,"D24L","EMP D24",51.2065161035546,NA,1.10091637538618,NA,1.58740199921019,NA,38.1547,-121.6814
"3093",2011-01-01,"D28AL","EMP D28A",5.33774771169385,NA,0.150653655000692,NA,0.165470179062509,NA,37.9701,-121.5741
"3094",2011-01-01,"D4L","EMP D4",6.86549026657386,0.156371912067597,0.186853123866037,0.0844657976013576,0.21283019826379,0.086,38.0581,-121.8193
"3095",2011-01-01,"D41C","EMP D41",NA,0,NA,0,NA,0,38.016,-122.3647
"3096",2011-01-01,"D41AC","EMP D41A",NA,0.788185435929949,NA,0.302414519407028,NA,0.31527417437198,38.0847,-122.3906
"3097",2011-01-01,"D6R","EMP D6",NA,5.17848233915662,NA,1.22520662433671,NA,1.39819023157229,38.0577,-122.1149
"3098",2011-01-01,"D7C","EMP D7",NA,0.925703704994972,NA,0.230552860555077,NA,0.16745980023359,38.1171,-122.0395
"3099",2011-01-01,"P8R","EMP P8",1.76437587348586,NA,0.0534191968751999,NA,0.0546956520780618,NA,37.9778,-121.3799
"3100",2011-02-01,"C9L","EMP C9",1.83325199390894,NA,0.0388102845827954,NA,0.0390163105155443,NA,37.8271,-121.5522
"3101",2011-02-01,"D16L","EMP D16",0.373363092172569,NA,0.0113121047110463,NA,0.0115742558573496,NA,38.093,-121.6697
"3102",2011-02-01,"D24L","EMP D24",38.4861703524487,NA,0.865040286382476,NA,1.19307128092591,NA,38.1547,-121.6814
"3103",2011-02-01,"D28AL","EMP D28A",2.3409916906946,NA,0.0677392965236754,NA,0.0725707424115325,NA,37.9701,-121.5741
"3104",2011-02-01,"D4L","EMP D4",8.06111709204921,0.257316648640384,0.249346571980227,0,0.282139098221722,0,38.0581,-121.8193
"3105",2011-02-01,"D41C","EMP D41",NA,0,NA,0,NA,0,38.016,-122.3647
"3106",2011-02-01,"D41AC","EMP D41A",NA,0.413431682520193,NA,0.160208151063173,NA,0.165372673008077,38.0847,-122.3906
"3107",2011-02-01,"D6R","EMP D6",NA,11.1739648530621,NA,3.82148231837061,NA,4.46958594122484,38.0577,-122.1149
"3108",2011-02-01,"D7C","EMP D7",NA,0.521052687111146,NA,0.194430384239011,NA,0.139642120145787,38.1171,-122.0395
"3109",2011-02-01,"P8R","EMP P8",4.1825272553261,NA,0.141830222114385,NA,0.146388453936413,NA,37.9778,-121.3799
"3110",2011-03-01,"C9L","EMP C9",3.29277440388882,NA,0.0885315798940486,NA,0.0896047184627533,NA,37.8271,-121.5522
"3111",2011-03-01,"D16L","EMP D16",0.00848579070552199,NA,0.000327050926969268,NA,0.000330945837515358,NA,38.093,-121.6697
"3112",2011-03-01,"D24L","EMP D24",58.1736261597454,NA,1.70634658015253,NA,2.03607691559109,NA,38.1547,-121.6814
"3113",2011-03-01,"D28AL","EMP D28A",3.77179303416806,NA,0.152801448337794,NA,0.165958893503395,NA,37.9701,-121.5741
"3114",2011-03-01,"D4L","EMP D4",16.8612803908495,0.054499421108203,0.631507322710694,0.0302943595647653,0.74189633719738,0.03132,38.0581,-121.8193
"3115",2011-03-01,"D41C","EMP D41",NA,0,NA,0,NA,0,38.016,-122.3647
"3116",2011-03-01,"D41AC","EMP D41A",NA,0.346310999786723,NA,0.133761169584926,NA,0.138524399914689,38.0847,-122.3906
"3117",2011-03-01,"D6R","EMP D6",NA,21.3627574830697,NA,6.96070879576136,NA,8.54510299322789,38.0577,-122.1149
"3118",2011-03-01,"D7C","EMP D7",NA,0.36354000975026,NA,0.137709010567558,NA,0.0974287226130697,38.1171,-122.0395
"3119",2011-03-01,"P8R","EMP P8",5.12438932799685,NA,0.215110493531897,NA,0.225473130431861,NA,37.9778,-121.3799
"3120",2011-04-01,"C9L","EMP C9",16.0632414396226,NA,0.165381041153771,NA,0.169456015070667,NA,37.8271,-121.5522
"3121",2011-04-01,"D16L","EMP D16",1.17993995540476,NA,0.0609087928427595,NA,0.0648966975472615,NA,38.093,-121.6697
"3122",2011-04-01,"D24L","EMP D24",56.0076801870624,NA,2.54022627053043,NA,3.08042241028843,NA,38.1547,-121.6814
"3123",2011-04-01,"D28AL","EMP D28A",1.97632843872574,NA,0.100657345706499,NA,0.108698064129916,NA,37.9701,-121.5741
"3124",2011-04-01,"D4L","EMP D4",17.0066680475234,0.188817784819184,0.719775126401118,0.0564878921087408,0.833326734328646,0.0582,38.0581,-121.8193
"3125",2011-04-01,"D41C","EMP D41",NA,0.0385666780185456,NA,0.0153059150195284,NA,0.0154266712074183,38.016,-122.3647
"3126",2011-04-01,"D41AC","EMP D41A",NA,0.0637107382987391,NA,0.0246916231196316,NA,0.0254842953194956,38.0847,-122.3906
"3127",2011-04-01,"D6R","EMP D6",NA,15.5636084287333,NA,5.25951953290927,NA,6.22544337149332,38.0577,-122.1149
"3128",2011-04-01,"D7C","EMP D7",NA,0.300595263232951,NA,0.11553164732971,NA,0.080559530546431,38.1171,-122.0395
"3129",2011-04-01,"P8R","EMP P8",0.111501472015887,NA,0.0059589560699407,NA,0.00613258096087379,NA,37.9778,-121.3799
"3130",2011-05-01,"C9L","EMP C9",5.79053829352186,NA,0.459473652578735,NA,0.464842818589648,NA,37.8271,-121.5522
"3131",2011-05-01,"D16L","EMP D16",3.62391549793103,NA,0.247601255390495,NA,0.279041493340689,NA,38.093,-121.6697
"3132",2011-05-01,"D24L","EMP D24",93.8091042126573,NA,5.07537134016144,NA,6.09759177382273,NA,38.1547,-121.6814
"3133",2011-05-01,"D28AL","EMP D28A",3.94983853087904,NA,0.274324455705877,NA,0.304137566877687,NA,37.9701,-121.5741
"3134",2011-05-01,"D4L","EMP D4",20.0229164117074,0.228272529146791,1.19405677085029,0.0194704083082223,1.38158123240781,0.02,38.0581,-121.8193
"3135",2011-05-01,"D41C","EMP D41",NA,0,NA,0,NA,0,38.016,-122.3647
"3136",2011-05-01,"D41AC","EMP D41A",NA,0.221371996585156,NA,0.0843217667713895,NA,0.0885487986340624,38.0847,-122.3906
"3137",2011-05-01,"D6R","EMP D6",NA,5.2034664774188,NA,1.86769761267985,NA,2.08138659096752,38.0577,-122.1149
"3138",2011-05-01,"D7C","EMP D7",NA,0.382461010614084,NA,0.145941702767565,NA,0.102499550844574,38.1171,-122.0395
"3139",2011-05-01,"P8R","EMP P8",0.0408033039201242,NA,0.00303560756529046,NA,0.00314185440184957,NA,37.9778,-121.3799
"3140",2011-06-01,"C9L","EMP C9",7.04131181961789,NA,0.537869166199229,NA,0.545688419566933,NA,37.8271,-121.5522
"3141",2011-06-01,"D16L","EMP D16",1.50226678279836,NA,0.0956143807294502,NA,0.103656408013087,NA,38.093,-121.6697
"3142",2011-06-01,"D24L","EMP D24",92.037176516602,NA,5.96315052092678,NA,7.08686259177835,NA,38.1547,-121.6814
"3143",2011-06-01,"D28AL","EMP D28A",2.06717223211736,NA,0.149259675876752,NA,0.159172261873037,NA,37.9701,-121.5741
"3144",2011-06-01,"D4L","EMP D4",13.0757147770176,0.11938637620935,0.783811863093557,0.0464377121514906,0.902224319614212,0.048,38.0581,-121.8193
"3145",2011-06-01,"D41C","EMP D41",NA,0,NA,0,NA,0,38.016,-122.3647
"3146",2011-06-01,"D41AC","EMP D41A",NA,1.84789543524621,NA,0.656424514671302,NA,0.739158174098485,38.0847,-122.3906
"3147",2011-06-01,"D6R","EMP D6",NA,6.69695052129696,NA,2.44585566205492,NA,2.67878020851878,38.0577,-122.1149
"3148",2011-06-01,"D7C","EMP D7",NA,1.03578329660603,NA,0.396150274496351,NA,0.277589923490415,38.1171,-122.0395
"3149",2011-06-01,"P8R","EMP P8",2.78462727103146,NA,0.1619542219143,NA,0.169862263532919,NA,37.9778,-121.3799
"3150",2011-07-01,"C9L","EMP C9",5.25989271279685,NA,1.83452524046404,NA,1.87846852729566,NA,37.8271,-121.5522
"3151",2011-07-01,"D16L","EMP D16",0.017305195400461,NA,0.00229160503152389,NA,0.00231889618366177,NA,38.093,-121.6697
"3152",2011-07-01,"D24L","EMP D24",118.347520574934,NA,7.39356591252488,NA,11.3613619751936,NA,38.1547,-121.6814
"3153",2011-07-01,"D28AL","EMP D28A",2.57816659792985,NA,0.406786548908368,NA,0.430553821854284,NA,37.9701,-121.5741
"3154",2011-07-01,"D4L","EMP D4",27.821459984118,0.0187006970806656,3.06556523325638,0.0628210627433898,3.72807563787181,0.0648,38.0581,-121.8193
"3155",2011-07-01,"D41C","EMP D41",NA,0,NA,0,NA,0,38.016,-122.3647
"3156",2011-07-01,"D41AC","EMP D41A",NA,8.5980634181575,NA,2.76299100824469,NA,3.439225367263,38.0847,-122.3906
"3157",2011-07-01,"D6R","EMP D6",NA,20.4712554343082,NA,7.21243007671229,NA,8.18850217372328,38.0577,-122.1149
"3158",2011-07-01,"D7C","EMP D7",NA,1.19401229783639,NA,0.455182906844074,NA,0.319995295820152,38.1171,-122.0395
"3159",2011-07-01,"P8R","EMP P8",2.48264925320813,NA,0.354067626291873,NA,0.369914738728011,NA,37.9778,-121.3799
"3160",2011-08-01,"C9L","EMP C9",7.49798695988953,NA,1.07932679507742,NA,1.09097751459716,NA,37.8271,-121.5522
"3161",2011-08-01,"D16L","EMP D16",0.169429467803679,NA,0.02218718642951,NA,0.0227035486856929,NA,38.093,-121.6697
"3162",2011-08-01,"D24L","EMP D24",60.4454745468398,NA,6.13052060397264,NA,7.25345694562078,NA,38.1547,-121.6814
"3163",2011-08-01,"D28AL","EMP D28A",5.6980948576018,NA,0.765118238433438,NA,0.849016133782669,NA,37.9701,-121.5741
"3164",2011-08-01,"D4L","EMP D4",13.0989365728011,0.514454942557116,1.23417713939532,0.0314740461465109,1.40158621328972,0.032,38.0581,-121.8193
"3165",2011-08-01,"D41C","EMP D41",NA,0,NA,0,NA,0,38.016,-122.3647
"3166",2011-08-01,"D41AC","EMP D41A",NA,6.80000562029503,NA,2.20363764029951,NA,2.72000224811801,38.0847,-122.3906
"3167",2011-08-01,"D6R","EMP D6",NA,14.3976058876955,NA,5.16316087162849,NA,5.75904235507818,38.0577,-122.1149
"3168",2011-08-01,"D7C","EMP D7",NA,1.62997647435197,NA,0.619676479823244,NA,0.436833695126327,38.1171,-122.0395
"3169",2011-08-01,"P8R","EMP P8",0.53613712111006,NA,0.0621405753741444,NA,0.0643364545332071,NA,37.9778,-121.3799
"3170",2011-09-01,"C9L","EMP C9",24.0980266233825,NA,1.02335017983295,NA,1.08401410754732,NA,37.8271,-121.5522
"3171",2011-09-01,"D16L","EMP D16",0.0894746230270573,NA,0.010496314598528,NA,0.0107369547632469,NA,38.093,-121.6697
"3172",2011-09-01,"D24L","EMP D24",90.5047413090003,NA,5.84352947769787,NA,8.68845516566403,NA,38.1547,-121.6814
"3173",2011-09-01,"D28AL","EMP D28A",1.29593046775868,NA,0.168057651901707,NA,0.173654682679662,NA,37.9701,-121.5741
"3174",2011-09-01,"D4L","EMP D4",24.6409451726172,0,2.32507132129468,0.00397145669956014,2.95691342071407,0.004,38.0581,-121.8193
"3175",2011-09-01,"D41C","EMP D41",NA,0.0535271345258169,NA,0.0210280541494335,NA,0.0214108538103267,38.016,-122.3647
"3176",2011-09-01,"D41AC","EMP D41A",NA,17.4006073659733,NA,5.35075376685863,NA,6.96024294638931,38.0847,-122.3906
"3177",2011-09-01,"D6R","EMP D6",NA,29.9441333475844,NA,10.2706821955174,NA,11.9776533390337,38.0577,-122.1149
"3178",2011-09-01,"D7C","EMP D7",NA,2.40468639635648,NA,0.862610781803359,NA,0.644455954223537,38.1171,-122.0395
"3179",2011-09-01,"P8R","EMP P8",0.0694325189084393,NA,0.00799060559406819,NA,0.00833190226901271,NA,37.9778,-121.3799
"3180",2011-10-01,"C9L","EMP C9",12.642283477356,NA,0.786987747200584,NA,0.802393897810096,NA,37.8271,-121.5522
"3181",2011-10-01,"D16L","EMP D16",2.47233242044396,NA,0.198892882682605,NA,0.212620588158181,NA,38.093,-121.6697
"3182",2011-10-01,"D24L","EMP D24",80.6212892322547,NA,3.90381279268682,NA,6.20783927088361,NA,38.1547,-121.6814
"3183",2011-10-01,"D28AL","EMP D28A",13.1453188112217,NA,1.08831305808051,NA,1.26195060587729,NA,37.9701,-121.5741
"3184",2011-10-01,"D4L","EMP D4",6.21684480735582,0,0.475737746750081,0.0237308440927641,0.534648653432601,0.024,38.0581,-121.8193
"3185",2011-10-01,"D41C","EMP D41",NA,0,NA,0,NA,0,38.016,-122.3647
"3186",2011-10-01,"D41AC","EMP D41A",NA,14.9080375641557,NA,4.67368592609113,NA,5.96321502566228,38.0847,-122.3906
"3187",2011-10-01,"D6R","EMP D6",NA,13.5773826664978,NA,4.69308749348954,NA,5.43095306659912,38.0577,-122.1149
"3188",2011-10-01,"D7C","EMP D7",NA,5,NA,1.71744246603568,NA,1.34,38.1171,-122.0395
"3189",2011-10-01,"P8R","EMP P8",0.0676386922234476,NA,0.00500315374809489,NA,0.00520817930120547,NA,37.9778,-121.3799
"3190",2011-11-01,"C9L","EMP C9",5.63408713144765,NA,0.134912547408917,NA,0.137059712971414,NA,37.8271,-121.5522
"3191",2011-11-01,"D16L","EMP D16",3.09996508206967,NA,0.142757942793832,NA,0.151898289021414,NA,38.093,-121.6697
"3192",2011-11-01,"D24L","EMP D24",55.5631120780709,NA,1.41271535977862,NA,2.16696137104476,NA,38.1547,-121.6814
"3193",2011-11-01,"D28AL","EMP D28A",1.1969976642962,NA,0.0564797961408675,NA,0.058652885550514,NA,37.9701,-121.5741
"3194",2011-11-01,"D4L","EMP D4",14.4079457767006,0.280991953918075,1.02634683671079,0,1.23908333679626,0,38.0581,-121.8193
"3195",2011-11-01,"D41C","EMP D41",NA,0.0166332826021451,NA,0.00445926149725222,NA,0.00449098630257917,38.016,-122.3647
"3196",2011-11-01,"D41AC","EMP D41A",NA,11.9105209994915,NA,3.89731117123427,NA,4.76420839979658,38.0847,-122.3906
"3197",2011-11-01,"D6R","EMP D6",NA,41.9198474607907,NA,13.3903400159372,NA,16.7679389843163,38.0577,-122.1149
"3198",2011-11-01,"D7C","EMP D7",NA,5.0665983517385,NA,1.74120677676084,NA,1.35784835826592,38.1171,-122.0395
"3199",2011-11-01,"P8R","EMP P8",1.75006584592059,NA,0.0806818981620215,NA,0.0857532264501089,NA,37.9778,-121.3799
"3200",2011-12-01,"C9L","EMP C9",8.06145659868522,NA,0.0876528672877238,NA,0.0921257109953118,NA,37.8271,-121.5522
"3201",2011-12-01,"D16L","EMP D16",2.69033625636975,NA,0.0748518845611617,NA,0.0834004239474623,NA,38.093,-121.6697
"3202",2011-12-01,"D24L","EMP D24",95.8644235122912,NA,1.88907248821438,NA,2.97179712888103,NA,38.1547,-121.6814
"3203",2011-12-01,"D28AL","EMP D28A",1.72517304354615,NA,0.0509581073857608,NA,0.0534803643499308,NA,37.9701,-121.5741
"3204",2011-12-01,"D4L","EMP D4",13.1184488045936,0.634923311779715,0.935063722255679,0,1.12818659719505,0,38.0581,-121.8193
"3205",2011-12-01,"D41C","EMP D41",NA,0,NA,0,NA,0,38.016,-122.3647
"3206",2011-12-01,"D41AC","EMP D41A",NA,8.81463911955951,NA,2.00666801971901,NA,2.37995256228107,38.0847,-122.3906
"3207",2011-12-01,"D6R","EMP D6",NA,29.4675703981872,NA,6.36682791807597,NA,7.95624400751055,38.0577,-122.1149
"3208",2011-12-01,"D7C","EMP D7",NA,4.92418723300611,NA,1.18228229810645,NA,0.890785470450806,38.1171,-122.0395
"3209",2011-12-01,"P8R","EMP P8",1.04417944289872,NA,0.0310498845973566,NA,0.0323695627298604,NA,37.9778,-121.3799
"3210",2012-01-01,"C9L","EMP C9",12.0762385108235,NA,0.343401934205766,NA,0.374363393835528,NA,37.8271,-121.5522
"3211",2012-01-01,"D16L","EMP D16",4.22880260636502,NA,0.115396381775524,NA,0.131092880797316,NA,38.093,-121.6697
"3212",2012-01-01,"D24L","EMP D24",91.5823452740332,NA,1.81789410653419,NA,2.83905270349503,NA,38.1547,-121.6814
"3213",2012-01-01,"D28AL","EMP D28A",11.6707304029058,NA,0.312010816268793,NA,0.361792642490079,NA,37.9701,-121.5741
"3214",2012-01-01,"D4L","EMP D4",12.8049701270207,0.204542716584915,0.334447985831402,0.0272741796912407,0.396954073937642,0.0276,38.0581,-121.8193
"3215",2012-01-01,"D41C","EMP D41",NA,0.0531881576337491,NA,0.0210659983721331,NA,0.0212752630534996,38.016,-122.3647
"3216",2012-01-01,"D41AC","EMP D41A",NA,3.68570026465536,NA,0.888621995846809,NA,0.995139071456948,38.0847,-122.3906
"3217",2012-01-01,"D6R","EMP D6",NA,12.3599936340728,NA,2.8008672124182,NA,3.33719828119967,38.0577,-122.1149
"3218",2012-01-01,"D7C","EMP D7",NA,3.24958899255319,NA,0.779137125764982,NA,0.587850648752872,38.1171,-122.0395
"3219",2012-01-01,"P8R","EMP P8",0.578075907733484,NA,0.0170636524818881,NA,0.017920353139738,NA,37.9778,-121.3799
"3220",2012-02-01,"C9L","EMP C9",3.24797628652713,NA,0.107386311736946,NA,0.11367917002845,NA,37.8271,-121.5522
"3221",2012-02-01,"D16L","EMP D16",0.344786008797968,NA,0.0117124531668852,NA,0.0120675103079289,NA,38.093,-121.6697
"3222",2012-02-01,"D24L","EMP D24",108.47050800354,NA,2.10700073243264,NA,3.36258574810972,NA,38.1547,-121.6814
"3223",2012-02-01,"D28AL","EMP D28A",3.05528306993628,NA,0.0983992106787142,NA,0.10693490744777,NA,37.9701,-121.5741
"3224",2012-02-01,"D4L","EMP D4",11.9388966444778,0,0.353536267668969,0.0277123689863732,0.417861382556723,0.028,38.0581,-121.8193
"3225",2012-02-01,"D41C","EMP D41",NA,0,NA,0,NA,0,38.016,-122.3647
"3226",2012-02-01,"D41AC","EMP D41A",NA,2.17852348947699,NA,0.800920939485291,NA,0.871409395790795,38.0847,-122.3906
"3227",2012-02-01,"D6R","EMP D6",NA,18.8105718160659,NA,6.21684150287327,NA,7.52422872642637,38.0577,-122.1149
"3228",2012-02-01,"D7C","EMP D7",NA,2.07750875561013,NA,0.734405215924216,NA,0.556772346503515,38.1171,-122.0395
"3229",2012-02-01,"P8R","EMP P8",1.56546579693805,NA,0.0587715066670794,NA,0.0610531660805841,NA,37.9778,-121.3799
"3230",2012-03-01,"C9L","EMP C9",9.85043485000684,NA,0.394238211547353,NA,0.433419133400301,NA,37.8271,-121.5522
"3231",2012-03-01,"D16L","EMP D16",2.54736983813115,NA,0.103001711400679,NA,0.112084272877771,NA,38.093,-121.6697
"3232",2012-03-01,"D24L","EMP D24",90.6059781227463,NA,2.60773115215974,NA,3.17120923429612,NA,38.1547,-121.6814
"3233",2012-03-01,"D28AL","EMP D28A",0.650794359046856,NA,0.0277433189882441,NA,0.0286349517980617,NA,37.9701,-121.5741
"3234",2012-03-01,"D4L","EMP D4",18.9502179633944,0.484679350553799,0.604101885335998,0,0.739058500572382,0.0552265334779269,38.0581,-121.8193
"3235",2012-03-01,"D41C","EMP D41",NA,0,NA,0,NA,0,38.016,-122.3647
"3236",2012-03-01,"D41AC","EMP D41A",NA,0.816116343766212,NA,0.307079725860561,NA,0.326446537506485,38.0847,-122.3906
"3237",2012-03-01,"D6R","EMP D6",NA,61.4956126499659,NA,17.5308791456107,NA,24.5982450599863,38.0577,-122.1149
"3238",2012-03-01,"D7C","EMP D7",NA,1.06664050645784,NA,0.379970148151028,NA,0.285859655730702,38.1171,-122.0395
"3239",2012-03-01,"P8R","EMP P8",5.84671691301482,NA,0.241639851866634,NA,0.257255544172652,NA,37.9778,-121.3799
"3240",2012-04-01,"C9L","EMP C9",9.74345312707622,NA,0.487445680521318,NA,0.535889921989192,NA,37.8271,-121.5522
"3241",2012-04-01,"D16L","EMP D16",2.23812930660131,NA,0.114025107346951,NA,0.123097111863072,NA,38.093,-121.6697
"3242",2012-04-01,"D24L","EMP D24",132.716813401561,NA,5.27631475500036,NA,6.50312385667649,NA,38.1547,-121.6814
"3243",2012-04-01,"D28AL","EMP D28A",4.67500879523477,NA,0.235638633803838,NA,0.257125483737912,NA,37.9701,-121.5741
"3244",2012-04-01,"D4L","EMP D4",13.8303597793622,0,0.570231648587454,0,0.67768762918875,4.60222402169699,38.0581,-121.8193
"3245",2012-04-01,"D41C","EMP D41",NA,0,NA,0,NA,0,38.016,-122.3647
"3246",2012-04-01,"D41AC","EMP D41A",NA,0.293950655462282,NA,0.111843465885389,NA,0.117580262184913,38.0847,-122.3906
"3247",2012-04-01,"D6R","EMP D6",NA,36.6475474256916,NA,12.0726128067018,NA,14.6590189702766,38.0577,-122.1149
"3248",2012-04-01,"D7C","EMP D7",NA,0.790872505850847,NA,0.290346326662545,NA,0.211953831568027,38.1171,-122.0395
"3249",2012-04-01,"P8R","EMP P8",0.739381361744643,NA,0.042850227988124,NA,0.0451022630664232,NA,37.9778,-121.3799
"3250",2012-05-01,"C9L","EMP C9",17.6437913696651,NA,1.70875377570041,NA,1.88788567655416,NA,37.8271,-121.5522
"3251",2012-05-01,"D16L","EMP D16",2.16118997812028,NA,0.17486330708102,NA,0.185862338118344,NA,38.093,-121.6697
"3252",2012-05-01,"D24L","EMP D24",144.498819673,NA,9.58477171842278,NA,12.426898491878,NA,38.1547,-121.6814
"3253",2012-05-01,"D28AL","EMP D28A",5.87261482150187,NA,0.561021698232499,NA,0.6283697859007,NA,37.9701,-121.5741
"3254",2012-05-01,"D4L","EMP D4",11.2025034166943,0,0.814206647625599,0.191328326228851,0.963415293835711,0.19387174022152,38.0581,-121.8193
"3255",2012-05-01,"D41C","EMP D41",NA,0,NA,0,NA,0,38.016,-122.3647
"3256",2012-05-01,"D41AC","EMP D41A",NA,7.27910112212076,NA,2.38632846323286,NA,2.9116404488483,38.0847,-122.3906
"3257",2012-05-01,"D6R","EMP D6",NA,41.2622059288592,NA,12.9272451138445,NA,16.5048823715437,38.0577,-122.1149
"3258",2012-05-01,"D7C","EMP D7",NA,0.711387230150959,NA,0.266097893136941,NA,0.190651777680457,38.1171,-122.0395
"3259",2012-05-01,"P8R","EMP P8",2.63344009932687,NA,0.241286843323692,NA,0.252810249535379,NA,37.9778,-121.3799
"3260",2012-06-01,"C9L","EMP C9",68.0477812647796,NA,5.45152620391484,NA,6.53258700141884,NA,37.8271,-121.5522
"3261",2012-06-01,"D16L","EMP D16",0.20370103103684,NA,0.0210321518882812,NA,0.0217960103209419,NA,38.093,-121.6697
"3262",2012-06-01,"D24L","EMP D24",173.062489355419,NA,16.1139099118985,NA,20.7674987226503,NA,38.1547,-121.6814
"3263",2012-06-01,"D28AL","EMP D28A",0.95501213308534,NA,0.0881920128301312,NA,0.0916811647761926,NA,37.9701,-121.5741
"3264",2012-06-01,"D4L","EMP D4",8.38803340785969,0,0.6182255332298,8.09641694952559,0.721370873075934,8.73601936788068,38.0581,-121.8193
"3265",2012-06-01,"D41C","EMP D41",NA,0,NA,0,NA,0,38.016,-122.3647
"3266",2012-06-01,"D41AC","EMP D41A",NA,10.0363130691975,NA,3.2500863205891,NA,4.014525227679,38.0847,-122.3906
"3267",2012-06-01,"D6R","EMP D6",NA,28.7385401831313,NA,9.2446202579614,NA,11.4954160732525,38.0577,-122.1149
"3268",2012-06-01,"D7C","EMP D7",NA,2.15177818949277,NA,0.765566038494613,NA,0.576676554784062,38.1171,-122.0395
"3269",2012-06-01,"P8R","EMP P8",0.305229963479374,NA,0.0395125276252775,NA,0.0409008151062362,NA,37.9778,-121.3799
"3270",2012-07-01,"C9L","EMP C9",25.9316197426677,NA,3.36005783422037,NA,3.86381134165749,NA,37.8271,-121.5522
"3271",2012-07-01,"D16L","EMP D16",0.930804493688125,NA,0.119420692799335,NA,0.124727802154209,NA,38.093,-121.6697
"3272",2012-07-01,"D24L","EMP D24",144.841494238148,NA,8.67337459279112,NA,15.4980398834819,NA,38.1547,-121.6814
"3273",2012-07-01,"D28AL","EMP D28A",0.000117065977518082,NA,1.73744022677101e-05,NA,1.74428306501943e-05,NA,37.9701,-121.5741
"3274",2012-07-01,"D4L","EMP D4",4.4099965335364,0,0.476679091390769,0,0.529199584024368,0,38.0581,-121.8193
"3275",2012-07-01,"D41C","EMP D41",NA,0,NA,0,NA,0,38.016,-122.3647
"3276",2012-07-01,"D41AC","EMP D41A",NA,13.0498988412932,NA,4.30406702638632,NA,5.21995953651729,38.0847,-122.3906
"3277",2012-07-01,"D6R","EMP D6",NA,16.7785200999687,NA,5.63080864155804,NA,6.71140803998748,38.0577,-122.1149
"3278",2012-07-01,"D7C","EMP D7",NA,4.05756533814349,NA,1.38552577554303,NA,1.08742751062246,38.1171,-122.0395
"3279",2012-07-01,"P8R","EMP P8",0.432874133558451,NA,0.0695883822602618,NA,0.0722899803042612,NA,37.9778,-121.3799
"3280",2012-08-01,"C9L","EMP C9",3.72975422150681,NA,0.413842245324269,NA,0.447570506580817,NA,37.8271,-121.5522
"3281",2012-08-01,"D16L","EMP D16",0.32896572613524,NA,0.0378698054407103,NA,0.0394758871362288,NA,38.093,-121.6697
"3282",2012-08-01,"D24L","EMP D24",111.651528265414,NA,8.3110017326699,NA,10.7185467134798,NA,38.1547,-121.6814
"3283",2012-08-01,"D28AL","EMP D28A",0.123430635720139,NA,0.0145810738981448,NA,0.0148116762864166,NA,37.9701,-121.5741
"3284",2012-08-01,"D4L","EMP D4",10.5384067311848,0,1.06772237459588,0,1.26460880774217,0,38.0581,-121.8193
"3285",2012-08-01,"D41C","EMP D41",NA,0,NA,0,NA,0,38.016,-122.3647
"3286",2012-08-01,"D41AC","EMP D41A",NA,23.1108156188969,NA,7.54645072503242,NA,9.24432624755874,38.0847,-122.3906
"3287",2012-08-01,"D6R","EMP D6",NA,16.0311929538429,NA,5.38344143371049,NA,6.41247718153714,38.0577,-122.1149
"3288",2012-08-01,"D7C","EMP D7",NA,4.64302052572606,NA,1.57829789010775,NA,1.24432950089458,38.1171,-122.0395
"3289",2012-08-01,"P8R","EMP P8",4.30697947412304,NA,0.692385409053102,NA,0.719265572178547,NA,37.9778,-121.3799
"3290",2012-09-01,"C9L","EMP C9",5.13963046579042,NA,0.616087358093337,NA,0.688710482415916,NA,37.8271,-121.5522
"3291",2012-09-01,"D16L","EMP D16",1.67024728101111,NA,0.183266900539061,NA,0.200429673721333,NA,38.093,-121.6697
"3292",2012-09-01,"D24L","EMP D24",116.816735464799,NA,7.11679916094457,NA,11.2144066046207,NA,38.1547,-121.6814
"3293",2012-09-01,"D28AL","EMP D28A",0.429912541980901,NA,0.0560708678997544,NA,0.0576082806254408,NA,37.9701,-121.5741
"3294",2012-09-01,"D4L","EMP D4",10.5984612309516,0.00517645379078719,0.856550797324025,NA,1.01745227817135,NA,38.0581,-121.8193
"3295",2012-09-01,"D41C","EMP D41",NA,0,NA,0,NA,0,38.016,-122.3647
"3296",2012-09-01,"D41AC","EMP D41A",NA,13.2373377234612,NA,4.6398911557711,NA,5.29493508938449,38.0847,-122.3906
"3297",2012-09-01,"D6R","EMP D6",NA,5.52964711732701,NA,1.91676342552491,NA,2.2118588469308,38.0577,-122.1149
"3298",2012-09-01,"D7C","EMP D7",NA,6.05642903815196,NA,2.03056748779181,NA,1.62312298222473,38.1171,-122.0395
"3299",2012-09-01,"P8R","EMP P8",0.922297529180796,NA,0.130953023231141,NA,0.137422331847939,NA,37.9778,-121.3799
"3300",2012-10-01,"C9L","EMP C9",0.806377345291468,NA,0.0824461951411353,NA,0.0862823759461871,NA,37.8271,-121.5522
"3301",2012-10-01,"D16L","EMP D16",2.15670443647728,NA,0.21708096266924,NA,0.230767374703069,NA,38.093,-121.6697
"3302",2012-10-01,"D24L","EMP D24",129.284166654933,NA,7.01134615663788,NA,12.4112799988736,NA,38.1547,-121.6814
"3303",2012-10-01,"D28AL","EMP D28A",2.48308343112037,NA,0.250207628841394,NA,0.26568992712988,NA,37.9701,-121.5741
"3304",2012-10-01,"D4L","EMP D4",11.2347172188362,0.0248342547037511,0.812220726017009,NA,0.966185680819915,NA,38.0581,-121.8193
"3305",2012-10-01,"D41C","EMP D41",NA,0,NA,0,NA,0,38.016,-122.3647
"3306",2012-10-01,"D41AC","EMP D41A",NA,3.77223386963333,NA,1.40780507399593,NA,1.50889354785333,38.0847,-122.3906
"3307",2012-10-01,"D6R","EMP D6",NA,6.80958559641128,NA,2.35560039446562,NA,2.72383423856451,38.0577,-122.1149
"3308",2012-10-01,"D7C","EMP D7",NA,4.7,NA,1.5987487954728,NA,1.2596,38.1171,-122.0395
"3309",2012-10-01,"P8R","EMP P8",3.32500554966603,NA,0.412757240347953,NA,0.445550743655249,NA,37.9778,-121.3799
"3310",2012-11-01,"C9L","EMP C9",9.29277586447996,NA,0.645718394433014,NA,0.715543741564957,NA,37.8271,-121.5522
"3311",2012-11-01,"D16L","EMP D16",0.205664783316068,NA,0.0151577675050285,NA,0.0158361883153373,NA,38.093,-121.6697
"3312",2012-11-01,"D24L","EMP D24",31.7389876770773,NA,1.34905390929316,NA,1.74564432223925,NA,38.1547,-121.6814
"3313",2012-11-01,"D28AL","EMP D28A",2.8242483807976,NA,0.205151677655384,NA,0.217467125321416,NA,37.9701,-121.5741
"3314",2012-11-01,"D4L","EMP D4",7.29441455088672,0.0393378354970168,0.488960236046347,0.00204925946248898,0.561669920418278,0.00207058151631488,38.0581,-121.8193
"3315",2012-11-01,"D41C","EMP D41",NA,0,NA,0,NA,0,38.016,-122.3647
"3316",2012-11-01,"D41AC","EMP D41A",NA,1.73857443468116,NA,0.661217543707846,NA,0.695429773872463,38.0847,-122.3906
"3317",2012-11-01,"D6R","EMP D6",NA,2.41330510209586,NA,0.905585540253037,NA,0.965322040838343,38.0577,-122.1149
"3318",2012-11-01,"D7C","EMP D7",NA,7.14383585367297,NA,2.37446818217318,NA,1.91454800878436,38.1171,-122.0395
"3319",2012-11-01,"P8R","EMP P8",1.3748450395604,NA,0.101838948389621,NA,0.105863068046151,NA,37.9778,-121.3799
"3320",2012-12-01,"C9L","EMP C9",2.22152179266132,NA,0.0925442467167814,NA,0.0977469588770983,NA,37.8271,-121.5522
"3321",2012-12-01,"D16L","EMP D16",1.4025182768101,NA,0.0638838825324066,NA,0.0687233955636951,NA,38.093,-121.6697
"3322",2012-12-01,"D24L","EMP D24",114.035796025651,NA,3.22935605737572,NA,5.58775400525692,NA,38.1547,-121.6814
"3323",2012-12-01,"D28AL","EMP D28A",0.830981089861293,NA,0.0345107061554613,NA,0.0365631679538969,NA,37.9701,-121.5741
"3324",2012-12-01,"D4L","EMP D4",13.3952380426247,0.0617286814907541,0.489698058802924,0.00974475603001405,0.589390473875486,0.00993370188150043,38.0581,-121.8193
"3325",2012-12-01,"D41C","EMP D41",NA,0,NA,0,NA,0,38.016,-122.3647
"3326",2012-12-01,"D41AC","EMP D41A",NA,0.531442849631186,NA,0.205193573166807,NA,0.212577139852474,38.0847,-122.3906
"3327",2012-12-01,"D6R","EMP D6",NA,9.90093023071876,NA,3.3594388082335,NA,3.96037209228751,38.0577,-122.1149
"3328",2012-12-01,"D7C","EMP D7",NA,1.60753138931358,NA,0.581636409407304,NA,0.430818412336041,38.1171,-122.0395
"3329",2012-12-01,"P8R","EMP P8",1.04393885805885,NA,0.0486753181164608,NA,0.0511530040448836,NA,37.9778,-121.3799
"3330",2013-01-01,"C9L","EMP C9",NA,NA,NA,NA,NA,NA,37.8271,-121.5522
"3331",2013-01-01,"D16L","EMP D16",4.12781830335559,NA,0.113567880751622,NA,0.127962367404023,NA,38.093,-121.6697
"3332",2013-01-01,"D24L","EMP D24",98.9545544587845,NA,1.84961219024788,NA,3.06759118822232,NA,38.1547,-121.6814
"3333",2013-01-01,"D28AL","EMP D28A",0.0111731327527402,NA,0.000339479393832563,NA,0.000346367115334946,NA,37.9701,-121.5741
"3334",2013-01-01,"D4L","EMP D4",9.67224626088297,0.0548600887666803,0.258034547540427,0.0153010613632538,0.299839634087372,0.0157351341988067,38.0581,-121.8193
"3335",2013-01-01,"D41C","EMP D41",NA,0,NA,0,NA,0,38.016,-122.3647
"3336",2013-01-01,"D41AC","EMP D41A",NA,0.305293611215366,NA,0.0792419805334924,NA,0.0824292750281487,38.0847,-122.3906
"3337",2013-01-01,"D6R","EMP D6",NA,5.09534181074457,NA,1.81323173800143,NA,2.03813672429783,38.0577,-122.1149
"3338",2013-01-01,"D7C","EMP D7",NA,0.371333192629723,NA,0.0941886438702043,NA,0.0671741745467168,38.1171,-122.0395
"3339",2013-01-01,"P8R","EMP P8",0.498859405969726,NA,0.0149197548635286,NA,0.0154646415850615,NA,37.9778,-121.3799
"3340",2013-02-01,"C9L","EMP C9",17.3626839773973,NA,0.531873349408661,NA,0.607693939208904,NA,37.8271,-121.5522
"3341",2013-02-01,"D16L","EMP D16",0.585767061870676,NA,0.0173362042717259,NA,0.018158778917991,NA,38.093,-121.6697
"3342",2013-02-01,"D24L","EMP D24",118.439739185315,NA,2.13375956246793,NA,3.67163191474475,NA,38.1547,-121.6814
"3343",2013-02-01,"D28AL","EMP D28A",0.0455951565406687,NA,0.00153342621210737,NA,0.0015958304789234,NA,37.9701,-121.5741
"3344",2013-02-01,"D4L","EMP D4",9.6066737951054,0.115486624436861,0.252518654873091,0.0240376526590637,0.297806887648267,0.0246914725963016,38.0581,-121.8193
"3345",2013-02-01,"D41C","EMP D41",NA,0,NA,0,NA,0,38.016,-122.3647
"3346",2013-02-01,"D41AC","EMP D41A",NA,0.178044883412024,NA,0.068325234741952,NA,0.0712179533648098,38.0847,-122.3906
"3347",2013-02-01,"D6R","EMP D6",NA,4.06052861210267,NA,1.49092920293357,NA,1.62421144484107,38.0577,-122.1149
"3348",2013-02-01,"D7C","EMP D7",NA,0.222156337397798,NA,0.0849962793442581,NA,0.05953789842261,38.1171,-122.0395
"3349",2013-02-01,"P8R","EMP P8",1.49846429801589,NA,0.0495365468255401,NA,0.0524462504305562,NA,37.9778,-121.3799
"3350",2013-03-01,"C9L","EMP C9",12.8440708118796,NA,0.681339183840602,NA,0.783488319524657,NA,37.8271,-121.5522
"3351",2013-03-01,"D16L","EMP D16",3.17791049202146,NA,0.158792328470187,NA,0.17478507706118,NA,38.093,-121.6697
"3352",2013-03-01,"D24L","EMP D24",158.316738822558,NA,3.23001539120509,NA,5.54108585878951,NA,38.1547,-121.6814
"3353",2013-03-01,"D28AL","EMP D28A",0.00172554169435311,NA,0.000104284762120961,NA,0.00010525804335554,NA,37.9701,-121.5741
"3354",2013-03-01,"D4L","EMP D4",16.9303328333328,0.207250297055472,0.776070658705083,0.0144758967732992,0.931168305833303,0.0148122239670037,38.0581,-121.8193
"3355",2013-03-01,"D41C","EMP D41",NA,0.00185951572867762,NA,0.000741083513384296,NA,0.00074380629147105,38.016,-122.3647
"3356",2013-03-01,"D41AC","EMP D41A",NA,0.342808867877559,NA,0.131694913375679,NA,0.137123547151024,38.0847,-122.3906
"3357",2013-03-01,"D6R","EMP D6",NA,8.9775617235984,NA,3.18371331597408,NA,3.59102468943936,38.0577,-122.1149
"3358",2013-03-01,"D7C","EMP D7",NA,0.14295346846654,NA,0.0555177627505685,NA,0.0383115295490327,38.1171,-122.0395
"3359",2013-03-01,"P8R","EMP P8",0.415871519662244,NA,0.0244743317671662,NA,0.0253681626993969,NA,37.9778,-121.3799
"3360",2013-04-01,"C9L","EMP C9",3.5738857949173,NA,0.205206919877557,NA,0.218007033489955,NA,37.8271,-121.5522
"3361",2013-04-01,"D16L","EMP D16",0.930791831353552,NA,0.0543689808621511,NA,0.0567783017125667,NA,38.093,-121.6697
"3362",2013-04-01,"D24L","EMP D24",169.321130043819,NA,3.39554714314278,NA,5.92623955153366,NA,38.1547,-121.6814
"3363",2013-04-01,"D28AL","EMP D28A",10.6025580093163,NA,0.563027455434951,NA,0.646756038568295,NA,37.9701,-121.5741
"3364",2013-04-01,"D4L","EMP D4",17.7098468612296,0.453288486741306,1.02432449615418,0.045247839743328,1.22197943342484,0.0461946497747444,38.0581,-121.8193
"3365",2013-04-01,"D41C","EMP D41",NA,0,NA,0,NA,0,38.016,-122.3647
"3366",2013-04-01,"D41AC","EMP D41A",NA,0.100926905573478,NA,0.0391072325047363,NA,0.0403707622293912,38.0847,-122.3906
"3367",2013-04-01,"D6R","EMP D6",NA,14.1221155671011,NA,4.95538775321995,NA,5.64884622684046,38.0577,-122.1149
"3368",2013-04-01,"D7C","EMP D7",NA,0.229478529065399,NA,0.0896916943710707,NA,0.0615002457895268,38.1171,-122.0395
"3369",2013-04-01,"P8R","EMP P8",4.68714956857395,NA,0.306639950525673,NA,0.323413320231603,NA,37.9778,-121.3799
"3370",2013-05-01,"C9L","EMP C9",7.52407973181888,NA,0.821671050254138,NA,0.902889567818265,NA,37.8271,-121.5522
"3371",2013-05-01,"D16L","EMP D16",0.193404857321769,NA,0.02016402804263,NA,0.0206943197334293,NA,38.093,-121.6697
"3372",2013-05-01,"D24L","EMP D24",73.6540997711168,NA,2.05991540088448,NA,3.09347219038691,NA,38.1547,-121.6814
"3373",2013-05-01,"D28AL","EMP D28A",2.25897722620364,NA,0.25142122571008,NA,0.271077267144437,NA,37.9701,-121.5741
"3374",2013-05-01,"D4L","EMP D4",14.2897466170884,0.510524699863526,1.14813365204936,0.0800324216923491,1.37181567524049,0.0829001188221888,38.0581,-121.8193
"3375",2013-05-01,"D41C","EMP D41",NA,0,NA,0,NA,0,38.016,-122.3647
"3376",2013-05-01,"D41AC","EMP D41A",NA,0.0786268514639295,NA,0.0306771182758959,NA,0.0314507405855718,38.0847,-122.3906
"3377",2013-05-01,"D6R","EMP D6",NA,17.8509678462682,NA,6.09139544242498,NA,7.14038713850728,38.0577,-122.1149
"3378",2013-05-01,"D7C","EMP D7",NA,1.14156164274795,NA,0.30159558945064,NA,0.305938520256451,38.1171,-122.0395
"3379",2013-05-01,"P8R","EMP P8",0.237708335042145,NA,0.0248188023584271,NA,0.0254347918495095,NA,37.9778,-121.3799
"3380",2013-06-01,"C9L","EMP C9",23.3220122418854,NA,2.57044524789008,NA,2.79864146902625,NA,37.8271,-121.5522
"3381",2013-06-01,"D16L","EMP D16",0.265419600206768,NA,0.0274343174225383,NA,0.0283998972221241,NA,38.093,-121.6697
"3382",2013-06-01,"D24L","EMP D24",103.533846011441,NA,3.19827722084236,NA,5.07315845456062,NA,38.1547,-121.6814
"3383",2013-06-01,"D28AL","EMP D28A",4.03446701824366,NA,0.446311893348196,NA,0.484136042189239,NA,37.9701,-121.5741
"3384",2013-06-01,"D4L","EMP D4",10.4325652975642,0.43923806342288,0.857058820795765,0.175008695820728,1.00152626856616,0.181315394696522,38.0581,-121.8193
"3385",2013-06-01,"D41C","EMP D41",NA,0,NA,0,NA,0,38.016,-122.3647
"3386",2013-06-01,"D41AC","EMP D41A",NA,0.0816715449462433,NA,0.0320392006084045,NA,0.0326686179784973,38.0847,-122.3906
"3387",2013-06-01,"D6R","EMP D6",NA,11.8472359379375,NA,4.13161841990716,NA,4.73889437517501,38.0577,-122.1149
"3388",2013-06-01,"D7C","EMP D7",NA,2.7938771171987,NA,0.857995121553355,NA,0.748759067409251,38.1171,-122.0395
"3389",2013-06-01,"P8R","EMP P8",1.94098018963548,NA,0.280381258478314,NA,0.289206048255686,NA,37.9778,-121.3799
"3390",2013-07-01,"C9L","EMP C9",2.11433971217364,NA,0.305227032446378,NA,0.315036617113872,NA,37.8271,-121.5522
"3391",2013-07-01,"D16L","EMP D16",0.370755116710959,NA,0.0478895915701015,NA,0.0496811856392685,NA,38.093,-121.6697
"3392",2013-07-01,"D24L","EMP D24",117.888975787006,NA,4.57903226425661,NA,7.19122752300735,NA,38.1547,-121.6814
"3393",2013-07-01,"D28AL","EMP D28A",0.0194272206092531,NA,0.00276816570211237,NA,0.00289465587077871,NA,37.9701,-121.5741
"3394",2013-07-01,"D4L","EMP D4",15.34405239093,0.570050048728192,1.38500393669851,0.197844708106592,1.64181360582951,0.204209879945411,38.0581,-121.8193
"3395",2013-07-01,"D41C","EMP D41",NA,0,NA,0,NA,0,38.016,-122.3647
"3396",2013-07-01,"D41AC","EMP D41A",NA,6.70785820095252,NA,2.40200988329099,NA,2.68314328038101,38.0847,-122.3906
"3397",2013-07-01,"D6R","EMP D6",NA,23.5267668772733,NA,7.64131343563279,NA,9.41070675090933,38.0577,-122.1149
"3398",2013-07-01,"D7C","EMP D7",NA,2.600307800937,NA,0.816905816393528,NA,0.696882490651117,38.1171,-122.0395
"3399",2013-07-01,"P8R","EMP P8",2.5050820475115,NA,0.451910728476571,NA,0.468450342884651,NA,37.9778,-121.3799
"3400",2013-08-01,"C9L","EMP C9",NA,NA,NA,NA,NA,NA,37.8271,-121.5522
"3401",2013-08-01,"D16L","EMP D16",NA,NA,NA,NA,NA,NA,38.093,-121.6697
"3402",2013-08-01,"D28AL","EMP D28A",NA,NA,0,NA,0,NA,37.9701,-121.5741
"3403",2013-08-01,"D4L","EMP D4",NA,0,NA,0.17167350524495,NA,0.175695225369152,38.0581,-121.8193
"3404",2013-08-01,"D41C","EMP D41",NA,0,NA,0,NA,0,38.016,-122.3647
"3405",2013-08-01,"D41AC","EMP D41A",NA,NA,NA,NA,NA,NA,38.0847,-122.3906
"3406",2013-08-01,"D6R","EMP D6",NA,NA,NA,NA,NA,NA,38.0577,-122.1149
"3407",2013-08-01,"D7C","EMP D7",NA,0,NA,0,NA,0,38.1171,-122.0395
"3408",2013-08-01,"P8R","EMP P8",NA,NA,NA,NA,NA,NA,37.9778,-121.3799
"3409",2013-09-01,"C9L","EMP C9",1.34431444366322,NA,0.137637283241309,NA,0.143841645471964,NA,37.8271,-121.5522
"3410",2013-09-01,"D16L","EMP D16",0.41883320684102,NA,0.0432131775142514,NA,0.0448151531319892,NA,38.093,-121.6697
"3411",2013-09-01,"D24L","EMP D24",84.702514143972,NA,4.85538560391453,NA,7.28441621638159,NA,38.1547,-121.6814
"3412",2013-09-01,"D28AL","EMP D28A",0.0209844472524711,NA,0.00217413781736356,NA,0.0022453358560144,NA,37.9701,-121.5741
"3413",2013-09-01,"D4L","EMP D4",13.79139562877,2.11358667920942,1.06557763810549,0.222813264353163,1.32397398036192,0.228020019491277,38.0581,-121.8193
"3414",2013-09-01,"D41C","EMP D41",NA,0,NA,0,NA,0,38.016,-122.3647
"3415",2013-09-01,"D41AC","EMP D41A",NA,5.21102473840844,NA,1.93345543982844,NA,2.08440989536338,38.0847,-122.3906
"3416",2013-09-01,"D6R","EMP D6",NA,16.4944099374013,NA,5.01478095605954,NA,6.59776397496052,38.0577,-122.1149
"3417",2013-09-01,"D7C","EMP D7",NA,6.79835090724416,NA,1.32621079256249,NA,1.82195804314143,38.1171,-122.0395
"3418",2013-09-01,"P8R","EMP P8",0.811645073703517,NA,0.103468970626155,NA,0.108760439876271,NA,37.9778,-121.3799
"3419",2013-10-01,"C9L","EMP C9",0.0105487208616953,NA,0.000799921793351602,NA,0.000812251506350536,NA,37.8271,-121.5522
"3420",2013-10-01,"D16L","EMP D16",0.971591409115736,NA,0.0712050747148095,NA,0.0748125385019116,NA,38.093,-121.6697
"3421",2013-10-01,"D24L","EMP D24",35.6314504825509,NA,1.31798046511747,NA,1.74594107364499,NA,38.1547,-121.6814
"3422",2013-10-01,"D28AL","EMP D28A",0.00118857330022054,NA,9.07285477739546e-05,NA,9.15201441169813e-05,NA,37.9701,-121.5741
"3423",2013-10-01,"D4L","EMP D4",17.1675782509237,2.18227036150651,1.02633089266718,NA,1.32190352532112,NA,38.0581,-121.8193
"3424",2013-10-01,"D41C","EMP D41",NA,0,NA,0,NA,0,38.016,-122.3647
"3425",2013-10-01,"D41AC","EMP D41A",NA,0.055756806588539,NA,0.0218014054015781,NA,0.0223027226354156,38.0847,-122.3906
"3426",2013-10-01,"D6R","EMP D6",NA,6.77404295868353,NA,2.11603912554693,NA,2.70961718347341,38.0577,-122.1149
"3427",2013-10-01,"D7C","EMP D7",NA,10.7,NA,2.02717179760084,NA,2.8676,38.1171,-122.0395
"3428",2013-10-01,"P8R","EMP P8",0.023430667853993,NA,0.00198178519634654,NA,0.0020150374354434,NA,37.9778,-121.3799
"3429",2013-11-01,"C9L","EMP C9",2.83706754745212,NA,0.131744813272773,NA,0.139016309825154,NA,37.8271,-121.5522
"3430",2013-11-01,"D16L","EMP D16",3.11958288835613,NA,0.155172228212471,NA,0.171577058859587,NA,38.093,-121.6697
"3431",2013-11-01,"D24L","EMP D24",75.8933354837367,NA,1.89480020503972,NA,2.95984008386573,NA,38.1547,-121.6814
"3432",2013-11-01,"D28AL","EMP D28A",9.87215031425402,NA,0.420152247931084,NA,0.483735365398447,NA,37.9701,-121.5741
"3433",2013-11-01,"D4L","EMP D4",10.6478222754014,0.736012701124784,0.490210679833379,0.811286260222796,0.585630225147078,0.845434671683767,38.0581,-121.8193
"3434",2013-11-01,"D41C","EMP D41",NA,0,NA,0,NA,0,38.016,-122.3647
"3435",2013-11-01,"D41AC","EMP D41A",NA,0.00240167625295986,NA,0.000954793411442952,NA,0.000960670501183944,38.0847,-122.3906
"3436",2013-11-01,"D6R","EMP D6",NA,5.8829803250925,NA,2.01090773579122,NA,2.353192130037,38.0577,-122.1149
"3437",2013-11-01,"D7C","EMP D7",NA,3.17793976158934,NA,0.695824952752865,NA,0.851687856105943,38.1171,-122.0395
"3438",2013-11-01,"P8R","EMP P8",1.35756343555776,NA,0.0718755954755994,NA,0.074665988955677,NA,37.9778,-121.3799
"3439",2013-12-01,"C9L","EMP C9",1.98648543323303,NA,0.0585928316243756,NA,0.0615810484302239,NA,37.8271,-121.5522
"3440",2013-12-01,"D16L","EMP D16",1.1776722904486,NA,0.0346349887604061,NA,0.0365078410039065,NA,38.093,-121.6697
"3441",2013-12-01,"D24L","EMP D24",122.745850755354,NA,2.59057513891319,NA,4.7870881794588,NA,38.1547,-121.6814
"3442",2013-12-01,"D28AL","EMP D28A",0.023286260447773,NA,0.000704391452201707,NA,0.000721874073880962,NA,37.9701,-121.5741
"3443",2013-12-01,"D4L","EMP D4",5.0844433081309,0.134358737079011,0.139829911646875,0.81391152609248,0.157617742552058,0.872908144602605,38.0581,-121.8193
"3444",2013-12-01,"D41C","EMP D41",NA,0,NA,0,NA,0,38.016,-122.3647
"3445",2013-12-01,"D41AC","EMP D41A",NA,0.0186308928886867,NA,0.00497438532397718,NA,0.00503034107994541,38.0847,-122.3906
"3446",2013-12-01,"D6R","EMP D6",NA,5.62873619462481,NA,1.28383909401889,NA,1.5197587725487,38.0577,-122.1149
"3447",2013-12-01,"D7C","EMP D7",NA,2.26036630537839,NA,0.351390103193397,NA,0.408900264642951,38.1171,-122.0395
"3448",2013-12-01,"P8R","EMP P8",1.64076957182103,NA,0.0489453249110337,NA,0.0508638567264519,NA,37.9778,-121.3799
"3449",2014-01-01,"C9L","EMP C9",0.0175212465098445,NA,0.000531199465167568,NA,0.000543158641805181,NA,37.8271,-121.5522
"3450",2014-01-01,"D16L","EMP D16",0.335370853224123,NA,0.00998954830826056,NA,0.0103964964499478,NA,38.093,-121.6697
"3451",2014-01-01,"D24L","EMP D24",121.85008613707,NA,2.07870023181737,NA,3.77735267024916,NA,38.1547,-121.6814
"3452",2014-01-01,"D28AL","EMP D28A",0.012695266944886,NA,0.000383853344634227,NA,0.000393553275291465,NA,37.9701,-121.5741
"3453",2014-01-01,"D4L","EMP D4",4.52570290902912,0.254988170566381,0.125477204969777,0.0665922700336177,0.140296790179903,0.068846806052923,38.0581,-121.8193
"3454",2014-01-01,"D41C","EMP D41",NA,0,NA,0,NA,0,38.016,-122.3647
"3455",2014-01-01,"D41AC","EMP D41A",NA,0.0319593032161078,NA,0.00851800574290806,NA,0.0086290118683491,38.0847,-122.3906
"3456",2014-01-01,"D6R","EMP D6",NA,3.51958503474614,NA,1.23823704690421,NA,1.40783401389846,38.0577,-122.1149
"3457",2014-01-01,"D7C","EMP D7",NA,1.60886314934382,NA,0.393182655320788,NA,0.434393050322831,38.1171,-122.0395
"3458",2014-01-01,"P8R","EMP P8",0.597434723077463,NA,0.0178706214261617,NA,0.0185204764154014,NA,37.9778,-121.3799
"3459",2014-02-01,"C9L","EMP C9",0.0119492387486514,NA,0.000459621604554641,NA,0.000466020311197404,NA,37.8271,-121.5522
"3460",2014-02-01,"D16L","EMP D16",3.33378021096705,NA,0.0925356679265303,NA,0.103347186539979,NA,38.093,-121.6697
"3461",2014-02-01,"D24L","EMP D24",127.536867588153,NA,2.36672953461202,NA,3.95364289523274,NA,38.1547,-121.6814
"3462",2014-02-01,"D28AL","EMP D28A",0.0171756080301943,NA,0.000657974947982018,NA,0.000669848713177578,NA,37.9701,-121.5741
"3463",2014-02-01,"D4L","EMP D4",10.4619499050797,0.39698110253415,0.273031908695354,0.102232956455218,0.32432044705747,0.107184897684221,38.0581,-121.8193
"3464",2014-02-01,"D41C","EMP D41",NA,0,NA,0,NA,0,38.016,-122.3647
"3465",2014-02-01,"D41AC","EMP D41A",NA,0.017565126042741,NA,0.0069646457913315,NA,0.00702605041709641,38.0847,-122.3906
"3466",2014-02-01,"D6R","EMP D6",NA,1.15517791296777,NA,0.421020621400541,NA,0.462071165187106,38.0577,-122.1149
"3467",2014-02-01,"D7C","EMP D7",NA,1.1380260079428,NA,0.421103234011384,NA,0.455210403177122,38.1171,-122.0395
"3468",2014-02-01,"P8R","EMP P8",0.36589987611423,NA,0.0137950745862623,NA,0.014270095168455,NA,37.9778,-121.3799
"3469",2014-03-01,"C9L","EMP C9",0.613739550972014,NA,0.0319243443643874,NA,0.0337556753034607,NA,37.8271,-121.5522
"3470",2014-03-01,"D16L","EMP D16",10.1555291910605,NA,0.471648273932681,NA,0.55855410550833,NA,38.093,-121.6697
"3471",2014-03-01,"D24L","EMP D24",105.036146335247,NA,2.29768968530442,NA,4.09640970707463,NA,38.1547,-121.6814
"3472",2014-03-01,"D28AL","EMP D28A",0.980073320077767,NA,0.0487231154157686,NA,0.0539040326042772,NA,37.9701,-121.5741
"3473",2014-03-01,"D4L","EMP D4",7.06074342129043,1.69481136469226,0.343942059375266,0.657832687601484,0.388340888170974,0.677924545876904,38.0581,-121.8193
"3474",2014-03-01,"D41C","EMP D41",NA,0,NA,0,NA,0,38.016,-122.3647
"3475",2014-03-01,"D41AC","EMP D41A",NA,0.0507105529362463,NA,0.0199947318649124,NA,0.0202842211744985,38.0847,-122.3906
"3476",2014-03-01,"D6R","EMP D6",NA,5.33045074763668,NA,1.80839308526591,NA,2.13218029905467,38.0577,-122.1149
"3477",2014-03-01,"D7C","EMP D7",NA,0.709784877200647,NA,0.268517985528391,NA,0.283913950880259,38.1171,-122.0395
"3478",2014-03-01,"P8R","EMP P8",0.720135245752628,NA,0.0380753677055969,NA,0.0396074385163946,NA,37.9778,-121.3799
"3479",2014-04-01,"C9L","EMP C9",0.677081193150425,NA,0.0447389790750792,NA,0.0467186023273793,NA,37.8271,-121.5522
"3480",2014-04-01,"D16L","EMP D16",2.04643101928452,NA,0.116670321979047,NA,0.124832292176356,NA,38.093,-121.6697
"3481",2014-04-01,"D24L","EMP D24",113.682508718236,NA,3.75692750569282,NA,6.93463303181241,NA,38.1547,-121.6814
"3482",2014-04-01,"D28AL","EMP D28A",0.50291138468555,NA,0.032570084454971,NA,0.0347008855433029,NA,37.9701,-121.5741
"3483",2014-04-01,"D4L","EMP D4",7.71289918516365,0.275201851098626,0.41270654429078,0.107039968049509,0.470486850294982,0.11008074043945,38.0581,-121.8193
"3484",2014-04-01,"D41C","EMP D41",NA,0,NA,0,NA,0,38.016,-122.3647
"3485",2014-04-01,"D41AC","EMP D41A",NA,0.148369620720527,NA,0.054975881582391,NA,0.0593478482882107,38.0847,-122.3906
"3486",2014-04-01,"D6R","EMP D6",NA,5.43041383343752,NA,1.90541242954073,NA,2.17216553337501,38.0577,-122.1149
"3487",2014-04-01,"D7C","EMP D7",NA,1.3610097136983,NA,0.459307670426439,NA,0.54440388547932,38.1171,-122.0395
"3488",2014-04-01,"P8R","EMP P8",0.694801219368885,NA,0.0512294969306718,NA,0.0534996938914041,NA,37.9778,-121.3799
"3489",2014-05-01,"C9L","EMP C9",1.85447219314042,NA,0.166130699912837,NA,0.178029330541481,NA,37.8271,-121.5522
"3490",2014-05-01,"D16L","EMP D16",1.3262707211624,NA,0.107084139590008,NA,0.114059282019967,NA,38.093,-121.6697
"3491",2014-05-01,"D24L","EMP D24",95.5201209043792,NA,4.8548051415882,NA,8.21473039777661,NA,38.1547,-121.6814
"3492",2014-05-01,"D28AL","EMP D28A",0.413587133551241,NA,0.0377054373456991,NA,0.0397043648209191,NA,37.9701,-121.5741
"3493",2014-05-01,"D4L","EMP D4",2.94139279188375,0.409587111957912,0.207236162224529,0.159744676464915,0.226487244975049,0.163834844783165,38.0581,-121.8193
"3494",2014-05-01,"D41C","EMP D41",NA,0,NA,0,NA,0,38.016,-122.3647
"3495",2014-05-01,"D41AC","EMP D41A",NA,0.587821406261881,NA,0.226491371511777,NA,0.235128562504752,38.0847,-122.3906
"3496",2014-05-01,"D6R","EMP D6",NA,7.80306768347413,NA,2.6842666456441,NA,3.12122707338965,38.0577,-122.1149
"3497",2014-05-01,"D7C","EMP D7",NA,3.26810773750838,NA,1.04502859707088,NA,1.30724309500335,38.1171,-122.0395
"3498",2014-05-01,"P8R","EMP P8",0.211518139327167,NA,0.0171407499215767,NA,0.0181905599821364,NA,37.9778,-121.3799
"3499",2014-06-01,"C9L","EMP C9",2.38053035153333,NA,0.306273580945537,NA,0.318991067105467,NA,37.8271,-121.5522
"3500",2014-06-01,"D16L","EMP D16",0.273983888239229,NA,0.0283772395215347,NA,0.0293162760415976,NA,38.093,-121.6697
"3501",2014-06-01,"D24L","EMP D24",69.081438229487,NA,4.55251540281069,NA,7.39171389055511,NA,38.1547,-121.6814
"3502",2014-06-01,"D28AL","EMP D28A",0.270266142968828,NA,0.0350553891011177,NA,0.0362156631578229,NA,37.9701,-121.5741
"3503",2014-06-01,"D4L","EMP D4",4.22913672262232,0.245920478238798,0.367569352686399,0.0943462629875308,0.405997125371743,0.0983681912955193,38.0581,-121.8193
"3504",2014-06-01,"D41C","EMP D41",NA,0,NA,0,NA,0,38.016,-122.3647
"3505",2014-06-01,"D41AC","EMP D41A",NA,0,NA,0,NA,0,38.0847,-122.3906
"3506",2014-06-01,"D6R","EMP D6",NA,5.62970803711632,NA,1.95373855448742,NA,2.25188321484653,38.0577,-122.1149
"3507",2014-06-01,"D7C","EMP D7",NA,4.18103667078974,NA,1.26853184859415,NA,1.6724146683159,38.1171,-122.0395
"3508",2014-06-01,"P8R","EMP P8",0.100689193729165,NA,0.0144039218184769,NA,0.0150026898656456,NA,37.9778,-121.3799
"3509",2014-07-01,"C9L","EMP C9",0.742765350668957,NA,0.120414783420886,NA,0.124041813561716,NA,37.8271,-121.5522
"3510",2014-07-01,"D16L","EMP D16",0.225390068362104,NA,0.0294761699258771,NA,0.0302022691605219,NA,38.093,-121.6697
"3511",2014-07-01,"D24L","EMP D24",78.6061540928744,NA,6.23296295999566,NA,10.5332246484452,NA,38.1547,-121.6814
"3512",2014-07-01,"D28AL","EMP D28A",0.580726411966494,NA,0.0892422021966918,NA,0.0969813107984045,NA,37.9701,-121.5741
"3513",2014-07-01,"D4L","EMP D4",2.49241845143142,1.27958111796298,0.277883473571979,0.479751512485507,0.29909021417177,0.51183244718519,38.0581,-121.8193
"3514",2014-07-01,"D41C","EMP D41",NA,0,NA,0,NA,0,38.016,-122.3647
"3515",2014-07-01,"D41AC","EMP D41A",NA,0.00423969549706792,NA,0.001684986857616,NA,0.00169587819882717,38.0847,-122.3906
"3516",2014-07-01,"D6R","EMP D6",NA,7.57155650593105,NA,2.44072022488522,NA,3.02862260237242,38.0577,-122.1149
"3517",2014-07-01,"D7C","EMP D7",NA,4.33195862533571,NA,1.39241218085165,NA,1.73278345013429,38.1171,-122.0395
"3518",2014-07-01,"P8R","EMP P8",0.20746340288845,NA,0.0345123712336165,NA,0.0346463882823712,NA,37.9778,-121.3799
"3519",2014-08-01,"C9L","EMP C9",0.00174607943872317,NA,0.000257249134826657,NA,0.000260165836369753,NA,37.8271,-121.5522
"3520",2014-08-01,"D16L","EMP D16",1.08867965109652,NA,0.13854722501519,NA,0.145883073246934,NA,38.093,-121.6697
"3521",2014-08-01,"D24L","EMP D24",55.026805664749,NA,4.76441292114154,NA,7.37359195907636,NA,38.1547,-121.6814
"3522",2014-08-01,"D28AL","EMP D28A",0.837947319229362,NA,0.115800870728718,NA,0.124854150565175,NA,37.9701,-121.5741
"3523",2014-08-01,"D4L","EMP D4",8.13459328854398,0.653081710041295,0.770654839183537,0.244288747898776,0.870401481874206,0.261232684016518,38.0581,-121.8193
"3524",2014-08-01,"D41C","EMP D41",NA,0,NA,0,NA,0,38.016,-122.3647
"3525",2014-08-01,"D41AC","EMP D41A",NA,0.0633023003684001,NA,0.0251018504297101,NA,0.02532092014736,38.0847,-122.3906
"3526",2014-08-01,"D6R","EMP D6",NA,8.14110409155702,NA,2.49837160913445,NA,3.25644163662281,38.0577,-122.1149
"3527",2014-08-01,"D7C","EMP D7",NA,4.13239510736592,NA,1.37715413003011,NA,1.65295804294637,38.1171,-122.0395
"3528",2014-08-01,"P8R","EMP P8",0.13408409068302,NA,0.024144743448041,NA,0.0250737249577247,NA,37.9778,-121.3799
"3529",2014-09-01,"C9L","EMP C9",0.943905625231763,NA,0.136118271602795,NA,0.140641938159533,NA,37.8271,-121.5522
"3530",2014-09-01,"D16L","EMP D16",0.274142441390004,NA,0.0319689488418264,NA,0.0328970929668005,NA,38.093,-121.6697
"3531",2014-09-01,"D24L","EMP D24",73.0376442931993,NA,5.393552695658,NA,8.76451731518392,NA,38.1547,-121.6814
"3532",2014-09-01,"D28AL","EMP D28A",8.12639614940491,NA,1.03284650211046,NA,1.21083302626133,NA,37.9701,-121.5741
"3533",2014-09-01,"D4L","EMP D4",7.87876554179565,2.1603416005418,0.726100518860704,0.817074184774337,0.843027912972135,0.86413664021672,38.0581,-121.8193
"3534",2014-09-01,"D41C","EMP D41",NA,0,NA,0,NA,0,38.016,-122.3647
"3535",2014-09-01,"D41AC","EMP D41A",NA,0.0872391367858424,NA,0.0345003647224125,NA,0.0348956547143369,38.0847,-122.3906
"3536",2014-09-01,"D6R","EMP D6",NA,7.89775975354324,NA,2.41621645422878,NA,3.1591039014173,38.0577,-122.1149
"3537",2014-09-01,"D7C","EMP D7",NA,10.7141792214071,NA,3.38130823743897,NA,4.28567168856283,38.1171,-122.0395
"3538",2014-09-01,"P8R","EMP P8",0.749113506913992,NA,0.121400290467903,NA,0.125101955654637,NA,37.9778,-121.3799
"3539",2014-10-01,"C9L","EMP C9",NA,NA,NA,NA,NA,NA,37.8271,-121.5522
"3540",2014-10-01,"D16L","EMP D16",2.8299648424662,NA,0.276137688587913,NA,0.302806238143883,NA,38.093,-121.6697
"3541",2014-10-01,"D24L","EMP D24",51.7931158669308,NA,3.68789613295752,NA,5.5418633977616,NA,38.1547,-121.6814
"3542",2014-10-01,"D28AL","EMP D28A",2.38811582124084,NA,0.255708662381009,NA,0.2865738985489,NA,37.9701,-121.5741
"3543",2014-10-01,"D4L","EMP D4",3.42912220905685,0.274487330366546,0.32684445622077,0.106057982959179,0.366916076369082,0.109794932146618,38.0581,-121.8193
"3544",2014-10-01,"D41C","EMP D41",NA,0,NA,0,NA,0,38.016,-122.3647
"3545",2014-10-01,"D41AC","EMP D41A",NA,0,NA,0,NA,0,38.0847,-122.3906
"3546",2014-10-01,"D6R","EMP D6",NA,4.39896935791645,NA,1.49175675481476,NA,1.75958774316658,38.0577,-122.1149
"3547",2014-10-01,"D7C","EMP D7",NA,8.59590760809672,NA,2.71238413578246,NA,3.43836304323869,38.1171,-122.0395
"3548",2014-10-01,"P8R","EMP P8",0.950812463705909,NA,0.123662025673177,NA,0.127408870136592,NA,37.9778,-121.3799
"3549",2014-11-01,"D16L","EMP D16",4.81157679386943,NA,0.297935722022471,NA,0.331998798776991,NA,38.093,-121.6697
"3550",2014-11-01,"D24L","EMP D24",29.2480538498641,NA,1.48728376041679,NA,2.01811571564063,NA,38.1547,-121.6814
"3551",2014-11-01,"D28AL","EMP D28A",1.07646976302795,NA,0.0782261265513172,NA,0.082888171753152,NA,37.9701,-121.5741
"3552",2014-11-01,"D4L","EMP D4",1.56511609577771,0.767270206446069,0.100084736195151,0.294567820356453,0.107993010608662,0.306908082578428,38.0581,-121.8193
"3553",2014-11-01,"D41C","EMP D41",NA,0,NA,0,NA,0,38.016,-122.3647
"3554",2014-11-01,"D41AC","EMP D41A",NA,0,NA,0,NA,0,38.0847,-122.3906
"3555",2014-11-01,"D6R","EMP D6",NA,5.12056142772443,NA,1.70351227022317,NA,2.04822457108977,38.0577,-122.1149
"3556",2014-11-01,"D7C","EMP D7",NA,3.97573843628088,NA,1.37164248325003,NA,1.59029537451235,38.1171,-122.0395
"3557",2014-11-01,"P8R","EMP P8",0.999707340700783,NA,0.0299656944664043,NA,0.0309909275617243,NA,37.9778,-121.3799
"3558",2014-12-01,"D16L","EMP D16",0.75744026790633,NA,0.0223106332579967,NA,0.0234806483050962,NA,38.093,-121.6697
"3559",2014-12-01,"D24L","EMP D24",50.0870168885024,NA,1.26702660695754,NA,1.95339365865159,NA,38.1547,-121.6814
"3560",2014-12-01,"D28AL","EMP D28A",2.6197640836054,NA,0.0749816700061134,NA,0.0812126865917674,NA,37.9701,-121.5741
"3561",2014-12-01,"D4L","EMP D4",3.11418907049271,0.272259817131438,0.087458312776506,0.105957270939086,0.0965398611852741,0.108903926852575,38.0581,-121.8193
"3562",2014-12-01,"D41C","EMP D41",NA,0,NA,0,NA,0,38.016,-122.3647
"3563",2014-12-01,"D41AC","EMP D41A",NA,0,NA,0,NA,0,38.0847,-122.3906
"3564",2014-12-01,"D6R","EMP D6",NA,4.67951584736794,NA,1.58440048698399,NA,1.87180633894718,38.0577,-122.1149
"3565",2014-12-01,"D7C","EMP D7",NA,3.16238603478893,NA,0.751346070883482,NA,0.853844229393012,38.1171,-122.0395
"3566",2014-12-01,"P8R","EMP P8",2.19626901119756,NA,0.0646684862279751,NA,0.0680843393471244,NA,37.9778,-121.3799
"3567",2015-01-01,"C9L","EMP C9",0.00610186771130963,NA,0.000187658382689645,NA,0.000189157899050599,NA,37.8271,-121.5522
"3568",2015-01-01,"D16L","EMP D16",0.403320793325603,NA,0.0120271143223398,NA,0.0125029445930937,NA,38.093,-121.6697
"3569",2015-01-01,"D24L","EMP D24",23.7295426567195,NA,0.563334094207079,NA,0.735615822358304,NA,38.1547,-121.6814
"3570",2015-01-01,"D28AL","EMP D28A",4.87263294778008,NA,0.138905401396501,NA,0.151051621381183,NA,37.9701,-121.5741
"3571",2015-01-01,"D4L","EMP D4",2.24910589170491,0.158060474308716,0.0647913100634448,0.0615975208899214,0.0697222826428523,0.0632241897234865,38.0581,-121.8193
"3572",2015-01-01,"D41C","EMP D41",NA,0,NA,0,NA,0,38.016,-122.3647
"3573",2015-01-01,"D41AC","EMP D41A",NA,0.0307702061576879,NA,0.0122211368583057,NA,0.0123080824630752,38.0847,-122.3906
"3574",2015-01-01,"D6R","EMP D6",NA,4.04920582595743,NA,0.922577175482433,NA,1.09328557300851,38.0577,-122.1149
"3575",2015-01-01,"D7C","EMP D7",NA,0.534319272184034,NA,0.135824016935967,NA,0.144266203489689,38.1171,-122.0395
"3576",2015-01-01,"P8R","EMP P8",1.69145421240152,NA,0.0497794624570281,NA,0.0524350805844472,NA,37.9778,-121.3799
"3577",2015-02-01,"C9L","EMP C9",0.0246944453817089,NA,0.000755517231787611,NA,0.000765527806832976,NA,37.8271,-121.5522
"3578",2015-02-01,"D16L","EMP D16",0.372227171290308,NA,0.0110268959852239,NA,0.0115390423099996,NA,38.093,-121.6697
"3579",2015-02-01,"D24L","EMP D24",40.9933030177287,NA,0.843670525114524,NA,1.27079239354959,NA,38.1547,-121.6814
"3580",2015-02-01,"D28AL","EMP D28A",2.28420604959683,NA,0.0666020784871518,NA,0.0708103875375017,NA,37.9701,-121.5741
"3581",2015-02-01,"D4L","EMP D4",1.15668664281094,0.282010348412691,0.0340196008979413,0.109458022514441,0.035857285927139,0.112804139365076,38.0581,-121.8193
"3582",2015-02-01,"D41C","EMP D41",NA,0,NA,0,NA,0,38.016,-122.3647
"3583",2015-02-01,"D41AC","EMP D41A",NA,0,NA,0,NA,0,38.0847,-122.3906
"3584",2015-02-01,"D6R","EMP D6",NA,1.80052189775693,NA,0.645071446451235,NA,0.72020875910277,38.0577,-122.1149
"3585",2015-02-01,"D7C","EMP D7",NA,0.597255260871417,NA,0.224387065591249,NA,0.238902104348567,38.1171,-122.0395
"3586",2015-02-01,"P8R","EMP P8",0.222999631775509,NA,0.0120564786993211,NA,0.012264979747653,NA,37.9778,-121.3799
"3587",2015-03-01,"C9L","EMP C9",0.124811762021164,NA,0.00744455913766197,NA,0.00761351748329102,NA,37.8271,-121.5522
"3588",2015-03-01,"D16L","EMP D16",2.14281344843485,NA,0.106965880106318,NA,0.117854739663917,NA,38.093,-121.6697
"3589",2015-03-01,"D24L","EMP D24",46.7665155097334,NA,1.89368703692525,NA,2.85275744609374,NA,38.1547,-121.6814
"3590",2015-03-01,"D28AL","EMP D28A",0.0637726379433972,NA,0.00382593579786439,NA,0.00389013091454723,NA,37.9701,-121.5741
"3591",2015-03-01,"D4L","EMP D4",2.18732594855602,0.0701685475437947,0.113538318072863,0.0276688585049556,0.120302927170581,0.0280674190175179,38.0581,-121.8193
"3592",2015-03-01,"D41C","EMP D41",NA,0,NA,0,NA,0,38.016,-122.3647
"3593",2015-03-01,"D41AC","EMP D41A",NA,0,NA,0,NA,0,38.0847,-122.3906
"3594",2015-03-01,"D6R","EMP D6",NA,4.82811320701727,NA,1.66714884967255,NA,1.93124528280691,38.0577,-122.1149
"3595",2015-03-01,"D7C","EMP D7",NA,0.459416101827755,NA,0.174872600630661,NA,0.183766440731102,38.1171,-122.0395
"3596",2015-03-01,"P8R","EMP P8",1.10366795186355,NA,0.0646958672156991,NA,0.0673237450636766,NA,37.9778,-121.3799
"3597",2015-04-01,"C9L","EMP C9",0.00205727977078531,NA,0.000124783471452121,NA,0.000125494066017904,NA,37.8271,-121.5522
"3598",2015-04-01,"D16L","EMP D16",0.55312908387098,NA,0.0367518599406357,NA,0.0381659067870977,NA,38.093,-121.6697
"3599",2015-04-01,"D24L","EMP D24",40.7999336157306,NA,2.11962658665183,NA,3.14159488841126,NA,38.1547,-121.6814
"3600",2015-04-01,"D28AL","EMP D28A",5.98880755976208,NA,0.331191603278787,NA,0.365317261145487,NA,37.9701,-121.5741
"3601",2015-04-01,"D4L","EMP D4",1.3009737220096,0.115161396136696,0.0829476864220015,0.0451825406371311,0.0897671868186625,0.0460645584546785,38.0581,-121.8193
"3602",2015-04-01,"D41C","EMP D41",NA,0,NA,0,NA,0,38.016,-122.3647
"3603",2015-04-01,"D41AC","EMP D41A",NA,0,NA,0,NA,0,38.0847,-122.3906
"3604",2015-04-01,"D6R","EMP D6",NA,3.30290341383102,NA,1.16832991214818,NA,1.32116136553241,38.0577,-122.1149
"3605",2015-04-01,"D7C","EMP D7",NA,0.220956706901362,NA,0.0827505884818115,NA,0.0883826827605448,38.1171,-122.0395
"3606",2015-04-01,"P8R","EMP P8",0.757799416882704,NA,0.0505133541182358,NA,0.0522881597649066,NA,37.9778,-121.3799
"3607",2015-05-01,"C9L","EMP C9",2.49720656325698e-06,NA,2.66459890071102e-07,NA,2.67201102268496e-07,NA,37.8271,-121.5522
"3608",2015-05-01,"D16L","EMP D16",0.733719722287402,NA,0.0601477919057,NA,0.0630998961167166,NA,38.093,-121.6697
"3609",2015-05-01,"D24L","EMP D24",52.3266946144528,NA,2.68859932446653,NA,4.02915548531286,NA,38.1547,-121.6814
"3610",2015-05-01,"D28AL","EMP D28A",6.17072022088689,NA,0.554187762169624,NA,0.660267063634898,NA,37.9701,-121.5741
"3611",2015-05-01,"D4L","EMP D4",1.81600445401696,0.106474079197443,0.131261555644035,0.0418768944791356,0.139832342959306,0.042589631678977,38.0581,-121.8193
"3612",2015-05-01,"D41C","EMP D41",NA,0,NA,0,NA,0,38.016,-122.3647
"3613",2015-05-01,"D41AC","EMP D41A",NA,0.0372894139035469,NA,0.0147959360661022,NA,0.0149157655614187,38.0847,-122.3906
"3614",2015-05-01,"D6R","EMP D6",NA,7.53738870924282,NA,2.54779020665616,NA,3.01495548369713,38.0577,-122.1149
"3615",2015-05-01,"D7C","EMP D7",NA,1.74244496255468,NA,0.618124665522549,NA,0.696977985021872,38.1171,-122.0395
"3616",2015-05-01,"P8R","EMP P8",3.15150579711199,NA,0.228973005625139,NA,0.242665946377623,NA,37.9778,-121.3799
"3617",2015-06-01,"C9L","EMP C9",1.06162218043808,NA,0.1543816383928,NA,0.158181704885274,NA,37.8271,-121.5522
"3618",2015-06-01,"D16L","EMP D16",1.95559726637447,NA,0.215022210545101,NA,0.234671671964936,NA,38.093,-121.6697
"3619",2015-06-01,"D24L","EMP D24",37.4090844322329,NA,2.84884845791153,NA,4.00277203424892,NA,38.1547,-121.6814
"3620",2015-06-01,"D28AL","EMP D28A",2.5267741175089,NA,0.34785933397802,NA,0.376489343508826,NA,37.9701,-121.5741
"3621",2015-06-01,"D4L","EMP D4",3.53852641664621,0.366095118047535,0.346250117658456,0.140416160740858,0.378622326581144,0.146438047219014,38.0581,-121.8193
"3622",2015-06-01,"D41C","EMP D41",NA,0,NA,0,NA,0,38.016,-122.3647
"3623",2015-06-01,"D41AC","EMP D41A",NA,0.00286398112898976,NA,0.00114150507790496,NA,0.0011455924515959,38.0847,-122.3906
"3624",2015-06-01,"D6R","EMP D6",NA,6.95608015829995,NA,2.22146387936965,NA,2.78243206331998,38.0577,-122.1149
"3625",2015-06-01,"D7C","EMP D7",NA,3.85596879739571,NA,1.2936606203601,NA,1.54238751895829,38.1171,-122.0395
"3626",2015-06-01,"P8R","EMP P8",1.21637935897831,NA,0.12484638662173,NA,0.130152591410679,NA,37.9778,-121.3799
"3627",2015-07-01,"C9L","EMP C9",0.00429060242541836,NA,0.000624669885351122,NA,0.000639299761387336,NA,37.8271,-121.5522
"3628",2015-07-01,"D16L","EMP D16",0.676363952751264,NA,0.0861982424495482,NA,0.0906327696686694,NA,38.093,-121.6697
"3629",2015-07-01,"D24L","EMP D24",22.8113134143367,NA,2.30554484859195,NA,3.05671599752111,NA,38.1547,-121.6814
"3630",2015-07-01,"D28AL","EMP D28A",0.318299399142472,NA,0.0456251404674871,NA,0.0474266104722283,NA,37.9701,-121.5741
"3631",2015-07-01,"D4L","EMP D4",1.84974461612339,0.42798096998988,0.186275887312486,0.163460766796335,0.197922673925202,0.171192387995952,38.0581,-121.8193
"3632",2015-07-01,"D41C","EMP D41",NA,0,NA,0,NA,0,38.016,-122.3647
"3633",2015-07-01,"D41AC","EMP D41A",NA,0,NA,0,NA,0,38.0847,-122.3906
"3634",2015-07-01,"D6R","EMP D6",NA,13.6294852340661,NA,4.18759463099463,NA,5.45179409362646,38.0577,-122.1149
"3635",2015-07-01,"D7C","EMP D7",NA,8.28433623372049,NA,2.67395757093136,NA,3.3137344934882,38.1171,-122.0395
"3636",2015-07-01,"P8R","EMP P8",0.576598244836164,NA,0.0808469688399839,NA,0.0859131384805884,NA,37.9778,-121.3799
"3637",2015-08-01,"C9L","EMP C9",1.13785610630771,NA,0.181729274051516,NA,0.190021969753387,NA,37.8271,-121.5522
"3638",2015-08-01,"D16L","EMP D16",2.75590844749301,NA,0.336868254383858,NA,0.369291731964063,NA,38.093,-121.6697
"3639",2015-08-01,"D24L","EMP D24",22.0496735030646,NA,2.28884060722527,NA,2.95465624941066,NA,38.1547,-121.6814
"3640",2015-08-01,"D28AL","EMP D28A",8.31553189699903,NA,1.26012616284663,NA,1.38869382679884,NA,37.9701,-121.5741
"3641",2015-08-01,"D4L","EMP D4",5.93023846756348,3.24308521514677,0.564284438680657,1.17585917964877,0.634535516029292,1.29723408605871,38.0581,-121.8193
"3642",2015-08-01,"D41C","EMP D41",NA,0,NA,0,NA,0,38.016,-122.3647
"3643",2015-08-01,"D41AC","EMP D41A",NA,0,NA,0,NA,0,38.0847,-122.3906
"3644",2015-08-01,"D6R","EMP D6",NA,16.8717810658689,NA,4.89878228048254,NA,6.74871242634754,38.0577,-122.1149
"3645",2015-08-01,"D7C","EMP D7",NA,20.5367213466253,NA,6.48449680562782,NA,8.21468853865013,38.1171,-122.0395
"3646",2015-08-01,"P8R","EMP P8",0.239866389936003,NA,0.030179412631466,NA,0.0321420962514244,NA,37.9778,-121.3799
"3647",2015-09-01,"C9L","EMP C9",0.29129778978965,NA,0.0417952757950136,NA,0.0434033706786579,NA,37.8271,-121.5522
"3648",2015-09-01,"D16L","EMP D16",0.434895485946547,NA,0.0501401396014032,NA,0.0521874583135856,NA,38.093,-121.6697
"3649",2015-09-01,"D24L","EMP D24",19.9154789897434,NA,1.85858296955879,NA,2.38985747876921,NA,38.1547,-121.6814
"3650",2015-09-01,"D28AL","EMP D28A",0.982370967160163,NA,0.141496127376376,NA,0.146373274106864,NA,37.9701,-121.5741
"3651",2015-09-01,"D4L","EMP D4",1.10002574405703,0.479839415878031,0.109933409846717,0.178645334319349,0.117702754614102,0.191935766351212,38.0581,-121.8193
"3652",2015-09-01,"D41C","EMP D41",NA,0,NA,0,NA,0,38.016,-122.3647
"3653",2015-09-01,"D41AC","EMP D41A",NA,0,NA,0,NA,0,38.0847,-122.3906
"3654",2015-09-01,"D6R","EMP D6",NA,10.1460602808764,NA,3.24396758934224,NA,4.05842411235054,38.0577,-122.1149
"3655",2015-09-01,"D7C","EMP D7",NA,18.5868854508982,NA,5.82281040864313,NA,7.43475418035927,38.1171,-122.0395
"3656",2015-09-01,"P8R","EMP P8",0.0899005265351488,NA,0.0104877250745575,NA,0.0107880631842179,NA,37.9778,-121.3799
"3657",2015-10-01,"C9L","EMP C9",0.0013900308896683,NA,0.000147858082041217,NA,0.000148733305194508,NA,37.8271,-121.5522
"3658",2015-10-01,"D16L","EMP D16",0.746147235801997,NA,0.0756970831933757,NA,0.0798377542308136,NA,38.093,-121.6697
"3659",2015-10-01,"D24L","EMP D24",31.2990944875661,NA,2.11564289503439,NA,3.00471307080635,NA,38.1547,-121.6814
"3660",2015-10-01,"D28AL","EMP D28A",0.000201543608241266,NA,2.14805657401293e-05,NA,2.15651660818155e-05,NA,37.9701,-121.5741
"3661",2015-10-01,"D4L","EMP D4",1.3381187647439,0.31025829316514,0.119031408965037,0.118595788360331,0.128459401415415,0.124103317266056,38.0581,-121.8193
"3662",2015-10-01,"D41C","EMP D41",NA,0,NA,0,NA,0,38.016,-122.3647
"3663",2015-10-01,"D41AC","EMP D41A",NA,0,NA,0,NA,0,38.0847,-122.3906
"3664",2015-10-01,"D6R","EMP D6",NA,11.2613450676667,NA,3.5205659155787,NA,4.50453802706669,38.0577,-122.1149
"3665",2015-10-01,"D7C","EMP D7",NA,7.20529233424822,NA,2.198512300026,NA,2.88211693369929,38.1171,-122.0395
"3666",2015-10-01,"P8R","EMP P8",7.09710875607045,NA,0.782068045188881,NA,0.851653050728454,NA,37.9778,-121.3799
"3667",2015-11-01,"C9L","EMP C9",0.0120887028840828,NA,0.000585226077359967,NA,0.000592346441320058,NA,37.8271,-121.5522
"3668",2015-11-01,"D16L","EMP D16",0.427519334160757,NA,0.0201736379598852,NA,0.0209484473738771,NA,38.093,-121.6697
"3669",2015-11-01,"D24L","EMP D24",18.8593245149219,NA,0.722824962598349,NA,0.924106901231173,NA,38.1547,-121.6814
"3670",2015-11-01,"D28AL","EMP D28A",0.66,NA,0.0314697084273728,NA,0.03234,NA,37.9701,-121.5741
"3671",2015-11-01,"D4L","EMP D4",1.66113882100399,0.139414767532782,0.0762867387298207,0.0540313452512388,0.0813958022291957,0.0557659070131127,38.0581,-121.8193
"3672",2015-11-01,"D41C","EMP D41",NA,0,NA,0,NA,0,38.016,-122.3647
"3673",2015-11-01,"D41AC","EMP D41A",NA,0,NA,0,NA,0,38.0847,-122.3906
"3674",2015-11-01,"D6R","EMP D6",NA,7.18243117818265,NA,2.38620360682467,NA,2.87297247127306,38.0577,-122.1149
"3675",2015-11-01,"D7C","EMP D7",NA,4.36927944873322,NA,1.52523156541481,NA,1.74771177949329,38.1171,-122.0395
"3676",2015-11-01,"P8R","EMP P8",2.45868262915634,NA,0.284701938052267,NA,0.295041915498761,NA,37.9778,-121.3799
"3677",2015-12-01,"C9L","EMP C9",0,NA,0,NA,0,NA,37.8271,-121.5522
"3678",2015-12-01,"D16L","EMP D16",1.01432930732997,NA,0.00954773750032746,NA,0.0101432930732997,NA,38.093,-121.6697
"3679",2015-12-01,"D24L","EMP D24",17.4603009793854,NA,0.437760772917029,NA,0.541269330360948,NA,38.1547,-121.6814
"3680",2015-12-01,"D28AL","EMP D28A",0.36,NA,0.0137242615012831,NA,0.01404,NA,37.9701,-121.5741
"3681",2015-12-01,"D4L","EMP D4",0.744611352256867,0.392147112819906,0.0219738887422449,0.15146169263054,0.0230829519199629,0.156858845127962,38.0581,-121.8193
"3682",2015-12-01,"D41C","EMP D41",NA,0,NA,0,NA,0,38.016,-122.3647
"3683",2015-12-01,"D41AC","EMP D41A",NA,0.0499861629150602,NA,0.0198161189077841,NA,0.0199944651660241,38.0847,-122.3906
"3684",2015-12-01,"D6R","EMP D6",NA,15.5779280945054,NA,3.23376767310351,NA,4.20604058551645,38.0577,-122.1149
"3685",2015-12-01,"D7C","EMP D7",NA,3.36169029854634,NA,0.802156818558492,NA,0.907656380607513,38.1171,-122.0395
"3686",2015-12-01,"P8R","EMP P8",2.2447415269705,NA,0.0836593450304353,NA,0.0875449195518497,NA,37.9778,-121.3799
"3687",2016-01-01,"C9L","EMP C9",0.393931268850197,NA,0.0118685338713619,NA,0.0122118693343561,NA,37.8271,-121.5522
"3688",2016-01-01,"D16L","EMP D16",1.21042196162814,NA,0.0360027707815952,NA,0.0375230808104724,NA,38.093,-121.6697
"3689",2016-01-01,"D24L","EMP D24",33.0166753495197,NA,0.794850355686811,NA,1.02351693583511,NA,38.1547,-121.6814
"3690",2016-01-01,"D28AL","EMP D28A",3.19379854535175,NA,0.0907760028259845,NA,0.0990077549059043,NA,37.9701,-121.5741
"3691",2016-01-01,"D4L","EMP D4",1.28175394877695,0.304409988490776,0.0375707126940356,0.118026772923545,0.0397343724120854,0.12176399539631,38.0581,-121.8193
"3692",2016-01-01,"D41C","EMP D41",NA,0,NA,0,NA,0,38.016,-122.3647
"3693",2016-01-01,"D41AC","EMP D41A",NA,0,NA,0,NA,0,38.0847,-122.3906
"3694",2016-01-01,"D6R","EMP D6",NA,6.19532525643209,NA,1.41417015384803,NA,1.67273781923667,38.0577,-122.1149
"3695",2016-01-01,"D7C","EMP D7",NA,2.56040915329553,NA,0.639985196357682,NA,0.691310471389793,38.1171,-122.0395
"3696",2016-01-01,"P8R","EMP P8",0.82114621230566,NA,0.0246629002697088,NA,0.0254555325814755,NA,37.9778,-121.3799
"3697",2016-02-01,"C9L","EMP C9",0.73107813381838,NA,0.0217623138247092,NA,0.0226634221483698,NA,37.8271,-121.5522
"3698",2016-02-01,"D16L","EMP D16",0.000867922445110535,NA,2.67532462031812e-05,NA,2.69055957984266e-05,NA,38.093,-121.6697
"3699",2016-02-01,"D24L","EMP D24",14.1294122478687,NA,0.406752140680883,NA,0.494529428675404,NA,38.1547,-121.6814
"3700",2016-02-01,"D28AL","EMP D28A",1.01434835828914,NA,0.0375277082430287,NA,0.0395595859732765,NA,37.9701,-121.5741
"3701",2016-02-01,"D4L","EMP D4",1.49478394948667,0.214609419451692,0.0492403321628942,0.0835192428167403,0.0523174382320333,0.0858437677806767,38.0581,-121.8193
"3702",2016-02-01,"D41C","EMP D41",NA,0,NA,0,NA,0,38.016,-122.3647
"3703",2016-02-01,"D41AC","EMP D41A",NA,0,NA,0,NA,0,38.0847,-122.3906
"3704",2016-02-01,"D6R","EMP D6",NA,4.21193327353323,NA,1.46765271443974,NA,1.68477330941329,38.0577,-122.1149
"3705",2016-02-01,"D7C","EMP D7",NA,0.750547647229268,NA,0.279951848570554,NA,0.300219058891707,38.1171,-122.0395
"3706",2016-02-01,"P8R","EMP P8",3.18217947567326,NA,0.0930246526123564,NA,0.098647563745871,NA,37.9778,-121.3799
"3707",2016-03-01,"C9L","EMP C9",0.427613716767091,NA,0.0229036591793644,NA,0.02351875442219,NA,37.8271,-121.5522
"3708",2016-03-01,"D16L","EMP D16",0.717033336468342,NA,0.0380836644292985,NA,0.0394368335057588,NA,38.093,-121.6697
"3709",2016-03-01,"D24L","EMP D24",10.1647646949818,NA,0.386898978443729,NA,0.447249646579199,NA,38.1547,-121.6814
"3710",2016-03-01,"D28AL","EMP D28A",0.0125118161193098,NA,0.000679816948338684,NA,0.000688149886562041,NA,37.9701,-121.5741
"3711",2016-03-01,"D4L","EMP D4",1.31340468825903,1.05544705495506,0.0531069060437666,0.403307377638028,0.0577898062833973,0.422178821982024,38.0581,-121.8193
"3712",2016-03-01,"D41C","EMP D41",NA,0,NA,0,NA,0,38.016,-122.3647
"3713",2016-03-01,"D41AC","EMP D41A",NA,0,NA,0,NA,0,38.0847,-122.3906
"3714",2016-03-01,"D6R","EMP D6",NA,4.75650596863297,NA,1.68417457796943,NA,1.90260238745319,38.0577,-122.1149
"3715",2016-03-01,"D7C","EMP D7",NA,0.947299195474002,NA,0.356188780641344,NA,0.378919678189601,38.1171,-122.0395
"3716",2016-03-01,"P8R","EMP P8",2.79977396714612,NA,0.148676152122699,NA,0.153987568193037,NA,37.9778,-121.3799
"3717",2016-04-01,"C9L","EMP C9",0,NA,0,NA,0,NA,37.8271,-121.5522
"3718",2016-04-01,"D16L","EMP D16",0.288571554051642,NA,0.0190782345796019,NA,0.0199114372295633,NA,38.093,-121.6697
"3719",2016-04-01,"D24L","EMP D24",26.4028664731931,NA,1.45930291970773,NA,1.82179778665032,NA,38.1547,-121.6814
"3720",2016-04-01,"D28AL","EMP D28A",0,NA,0,NA,0,NA,37.9701,-121.5741
"3721",2016-04-01,"D4L","EMP D4",0.40456381941598,0.0776040899565699,0.0266630951798391,0.0305268986364307,0.0279149035397026,0.031041635982628,38.0581,-121.8193
"3722",2016-04-01,"D41C","EMP D41",NA,0.05,NA,0.019800196896921,NA,0.02,38.016,-122.3647
"3723",2016-04-01,"D41AC","EMP D41A",NA,0.029871276037554,NA,0.0116284920305322,NA,0.0119485104150216,38.0847,-122.3906
"3724",2016-04-01,"D6R","EMP D6",NA,2.99184168379141,NA,1.09112536113799,NA,1.19673667351656,38.0577,-122.1149
"3725",2016-04-01,"D7C","EMP D7",NA,0.306822256423869,NA,0.117365916335857,NA,0.122728902569548,38.1171,-122.0395
"3726",2016-04-01,"P8R","EMP P8",1.0665019689837,NA,0.0797044511662598,NA,0.0821206516117446,NA,37.9778,-121.3799
"3727",2016-05-01,"C9L","EMP C9",0,NA,0,NA,0,NA,37.8271,-121.5522
"3728",2016-05-01,"D16L","EMP D16",0.552616813315986,NA,0.0462133159344162,NA,0.0475250459451748,NA,38.093,-121.6697
"3729",2016-05-01,"D24L","EMP D24",28.4778822729358,NA,2.18789448465162,NA,2.73387669820184,NA,38.1547,-121.6814
"3730",2016-05-01,"D28AL","EMP D28A",7.89240954389144,NA,0.680925532301916,NA,0.757671316213578,NA,37.9701,-121.5741
"3731",2016-05-01,"D4L","EMP D4",0.312343189428887,0.00654008395755113,0.0288304011510055,NA,0.0299849461851732,0.00261603358302045,38.0581,-121.8193
"3732",2016-05-01,"D41C","EMP D41",NA,0,NA,0,NA,0,38.016,-122.3647
"3733",2016-05-01,"D41AC","EMP D41A",NA,3.92280919427403,NA,1.34864810704337,NA,1.56912367770961,38.0847,-122.3906
"3734",2016-05-01,"D6R","EMP D6",NA,5.50978151647895,NA,1.92715223147423,NA,2.20391260659158,38.0577,-122.1149
"3735",2016-05-01,"D7C","EMP D7",NA,1.08406100288706,NA,0.411114798524056,NA,0.433624401154826,38.1171,-122.0395
"3736",2016-05-01,"P8R","EMP P8",5.35585978131228,NA,0.43347956992219,NA,0.460603941192856,NA,37.9778,-121.3799
"3737",2016-06-01,"C9L","EMP C9",0,NA,0,NA,0,NA,37.8271,-121.5522
"3738",2016-06-01,"D16L","EMP D16",0.920717982089296,NA,0.0930785347712579,NA,0.0985168240835547,NA,38.093,-121.6697
"3739",2016-06-01,"D24L","EMP D24",41.2509068318915,NA,4.12540523944792,NA,5.52762151547346,NA,38.1547,-121.6814
"3740",2016-06-01,"D28AL","EMP D28A",0.00118601248929906,NA,0.000157282694141779,NA,0.000158925673566074,NA,37.9701,-121.5741
"3741",2016-06-01,"D4L","EMP D4",0.213635993386501,0.0456251320354819,0.0199516314643549,0.0180935067163396,0.0205090553651041,0.0182500528141928,38.0581,-121.8193
"3742",2016-06-01,"D41C","EMP D41",NA,0,NA,0,NA,0,38.016,-122.3647
"3743",2016-06-01,"D41AC","EMP D41A",NA,8.63924138104552,NA,2.92821487066143,NA,3.45569655241821,38.0847,-122.3906
"3744",2016-06-01,"D6R","EMP D6",NA,7.78322285211468,NA,2.64005164059523,NA,3.11328914084587,38.0577,-122.1149
"3745",2016-06-01,"D7C","EMP D7",NA,1.82579780468598,NA,0.656196268835196,NA,0.730319121874391,38.1171,-122.0395
"3746",2016-06-01,"P8R","EMP P8",5.65300255126153,NA,0.638848278542545,NA,0.678360306151383,NA,37.9778,-121.3799
"3747",2016-07-01,"C9L","EMP C9",0,NA,0,NA,0,NA,37.8271,-121.5522
"3748",2016-07-01,"D16L","EMP D16",1.69188492223934,NA,0.190296448513792,NA,0.203026190668721,NA,38.093,-121.6697
"3749",2016-07-01,"D24L","EMP D24",23.2657457061659,NA,2.2731576205819,NA,2.79188948473991,NA,38.1547,-121.6814
"3750",2016-07-01,"D28AL","EMP D28A",0.632225777808816,NA,0.0887881704321325,NA,0.0942016408935136,NA,37.9701,-121.5741
"3751",2016-07-01,"D4L","EMP D4",0.00245372397079297,0.022812566017741,0.000233247265674134,NA,0.000235557501196125,0.00912502640709638,38.0581,-121.8193
"3752",2016-07-01,"D41C","EMP D41",NA,0,NA,0,NA,0,38.016,-122.3647
"3753",2016-07-01,"D41AC","EMP D41A",NA,6.16668022509865,NA,2.14591205885127,NA,2.46667209003946,38.0847,-122.3906
"3754",2016-07-01,"D6R","EMP D6",NA,9.60030449362044,NA,3.19533132036388,NA,3.84012179744818,38.0577,-122.1149
"3755",2016-07-01,"D7C","EMP D7",NA,2.25533532301956,NA,0.805056826133598,NA,0.902134129207824,38.1171,-122.0395
"3756",2016-07-01,"P8R","EMP P8",1.21013732544987,NA,0.158226896328139,NA,0.162158401610283,NA,37.9778,-121.3799
"3757",2016-08-01,"C9L","EMP C9",0,NA,0,NA,0,NA,37.8271,-121.5522
"3758",2016-08-01,"D16L","EMP D16",0.977302344900952,NA,0.112269761880547,NA,0.117276281388114,NA,38.093,-121.6697
"3759",2016-08-01,"D24L","EMP D24",26.3562461096645,NA,2.14478059765623,NA,2.8201183337341,NA,38.1547,-121.6814
"3760",2016-08-01,"D28AL","EMP D28A",0.0527307197655145,NA,0.00686656178687904,NA,0.00706591644857894,NA,37.9701,-121.5741
"3761",2016-08-01,"D4L","EMP D4",0.985174533588598,0.0505631739556585,0.102684458247594,0.0200592969977413,0.10541367509398,0.0202252695822634,38.0581,-121.8193
"3762",2016-08-01,"D41C","EMP D41",NA,0,NA,0,NA,0,38.016,-122.3647
"3763",2016-08-01,"D41AC","EMP D41A",NA,12.0383059572393,NA,4.09376784286263,NA,4.81532238289573,38.0847,-122.3906
"3764",2016-08-01,"D6R","EMP D6",NA,9.22058766430621,NA,2.9333911781814,NA,3.68823506572248,38.0577,-122.1149
"3765",2016-08-01,"D7C","EMP D7",NA,4.3,NA,1.46357239955106,NA,1.72,38.1171,-122.0395
"3766",2016-08-01,"P8R","EMP P8",0.126146014195173,NA,0.0165736636786206,NA,0.0169035659021532,NA,37.9778,-121.3799
"3767",2016-09-01,"C9L","EMP C9",5.00374276738807,NA,0.560404486647787,NA,0.600449132086569,NA,37.8271,-121.5522
"3768",2016-09-01,"D16L","EMP D16",0.78649974861521,NA,0.0801865074695957,NA,0.0841554731018275,NA,38.093,-121.6697
"3769",2016-09-01,"D24L","EMP D24",36.4933294407215,NA,2.97390740211486,NA,3.9047862501572,NA,38.1547,-121.6814
"3770",2016-09-01,"D28AL","EMP D28A",1.01194240347089,NA,0.11816910117535,NA,0.121433088416507,NA,37.9701,-121.5741
"3771",2016-09-01,"D4L","EMP D4",0.381374328145151,0.038759459191178,0.0353692245295741,0.0153786175297997,0.0366119355019345,0.0155037836764712,38.0581,-121.8193
"3772",2016-09-01,"D41C","EMP D41",NA,0,NA,0,NA,0,38.016,-122.3647
"3773",2016-09-01,"D41AC","EMP D41A",NA,7.15541388111988,NA,2.55210021748409,NA,2.86216555244795,38.0847,-122.3906
"3774",2016-09-01,"D6R","EMP D6",NA,8.06830097469075,NA,2.64779769335167,NA,3.2273203898763,38.0577,-122.1149
"3775",2016-09-01,"D7C","EMP D7",NA,3.17138483677255,NA,1.07257478155597,NA,1.26855393470902,38.1171,-122.0395
"3776",2016-09-01,"P8R","EMP P8",0.000940791287554155,NA,0.000112378251923673,NA,0.000112894954506499,NA,37.9778,-121.3799
"3777",2016-10-01,"C9L","EMP C9",0.4822314723242,NA,0.0325524066119356,NA,0.0333091354199641,NA,37.8271,-121.5522
"3778",2016-10-01,"D16L","EMP D16",0.713877976119628,NA,0.0462468040885956,NA,0.0492575803522544,NA,38.093,-121.6697
"3779",2016-10-01,"D24L","EMP D24",25.2051336770558,NA,1.35231912876387,NA,1.73915422371685,NA,38.1547,-121.6814
"3780",2016-10-01,"D28AL","EMP D28A",1.36063121721293,NA,0.0606092342279532,NA,0.0667344340153479,NA,37.9701,-121.5741
"3781",2016-10-01,"D4L","EMP D4",0.52,0.221326150255518,0.0348674256512098,0.087235012299056,0.03588,0.0885304601022071,38.0581,-121.8193
"3782",2016-10-01,"D41C","EMP D41",NA,0,NA,0,NA,0,38.016,-122.3647
"3783",2016-10-01,"D41AC","EMP D41A",NA,5.78198464412908,NA,2.0954708687759,NA,2.31279385765163,38.0847,-122.3906
"3784",2016-10-01,"D6R","EMP D6",NA,8.70039704018163,NA,2.80256478885647,NA,3.48015881607265,38.0577,-122.1149
"3785",2016-10-01,"D7C","EMP D7",NA,11.5101118045854,NA,3.8394630475092,NA,4.60404472183416,38.1171,-122.0395
"3786",2016-10-01,"P8R","EMP P8",1.13761029088382,NA,0.0834055907128871,NA,0.0859999484361086,NA,37.9778,-121.3799
"3787",2016-11-01,"D4L","EMP D4",1.94,0.15519781312743,0.127965385566948,0.061350215065613,0.13386,0.0620791252509718,38.0581,-121.8193
"3788",2016-11-01,"D41C","EMP D41",NA,0,NA,0,NA,0,38.016,-122.3647
"3789",2016-11-01,"D41AC","EMP D41A",NA,4.83205714975584,NA,1.76995558449067,NA,1.93282285990233,38.0847,-122.3906
"3790",2016-12-01,"C9L","EMP C9",2.15293585556292,NA,0.0628771738247757,NA,0.0667410115224506,NA,37.8271,-121.5522
"3791",2016-12-01,"D16L","EMP D16",1.27576436632786,NA,0.037226624431767,NA,0.0395486953561637,NA,38.093,-121.6697
"3792",2016-12-01,"D24L","EMP D24",18.8703866189515,NA,0.46258787204074,NA,0.584981985187498,NA,38.1547,-121.6814
"3793",2016-12-01,"D28AL","EMP D28A",0.124703846043796,NA,0.00371575085853497,NA,0.00386581922735768,NA,37.9701,-121.5741
"3794",2016-12-01,"D4L","EMP D4",0.72,0.223070620239929,0.0242679406027511,0.0880892537904525,0.0252,0.0892282480959715,38.0581,-121.8193
"3795",2016-12-01,"D41C","EMP D41",NA,0,NA,0,NA,0,38.016,-122.3647
"3796",2016-12-01,"D41AC","EMP D41A",NA,1.09501878987076,NA,0.418666351354286,NA,0.438007515948302,38.0847,-122.3906
"3797",2016-12-01,"D6R","EMP D6",NA,12.8627058333191,NA,2.69473713457315,NA,3.47293057499616,38.0577,-122.1149
"3798",2016-12-01,"D7C","EMP D7",NA,4.44084679884641,NA,1.07275790592412,NA,1.19902863568853,38.1171,-122.0395
"3799",2016-12-01,"P8R","EMP P8",5.60348512756631,NA,0.163713318559773,NA,0.173708038954555,NA,37.9778,-121.3799
"3800",2017-01-01,"C9L","EMP C9",0.00717221830578538,NA,0.000220303547820132,NA,0.000222338767479347,NA,37.8271,-121.5522
"3801",2017-01-01,"D16L","EMP D16",0.241665057573923,NA,0.0071893885379247,NA,0.0074916167847916,NA,38.093,-121.6697
"3802",2017-01-01,"D24L","EMP D24",0.147251048420719,NA,0.00445503958527956,NA,0.0045647825010423,NA,38.1547,-121.6814
"3803",2017-01-01,"D28AL","EMP D28A",0.00625755614090638,NA,0.000190545667931579,NA,0.000193984240368098,NA,37.9701,-121.5741
"3804",2017-01-01,"D4L","EMP D4",0.336168051149028,0.102374296534839,0.0101143637983718,0.0406136770790547,0.0104212095856199,0.0409497186139357,38.0581,-121.8193
"3805",2017-01-01,"D41C","EMP D41",NA,0,NA,0,NA,0,38.016,-122.3647
"3806",2017-01-01,"D41AC","EMP D41A",NA,0.473759882614557,NA,0.18375681801285,NA,0.189503953045823,38.0847,-122.3906
"3807",2017-01-01,"D6R","EMP D6",NA,5.61881885554585,NA,1.31075705421147,NA,1.51708109099738,38.0577,-122.1149
"3808",2017-01-01,"D7C","EMP D7",NA,0.148147303592591,NA,0.0577052298131254,NA,0.0592589214370365,38.1171,-122.0395
"3809",2017-01-01,"P8R","EMP P8",0.0123433809329073,NA,0.00037872877064749,NA,0.000382644808920126,NA,37.9778,-121.3799
"3810",2017-02-01,"C9L","EMP C9",0.240982679404256,NA,0.00734346738669992,NA,0.00747046306153194,NA,37.8271,-121.5522
"3811",2017-02-01,"D16L","EMP D16",0.663558931163777,NA,0.0194943591535391,NA,0.0205703268660771,NA,38.093,-121.6697
"3812",2017-02-01,"D24L","EMP D24",0,NA,0,NA,0,NA,38.1547,-121.6814
"3813",2017-02-01,"D28AL","EMP D28A",0.101061346790313,NA,0.00368884458864805,NA,0.00394139252482219,NA,37.9701,-121.5741
"3814",2017-02-01,"D4L","EMP D4",0.653530818358128,0,0.0220548395115391,0,0.0228735786425345,0,38.0581,-121.8193
"3815",2017-02-01,"D41C","EMP D41",NA,0,NA,0,NA,0,38.016,-122.3647
"3816",2017-02-01,"D41AC","EMP D41A",NA,0.193930508386672,NA,0.0760116968148156,NA,0.0775722033546687,38.0847,-122.3906
"3817",2017-02-01,"D6R","EMP D6",NA,3.45452793331273,NA,1.23932978285989,NA,1.38181117332509,38.0577,-122.1149
"3818",2017-02-01,"D7C","EMP D7",NA,0.0729765659763268,NA,0.0286753226167236,NA,0.0291906263905307,38.1171,-122.0395
"3819",2017-02-01,"P8R","EMP P8",0.00163306076781371,NA,5.03908292452681e-05,NA,5.06248838022249e-05,NA,37.9778,-121.3799
"3820",2017-03-01,"C9L","EMP C9",0,NA,0,NA,0,NA,37.8271,-121.5522
"3821",2017-03-01,"D16L","EMP D16",0.0536207973735442,NA,0.00205943776164276,NA,0.00209121109756822,NA,38.093,-121.6697
"3822",2017-03-01,"D24L","EMP D24",0.0130288111793832,NA,0.000565846587179417,NA,0.000573267691892861,NA,38.1547,-121.6814
"3823",2017-03-01,"D28AL","EMP D28A",0.0218844038698654,NA,0.000919494643871145,NA,0.000941029366404211,NA,37.9701,-121.5741
"3824",2017-03-01,"D4L","EMP D4",1.13028278020804,0,0.059331969542535,0,0.0621655529114421,0,38.0581,-121.8193
"3825",2017-03-01,"D41C","EMP D41",NA,0,NA,0,NA,0,38.016,-122.3647
"3826",2017-03-01,"D41AC","EMP D41A",NA,0.0791770465031062,NA,0.0310836600736858,NA,0.0316708186012425,38.0847,-122.3906
"3827",2017-03-01,"D6R","EMP D6",NA,2.02484266130962,NA,0.758978435031827,NA,0.809937064523849,38.0577,-122.1149
"3828",2017-03-01,"D7C","EMP D7",NA,0.550408292379651,NA,0.214857107414925,NA,0.22016331695186,38.1171,-122.0395
"3829",2017-03-01,"P8R","EMP P8",0.122471276103015,NA,0.0037501689381792,NA,0.00379660955919346,NA,37.9778,-121.3799
"3830",2017-04-01,"C9L","EMP C9",0.51162579561754,NA,0.030280772744914,NA,0.0312091735326699,NA,37.8271,-121.5522
"3831",2017-04-01,"D16L","EMP D16",0.00249996293374092,NA,0.000121634360859719,NA,0.000124998146687046,NA,38.093,-121.6697
"3832",2017-04-01,"D24L","EMP D24",0.013685991589203,NA,0.000660433892287757,NA,0.000670613587870945,NA,38.1547,-121.6814
"3833",2017-04-01,"D28AL","EMP D28A",1.29,NA,0.0741530318466773,NA,0.07869,NA,37.9701,-121.5741
"3834",2017-04-01,"D4L","EMP D4",0.715828300278179,0.108571082601303,0.0339877486197759,0.0430410609118,0.0350755867136308,0.0434284330405212,38.0581,-121.8193
"3835",2017-04-01,"D41C","EMP D41",NA,0.00181745462306177,NA,0.000722938503226688,NA,0.000726981849224708,38.016,-122.3647
"3836",2017-04-01,"D41AC","EMP D41A",NA,0.293101512706853,NA,0.113633473844356,NA,0.117240605082741,38.0847,-122.3906
"3837",2017-04-01,"D6R","EMP D6",NA,1.59484532737866,NA,0.604592573947689,NA,0.637938130951465,38.0577,-122.1149
"3838",2017-04-01,"D7C","EMP D7",NA,0.225837585341171,NA,0.088659035123727,NA,0.0903350341364683,38.1171,-122.0395
"3839",2017-04-01,"P8R","EMP P8",1.35868758595535,NA,0.0804510548493024,NA,0.0828799427432763,NA,37.9778,-121.3799
"3840",2017-05-01,"C9L","EMP C9",0.102252428750816,NA,0.00762924937461181,NA,0.00787343701381285,NA,37.8271,-121.5522
"3841",2017-05-01,"D16L","EMP D16",0.402552595608888,NA,0.0269285724792014,NA,0.0277761290970133,NA,38.093,-121.6697
"3842",2017-05-01,"D24L","EMP D24",0.0519121320869017,NA,0.00350307061836478,NA,0.00358193711399621,NA,38.1547,-121.6814
"3843",2017-05-01,"D28AL","EMP D28A",1.82,NA,0.123732372232933,NA,0.14014,NA,37.9701,-121.5741
"3844",2017-05-01,"D4L","EMP D4",1.60184760751173,0,0.105617068937844,0,0.110527484918309,0,38.0581,-121.8193
"3845",2017-05-01,"D41C","EMP D41",NA,2.49307033262631,NA,0.911563977886261,NA,0.997228133050524,38.016,-122.3647
"3846",2017-05-01,"D41AC","EMP D41A",NA,0.348713199868844,NA,0.135175320221888,NA,0.139485279947537,38.0847,-122.3906
"3847",2017-05-01,"D6R","EMP D6",NA,2.09236585049214,NA,0.788929620670548,NA,0.836946340196854,38.0577,-122.1149
"3848",2017-05-01,"D7C","EMP D7",NA,0.212232914428134,NA,0.083610965295316,NA,0.0848931657712535,38.1171,-122.0395
"3849",2017-05-01,"P8R","EMP P8",1.67471324361224,NA,0.124343330838961,NA,0.128952919758143,NA,37.9778,-121.3799
"3850",2017-06-01,"C9L","EMP C9",0.442656387452235,NA,0.0516057009965585,NA,0.0529811071788035,NA,37.8271,-121.5522
"3851",2017-06-01,"D16L","EMP D16",0.0400686718782613,NA,0.00378968372749873,NA,0.00384659250031308,NA,38.093,-121.6697
"3852",2017-06-01,"D24L","EMP D24",0.22839880563411,NA,0.0296696226368322,NA,0.0306054399549707,NA,38.1547,-121.6814
"3853",2017-06-01,"D28AL","EMP D28A",6.46,NA,0.791000667158102,NA,0.96254,NA,37.9701,-121.5741
"3854",2017-06-01,"D4L","EMP D4",7.72294305590924,0.259435588417802,0.594801589368028,0.102255728572117,0.664173102808195,0.103774235367121,38.0581,-121.8193
"3855",2017-06-01,"D41C","EMP D41",NA,15.5887716296411,NA,4.90309317541046,NA,6.23550865185644,38.016,-122.3647
"3856",2017-06-01,"D41AC","EMP D41A",NA,2.44862398251953,NA,0.913085488415075,NA,0.979449593007814,38.0847,-122.3906
"3857",2017-06-01,"D6R","EMP D6",NA,2.24407550120951,NA,0.853064782885728,NA,0.897630200483803,38.0577,-122.1149
"3858",2017-06-01,"D7C","EMP D7",NA,0.273898431945651,NA,0.107644370213486,NA,0.109559372778261,38.1171,-122.0395
"3859",2017-06-01,"P8R","EMP P8",0.891981016489755,NA,0.0927490865781383,NA,0.0960134133479902,NA,37.9778,-121.3799
"3860",2017-07-01,"C9L","EMP C9",0.0290845544835114,NA,0.00345464726950557,NA,0.00349014653802137,NA,37.8271,-121.5522
"3861",2017-07-01,"D16L","EMP D16",0.437734473229701,NA,0.0630647663241834,NA,0.0652224365112254,NA,38.093,-121.6697
"3862",2017-07-01,"D24L","EMP D24",0.920997083978767,NA,0.115248141061394,NA,0.123413609253155,NA,38.1547,-121.6814
"3863",2017-07-01,"D28AL","EMP D28A",1.22,NA,0.220802008915978,NA,0.22814,NA,37.9701,-121.5741
"3864",2017-07-01,"D4L","EMP D4",15.9433637619048,0.129717794208901,1.66177200273119,0.0513502444575478,1.91320365142857,0.0518871176835603,38.0581,-121.8193
"3865",2017-07-01,"D41C","EMP D41",NA,22.0774003583586,NA,6.94670238465439,NA,8.83096014334345,38.016,-122.3647
"3866",2017-07-01,"D41AC","EMP D41A",NA,4.34766564869829,NA,1.6004329409193,NA,1.73906625947932,38.0847,-122.3906
"3867",2017-07-01,"D6R","EMP D6",NA,2.27428173612401,NA,0.866105609087171,NA,0.909712694449605,38.0577,-122.1149
"3868",2017-07-01,"D7C","EMP D7",NA,0.187953962257776,NA,0.0743931196667971,NA,0.0751815849031105,38.1171,-122.0395
"3869",2017-07-01,"P8R","EMP P8",0.373581908399513,NA,0.0438427732889012,NA,0.0448298290079415,NA,37.9778,-121.3799
"3870",2017-08-01,"D16L","EMP D16",2.35616293081776,NA,0.288622567498395,NA,0.315725832729579,NA,38.093,-121.6697
"3871",2017-08-01,"D24L","EMP D24",2.84486963079284,NA,0.315986546933394,NA,0.341384355695141,NA,38.1547,-121.6814
"3872",2017-08-01,"D28AL","EMP D28A",0.02,NA,0.00289931061863541,NA,0.00298,NA,37.9701,-121.5741
"3873",2017-08-01,"D4L","EMP D4",8.37654882631002,0,0.79580817930309,0,0.896290724415172,0,38.0581,-121.8193
"3874",2017-08-01,"D41C","EMP D41",NA,33.5589702777292,NA,10.2305073083453,NA,13.4235881110917,38.016,-122.3647
"3875",2017-08-01,"D41AC","EMP D41A",NA,17.5905581783046,NA,6.32592195476897,NA,7.03622327132184,38.0847,-122.3906
"3876",2017-08-01,"D6R","EMP D6",NA,3.95885161846619,NA,1.43384403462942,NA,1.58354064738648,38.0577,-122.1149
"3877",2017-08-01,"D7C","EMP D7",NA,0.772525515580327,NA,0.275141976433778,NA,0.309010206232131,38.1171,-122.0395
"3878",2017-09-01,"C9L","EMP C9",0.7600736069111,NA,0.0713075266256558,NA,0.0729670662634656,NA,37.8271,-121.5522
"3879",2017-09-01,"D16L","EMP D16",0.862544121894751,NA,0.10836162362813,NA,0.115580912333897,NA,38.093,-121.6697
"3880",2017-09-01,"D24L","EMP D24",4.33518645995366,NA,0.372027843616214,NA,0.416177900155552,NA,38.1547,-121.6814
"3881",2017-09-01,"D28AL","EMP D28A",3.31,NA,0.328849470452185,NA,0.35417,NA,37.9701,-121.5741
"3882",2017-09-01,"D4L","EMP D4",2.60901114192785,0.0379893996134421,0.321625595265773,0.0150764821322402,0.349607493018332,0.0151957598453768,38.0581,-121.8193
"3883",2017-09-01,"D41C","EMP D41",NA,531.673133863863,NA,163.92404489977,NA,212.669253545545,38.016,-122.3647
"3884",2017-09-01,"D41AC","EMP D41A",NA,7.68265867336005,NA,2.79182658618238,NA,3.07306346934402,38.0847,-122.3906
"3885",2017-09-01,"D6R","EMP D6",NA,4.80783472187743,NA,1.55039189189468,NA,1.92313388875097,38.0577,-122.1149
"3886",2017-09-01,"D7C","EMP D7",NA,4.88280328907691,NA,1.66945701965964,NA,1.95312131563076,38.1171,-122.0395
"3887",2017-09-01,"P8R","EMP P8",0.0340403943377651,NA,0.00398854969818829,NA,0.00408484732053181,NA,37.9778,-121.3799
"3888",2017-10-01,"C9L","EMP C9",0.203814692281695,NA,0.0172039128153029,NA,0.0175280635362258,NA,37.8271,-121.5522
"3889",2017-10-01,"D16L","EMP D16",0.387271625586247,NA,0.0283567081158293,NA,0.029819915170141,NA,38.093,-121.6697
"3890",2017-10-01,"D24L","EMP D24",2.59897895251226,NA,0.139147393268375,NA,0.158537716103248,NA,38.1547,-121.6814
"3891",2017-10-01,"D28AL","EMP D28A",0.43,NA,0.0309833750884236,NA,0.03311,NA,37.9701,-121.5741
"3892",2017-10-01,"D4L","EMP D4",3.6515387316996,0,0.247953828643686,0,0.281168482340869,0,38.0581,-121.8193
"3893",2017-10-01,"D41C","EMP D41",NA,85.5227336796286,NA,22.1077611047122,NA,34.2090934718514,38.016,-122.3647
"3894",2017-10-01,"D41AC","EMP D41A",NA,8.29345663461565,NA,2.98763220153716,NA,3.31738265384626,38.0847,-122.3906
"3895",2017-10-01,"D6R","EMP D6",NA,8.05277006555556,NA,2.62815059340584,NA,3.22110802622222,38.0577,-122.1149
"3896",2017-10-01,"D7C","EMP D7",NA,5.52654144428559,NA,1.90821344092561,NA,2.21061657771424,38.1171,-122.0395
"3897",2017-10-01,"P8R","EMP P8",0.820072155317098,NA,0.0611103236538881,NA,0.0631455559594166,NA,37.9778,-121.3799
"3898",2017-11-01,"C9L","EMP C9",0.000243163809975494,NA,1.86624026142159e-05,NA,1.8723613368113e-05,NA,37.8271,-121.5522
"3899",2017-11-01,"D16L","EMP D16",0.822200082982581,NA,0.043270474230293,NA,0.045221004564042,NA,38.093,-121.6697
"3900",2017-11-01,"D24L","EMP D24",2.94105070197906,NA,0.135743560271363,NA,0.161757788608848,NA,38.1547,-121.6814
"3901",2017-11-01,"D28AL","EMP D28A",0.234998392558217,NA,0.0138572640672469,NA,0.0143349019460512,NA,37.9701,-121.5741
"3902",2017-11-01,"D4L","EMP D4",9.38708788389874,0.04,0.456530712714552,0.0107229330888124,0.516289833614431,0.0108,38.0581,-121.8193
"3903",2017-11-01,"D41C","EMP D41",NA,6.03,NA,2.21205814782572,NA,2.412,38.016,-122.3647
"3904",2017-11-01,"D41AC","EMP D41A",NA,5.98959592980901,NA,2.14104064680602,NA,2.3958383719236,38.0847,-122.3906
"3905",2017-11-01,"D6R","EMP D6",NA,8.70902236909621,NA,2.87826676052193,NA,3.48360894763848,38.0577,-122.1149
"3906",2017-11-01,"D7C","EMP D7",NA,7.22849584145276,NA,2.48664333196753,NA,2.8913983365811,38.1171,-122.0395
"3907",2017-11-01,"P8R","EMP P8",1.5689186714217,NA,0.0737695236641289,NA,0.0768770148996634,NA,37.9778,-121.3799
"3908",2017-12-01,"C9L","EMP C9",0,NA,0,NA,0,NA,37.8271,-121.5522
"3909",2017-12-01,"D16L","EMP D16",2.62196120178046,NA,0.0743166739146042,NA,0.0812807972551943,NA,38.093,-121.6697
"3910",2017-12-01,"D24L","EMP D24",7.70998328631321,NA,0.210567387656631,NA,0.269849415020962,NA,38.1547,-121.6814
"3911",2017-12-01,"D28AL","EMP D28A",1.33,NA,0.0389498896695507,NA,0.04123,NA,37.9701,-121.5741
"3912",2017-12-01,"D4L","EMP D4",5.54693850787363,0,0.192940456343267,0,0.216330601807071,0,38.0581,-121.8193
"3913",2017-12-01,"D41C","EMP D41",NA,0.129432983068778,NA,0.0511332966656295,NA,0.0517731932275112,38.016,-122.3647
"3914",2017-12-01,"D41AC","EMP D41A",NA,4.69632659860434,NA,1.73169380708525,NA,1.87853063944174,38.0847,-122.3906
"3915",2017-12-01,"D6R","EMP D6",NA,16.4902392342336,NA,4.83322164815436,NA,6.59609569369345,38.0577,-122.1149
"3916",2017-12-01,"D7C","EMP D7",NA,10.965068210893,NA,3.79396064866635,NA,4.38602728435721,38.1171,-122.0395
"3917",2017-12-01,"P8R","EMP P8",0.0465596157715629,NA,0.00141240644576291,NA,0.00144334808891845,NA,37.9778,-121.3799
"3918",2018-01-01,"C9L","EMP C9",0.360493115939855,NA,0.01372830456675,NA,0.0140592315216544,NA,37.8271,-121.5522
"3919",2018-01-01,"D16L","EMP D16",1.11828587691621,NA,0.0415491491381495,NA,0.0436131491997321,NA,38.093,-121.6697
"3920",2018-01-01,"D24L","EMP D24",8.28815844739928,NA,0.228370527575957,NA,0.290085545658975,NA,38.1547,-121.6814
"3921",2018-01-01,"D28AL","EMP D28A",0.397287911643216,NA,0.0135579244717684,NA,0.0139050769075126,NA,37.9701,-121.5741
"3922",2018-01-01,"D4L","EMP D4",0.976451137709954,0,0.0321951067188975,0,0.0341757898198484,0,38.0581,-121.8193
"3923",2018-01-01,"D41C","EMP D41",NA,0,NA,0,NA,0,38.016,-122.3647
"3924",2018-01-01,"D41AC","EMP D41A",NA,2.09750133632999,NA,0.776060515031487,NA,0.839000534531994,38.0847,-122.3906
"3925",2018-01-01,"D6R","EMP D6",NA,23.8596736168605,NA,5.99404306461538,NA,9.54386944674421,38.0577,-122.1149
"3926",2018-01-01,"D7C","EMP D7",NA,3.13,NA,1.14810345458254,NA,1.252,38.1171,-122.0395
"3927",2018-01-01,"P8R","EMP P8",1.60411651412235,NA,0.0607570417251084,NA,0.0625605440507717,NA,37.9778,-121.3799
"3928",2018-02-01,"C9L","EMP C9",0.000147373695937258,NA,5.7287843204129e-06,NA,5.74757414155305e-06,NA,37.8271,-121.5522
"3929",2018-02-01,"D16L","EMP D16",0.138707618691161,NA,0.00529482216420623,NA,0.00540959712895527,NA,38.093,-121.6697
"3930",2018-02-01,"D24L","EMP D24",7.19583700303919,NA,0.221309119612894,NA,0.280637643118529,NA,38.1547,-121.6814
"3931",2018-02-01,"D28AL","EMP D28A",0.908907673226794,NA,0.0334210571183664,NA,0.035447399255845,NA,37.9701,-121.5741
"3932",2018-02-01,"D4L","EMP D4",5.11541424913499,0.14301846465026,0.17481094717049,0.056513408629261,0.199501155716265,0.0572073858601041,38.0581,-121.8193
"3933",2018-02-01,"D41C","EMP D41",NA,0,NA,0,NA,0,38.016,-122.3647
"3934",2018-02-01,"D41AC","EMP D41A",NA,1.09625401033281,NA,0.417561363250175,NA,0.438501604133124,38.0847,-122.3906
"3935",2018-02-01,"D6R","EMP D6",NA,21.8612336942715,NA,5.78369366587092,NA,8.7444934777086,38.0577,-122.1149
"3936",2018-02-01,"D7C","EMP D7",NA,2.43,NA,0.89641645250453,NA,0.972,38.1171,-122.0395
"3937",2018-02-01,"P8R","EMP P8",2.52226878555891,NA,0.0743526583609691,NA,0.0781903323523262,NA,37.9778,-121.3799
"3938",2018-03-01,"C9L","EMP C9",0.000118696967350482,NA,5.19852055424889e-06,NA,5.22266656342119e-06,NA,37.8271,-121.5522
"3939",2018-03-01,"D16L","EMP D16",1.91986760689328,NA,0.0800930423433659,NA,0.0844741747033045,NA,38.093,-121.6697
"3940",2018-03-01,"D24L","EMP D24",9.95365682751264,NA,0.319216394662828,NA,0.388192616272993,NA,38.1547,-121.6814
"3941",2018-03-01,"D28AL","EMP D28A",0.00628251440790271,NA,0.000303573441805393,NA,0.000307843205987233,NA,37.9701,-121.5741
"3942",2018-03-01,"D4L","EMP D4",1.16900337301939,0,0.0480254866816118,0,0.051436148412853,0,38.0581,-121.8193
"3943",2018-03-01,"D41C","EMP D41",NA,0,NA,0,NA,0,38.016,-122.3647
"3944",2018-03-01,"D41AC","EMP D41A",NA,0.506920101289552,NA,0.194679527053962,NA,0.202768040515821,38.0847,-122.3906
"3945",2018-03-01,"D6R","EMP D6",NA,18.7831600183153,NA,5.2681770733105,NA,7.5132640073261,38.0577,-122.1149
"3946",2018-03-01,"D7C","EMP D7",NA,1.35,NA,0.506020570476831,NA,0.54,38.1171,-122.0395
"3947",2018-03-01,"P8R","EMP P8",0.163560588597984,NA,0.00863926788651963,NA,0.00899583237288913,NA,37.9778,-121.3799
"3948",2018-04-01,"C9L","EMP C9",0.196295607810159,NA,0.0105953566236389,NA,0.0107962584295587,NA,37.8271,-121.5522
"3949",2018-04-01,"D16L","EMP D16",0.877004081199589,NA,0.0450594376538376,NA,0.0482352244659774,NA,38.093,-121.6697
"3950",2018-04-01,"D24L","EMP D24",17.2507709637658,NA,0.646661416928293,NA,0.847056314501082,NA,38.1547,-121.6814
"3951",2018-04-01,"D28AL","EMP D28A",1.32852993068081,NA,0.0869970084074038,NA,0.0916685652169759,NA,37.9701,-121.5741
"3952",2018-04-01,"D4L","EMP D4",2.26814034087773,0,0.114857551163309,0,0.124747718748275,0,38.0581,-121.8193
"3953",2018-04-01,"D41C","EMP D41",NA,0,NA,0,NA,0,38.016,-122.3647
"3954",2018-04-01,"D41AC","EMP D41A",NA,0.267946104167863,NA,0.102207198667726,NA,0.107178441667145,38.0847,-122.3906
"3955",2018-04-01,"D6R","EMP D6",NA,24.6172430439906,NA,6.84150673289064,NA,9.84689721759625,38.0577,-122.1149
"3956",2018-04-01,"D7C","EMP D7",NA,0.6,NA,0.226406674579044,NA,0.24,38.1171,-122.0395
"3957",2018-04-01,"P8R","EMP P8",1.29015873769536,NA,0.0950770040612911,NA,0.0993422228025429,NA,37.9778,-121.3799
"3958",2018-05-01,"C9L","EMP C9",0.000511908303256389,NA,4.36504341558483e-05,NA,4.38511339503701e-05,NA,37.8271,-121.5522
"3959",2018-05-01,"D16L","EMP D16",0.583496340734126,NA,0.0485219775775877,NA,0.0499835146926064,NA,38.093,-121.6697
"3960",2018-05-01,"D24L","EMP D24",22.4599931210948,NA,1.54640412891862,NA,2.15047921388084,NA,38.1547,-121.6814
"3961",2018-05-01,"D28AL","EMP D28A",3.35147085067203,NA,0.297569287092955,NA,0.321741201664515,NA,37.9701,-121.5741
"3962",2018-05-01,"D4L","EMP D4",3.50727386114611,0,0.235000338004109,0,0.270060087308251,0,38.0581,-121.8193
"3963",2018-05-01,"D41C","EMP D41",NA,0,NA,0,NA,0,38.016,-122.3647
"3964",2018-05-01,"D41AC","EMP D41A",NA,3.4177354107375,NA,1.20182814166077,NA,1.367094164295,38.0847,-122.3906
"3965",2018-05-01,"D6R","EMP D6",NA,17.2948788304852,NA,5.277407615601,NA,6.91795153219409,38.0577,-122.1149
"3966",2018-05-01,"D7C","EMP D7",NA,1.34,NA,0.501730113261792,NA,0.536,38.1171,-122.0395
"3967",2018-05-01,"P8R","EMP P8",4.20490473891081,NA,0.240627054279876,NA,0.256499189073559,NA,37.9778,-121.3799
"3968",2018-06-01,"C9L","EMP C9",0.000891396018359062,NA,0.000106134783321829,NA,0.000106627756548509,NA,37.8271,-121.5522
"3969",2018-06-01,"D16L","EMP D16",0.0312723228259741,NA,0.00369415945767509,NA,0.00374075894026619,NA,38.093,-121.6697
"3970",2018-06-01,"D24L","EMP D24",23.5904627537443,NA,1.94813599326871,NA,2.82186375927887,NA,38.1547,-121.6814
"3971",2018-06-01,"D28AL","EMP D28A",0.00273705960448188,NA,0.000324019963915561,NA,0.000328447152537825,NA,37.9701,-121.5741
"3972",2018-06-01,"D4L","EMP D4",3.40935918183774,0,0.29221306126829,0,0.327298481456423,0,38.0581,-121.8193
"3973",2018-06-01,"D41C","EMP D41",NA,0,NA,0,NA,0,38.016,-122.3647
"3974",2018-06-01,"D41AC","EMP D41A",NA,6.74469108551036,NA,2.31606014787197,NA,2.69787643420415,38.0847,-122.3906
"3975",2018-06-01,"D6R","EMP D6",NA,18.1697666386145,NA,5.52372754569724,NA,7.26790665544579,38.0577,-122.1149
"3976",2018-06-01,"D7C","EMP D7",NA,1.58,NA,0.589394527292377,NA,0.632,38.1171,-122.0395
"3977",2018-06-01,"P8R","EMP P8",2.29873791701019,NA,0.323121515046432,NA,0.342511949634518,NA,37.9778,-121.3799
"3978",2018-07-01,"C9L","EMP C9",0.196994203571973,NA,0.0289658177473621,NA,0.0294392662287924,NA,37.8271,-121.5522
"3979",2018-07-01,"D16L","EMP D16",0.0264136279907896,NA,0.00388472995364242,NA,0.00394731323251873,NA,38.093,-121.6697
"3980",2018-07-01,"D24L","EMP D24",30.7016719131199,NA,2.83639600437031,NA,4.11402403635807,NA,38.1547,-121.6814
"3981",2018-07-01,"D28AL","EMP D28A",0.00240040614589232,NA,0.00035501372428346,NA,0.000358722207581784,NA,37.9701,-121.5741
"3982",2018-07-01,"D4L","EMP D4",12.4349874163836,0,1.24383819976363,0,1.49219848996604,0,38.0581,-121.8193
"3983",2018-07-01,"D41C","EMP D41",NA,0,NA,0,NA,0,38.016,-122.3647
"3984",2018-07-01,"D41AC","EMP D41A",NA,11.4975196388988,NA,3.85607065337242,NA,4.59900785555953,38.0847,-122.3906
"3985",2018-07-01,"D6R","EMP D6",NA,25.0815605553397,NA,7.13477354983102,NA,10.0326242221359,38.0577,-122.1149
"3986",2018-07-01,"D7C","EMP D7",NA,2.63,NA,0.94103572667448,NA,1.052,38.1171,-122.0395
"3987",2018-07-01,"P8R","EMP P8",0.321333218335471,NA,0.0591939702116667,NA,0.0671586426321134,NA,37.9778,-121.3799
"3988",2018-08-01,"C9L","EMP C9",0.00841758596525701,NA,0.00111607868685026,NA,0.00112544459048098,NA,37.8271,-121.5522
"3989",2018-08-01,"D16L","EMP D16",0.380199830555247,NA,0.0489159401811651,NA,0.0508333201901698,NA,38.093,-121.6697
"3990",2018-08-01,"D24L","EMP D24",33.5392985175225,NA,2.68471596909321,NA,4.01193193987728,NA,38.1547,-121.6814
"3991",2018-08-01,"D28AL","EMP D28A",0.000541696465696336,NA,8.98020143142194e-05,NA,9.0463309771288e-05,NA,37.9701,-121.5741
"3992",2018-08-01,"D4L","EMP D4",7.01613946901126,0.00415875231422336,0.647298111321512,NA,0.750726923184204,0.00166350092568934,38.0581,-121.8193
"3993",2018-08-01,"D41C","EMP D41",NA,0,NA,0,NA,0,38.016,-122.3647
"3994",2018-08-01,"D41AC","EMP D41A",NA,19.7652838853165,NA,6.29419615249354,NA,7.9061135541266,38.0847,-122.3906
"3995",2018-08-01,"D6R","EMP D6",NA,11.3315485971537,NA,3.63621551159405,NA,4.53261943886147,38.0577,-122.1149
"3996",2018-08-01,"D7C","EMP D7",NA,2.43,NA,0.884677714168261,NA,0.972,38.1171,-122.0395
"3997",2018-08-01,"P8R","EMP P8",1.98678749034066,NA,0.348580185164596,NA,0.371529260693704,NA,37.9778,-121.3799
"3998",2018-09-01,"C9L","EMP C9",0.321761051965519,NA,0.0337802080534876,NA,0.0344346821966009,NA,37.8271,-121.5522
"3999",2018-09-01,"D16L","EMP D16",0.0257921250382804,NA,0.00271649540890109,NA,0.00276025834526223,NA,38.093,-121.6697
"4000",2018-09-01,"D24L","EMP D24",32.3400502070837,NA,2.23778660718903,NA,3.46038537215796,NA,38.1547,-121.6814
"4001",2018-09-01,"D28AL","EMP D28A",0.00294837254729668,NA,0.000345875118140827,NA,0.000353804705675602,NA,37.9701,-121.5741
"4002",2018-09-01,"D4L","EMP D4",14.9692973429027,0.0220820472747969,1.36200961783897,NA,1.60171481569059,0.00883281890991875,38.0581,-121.8193
"4003",2018-09-01,"D41C","EMP D41",NA,0,NA,0,NA,0,38.016,-122.3647
"4004",2018-09-01,"D41AC","EMP D41A",NA,19.1786261885711,NA,6.16517625773715,NA,7.67145047542845,38.0847,-122.3906
"4005",2018-09-01,"D6R","EMP D6",NA,13.8644892734937,NA,4.29776678468767,NA,5.54579570939747,38.0577,-122.1149
"4006",2018-09-01,"D7C","EMP D7",NA,3.64,NA,1.30824239684023,NA,1.456,38.1171,-122.0395
"4007",2018-09-01,"P8R","EMP P8",0.921527723097342,NA,0.133032156856623,NA,0.137307630741504,NA,37.9778,-121.3799
"4008",2018-10-01,"C9L","EMP C9",1.06244451539662,NA,0.124028148806419,NA,0.127493341847594,NA,37.8271,-121.5522
"4009",2018-10-01,"D16L","EMP D16",0.133221390215112,NA,0.0124198820478936,NA,0.0127555618097154,NA,38.093,-121.6697
"4010",2018-10-01,"D24L","EMP D24",21.411403285347,NA,1.37529376437818,NA,1.83414550527595,NA,38.1547,-121.6814
"4011",2018-10-01,"D28AL","EMP D28A",0.497868769786204,NA,0.050688817640147,NA,0.0532719583671238,NA,37.9701,-121.5741
"4012",2018-10-01,"D4L","EMP D4",9.51115090839117,0.0480740478514009,0.703582118474548,0.0188858172655243,0.817958978121641,0.0192296191405604,38.0581,-121.8193
"4013",2018-10-01,"D41C","EMP D41",NA,0,NA,0,NA,0,38.016,-122.3647
"4014",2018-10-01,"D41AC","EMP D41A",NA,7.36481136469144,NA,2.60736741425448,NA,2.94592454587658,38.0847,-122.3906
"4015",2018-10-01,"D6R","EMP D6",NA,13.5030709276993,NA,4.12675070194189,NA,5.40122837107971,38.0577,-122.1149
"4016",2018-10-01,"D7C","EMP D7",NA,3.94,NA,1.41138825228022,NA,1.576,38.1171,-122.0395
"4017",2018-10-01,"P8R","EMP P8",1.97205240610879,NA,0.182632799154919,NA,0.189317030986444,NA,37.9778,-121.3799
"4018",2018-11-01,"C9L","EMP C9",0.00853315078750921,NA,0.000576623766983753,NA,0.000585091949741429,NA,37.8271,-121.5522
"4019",2018-11-01,"D16L","EMP D16",0.239022357137071,NA,0.0158488676553071,NA,0.0163890291466351,NA,38.093,-121.6697
"4020",2018-11-01,"D24L","EMP D24",18.9527599482871,NA,0.802547759665617,NA,1.16265319341183,NA,38.1547,-121.6814
"4021",2018-11-01,"D28AL","EMP D28A",0.00749237239684675,NA,0.000503139818344797,NA,0.000516973695382426,NA,37.9701,-121.5741
"4022",2018-11-01,"D4L","EMP D4",15.9482458557218,0.123101348485379,0.957654221683329,0.0476229879748438,1.1004289640448,0.0492405393941515,38.0581,-121.8193
"4023",2018-11-01,"D41C","EMP D41",NA,0,NA,0,NA,0,38.016,-122.3647
"4024",2018-11-01,"D41AC","EMP D41A",NA,4.76443097981084,NA,1.7560214600094,NA,1.90577239192433,38.0847,-122.3906
"4025",2018-11-01,"D6R","EMP D6",NA,9.33567818034519,NA,3.09247278893569,NA,3.73427127213807,38.0577,-122.1149
"4026",2018-11-01,"D7C","EMP D7",NA,8.16,NA,2.7870107837548,NA,3.264,38.1171,-122.0395
"4027",2018-11-01,"P8R","EMP P8",0.853555087565653,NA,0.0451130839569473,NA,0.0469455298161109,NA,37.9778,-121.3799
"4028",2018-12-01,"C9L","EMP C9",0.259380284982748,NA,0.00993253627411519,NA,0.0101158311143272,NA,37.8271,-121.5522
"4029",2018-12-01,"D16L","EMP D16",0.0837758645670981,NA,0.00320381540162799,NA,0.00326725871811682,NA,38.093,-121.6697
"4030",2018-12-01,"D24L","EMP D24",74.6262290828005,NA,1.39712339961259,NA,2.61191801789802,NA,38.1547,-121.6814
"4031",2018-12-01,"D28AL","EMP D28A",1.66568814530122,NA,0.0621255838219949,NA,0.0649618376667476,NA,37.9701,-121.5741
"4032",2018-12-01,"D4L","EMP D4",0.885900625225748,0.000204645309564163,0.0336408914000216,NA,0.0345501243838042,NA,38.0581,-121.8193
"4033",2018-12-01,"D41C","EMP D41",NA,0,NA,0,NA,0,38.016,-122.3647
"4034",2018-12-01,"D41AC","EMP D41A",NA,2.64874423859949,NA,0.997779714770152,NA,1.05949769543979,38.0847,-122.3906
"4035",2018-12-01,"D6R","EMP D6",NA,10.3075519904828,NA,3.07524757454461,NA,4.12302079619311,38.0577,-122.1149
"4036",2018-12-01,"D7C","EMP D7",NA,8.9,NA,3.09559616883458,NA,3.56,38.1171,-122.0395
"4037",2018-12-01,"P8R","EMP P8",1.05775283127466,NA,0.0396376268896388,NA,0.0412523604197117,NA,37.9778,-121.3799
"4038",2019-01-01,"C9L","EMP C9",0.00700473910563594,NA,0.000268719381198779,NA,0.000273184825119802,NA,37.8271,-121.5522
"4039",2019-01-01,"D16L","EMP D16",0.352159291737847,NA,0.0133899175601514,NA,0.013734212377776,NA,38.093,-121.6697
"4040",2019-01-01,"D24L","EMP D24",22.9635411790973,NA,0.605385923542427,NA,0.895578105984794,NA,38.1547,-121.6814
"4041",2019-01-01,"D28AL","EMP D28A",0.674064708609491,NA,0.0256614431529278,NA,0.0262885236357701,NA,37.9701,-121.5741
"4042",2019-01-01,"D4L","EMP D4",4.66343926319142,0.10033512909028,0.166570468687383,0.0389955855390225,0.181874131264465,0.0401340516361121,38.0581,-121.8193
"4043",2019-01-01,"D41C","EMP D41",NA,0,NA,0,NA,0,38.016,-122.3647
"4044",2019-01-01,"D41AC","EMP D41A",NA,1.28410624512561,NA,0.484782188051292,NA,0.513642498050244,38.0847,-122.3906
"4045",2019-01-01,"D6R","EMP D6",NA,6.80447782971241,NA,2.28420877923019,NA,2.72179113188496,38.0577,-122.1149
"4046",2019-01-01,"D7C","EMP D7",NA,2.55,NA,0.928821385852164,NA,1.02,38.1171,-122.0395
"4047",2019-01-01,"P8R","EMP P8",1.42596331193024,NA,0.0428175340596629,NA,0.0442048626698375,NA,37.9778,-121.3799
"4048",2019-02-01,"C9L","EMP C9",0.00024632316072702,NA,8.59312605911279e-06,NA,8.62131062544568e-06,NA,37.8271,-121.5522
"4049",2019-02-01,"D16L","EMP D16",0.725176774698218,NA,0.0241703129481016,NA,0.0253811871144376,NA,38.093,-121.6697
"4050",2019-02-01,"D24L","EMP D24",25.8057191526888,NA,0.705607003055234,NA,1.00642304695486,NA,38.1547,-121.6814
"4051",2019-02-01,"D28AL","EMP D28A",0.00293183399136089,NA,0.000101040725649136,NA,0.000102614189697631,NA,37.9701,-121.5741
"4052",2019-02-01,"D4L","EMP D4",3.41623315046267,0.0040497980340221,0.110672704988956,NA,0.119568160266193,NA,38.0581,-121.8193
"4053",2019-02-01,"D41C","EMP D41",NA,0,NA,0,NA,0,38.016,-122.3647
"4054",2019-02-01,"D41AC","EMP D41A",NA,0.522823253829661,NA,0.200524221590739,NA,0.209129301531865,38.0847,-122.3906
"4055",2019-02-01,"D6R","EMP D6",NA,5.50248107805369,NA,1.84864786143925,NA,2.20099243122148,38.0577,-122.1149
"4056",2019-02-01,"D7C","EMP D7",NA,0.35,NA,0.132111006086959,NA,0.14,38.1171,-122.0395
"4057",2019-02-01,"P8R","EMP P8",0.765533749883248,NA,0.0255053759637792,NA,0.0267936812459137,NA,37.9778,-121.3799
"4058",2019-03-01,"C9L","EMP C9",0.00300876696784167,NA,0.000130950337682582,NA,0.000132385746585034,NA,37.8271,-121.5522
"4059",2019-03-01,"D16L","EMP D16",0.305111679494795,NA,0.0129252797950904,NA,0.013424913897771,NA,38.093,-121.6697
"4060",2019-03-01,"D24L","EMP D24",56.0013373472675,NA,1.21763684104663,NA,2.18405215654343,NA,38.1547,-121.6814
"4061",2019-03-01,"D28AL","EMP D28A",0.318948547542555,NA,0.01366958497706,NA,0.0140337360918724,NA,37.9701,-121.5741
"4062",2019-03-01,"D4L","EMP D4",0.298651384488315,0.147436974051449,0.0127702148717883,0.0580910386728577,0.0131406609174858,0.0589747896205794,38.0581,-121.8193
"4063",2019-03-01,"D41C","EMP D41",NA,0,NA,0,NA,0,38.016,-122.3647
"4064",2019-03-01,"D41AC","EMP D41A",NA,0.190716795434435,NA,0.0732566572634376,NA,0.0762867181737741,38.0847,-122.3906
"4065",2019-03-01,"D6R","EMP D6",NA,2.86184544550728,NA,1.04634745830942,NA,1.14473817820291,38.0577,-122.1149
"4066",2019-03-01,"D7C","EMP D7",NA,0.29,NA,0.110800409499201,NA,0.116,38.1171,-122.0395
"4067",2019-03-01,"P8R","EMP P8",13.105266667499,NA,0.532825745081747,NA,0.576631733369956,NA,37.9778,-121.3799
"4068",2019-04-01,"C9L","EMP C9",7.19662070246486,NA,0.336554285123191,NA,0.352634414420778,NA,37.8271,-121.5522
"4069",2019-04-01,"D16L","EMP D16",0.207258246058732,NA,0.00986904996565207,NA,0.0101556540568779,NA,38.093,-121.6697
"4070",2019-04-01,"D24L","EMP D24",73.3972035290841,NA,2.24951143807302,NA,3.60398760418415,NA,38.1547,-121.6814
"4071",2019-04-01,"D28AL","EMP D28A",0.0240463008294979,NA,0.00114769471013451,NA,0.0011782687406454,NA,37.9701,-121.5741
"4072",2019-04-01,"D4L","EMP D4",0.819902621246491,0.256992636987965,0.0380739554925676,0.100929762211041,0.0401752284410781,0.102797054795186,38.0581,-121.8193
"4073",2019-04-01,"D41C","EMP D41",NA,2.69182920670797e-05,NA,1.07442667198979e-05,NA,1.07673168268319e-05,38.016,-122.3647
"4074",2019-04-01,"D41AC","EMP D41A",NA,0.160848915290191,NA,0.0611994852752249,NA,0.0643395661160764,38.0847,-122.3906
"4075",2019-04-01,"D6R","EMP D6",NA,1.93807529318456,NA,0.720579612130464,NA,0.775230117273824,38.0577,-122.1149
"4076",2019-04-01,"D7C","EMP D7",NA,0.16,NA,0.0608358353398093,NA,0.064,38.1171,-122.0395
"4077",2019-04-01,"P8R","EMP P8",1.35748138155048,NA,0.0716179858312701,NA,0.0746614759852762,NA,37.9778,-121.3799
"4078",2019-05-01,"C9L","EMP C9",0.00427231377445014,NA,0.000292429031312855,NA,0.000294789650437059,NA,37.8271,-121.5522
"4079",2019-05-01,"D16L","EMP D16",1.18068054190102,NA,0.0807889927197267,NA,0.0814669573911706,NA,38.093,-121.6697
"4080",2019-05-01,"D24L","EMP D24",54.1401142443877,NA,1.94822489302919,NA,2.97770628344132,NA,38.1547,-121.6814
"4081",2019-05-01,"D28AL","EMP D28A",2.94368406793732,NA,0.188573621204006,NA,0.203114200687675,NA,37.9701,-121.5741
"4082",2019-05-01,"D4L","EMP D4",0.485519700329704,0.0841412394581787,0.0286097512833681,0.0333029117486582,0.029616701720112,0.0336564957832715,38.0581,-121.8193
"4083",2019-05-01,"D41C","EMP D41",NA,17.7209037738107,NA,5.66899016021782,NA,7.08836150952429,38.016,-122.3647
"4084",2019-05-01,"D41AC","EMP D41A",NA,2.30981496805567,NA,0.843534945500853,NA,0.923925987222268,38.0847,-122.3906
"4085",2019-05-01,"D6R","EMP D6",NA,4.42821296124171,NA,1.6024816952623,NA,1.77128518449668,38.0577,-122.1149
"4086",2019-05-01,"D7C","EMP D7",NA,1.15,NA,0.432353230027361,NA,0.46,38.1171,-122.0395
"4087",2019-05-01,"P8R","EMP P8",9.58863741713677,NA,0.683140183113114,NA,0.738325081119531,NA,37.9778,-121.3799
"4088",2019-06-01,"C9L","EMP C9",0.0294319955379294,NA,0.00348093133399708,NA,0.00353183946455153,NA,37.8271,-121.5522
"4089",2019-06-01,"D16L","EMP D16",0.0626068153958677,NA,0.00741922897153397,NA,0.00751281784750413,NA,38.093,-121.6697
"4090",2019-06-01,"D24L","EMP D24",22.7782648842544,NA,2.2220837506366,NA,2.72470959332622,NA,38.1547,-121.6814
"4091",2019-06-01,"D28AL","EMP D28A",0.339683485799497,NA,0.0398010801908379,NA,0.0407620182959397,NA,37.9701,-121.5741
"4092",2019-06-01,"D4L","EMP D4",13.0181559424127,0.36237149121265,1.13791842652011,0.141401590895428,1.39294268583816,0.14494859648506,38.0581,-121.8193
"4093",2019-06-01,"D41C","EMP D41",NA,27.5564283859664,NA,8.18819101473104,NA,11.0225713543866,38.016,-122.3647
"4094",2019-06-01,"D41AC","EMP D41A",NA,6.44417860871342,NA,2.28519247082131,NA,2.57767144348537,38.0847,-122.3906
"4095",2019-06-01,"D6R","EMP D6",NA,16.4514580130308,NA,5.47764240601323,NA,6.58058320521231,38.0577,-122.1149
"4096",2019-06-01,"D7C","EMP D7",NA,2.51,NA,0.941712267235508,NA,1.004,38.1171,-122.0395
"4097",2019-06-01,"P8R","EMP P8",6.23685609340075,NA,0.359209548513575,NA,0.380448221697446,NA,37.9778,-121.3799
"4098",2019-07-01,"C9L","EMP C9",0.00718421125491785,NA,0.000955760506196226,NA,0.000962684308158992,NA,37.8271,-121.5522
"4099",2019-07-01,"D16L","EMP D16",0.52934516534613,NA,0.0751824135510866,NA,0.0788724296365734,NA,38.093,-121.6697
"4100",2019-07-01,"D24L","EMP D24",66.6193628329207,NA,5.99569481272667,NA,7.96893081779968,NA,38.1547,-121.6814
"4101",2019-07-01,"D28AL","EMP D28A",0.0107878818139437,NA,0.001545887921239,NA,0.00160739439027761,NA,37.9701,-121.5741
"4102",2019-07-01,"D4L","EMP D4",17.1681382956104,0.0931361300964653,1.71569078055257,0.0367493536553878,2.06017659547325,0.0372544520385861,38.0581,-121.8193
"4103",2019-07-01,"D41C","EMP D41",NA,47.8907710506008,NA,13.5630501306598,NA,19.1563084202403,38.016,-122.3647
"4104",2019-07-01,"D41AC","EMP D41A",NA,7.95431286556996,NA,2.78586329650378,NA,3.18172514622798,38.0847,-122.3906
"4105",2019-07-01,"D6R","EMP D6",NA,13.0022443622332,NA,4.43141316492189,NA,5.20089774489327,38.0577,-122.1149
"4106",2019-07-01,"D7C","EMP D7",NA,2.59,NA,0.963195141462125,NA,1.036,38.1171,-122.0395
"4107",2019-07-01,"P8R","EMP P8",12.4333151477388,NA,1.71260581522329,NA,1.85256395701308,NA,37.9778,-121.3799
"4108",2019-08-01,"C9L","EMP C9",0.000562192068964935,NA,8.32923002013869e-05,NA,8.37666182757754e-05,NA,37.8271,-121.5522
"4109",2019-08-01,"D16L","EMP D16",0.252239222430581,NA,0.0361547846235852,NA,0.0375836441421566,NA,38.093,-121.6697
"4110",2019-08-01,"D24L","EMP D24",47.6909903030979,NA,4.55439970152032,NA,6.39059270061512,NA,38.1547,-121.6814
"4111",2019-08-01,"D28AL","EMP D28A",0.00769607231962047,NA,0.00112834943053531,NA,0.00114671477562345,NA,37.9701,-121.5741
"4112",2019-08-01,"D4L","EMP D4",10.196330779237,0.235181550234091,1.20844961090225,0.0924283124987129,1.35611199363852,0.0940726200936366,38.0581,-121.8193
"4113",2019-08-01,"D41C","EMP D41",NA,39.3264351045065,NA,11.7551582839049,NA,15.7305740418026,38.016,-122.3647
"4114",2019-08-01,"D41AC","EMP D41A",NA,12.7130299316066,NA,4.41062162125437,NA,5.08521197264266,38.0847,-122.3906
"4115",2019-08-01,"D6R","EMP D6",NA,16.6024778632122,NA,5.53879300128637,NA,6.64099114528489,38.0577,-122.1149
"4116",2019-08-01,"D7C","EMP D7",NA,7.81,NA,2.64154090936709,NA,3.124,38.1171,-122.0395
"4117",2019-08-01,"P8R","EMP P8",2.95905788950139,NA,0.339246675651031,NA,0.355086946740167,NA,37.9778,-121.3799
"4118",2019-09-01,"C9L","EMP C9",0.000567850493100023,NA,6.75526697499546e-05,NA,6.81420591720027e-05,NA,37.8271,-121.5522
"4119",2019-09-01,"D16L","EMP D16",0.55646547240645,NA,0.064623616856573,NA,0.066775856688774,NA,38.093,-121.6697
"4120",2019-09-01,"D24L","EMP D24",52.9176284406693,NA,3.67944479260831,NA,5.066709477424,NA,38.1547,-121.6814
"4121",2019-09-01,"D28AL","EMP D28A",0.00418579148527912,NA,0.000494419792266608,NA,0.000502294978233494,NA,37.9701,-121.5741
"4122",2019-09-01,"D4L","EMP D4",11.7281154366599,0.285476259749039,1.06217575371563,0.112095151713921,1.25490835172261,0.114190503899616,38.0581,-121.8193
"4123",2019-09-01,"D41C","EMP D41",NA,42.2119355788565,NA,13.1148658019665,NA,16.8847742315426,38.016,-122.3647
"4124",2019-09-01,"D41AC","EMP D41A",NA,12.9849293668216,NA,4.46165547361528,NA,5.19397174672864,38.0847,-122.3906
"4125",2019-09-01,"D6R","EMP D6",NA,20.824361245195,NA,6.20572879887267,NA,8.329744498078,38.0577,-122.1149
"4126",2019-09-01,"D7C","EMP D7",NA,8.88,NA,2.9077811717116,NA,3.552,38.1171,-122.0395
"4127",2019-09-01,"P8R","EMP P8",1.45081761539228,NA,0.163207713213537,NA,0.174098113847074,NA,37.9778,-121.3799
"4128",2019-10-01,"C9L","EMP C9",0.000571048480777667,NA,3.91447189125333e-05,NA,3.9402345173659e-05,NA,37.8271,-121.5522
"4129",2019-10-01,"D16L","EMP D16",0.482816030848426,NA,0.0322176062040574,NA,0.0333143061285414,NA,38.093,-121.6697
"4130",2019-10-01,"D24L","EMP D24",25.837868305251,NA,1.47485440376087,NA,1.78281291306232,NA,38.1547,-121.6814
"4131",2019-10-01,"D28AL","EMP D28A",0.140817924816721,NA,0.00950335256176149,NA,0.00971643681235376,NA,37.9701,-121.5741
"4132",2019-10-01,"D4L","EMP D4",8.98106909611775,0.0760701872566021,0.544646210660258,0.0301084075920904,0.619693767632125,0.0304280749026408,38.0581,-121.8193
"4133",2019-10-01,"D41C","EMP D41",NA,19.4656530986043,NA,6.56391047320839,NA,7.78626123944173,38.016,-122.3647
"4134",2019-10-01,"D41AC","EMP D41A",NA,10.1855096928513,NA,3.57382633527085,NA,4.07420387714052,38.0847,-122.3906
"4135",2019-10-01,"D6R","EMP D6",NA,17.2552018515486,NA,5.24483921033843,NA,6.90208074061944,38.0577,-122.1149
"4136",2019-10-01,"D7C","EMP D7",NA,8.16,NA,2.75877328534291,NA,3.264,38.1171,-122.0395
"4137",2019-10-01,"P8R","EMP P8",2.64234329716027,NA,0.181413223840402,NA,0.203460433881341,NA,37.9778,-121.3799
"4138",2019-11-01,"C9L","EMP C9",0.0060315850876882,NA,0.000327826935552604,NA,0.000331737179822851,NA,37.8271,-121.5522
"4139",2019-11-01,"D16L","EMP D16",0.784653427519393,NA,0.0406020402253973,NA,0.0431559385135666,NA,38.093,-121.6697
"4140",2019-11-01,"D24L","EMP D24",56.853987602678,NA,1.77578695401045,NA,2.79167402457367,NA,38.1547,-121.6814
"4141",2019-11-01,"D28AL","EMP D28A",0.0541245077690513,NA,0.00284921611484464,NA,0.00297684792729782,NA,37.9701,-121.5741
"4142",2019-11-01,"D4L","EMP D4",13.4124774620137,0.0604619423496775,0.609478510596374,0.023969054016663,0.737686260410751,0.024184776939871,38.0581,-121.8193
"4143",2019-11-01,"D41C","EMP D41",NA,0,NA,0,NA,0,38.016,-122.3647
"4144",2019-11-01,"D41AC","EMP D41A",NA,7.26043021455698,NA,2.60008806302187,NA,2.90417208582279,38.0847,-122.3906
"4145",2019-11-01,"D6R","EMP D6",NA,26.5595705092759,NA,6.98296929794957,NA,10.6238282037104,38.0577,-122.1149
"4146",2019-11-01,"D7C","EMP D7",NA,8.59,NA,2.85999382994185,NA,3.436,38.1171,-122.0395
"4147",2019-11-01,"P8R","EMP P8",3.02972407800734,NA,0.133995923251508,NA,0.14845647982236,NA,37.9778,-121.3799
"4148",2019-12-01,"C9L","EMP C9",0.0438935141947615,NA,0.00167514948834731,NA,0.0017118470535957,NA,37.8271,-121.5522
"4149",2019-12-01,"D16L","EMP D16",0.0816538327074966,NA,0.00311931828648489,NA,0.00318449947559237,NA,38.093,-121.6697
"4150",2019-12-01,"D24L","EMP D24",89.1856598004135,NA,1.89134143670942,NA,3.47824073221613,NA,38.1547,-121.6814
"4151",2019-12-01,"D28AL","EMP D28A",0.0567768344634064,NA,0.00212074906648837,NA,0.00221429654407285,NA,37.9701,-121.5741
"4152",2019-12-01,"D4L","EMP D4",13.0932488701977,1.86268356430934,0.425694638221654,0.708901208197495,0.510636705937712,0.745073425723737,38.0581,-121.8193
"4153",2019-12-01,"D41C","EMP D41",NA,0,NA,0,NA,0,38.016,-122.3647
"4154",2019-12-01,"D41AC","EMP D41A",NA,4.44688075494398,NA,1.63602810023143,NA,1.77875230197759,38.0847,-122.3906
"4155",2019-12-01,"D6R","EMP D6",NA,21.2265982122301,NA,6.30380875086995,NA,8.49063928489204,38.0577,-122.1149
"4156",2019-12-01,"D7C","EMP D7",NA,9.09,NA,3.12499203765769,NA,3.636,38.1171,-122.0395
"4157",2019-12-01,"P8R","EMP P8",2.83166213281404,NA,0.0790001492238475,NA,0.0877815261172353,NA,37.9778,-121.3799
"4158",2021-04-01,"C9L","EMP C9",0.0597662823422351,0,0.00356067714363489,0,0.00366677602725195,0,37.8271721,-121.5522898
"4159",2022-04-01,"C9L","EMP C9",0.370225288732082,0,0.0268053753718929,0,0.0283592571168775,0,37.8271721,-121.5522898
"4160",2023-04-01,"C9L","EMP C9",0.557597837545828,0,0.029238266033499,0,0.0306063997449972,0,37.8271721,-121.5522898
"4161",2021-08-01,"C9L","EMP C9",-0.00197117054680814,0,-0.000364514513062384,0,-0.000368020225005968,0,37.8271721,-121.5522898
"4162",2022-08-01,"C9L","EMP C9",1.00456998272042,0,0.157465798275361,0,0.167799516979638,0,37.8271721,-121.5522898
"4163",2023-08-01,"C9L","EMP C9",8.87010284253343,0,1.36939520839429,0,1.48162795836899,0,37.8271721,-121.5522898
"4164",2021-12-01,"C9L","EMP C9",0.109470286639712,0,0.00413679914916442,0,0.00430305099722031,0,37.8271721,-121.5522898
"4165",2022-12-01,"C9L","EMP C9",5.58971391057419,0,0.160860186773199,0,0.175871661644272,0,37.8271721,-121.5522898
"4166",2023-12-01,"C9L","EMP C9",0.873511073690838,0,0.0285311830687426,0,0.0307193255923597,0,37.8271721,-121.5522898
"4167",2020-02-01,"C9L","EMP C9",0.03664868248952,0,0.001115947780882,0,0.00115309384158502,0,37.8271721,-121.5522898
"4168",2022-02-01,"C9L","EMP C9",0.196414701646862,0,0.00594312031417647,0,0.00617988335407477,0,37.8271721,-121.5522898
"4169",2023-02-01,"C9L","EMP C9",0.756715257752978,0,0.0223237472014648,0,0.0238088696312043,0,37.8271721,-121.5522898
"4170",2020-01-01,"C9L","EMP C9",0.0583106365439774,0,0.00177256465555609,0,0.00183465356270284,0,37.8271721,-121.5522898
"4171",2023-01-01,"C9L","EMP C9",0.448417522374419,0,0.0150823174051819,0,0.0157697873398849,0,37.8271721,-121.5522898
"4172",2020-07-01,"C9L","EMP C9",0.443701820096658,0,0.0709868986089201,0,0.0741142502522161,0,37.8271721,-121.5522898
"4173",2021-07-01,"C9L","EMP C9",0.791644813744479,0,0.124014948173314,0,0.132233313408419,0,37.8271721,-121.5522898
"4174",2022-07-01,"C9L","EMP C9",0.330179890347702,0,0.0594220860176799,0,0.0616450350960089,0,37.8271721,-121.5522898
"4175",2023-07-01,"C9L","EMP C9",3.84139283072957,0,0.52655436760421,0,0.574066567354124,0,37.8271721,-121.5522898
"4176",2020-06-01,"C9L","EMP C9",0.911875198349528,0,0.111935827191509,0,0.121919159888843,0,37.8271721,-121.5522898
"4177",2021-06-01,"C9L","EMP C9",0.98011591552082,0,0.125682642354784,0,0.13104305197714,0,37.8271721,-121.5522898
"4178",2023-06-01,"C9L","EMP C9",0.0796437494314096,0,0.00725754433649458,0,0.0076219068205859,0,37.8271721,-121.5522898
"4179",2020-03-01,"C9L","EMP C9",0.0280945698929297,0,0.00121044946528869,0,0.00123435363822178,0,37.8271721,-121.5522898
"4180",2021-03-01,"C9L","EMP C9",1.83415461581858,0,0.0737971452446282,0,0.0805848045271804,0,37.8271721,-121.5522898
"4181",2022-03-01,"C9L","EMP C9",0.282418765643371,0,0.0133462620517843,0,0.0138690827719281,0,37.8271721,-121.5522898
"4182",2023-03-01,"C9L","EMP C9",0.278166543054005,0,0.0083215998765611,0,0.0087520779995922,0,37.8271721,-121.5522898
"4183",2021-05-01,"C9L","EMP C9",0.0184388517149584,0,0.00155195890304104,0,0.00158020959197194,0,37.8271721,-121.5522898
"4184",2022-05-01,"C9L","EMP C9",0.354943693138768,0,0.0360874192368237,0,0.0379858693159392,0,37.8271721,-121.5522898
"4185",2023-05-01,"C9L","EMP C9",0.503993934292986,0,0.0294664413954041,0,0.0309209943085244,0,37.8271721,-121.5522898
"4186",2020-11-01,"C9L","EMP C9",0.372661840925197,0,0.024277884374907,0,0.0255646022874685,0,37.8271721,-121.5522898
"4187",2021-11-01,"C9L","EMP C9",0.270166232891856,0,0.0160966023294545,0,0.016575216448435,0,37.8271721,-121.5522898
"4188",2022-11-01,"C9L","EMP C9",0.624693994578301,0,0.0292036648576949,0,0.0306776098896819,0,37.8271721,-121.5522898
"4189",2023-11-01,"C9L","EMP C9",0.166353102912062,0,0.00632112253338348,0,0.00653899708632689,0,37.8271721,-121.5522898
"4190",2020-10-01,"C9L","EMP C9",0.0784294878918623,0,0.0102484859064679,0,0.0104861468889549,0,37.8271721,-121.5522898
"4191",2022-10-01,"C9L","EMP C9",-0.0013165971336033,0,-0.000156428999362204,0,-0.000157489820173023,0,37.8271721,-121.5522898
"4192",2023-10-01,"C9L","EMP C9",3.30370819300884,0,0.327959629053556,0,0.353560945309059,0,37.8271721,-121.5522898
"4193",2020-09-01,"C9L","EMP C9",1.64682941047173,0,0.201312401868793,0,0.220183703393138,0,37.8271721,-121.5522898
"4194",2021-09-01,"C9L","EMP C9",0.0717258865426966,0,0.0115428391722818,0,0.0119808169901792,0,37.8271721,-121.5522898
"4195",2022-09-01,"C9L","EMP C9",0.210338252325324,0,0.0299240300433678,0,0.031433431522475,0,37.8271721,-121.5522898
"4196",2023-09-01,"C9L","EMP C9",0.830457445257261,0,0.119912566565314,0,0.124105467974742,0,37.8271721,-121.5522898
"4197",2021-04-01,"D16L","EMP D16",0.717543745221182,0,0.0375033125355567,0,0.0393857888642851,0,38.093031,-121.6697445
"4198",2023-04-01,"D16L","EMP D16",0.399163912005112,0,0.021117864768428,0,0.0219100029303849,0,38.093031,-121.6697445
"4199",2020-08-01,"D16L","EMP D16",0.309806301167714,0,0.0449127747996583,0,0.0462981651950056,0,38.093031,-121.6697445
"4200",2021-08-01,"D16L","EMP D16",0.341980000787049,0,0.0435119747875527,0,0.0457232683487914,0,38.093031,-121.6697445
"4201",2022-08-01,"D16L","EMP D16",0.0562431205252137,0,0.00812726201639094,0,0.0084051011078348,0,38.093031,-121.6697445
"4202",2023-08-01,"D16L","EMP D16",0.0213992962831099,0,0.00312414293717629,0,0.00319795998544247,0,38.093031,-121.6697445
"4203",2021-12-01,"D16L","EMP D16",0.625019941395749,0,0.0245634562697708,0,0.0274606673660865,0,38.093031,-121.6697445
"4204",2022-12-01,"D16L","EMP D16",0.101178336411277,0,0.00306078450090267,0,0.0031834191215748,0,38.093031,-121.6697445
"4205",2023-12-01,"D16L","EMP D16",0.158367997342615,0,0.00599364970912611,0,0.00622511906939427,0,38.093031,-121.6697445
"4206",2020-02-01,"D16L","EMP D16",1.44803152742371,0,0.0430209224414544,0,0.0455600617340255,0,38.093031,-121.6697445
"4207",2022-02-01,"D16L","EMP D16",0.784484195515149,0,0.0232860167457847,0,0.0246825761042835,0,38.093031,-121.6697445
"4208",2023-02-01,"D16L","EMP D16",0.0482880905970771,0,0.00148331950154163,0,0.00151930972976482,0,38.093031,-121.6697445
"4209",2020-01-01,"D16L","EMP D16",0.344570024451455,0,0.00919190921845018,0,0.00969944319806207,0,38.093031,-121.6697445
"4210",2022-01-01,"D16L","EMP D16",-0.0166349181083457,0,-0.000461398217800467,0,-0.000468263144924392,0,38.093031,-121.6697445
"4211",2023-01-01,"D16L","EMP D16",-0.00721861918502393,0,-0.000223641598003472,0,-0.000227122634746251,0,38.093031,-121.6697445
"4212",2020-07-01,"D16L","EMP D16",0.213162101991186,0,0.0276446069671513,0,0.0285001110260964,0,38.093031,-121.6697445
"4213",2021-07-01,"D16L","EMP D16",0.293082869123626,0,0.0375751697852891,0,0.0391856443140892,0,38.093031,-121.6697445
"4214",2022-07-01,"D16L","EMP D16",0.222556380893557,0,0.0316735609556256,0,0.0332593367177332,0,38.093031,-121.6697445
"4215",2023-07-01,"D16L","EMP D16",0.238951129238071,0,0.0271307425083214,0,0.0285830565883516,0,38.093031,-121.6697445
"4216",2020-06-01,"D16L","EMP D16",1.29556612910283,0,0.144674561534186,0,0.154974115837732,0,38.093031,-121.6697445
"4217",2021-06-01,"D16L","EMP D16",0.0387129646075903,0,0.00453360419332565,0,0.00463079986945425,0,38.093031,-121.6697445
"4218",2022-06-01,"D16L","EMP D16",0.771925332161694,0,0.0871764640916651,0,0.0923368118054679,0,38.093031,-121.6697445
"4219",2023-06-01,"D16L","EMP D16",0.839613436853249,0,0.0757546664008248,0,0.0803510059068559,0,38.093031,-121.6697445
"4220",2020-03-01,"D16L","EMP D16",1.26558489539294,0.00518036492545657,0.052619726471775,0.00138291958968174,0.0556043152132379,0.00139869852987327,38.093031,-121.6697445
"4221",2021-03-01,"D16L","EMP D16",0.271625490072239,0,0.0103491274677248,0,0.0106770373203883,0,38.093031,-121.6697445
"4222",2022-03-01,"D16L","EMP D16",-0.00703355831201191,0,-0.00030455868413029,0,-0.000309024068535816,0,38.093031,-121.6697445
"4223",2023-03-01,"D16L","EMP D16",0.0149420597119834,0,0.000459030737310542,0,0.000470128688511809,0,38.093031,-121.6697445
"4224",2021-05-01,"D16L","EMP D16",0.636632198587979,0,0.0523588832602674,0,0.0545593794189898,0,38.093031,-121.6697445
"4225",2022-05-01,"D16L","EMP D16",-0.00426952159649066,0,-0.000362752797608411,0,-0.00036589800081925,0,38.093031,-121.6697445
"4226",2023-05-01,"D16L","EMP D16",0.591514270845975,0,0.0380477532299853,0,0.0405778789800339,0,38.093031,-121.6697445
"4227",2020-11-01,"D16L","EMP D16",0.11860506764833,0,0.00879008324624734,0,0.0090851481818621,0,38.093031,-121.6697445
"4228",2021-11-01,"D16L","EMP D16",0.147075628386985,0,0.00842636295844648,0,0.00902337182818733,0,38.093031,-121.6697445
"4229",2022-11-01,"D16L","EMP D16",0.00770252792672711,0,0.00033119085070005,0,0.000338415694068099,0,38.093031,-121.6697445
"4230",2023-11-01,"D16L","EMP D16",0.204512010656117,0,0.0136040850479442,0,0.0140295239310096,0,38.093031,-121.6697445
"4231",2020-10-01,"D16L","EMP D16",0.136544425226678,0,0.0158101378934465,0,0.016333285578197,0,38.093031,-121.6697445
"4232",2022-10-01,"D16L","EMP D16",0.353704508138372,0,0.032552413076661,0,0.0338495214288422,0,38.093031,-121.6697445
"4233",2023-10-01,"D16L","EMP D16",0.0912379841002052,0,0.00847474865734541,0,0.00873147507838964,0,38.093031,-121.6697445
"4234",2020-09-01,"D16L","EMP D16",0.434472221128172,0,0.0499126537649881,0,0.0519710625439251,0,38.093031,-121.6697445
"4235",2021-09-01,"D16L","EMP D16",0.0828626758025444,0,0.0106503533804506,0,0.0110788711418768,0,38.093031,-121.6697445
"4236",2022-09-01,"D16L","EMP D16",0.0234598503276019,0,0.00305980504347378,0,0.0031366191867441,0,38.093031,-121.6697445
"4237",2023-09-01,"D16L","EMP D16",0.0183286551093946,0,0.00238602903080053,0,0.00245057025004554,0,38.093031,-121.6697445
"4238",2021-04-01,"D24L","EMP D24",32.9512108603658,0,1.43249874501589,0,2.0216199722754,0,38.1547193,-121.6814495
"4239",2022-04-01,"D24L","EMP D24",5.26648328399864,0,0.295934637813636,0,0.403412619554296,0,38.1547193,-121.6814495
"4240",2023-04-01,"D24L","EMP D24",25.9314150954134,0,1.04038917274413,0,1.42336860533188,0,38.1547193,-121.6814495
"4241",2020-08-01,"D24L","EMP D24",69.1526297032372,0,5.21718470295095,0,10.3343278093505,0,38.1547193,-121.6814495
"4242",2021-08-01,"D24L","EMP D24",50.1711294088141,0,3.87679438400652,0,6.70795955331205,0,38.1547193,-121.6814495
"4243",2022-08-01,"D24L","EMP D24",17.8137964882171,0,1.67360357236459,0,2.66213466108686,0,38.1547193,-121.6814495
"4244",2023-08-01,"D24L","EMP D24",33.2471004523607,0,3.51831039239023,0,4.44519004709027,0,38.1547193,-121.6814495
"4245",2021-12-01,"D24L","EMP D24",13.2640721565988,0,0.382783861219572,0,0.52138329653327,0,38.1547193,-121.6814495
"4246",2022-12-01,"D24L","EMP D24",6.35021901972329,0,0.172549004039735,0,0.199799773060134,0,38.1547193,-121.6814495
"4247",2023-12-01,"D24L","EMP D24",12.3796781041301,0,0.354410565593578,0,0.435364099967871,0,38.1547193,-121.6814495
"4248",2020-02-01,"D24L","EMP D24",32.963829592173,0,0.91070604968273,0,1.29574009672269,0,38.1547193,-121.6814495
"4249",2022-02-01,"D24L","EMP D24",9.27601932616707,0,0.232370904013644,0,0.291855532937249,0,38.1547193,-121.6814495
"4250",2023-02-01,"D24L","EMP D24",8.08753320874302,0,0.216112527654046,0,0.254461664188957,0,38.1547193,-121.6814495
"4251",2020-01-01,"D24L","EMP D24",96.0017690913785,0,1.22821680128612,0,2.70239324415315,0,38.1547193,-121.6814495
"4252",2022-01-01,"D24L","EMP D24",0.999889614879246,0,0.0258302774714273,0,0.0281463036121408,0,38.1547193,-121.6814495
"4253",2023-01-01,"D24L","EMP D24",13.7453676289046,0,0.337031658995959,0,0.432476631806461,0,38.1547193,-121.6814495
"4254",2020-07-01,"D24L","EMP D24",88.3309699837493,0,6.95921561959364,0,13.2003830287778,0,38.1547193,-121.6814495
"4255",2021-07-01,"D24L","EMP D24",21.5662479779393,0,2.48332546101222,0,3.60234334691289,0,38.1547193,-121.6814495
"4256",2022-07-01,"D24L","EMP D24",24.5781937496974,0,2.41952144374842,0,3.6730217239911,0,38.1547193,-121.6814495
"4257",2023-07-01,"D24L","EMP D24",32.256970707799,0,2.9931683536532,0,3.8585413764302,0,38.1547193,-121.6814495
"4258",2020-06-01,"D24L","EMP D24",50.3563692725716,0,3.40505590409135,0,6.02357041413185,0,38.1547193,-121.6814495
"4259",2021-06-01,"D24L","EMP D24",44.2596501629498,0,3.32992461910618,0,5.29428795428635,0,38.1547193,-121.6814495
"4260",2022-06-01,"D24L","EMP D24",17.469495532529,0,1.81052663672078,0,2.61068153549462,0,38.1547193,-121.6814495
"4261",2023-06-01,"D24L","EMP D24",25.872623346025,0,1.56331196623531,0,1.98184294830552,0,38.1547193,-121.6814495
"4262",2020-03-01,"D24L","EMP D24",17.4006100430676,0,0.587068194858672,0,0.764507390424382,0,38.1547193,-121.6814495
"4263",2021-03-01,"D24L","EMP D24",53.5094830544562,0,1.4218995538187,0,2.3509747733941,0,38.1547193,-121.6814495
"4264",2022-03-01,"D24L","EMP D24",46.8718663826595,0,1.41589341978009,0,2.30179390896688,0,38.1547193,-121.6814495
"4265",2023-03-01,"D24L","EMP D24",11.1349866547773,0,0.320167402238608,0,0.391591235437217,0,38.1547193,-121.6814495
"4266",2021-05-01,"D24L","EMP D24",47.3622140727253,0,1.90512439761783,0,4.05894174603256,0,38.1547193,-121.6814495
"4267",2022-05-01,"D24L","EMP D24",7.70843883088767,0,0.658842605295069,0,0.824952677622399,0,38.1547193,-121.6814495
"4268",2023-05-01,"D24L","EMP D24",13.6859736888868,0,0.872075384637972,0,1.04834558456873,0,38.1547193,-121.6814495
"4269",2020-11-01,"D24L","EMP D24",118.663345275046,0,2.34579263039073,0,5.8273456222512,0,38.1547193,-121.6814495
"4270",2021-11-01,"D24L","EMP D24",9.42751628671331,0,0.442127100506065,0,0.578396202037466,0,38.1547193,-121.6814495
"4271",2022-11-01,"D24L","EMP D24",31.3023054942057,0,0.949580333396485,0,1.37528763810071,0,38.1547193,-121.6814495
"4272",2023-11-01,"D24L","EMP D24",44.9625296895723,0,1.95127368580712,0,2.75853741489656,0,38.1547193,-121.6814495
"4273",2020-10-01,"D24L","EMP D24",24.3277431445484,0,1.9255157617941,0,2.60354103961853,0,38.1547193,-121.6814495
"4274",2022-10-01,"D24L","EMP D24",21.9813826312081,0,1.55311408828891,0,2.10361831780661,0,38.1547193,-121.6814495
"4275",2023-10-01,"D24L","EMP D24",38.6229730387784,0,2.27280622202505,0,3.30998878942331,0,38.1547193,-121.6814495
"4276",2020-09-01,"D24L","EMP D24",41.2835133391436,0,3.45692212048737,0,4.93828592357497,0,38.1547193,-121.6814495
"4277",2021-09-01,"D24L","EMP D24",2.7870326331429,0,0.29424923838195,0,0.372630682170749,0,38.1547193,-121.6814495
"4278",2022-09-01,"D24L","EMP D24",19.7594201436579,0,1.31910693366278,0,2.11464174697219,0,38.1547193,-121.6814495
"4279",2023-09-01,"D24L","EMP D24",26.9076925553839,0,2.09504388402339,0,2.87964573750766,0,38.1547193,-121.6814495
"4280",2021-04-01,"D28AL","EMP D28A",0.694091408903721,0,0.0452284495309595,0,0.0476146706507953,0,37.9701652,-121.5741188
"4281",2022-04-01,"D28AL","EMP D28A",0.024970011841406,0,0.00168881238683342,0,0.00171294281232045,0,37.9701652,-121.5741188
"4282",2023-04-01,"D28AL","EMP D28A",0.101167441749037,0,0.00591257623769873,0,0.00620681654615201,0,37.9701652,-121.5741188
"4283",2020-08-01,"D28AL","EMP D28A",0.0266687025800107,0,0.00401707289134647,0,0.00445463779365667,0,37.9701652,-121.5741188
"4284",2021-08-01,"D28AL","EMP D28A",-0.00151739806884071,0,-0.000226516875833254,0,-0.000226763452495881,0,37.9701652,-121.5741188
"4285",2022-08-01,"D28AL","EMP D28A",0.0299400727250995,0,0.00482077924325103,0,0.00500107491565885,0,37.9701652,-121.5741188
"4286",2023-08-01,"D28AL","EMP D28A",0.0892532395915637,0,0.015584676486017,0,0.0166637013576461,0,37.9701652,-121.5741188
"4287",2022-12-01,"D28AL","EMP D28A",0.0158691392502625,0,0.00048691211788018,0,0.000499297805479515,0,37.9701652,-121.5741188
"4288",2023-12-01,"D28AL","EMP D28A",0.118599352634423,0,0.00434085191716587,0,0.00466189573708584,0,37.9701652,-121.5741188
"4289",2020-02-01,"D28AL","EMP D28A",0.0321326521191153,0,0.00108565818870037,0,0.00113002963823043,0,37.9701652,-121.5741188
"4290",2022-02-01,"D28AL","EMP D28A",0.0374256818072471,0,0.00128857570682029,0,0.00131617301666835,0,37.9701652,-121.5741188
"4291",2023-02-01,"D28AL","EMP D28A",0.0184288986779717,0,0.000634558070722073,0,0.000648100929511042,0,37.9701652,-121.5741188
"4292",2020-01-01,"D28AL","EMP D28A",0.0411561442893877,0,0.00110746693801828,0,0.00115852121617852,0,37.9701652,-121.5741188
"4293",2022-01-01,"D28AL","EMP D28A",0.169371015407575,0,0.00460511585417505,0,0.00476769430526977,0,37.9701652,-121.5741188
"4294",2023-01-01,"D28AL","EMP D28A",0.0167150609804721,0,0.000515230715725305,0,0.00052591341813753,0,37.9701652,-121.5741188
"4295",2020-07-01,"D28AL","EMP D28A",0.126481016617603,0,0.0198727438867042,0,0.021126903909724,0,37.9701652,-121.5741188
"4296",2021-07-01,"D28AL","EMP D28A",0.031833729869701,0,0.00511961057688225,0,0.00531738414214865,0,37.9701652,-121.5741188
"4297",2022-07-01,"D28AL","EMP D28A",0.0399124580180465,0,0.00650807261413907,0,0.00666682390684393,0,37.9701652,-121.5741188
"4298",2023-07-01,"D28AL","EMP D28A",0.521829547425657,0,0.0641874335696442,0,0.0697694379038532,0,37.9701652,-121.5741188
"4299",2020-06-01,"D28AL","EMP D28A",1.61549320603778,0,0.158477492584447,0,0.193243421253179,0,37.9701652,-121.5741188
"4300",2021-06-01,"D28AL","EMP D28A",0.0087770074797975,0,0.00105279749112077,0,0.00117349981687388,0,37.9701652,-121.5741188
"4301",2022-06-01,"D28AL","EMP D28A",0.00210815008349472,0,0.000304299185182188,0,0.000315046790377144,0,37.9701652,-121.5741188
"4302",2023-06-01,"D28AL","EMP D28A",0.0210181808835954,0,0.0020159353227412,0,0.00224935359533459,0,37.9701652,-121.5741188
"4303",2020-03-01,"D28AL","EMP D28A",0.504525890381895,0,0.0205889325441174,0,0.0221666809900764,0,37.9701652,-121.5741188
"4304",2021-03-01,"D28AL","EMP D28A",0.058036594082711,0,0.00242485642569122,0,0.00254987641131405,0,37.9701652,-121.5741188
"4305",2022-03-01,"D28AL","EMP D28A",0.273072148166195,0,0.0115163334993093,0,0.0119976066859386,0,37.9701652,-121.5741188
"4306",2023-03-01,"D28AL","EMP D28A",0.0468410450412391,0,0.00180255356237256,0,0.00184122479042114,0,37.9701652,-121.5741188
"4307",2021-05-01,"D28AL","EMP D28A",0.0466795660086171,0,0.00428381114963835,0,0.00446723446702466,0,37.9701652,-121.5741188
"4308",2022-05-01,"D28AL","EMP D28A",0.656979117215244,0,0.059539153272814,0,0.0628729015174988,0,37.9701652,-121.5741188
"4309",2023-05-01,"D28AL","EMP D28A",0.225980318800836,0,0.0145279963469959,0,0.0155022498697373,0,37.9701652,-121.5741188
"4310",2020-11-01,"D28AL","EMP D28A",0.0339031360961618,0,0.00227435250790389,0,0.0023257551361967,0,37.9701652,-121.5741188
"4311",2021-11-01,"D28AL","EMP D28A",0.262576611768479,0,0.0157067521410838,0,0.0161095786389462,0,37.9701652,-121.5741188
"4312",2022-11-01,"D28AL","EMP D28A",0.00511503072194191,0,0.000221458585287343,0,0.000224732281195525,0,37.9701652,-121.5741188
"4313",2023-11-01,"D28AL","EMP D28A",-0.295609813894839,0,-0.0175178076025446,0,-0.020278833233186,0,37.9701652,-121.5741188
"4314",2020-10-01,"D28AL","EMP D28A",-0.00209295358570338,0,-0.000275482383955244,0,-0.000279831212996198,0,37.9701652,-121.5741188
"4315",2022-10-01,"D28AL","EMP D28A",0.0331677471774783,0,0.00386321099909237,0,0.00396748740005935,0,37.9701652,-121.5741188
"4316",2023-10-01,"D28AL","EMP D28A",0.26788709337239,0,0.0241494616874106,0,0.0256367948357377,0,37.9701652,-121.5741188
"4317",2020-09-01,"D28AL","EMP D28A",0.95517930733603,0,0.131035573243734,0,0.142744189499084,0,37.9701652,-121.5741188
"4318",2022-09-01,"D28AL","EMP D28A",0.0214868884247583,0,0.00312573899983559,0,0.00321104995626791,0,37.9701652,-121.5741188
"4319",2023-09-01,"D28AL","EMP D28A",0.116105732241745,0,0.0167552528909768,0,0.0173511072923768,0,37.9701652,-121.5741188
"4320",2021-04-01,"D4L","EMP D4",17.8477503418032,0.542111768606462,0.749921118153319,0.20091366385591,0.979658357203087,0.216844707442585,38.0581151,-121.8193499
"4321",2022-04-01,"D4L","EMP D4",0.159096769711393,0.230733296976165,0.0105180883591789,0.0877981441578738,0.0109140384022016,0.092293318790466,38.0581151,-121.8193499
"4322",2023-04-01,"D4L","EMP D4",17.5691239054412,0.695515502933768,0.699598065372831,0.175640370934521,0.862788395522271,0.187789185792117,38.0581151,-121.8193499
"4323",2020-08-01,"D4L","EMP D4",0.429285286980369,0.12967460603714,0.0493099211261759,0.0499737046108758,0.05135060750469,0.051869842414856,38.0581151,-121.8193499
"4324",2021-08-01,"D4L","EMP D4",14.2547843592555,0.357207795764626,1.37660303465266,0.128087731052501,1.70514075114249,0.14288311830585,38.0581151,-121.8193499
"4325",2022-08-01,"D4L","EMP D4",8.72174371617364,0.734318752047709,0.835360436612313,0.223045251885797,1.04328485487137,0.293727500819084,38.0581151,-121.8193499
"4326",2023-08-01,"D4L","EMP D4",15.7818333217959,0.650106894051466,1.55813125542397,0.246950522368359,1.88780457469776,0.260042757620586,38.0581151,-121.8193499
"4327",2021-12-01,"D4L","EMP D4",4.24235043858455,11.2160066995556,0.149802695919705,2.19729572259388,0.16675803860266,3.02832180888002,38.0581151,-121.8193499
"4328",2022-12-01,"D4L","EMP D4",17.3460491541707,0.0264154113743809,0.416797076830908,0.00681695726845366,0.545766480451923,0.00713216107108283,38.0581151,-121.8193499
"4329",2023-12-01,"D4L","EMP D4",2.82539371072606,0.207904367276723,0.109632091099277,0.0535080888832037,0.124135554291626,0.0561341791647153,38.0581151,-121.8193499
"4330",2020-02-01,"D4L","EMP D4",7.2910725161899,0.127385232035256,0.246871208607436,0.0333408580733083,0.286597010244927,0.0343940126495192,38.0581151,-121.8193499
"4331",2022-02-01,"D4L","EMP D4",4.75331092134027,6.04688895338041,0.144099815328125,1.20002043148354,0.16716274152931,1.63266001741271,38.0581151,-121.8193499
"4332",2023-02-01,"D4L","EMP D4",7.99940707719739,0.0963031262097087,0.211012731034101,0.0250764561239344,0.251688912410034,0.0260018440766213,38.0581151,-121.8193499
"4333",2020-01-01,"D4L","EMP D4",1.5947839761017,0,0.041271825058963,0,0.044892229421301,0,38.0581151,-121.8193499
"4334",2022-01-01,"D4L","EMP D4",16.0012208150512,3.19546407780969,0.357541889569289,0.734239676039387,0.450424939436668,0.862775301008618,38.0581151,-121.8193499
"4335",2023-01-01,"D4L","EMP D4",3.96027285963791,0.334600441460798,0.109614888892255,0.0833731887373222,0.124603831167754,0.0903421191944155,38.0581151,-121.8193499
"4336",2020-07-01,"D4L","EMP D4",18.5230897404881,0,1.82492589231283,0,2.47656646851834,0,38.0581151,-121.8193499
"4337",2021-07-01,"D4L","EMP D4",10.7933007057984,0.21687469204293,1.06855731078737,0.0800691089917808,1.29108209629577,0.0867498768171722,38.0581151,-121.8193499
"4338",2022-07-01,"D4L","EMP D4",3.17420146268825,0.140839021217504,0.340311923730265,0.0541941188627248,0.379694292804335,0.0563356084870015,38.0581151,-121.8193499
"4339",2023-07-01,"D4L","EMP D4",16.3630733709246,1.57178009358756,1.45829816314098,0.590014768506596,1.75116667429292,0.628712037435022,38.0581151,-121.8193499
"4340",2020-06-01,"D4L","EMP D4",3.47395282205244,1.11021297060215,0.320804861973195,0.403620560518067,0.37178042731592,0.444085188240858,38.0581151,-121.8193499
"4341",2021-06-01,"D4L","EMP D4",27.8810017148401,0.219419759670825,2.06891814130764,0.0828115406254183,2.6682118641102,0.0877679038683299,38.0581151,-121.8193499
"4342",2022-06-01,"D4L","EMP D4",0.629244065685232,0.162742121495523,0.0803411927199499,0.062371191080402,0.0841309293116417,0.0650968485982092,38.0581151,-121.8193499
"4343",2023-06-01,"D4L","EMP D4",5.14930826946848,0.0189220513927749,0.354641832068598,0.0074541606107589,0.394437013441286,0.00756882055710998,38.0581151,-121.8193499
"4344",2020-03-01,"D4L","EMP D4",11.0992515444111,0,0.401587464901034,0,0.487653008307148,0,38.0581151,-121.8193499
"4345",2021-03-01,"D4L","EMP D4",3.06019806712533,0.0129331737550904,0.117150610115582,0.00343972384189618,0.134451840061308,0.00349195691387441,38.0581151,-121.8193499
"4346",2022-03-01,"D4L","EMP D4",19.4237394424253,7.76396169470823,0.707329979930562,1.55811436809625,0.953865262648787,2.09626965757122,38.0581151,-121.8193499
"4347",2023-03-01,"D4L","EMP D4",9.52201008914582,0.207201371612859,0.268180139639675,0.052229582909614,0.33486665141664,0.0559443703354718,38.0581151,-121.8193499
"4348",2021-05-01,"D4L","EMP D4",12.530003808388,0.18832441319383,0.870221944661071,0.0721808979455954,1.07382132637885,0.0753297652775318,38.0581151,-121.8193499
"4349",2022-05-01,"D4L","EMP D4",7.61371937627566,0.0255800025557151,0.638640073503665,0.0100410588188729,0.728632944309581,0.010232001022286,38.0581151,-121.8193499
"4350",2023-05-01,"D4L","EMP D4",8.25381229811124,1.56025322953101,0.50065209122013,0.569562020938821,0.566211523650431,0.624101291812403,38.0581151,-121.8193499
"4351",2020-11-01,"D4L","EMP D4",1.54699333709273,0.0460685464556434,0.0761375802031011,0.0169589575550319,0.0849140604387943,0.0184274185822574,38.0581151,-121.8193499
"4352",2021-11-01,"D4L","EMP D4",20.6059126847936,6.90705940628358,0.802344776156626,1.93928718593883,1.26421225632858,2.76282376251343,38.0581151,-121.8193499
"4353",2022-11-01,"D4L","EMP D4",4.41566374818952,2.61771769638902,0.167677862928847,0.616026656593333,0.194005127450392,0.706783778025034,38.0581151,-121.8193499
"4354",2023-11-01,"D4L","EMP D4",5.84087202142927,0.355167357435439,0.352234900179628,0.13569637531487,0.400683820670048,0.142066942974176,38.0581151,-121.8193499
"4355",2020-10-01,"D4L","EMP D4",8.97584243114596,0.120536174298003,0.718067267412238,0.0442969037827094,0.858988120660669,0.0482144697192011,38.0581151,-121.8193499
"4356",2022-10-01,"D4L","EMP D4",6.04641455926362,1.17648038383556,0.437358056460958,0.426651926115328,0.518177727728893,0.470592153534223,38.0581151,-121.8193499
"4357",2023-10-01,"D4L","EMP D4",0.194669792985353,-0.00585397318235275,0.0171607405800354,-0.00228820074314847,0.0186298991886983,-0.0023415892729411,38.0581151,-121.8193499
"4358",2020-09-01,"D4L","EMP D4",8.95004366722235,0.122659121185556,0.811648148872068,0.0454347773775956,0.957828511076378,0.0490636484742222,38.0581151,-121.8193499
"4359",2021-09-01,"D4L","EMP D4",12.0914232342794,8.62707313374132,1.07583949644524,2.50112235561564,1.44636200565841,3.45082925349653,38.0581151,-121.8193499
"4360",2022-09-01,"D4L","EMP D4",1.34178002924461,1.30393026612633,0.117087250488588,0.423575973687859,0.12840834879871,0.521572106450534,38.0581151,-121.8193499
"4361",2023-09-01,"D4L","EMP D4",3.00832305456173,0.285927674360357,0.332526659484016,0.110671758813837,0.359852110256865,0.114371069744143,38.0581151,-121.8193499
"4362",2023-04-01,"D41C","EMP D41",0,-0.00223942120239405,0,-0.000887395512749699,0,-0.000895768480957618,38.0160546,-122.3647171
"4363",2023-08-01,"D41C","EMP D41",0,-0.00300169902102935,0,-0.00118635740195216,0,-0.00120067960841174,38.0160546,-122.3647171
"4364",2023-12-01,"D41C","EMP D41",0,0.140525168651757,0,0.0364777690227703,0,0.0379417955359744,38.0160546,-122.3647171
"4365",2020-02-01,"D41C","EMP D41",0,0.101038288411665,0,0.0265219499865971,0,0.0272803378711495,38.0160546,-122.3647171
"4366",2020-06-01,"D41C","EMP D41",0,0.0342982228663414,0,0.0133824101343285,0,0.0137192891465366,38.0160546,-122.3647171
"4367",2020-03-01,"D41C","EMP D41",0,0.0750598850258253,0,0.0197631920435649,0,0.0202661689569728,38.0160546,-122.3647171
"4368",2020-10-01,"D41C","EMP D41",0,0.0109631015814579,0,0.00432728936317591,0,0.00438524063258316,38.0160546,-122.3647171
"4369",2023-09-01,"D41C","EMP D41",0,0.150829179953693,0,0.0571801065718648,0,0.0603316719814773,38.0160546,-122.3647171
"4370",2021-04-01,"D41AC","EMP D41A",0,-0.000881955009124123,0,-0.000349484463533338,0,-0.000352782003649649,38.0847167,-122.3906667
"4371",2022-04-01,"D41AC","EMP D41A",0,-0.000140499711079792,0,-5.56745702959091e-05,0,-5.61998844319168e-05,38.0847167,-122.3906667
"4372",2023-04-01,"D41AC","EMP D41A",0,0.320640345188445,0,0.118355164494211,0,0.128256138075378,38.0847167,-122.3906667
"4373",2021-08-01,"D41AC","EMP D41A",0,0.00422492916139143,0,0.00167090682588627,0,0.00168997166455657,38.0847167,-122.3906667
"4374",2023-08-01,"D41AC","EMP D41A",0,4.10298058620542,0,1.45114587422824,0,1.64119223448217,38.0847167,-122.3906667
"4375",2023-12-01,"D41AC","EMP D41A",0,0.41348512728375,0,0.103294289430751,0,0.111640984366613,38.0847167,-122.3906667
"4376",2020-02-01,"D41AC","EMP D41A",0,0.598354588338103,0,0.149644402059431,0,0.161555738851288,38.0847167,-122.3906667
"4377",2023-02-01,"D41AC","EMP D41A",0,-0.00108841785244886,0,-0.00029206758218731,0,-0.000293872820161193,38.0847167,-122.3906667
"4378",2020-01-01,"D41AC","EMP D41A",0,2.88361263196963,0,0.675625438887876,0,0.7785754106318,38.0847167,-122.3906667
"4379",2022-01-01,"D41AC","EMP D41A",0,0.000729180505661028,0,0.000195226343041861,0,0.000196878736528478,38.0847167,-122.3906667
"4380",2023-07-01,"D41AC","EMP D41A",0,5.0323968517932,0,1.79793598493318,0,2.01295874071728,38.0847167,-122.3906667
"4381",2020-06-01,"D41AC","EMP D41A",0,0.236116945417069,0,0.0911894869178584,0,0.0944467781668275,38.0847167,-122.3906667
"4382",2021-06-01,"D41AC","EMP D41A",0,0.0200805129722459,0,0.00791052543587861,0,0.00803220518889836,38.0847167,-122.3906667
"4383",2023-06-01,"D41AC","EMP D41A",0,4.07188940902161,0,1.44505896210061,0,1.62875576360864,38.0847167,-122.3906667
"4384",2020-03-01,"D41AC","EMP D41A",0,0.342622805579968,0,0.088246951175503,0,0.0925081575065914,38.0847167,-122.3906667
"4385",2023-03-01,"D41AC","EMP D41A",0,0.0306227137808231,0,0.00804828006602453,0,0.00826813272082225,38.0847167,-122.3906667
"4386",2022-05-01,"D41AC","EMP D41A",0,-0.000378685384307782,0,-0.000128091795656704,0,-0.000151474153723113,38.0847167,-122.3906667
"4387",2023-05-01,"D41AC","EMP D41A",0,1.20882809612496,0,0.450346855688709,0,0.483531238449985,38.0847167,-122.3906667
"4388",2021-11-01,"D41AC","EMP D41A",0,0.0753453913298211,0,0.0294039219198433,0,0.0301381565319285,38.0847167,-122.3906667
"4389",2023-11-01,"D41AC","EMP D41A",0,0.669027228900048,0,0.238065685960808,0,0.267610891560019,38.0847167,-122.3906667
"4390",2020-09-01,"D41AC","EMP D41A",0,0.213274819584345,0,0.0821189728907408,0,0.0853099278337379,38.0847167,-122.3906667
"4391",2021-09-01,"D41AC","EMP D41A",0,0.00029765528077554,0,0.000118040383806503,0,0.000119062112310216,38.0847167,-122.3906667
"4392",2023-09-01,"D41AC","EMP D41A",0,3.86353013598252,0,1.33203557445897,0,1.54541205439301,38.0847167,-122.3906667
"4393",2021-04-01,"D6R","EMP D6",0,4.39027853031534,0,1.37243968550189,0,1.75611141212614,38.0577031,-122.1149585
"4394",2022-04-01,"D6R","EMP D6",0,7.71986386880372,0,2.22318353831405,0,3.08794554752149,38.0577031,-122.1149585
"4395",2023-04-01,"D6R","EMP D6",0,1.1771902602371,0,0.411243632960259,0,0.470876104094839,38.0577031,-122.1149585
"4396",2020-08-01,"D6R","EMP D6",0,17.2396475879335,0,3.71344924991002,0,6.89585903517341,38.0577031,-122.1149585
"4397",2021-08-01,"D6R","EMP D6",0,15.6575802151237,0,3.57036436669767,0,6.26303208604947,38.0577031,-122.1149585
"4398",2022-08-01,"D6R","EMP D6",0,19.7883475417608,0,4.87322921581152,0,7.9153390167043,38.0577031,-122.1149585
"4399",2023-08-01,"D6R","EMP D6",0,38.8052649072559,0,4.52624086053678,0,15.5221059629024,38.0577031,-122.1149585
"4400",2021-12-01,"D6R","EMP D6",0,26.5214557389765,0,3.23021446893652,0,7.16079304952365,38.0577031,-122.1149585
"4401",2022-12-01,"D6R","EMP D6",0,5.38534234149812,0,1.11924446171371,0,1.45404243220449,38.0577031,-122.1149585
"4402",2023-12-01,"D6R","EMP D6",0,18.8505074307784,0,2.47963796816225,0,5.08963700631016,38.0577031,-122.1149585
"4403",2020-02-01,"D6R","EMP D6",0,17.0237273670044,0,2.16509649095848,0,4.5964063890912,38.0577031,-122.1149585
"4404",2022-02-01,"D6R","EMP D6",0,3.80283361655463,0,0.831163928473214,0,1.02676507646975,38.0577031,-122.1149585
"4405",2023-02-01,"D6R","EMP D6",0,1.45270836170611,0,0.348888222518165,0,0.39223125766065,38.0577031,-122.1149585
"4406",2020-01-01,"D6R","EMP D6",0,37.5416363912893,0,2.70139960694596,0,10.1362418256481,38.0577031,-122.1149585
"4407",2022-01-01,"D6R","EMP D6",0,1.92543745046488,0,0.432576647662986,0,0.519868111625517,38.0577031,-122.1149585
"4408",2023-01-01,"D6R","EMP D6",0,1.90063548403861,0,0.441797783220051,0,0.513171580690424,38.0577031,-122.1149585
"4409",2020-07-01,"D6R","EMP D6",0,16.727200387357,0,3.69562023003157,0,6.6908801549428,38.0577031,-122.1149585
"4410",2021-07-01,"D6R","EMP D6",0,16.6502832350023,0,3.77990103567465,0,6.66011329400092,38.0577031,-122.1149585
"4411",2022-07-01,"D6R","EMP D6",0,13.4646900532952,0,3.41315894581102,0,5.38587602131809,38.0577031,-122.1149585
"4412",2023-07-01,"D6R","EMP D6",0,11.7112167731813,0,3.75270624842159,0,4.68448670927252,38.0577031,-122.1149585
"4413",2020-06-01,"D6R","EMP D6",0,21.3437709448403,0,4.42612701015909,0,8.53750837793612,38.0577031,-122.1149585
"4414",2021-06-01,"D6R","EMP D6",0,10.3129408182914,0,2.64377652807574,0,4.12517632731658,38.0577031,-122.1149585
"4415",2022-06-01,"D6R","EMP D6",0,5.83824807639455,0,1.87066761535886,0,2.33529923055782,38.0577031,-122.1149585
"4416",2023-06-01,"D6R","EMP D6",0,2.88817144853954,0,1.01046767305094,0,1.15526857941582,38.0577031,-122.1149585
"4417",2020-03-01,"D6R","EMP D6",0,31.7445960539506,0,3.74822430476615,0,8.57104093456667,38.0577031,-122.1149585
"4418",2021-03-01,"D6R","EMP D6",0,4.64555345169865,0,0.950536152723679,0,1.25429943195864,38.0577031,-122.1149585
"4419",2022-03-01,"D6R","EMP D6",0,4.29151879048505,0,0.915266217445888,0,1.15871007343096,38.0577031,-122.1149585
"4420",2023-03-01,"D6R","EMP D6",0,0.25984733433653,0,0.0649807913027135,0,0.0701587802708631,38.0577031,-122.1149585
"4421",2021-05-01,"D6R","EMP D6",0,6.21813718047564,0,1.8131460811697,0,2.48725487219026,38.0577031,-122.1149585
"4422",2022-05-01,"D6R","EMP D6",0,7.31202623479989,0,2.1440162481052,0,2.92481049391995,38.0577031,-122.1149585
"4423",2023-05-01,"D6R","EMP D6",0,1.6860374861643,0,0.604409106303684,0,0.67441499446572,38.0577031,-122.1149585
"4424",2020-11-01,"D6R","EMP D6",0,19.3768758326299,0,3.85788950929551,0,7.75075033305195,38.0577031,-122.1149585
"4425",2021-11-01,"D6R","EMP D6",0,9.64407541044184,0,2.47226625843396,0,3.85763016417674,38.0577031,-122.1149585
"4426",2022-11-01,"D6R","EMP D6",0,9.43285028906963,0,1.96102824185361,0,2.5468695780488,38.0577031,-122.1149585
"4427",2023-11-01,"D6R","EMP D6",0,19.2210018311232,0,3.93056328679027,0,7.68840073244928,38.0577031,-122.1149585
"4428",2020-10-01,"D6R","EMP D6",0,18.8583367821467,0,3.91799006757871,0,7.54333471285869,38.0577031,-122.1149585
"4429",2022-10-01,"D6R","EMP D6",0,16.5205109731174,0,4.53404998155892,0,6.60820438924698,38.0577031,-122.1149585
"4430",2023-10-01,"D6R","EMP D6",0,21.1288760428613,0,4.51561215143171,0,8.45155041714452,38.0577031,-122.1149585
"4431",2020-09-01,"D6R","EMP D6",0,24.0115219829161,0,4.73008182522664,0,9.60460879316645,38.0577031,-122.1149585
"4432",2021-09-01,"D6R","EMP D6",0,25.707586588215,0,5.31050434408897,0,10.283034635286,38.0577031,-122.1149585
"4433",2022-09-01,"D6R","EMP D6",0,19.9781498852212,0,5.1206605813225,0,7.99125995408846,38.0577031,-122.1149585
"4434",2023-09-01,"D6R","EMP D6",0,31.4324949189131,0,4.81617369706985,0,12.5729979675652,38.0577031,-122.1149585
"4435",2021-04-01,"D7C","EMP D7",0,0.43400314958259,0,0.142005880758278,0,0.173601259833036,38.1171292,-122.0395539
"4436",2022-04-01,"D7C","EMP D7",0,0.226008972972157,0,0.0782415481237522,0,0.0904035891888626,38.1171292,-122.0395539
"4437",2023-04-01,"D7C","EMP D7",0,0.381919089070312,0,0.143165539369212,0,0.152767635628125,38.1171292,-122.0395539
"4438",2020-08-01,"D7C","EMP D7",0.053376292620496,5.07204903666546,0.00696623275378213,1.51400072337892,0.0071364949568214,2.02881961466618,38.1171292,-122.0395539
"4439",2021-08-01,"D7C","EMP D7",0,13.6576411744315,0,3.79466643313396,0,5.46305646977259,38.1171292,-122.0395539
"4440",2022-08-01,"D7C","EMP D7",0,5.44064158812648,0,1.79341269636573,0,2.17625663525059,38.1171292,-122.0395539
"4441",2023-08-01,"D7C","EMP D7",0,4.41345344740184,0,1.33106206855576,0,1.76538137896074,38.1171292,-122.0395539
"4442",2021-12-01,"D7C","EMP D7",0,2.38261855275083,0,0.549943527643973,0,0.643307009242724,38.1171292,-122.0395539
"4443",2022-12-01,"D7C","EMP D7",0,0.63605078997904,0,0.154891540968,0,0.171733713294341,38.1171292,-122.0395539
"4444",2023-12-01,"D7C","EMP D7",0,3.11559424343315,0,0.734022846987333,0,0.84121044572695,38.1171292,-122.0395539
"4445",2020-02-01,"D7C","EMP D7",0.0440419524661426,2.04574234149912,0.00190160329210271,0.469036281388272,0.00193501251196073,0.552350432204763,38.1171292,-122.0395539
"4446",2022-02-01,"D7C","EMP D7",0,0.494428196540556,0,0.119163610942614,0,0.13349561306595,38.1171292,-122.0395539
"4447",2023-02-01,"D7C","EMP D7",0,0.547144656111066,0,0.133465671503537,0,0.147729057149988,38.1171292,-122.0395539
"4448",2020-01-01,"D7C","EMP D7",0,5.10894223309228,0,1.1113077827038,0,1.37941440293492,38.1171292,-122.0395539
"4449",2022-01-01,"D7C","EMP D7",0,0.894351197346658,0,0.216109925724511,0,0.241474823283598,38.1171292,-122.0395539
"4450",2023-01-01,"D7C","EMP D7",0,0.324567034309896,0,0.0791642403176924,0,0.0876330992636718,38.1171292,-122.0395539
"4451",2020-07-01,"D7C","EMP D7",0,3.48367026900553,0,1.06611082688114,0,1.39346810760221,38.1171292,-122.0395539
"4452",2021-07-01,"D7C","EMP D7",0,6.45365819448259,0,1.84530443978587,0,2.58146327779303,38.1171292,-122.0395539
"4453",2022-07-01,"D7C","EMP D7",0,6.68201451538923,0,2.16436892339998,0,2.67280580615569,38.1171292,-122.0395539
"4454",2023-07-01,"D7C","EMP D7",0,1.11816133437345,0,0.422183180519282,0,0.447264533749382,38.1171292,-122.0395539
"4455",2020-06-01,"D7C","EMP D7",-0.00179183906461562,2.81042350756776,-0.000190469914457771,0.877713147554485,-0.000191761583201517,1.12416940302711,38.1171292,-122.0395539
"4456",2021-06-01,"D7C","EMP D7",0,4.66892792908494,0,1.35124198710581,0,1.86757117163398,38.1171292,-122.0395539
"4457",2022-06-01,"D7C","EMP D7",0,3.9866044298318,0,1.31439446717964,0,1.59464177193272,38.1171292,-122.0395539
"4458",2023-06-01,"D7C","EMP D7",0,1.41657729373106,0,0.525025204757017,0,0.566630917492426,38.1171292,-122.0395539
"4459",2020-03-01,"D7C","EMP D7",0,1.68546482992217,0,0.395808992822051,0,0.455075504078986,38.1171292,-122.0395539
"4460",2021-03-01,"D7C","EMP D7",-0.00232397031248179,1.14612796986883,-0.000101417422695098,0.273561761561719,-0.000102105183359765,0.309454551864584,38.1171292,-122.0395539
"4461",2022-03-01,"D7C","EMP D7",0,0.417633302616712,0,0.104359536107667,0,0.112760991706512,38.1171292,-122.0395539
"4462",2023-03-01,"D7C","EMP D7",0,0.104627485325667,0,0.0268550579995973,0,0.0282494210379302,38.1171292,-122.0395539
"4463",2021-05-01,"D7C","EMP D7",0,0.988392329813754,0,0.327944730372686,0,0.395356931925502,38.1171292,-122.0395539
"4464",2022-05-01,"D7C","EMP D7",0,0.389595315084934,0,0.137125788376334,0,0.155838126033974,38.1171292,-122.0395539
"4465",2023-05-01,"D7C","EMP D7",0,1.35717945533174,0,0.502502269406165,0,0.542871782132694,38.1171292,-122.0395539
"4466",2020-11-01,"D7C","EMP D7",0,3.72078145323087,0,0.805530400403058,0,1.00461099237234,38.1171292,-122.0395539
"4467",2021-11-01,"D7C","EMP D7",0,3.81964019300116,0,1.262413658847,0,1.52785607720047,38.1171292,-122.0395539
"4468",2022-11-01,"D7C","EMP D7",0,7.46801588742291,0,1.60059164147597,0,2.01636428960419,38.1171292,-122.0395539
"4469",2023-11-01,"D7C","EMP D7",0,13.9175599128402,0,4.22812094919968,0,5.56702396513608,38.1171292,-122.0395539
"4470",2020-10-01,"D7C","EMP D7",0.00279626640909742,12.0858092538017,0.000265067901979212,3.26259388674467,0.000267602695350623,4.83432370152067,38.1171292,-122.0395539
"4471",2022-10-01,"D7C","EMP D7",0,9.67055529054614,0,2.94637261544896,0,3.86822211621846,38.1171292,-122.0395539
"4472",2023-10-01,"D7C","EMP D7",0,11.2986385625312,0,3.30205648684764,0,4.51945542501248,38.1171292,-122.0395539
"4473",2020-09-01,"D7C","EMP D7",0,6.52961938610357,0,1.89415367865575,0,2.61184775444143,38.1171292,-122.0395539
"4474",2021-09-01,"D7C","EMP D7",0,18.9227288077526,0,5.04534188505115,0,7.56909152310104,38.1171292,-122.0395539
"4475",2022-09-01,"D7C","EMP D7",0,6.443831002798,0,2.03993281343252,0,2.5775324011192,38.1171292,-122.0395539
"4476",2023-09-01,"D7C","EMP D7",0,9.55167786806078,0,2.95245010038498,0,3.82067114722431,38.1171292,-122.0395539
"4477",2021-04-01,"P8R","EMP P8",3.52310303465738,0,0.223122496997621,0,0.241684868177496,0,37.9778522,-121.3799929
"4478",2022-04-01,"P8R","EMP P8",18.7338915731671,0,1.17117046730108,0,1.4350160945046,0,37.9778522,-121.3799929
"4479",2023-04-01,"P8R","EMP P8",22.2071770994094,0,1.04801255645561,0,1.21894615392337,0,37.9778522,-121.3799929
"4480",2020-08-01,"P8R","EMP P8",2.5064344595545,0,0.426251403671177,0,0.467954726323202,0,37.9778522,-121.3799929
"4481",2021-08-01,"P8R","EMP P8",10.4223597351782,0,1.73249817627763,0,1.94586875348983,0,37.9778522,-121.3799929
"4482",2022-08-01,"P8R","EMP P8",7.17811123144061,0,1.158616787129,0,1.34016314052087,0,37.9778522,-121.3799929
"4483",2023-08-01,"P8R","EMP P8",37.8351358411628,0,5.591616763456,0,7.0638713773108,0,37.9778522,-121.3799929
"4484",2021-12-01,"P8R","EMP P8",7.81856790587248,0,0.26384347385302,0,0.343513987830315,0,37.9778522,-121.3799929
"4485",2023-12-01,"P8R","EMP P8",5.04477370071549,0,0.19013465727661,0,0.221645492179286,0,37.9778522,-121.3799929
"4486",2020-02-01,"P8R","EMP P8",3.40078671510068,0,0.104696479425429,0,0.119597653101218,0,37.9778522,-121.3799929
"4487",2022-02-01,"P8R","EMP P8",25.1729846651849,0,0.658699029545244,0,0.885274537841735,0,37.9778522,-121.3799929
"4488",2023-02-01,"P8R","EMP P8",17.6856859076143,0,0.55163977225283,0,0.621963888133261,0,37.9778522,-121.3799929
"4489",2020-01-01,"P8R","EMP P8",6.59379922489347,0,0.182148863314309,0,0.207463645686226,0,37.9778522,-121.3799929
"4490",2022-01-01,"P8R","EMP P8",4.29319989913448,0,0.0998464686804096,0,0.120851047986176,0,37.9778522,-121.3799929
"4491",2023-01-01,"P8R","EMP P8",18.0039014245253,0,0.559605549168744,0,0.633154777827681,0,37.9778522,-121.3799929
"4492",2020-07-01,"P8R","EMP P8",7.07415081556069,0,1.27664136341811,0,1.47624614133959,0,37.9778522,-121.3799929
"4493",2021-07-01,"P8R","EMP P8",12.4254982976049,0,2.051097363019,0,2.31985745053895,0,37.9778522,-121.3799929
"4494",2022-07-01,"P8R","EMP P8",7.01174806394898,0,1.28045145035261,0,1.46322382619851,0,37.9778522,-121.3799929
"4495",2023-07-01,"P8R","EMP P8",45.9827596558354,0,6.1475314640371,0,7.6807838103474,0,37.9778522,-121.3799929
"4496",2020-06-01,"P8R","EMP P8",6.20246140728571,0,0.706126365309666,0,0.829278924778244,0,37.9778522,-121.3799929
"4497",2021-06-01,"P8R","EMP P8",15.7532593954851,0,2.31578754373997,0,2.63136402927243,0,37.9778522,-121.3799929
"4498",2022-06-01,"P8R","EMP P8",11.2239120060796,0,1.61681064070897,0,1.87479921323339,0,37.9778522,-121.3799929
"4499",2023-06-01,"P8R","EMP P8",20.1881754038006,0,1.56780969591307,0,1.93200838614372,0,37.9778522,-121.3799929
"4500",2020-03-01,"P8R","EMP P8",5.27590015664236,0,0.226237548527528,0,0.259090063658518,0,37.9778522,-121.3799929
"4501",2021-03-01,"P8R","EMP P8",3.2355106937109,0,0.130222000757222,0,0.142154317062267,0,37.9778522,-121.3799929
"4502",2022-03-01,"P8R","EMP P8",24.8277331219698,0,0.861482358065424,0,1.21924577116365,0,37.9778522,-121.3799929
"4503",2023-03-01,"P8R","EMP P8",14.3379269163126,0,0.632605152171466,0,0.704110064099991,0,37.9778522,-121.3799929
"4504",2021-05-01,"P8R","EMP P8",2.78320305523231,0,0.306931848736541,0,0.332923517366259,0,37.9778522,-121.3799929
"4505",2022-05-01,"P8R","EMP P8",4.95453196891753,0,0.551881432683585,0,0.592655360482823,0,37.9778522,-121.3799929
"4506",2023-05-01,"P8R","EMP P8",20.6170796324773,0,1.40734505202097,0,1.57926829984776,0,37.9778522,-121.3799929
"4507",2020-11-01,"P8R","EMP P8",4.92483935432884,0,0.267060162730417,0,0.302148338073199,0,37.9778522,-121.3799929
"4508",2021-11-01,"P8R","EMP P8",3.57490923222468,0,0.194980816329681,0,0.219327536507316,0,37.9778522,-121.3799929
"4509",2022-11-01,"P8R","EMP P8",6.94923278551538,0,0.270283076830786,0,0.305319170371415,0,37.9778522,-121.3799929
"4510",2023-11-01,"P8R","EMP P8",11.4284682374571,0,0.590708416621353,0,0.701158441165154,0,37.9778522,-121.3799929
"4511",2020-10-01,"P8R","EMP P8",1.65102996192931,0,0.206491226870352,0,0.220745323783413,0,37.9778522,-121.3799929
"4512",2022-10-01,"P8R","EMP P8",7.65235660325481,0,0.8966670933181,0,1.02313221143345,0,37.9778522,-121.3799929
"4513",2023-10-01,"P8R","EMP P8",24.2292225567397,0,2.74917545917832,0,3.2394854736966,0,37.9778522,-121.3799929
"4514",2020-09-01,"P8R","EMP P8",8.24471924355626,0,1.09754840618338,0,1.377166280596,0,37.9778522,-121.3799929
"4515",2021-09-01,"P8R","EMP P8",2.64228229975198,0,0.360522066335458,0,0.441356701124549,0,37.9778522,-121.3799929
"4516",2022-09-01,"P8R","EMP P8",2.84429860856039,0,0.484184498042086,0,0.531034422973469,0,37.9778522,-121.3799929
"4517",2023-09-01,"P8R","EMP P8",33.1208149249919,0,3.68959177851411,0,4.42830547184269,0,37.9778522,-121.3799929
"4518",2020-08-01,"C9L","EMP C9",0,0,0,0,0,0,37.8271721,-121.5522898
"4519",2022-01-01,"C9L","EMP C9",0,0,0,0,0,0,37.8271721,-121.5522898
"4520",2022-06-01,"C9L","EMP C9",0,0,0,0,0,0,37.8271721,-121.5522898
"4521",2022-04-01,"D16L","EMP D16",0,0,0,0,0,0,38.093031,-121.6697445
"4522",2021-12-01,"D28AL","EMP D28A",0,0,0,0,0,0,37.9701652,-121.5741188
"4523",2021-09-01,"D28AL","EMP D28A",0,0,0,0,0,0,37.9701652,-121.5741188
"4524",2020-08-01,"D41C","EMP D41",0,0,0,0,0,0,38.0160546,-122.3647171
"4525",2020-01-01,"D41C","EMP D41",0,0,0,0,0,0,38.0160546,-122.3647171
"4526",2020-07-01,"D41C","EMP D41",0,0,0,0,0,0,38.0160546,-122.3647171
"4527",2020-11-01,"D41C","EMP D41",0,0,0,0,0,0,38.0160546,-122.3647171
"4528",2020-09-01,"D41C","EMP D41",0,0,0,0,0,0,38.0160546,-122.3647171
"4529",2021-04-01,"D41C","EMP D41",0,0,0,0,0,0,38.0160546,-122.3647171
"4530",2021-08-01,"D41C","EMP D41",0,0,0,0,0,0,38.0160546,-122.3647171
"4531",2021-12-01,"D41C","EMP D41",0,0,0,0,0,0,38.0160546,-122.3647171
"4532",2021-07-01,"D41C","EMP D41",0,0,0,0,0,0,38.0160546,-122.3647171
"4533",2021-06-01,"D41C","EMP D41",0,0,0,0,0,0,38.0160546,-122.3647171
"4534",2021-03-01,"D41C","EMP D41",0,0,0,0,0,0,38.0160546,-122.3647171
"4535",2021-05-01,"D41C","EMP D41",0,0,0,0,0,0,38.0160546,-122.3647171
"4536",2021-11-01,"D41C","EMP D41",0,0,0,0,0,0,38.0160546,-122.3647171
"4537",2021-09-01,"D41C","EMP D41",0,0,0,0,0,0,38.0160546,-122.3647171
"4538",2022-04-01,"D41C","EMP D41",0,0,0,0,0,0,38.0160546,-122.3647171
"4539",2022-08-01,"D41C","EMP D41",0,0,0,0,0,0,38.0160546,-122.3647171
"4540",2022-12-01,"D41C","EMP D41",0,0,0,0,0,0,38.0160546,-122.3647171
"4541",2022-02-01,"D41C","EMP D41",0,0,0,0,0,0,38.0160546,-122.3647171
"4542",2022-01-01,"D41C","EMP D41",0,0,0,0,0,0,38.0160546,-122.3647171
"4543",2022-07-01,"D41C","EMP D41",0,0,0,0,0,0,38.0160546,-122.3647171
"4544",2022-06-01,"D41C","EMP D41",0,0,0,0,0,0,38.0160546,-122.3647171
"4545",2022-03-01,"D41C","EMP D41",0,0,0,0,0,0,38.0160546,-122.3647171
"4546",2022-05-01,"D41C","EMP D41",0,0,0,0,0,0,38.0160546,-122.3647171
"4547",2022-11-01,"D41C","EMP D41",0,0,0,0,0,0,38.0160546,-122.3647171
"4548",2022-10-01,"D41C","EMP D41",0,0,0,0,0,0,38.0160546,-122.3647171
"4549",2022-09-01,"D41C","EMP D41",0,0,0,0,0,0,38.0160546,-122.3647171
"4550",2023-02-01,"D41C","EMP D41",0,0,0,0,0,0,38.0160546,-122.3647171
"4551",2023-01-01,"D41C","EMP D41",0,0,0,0,0,0,38.0160546,-122.3647171
"4552",2023-07-01,"D41C","EMP D41",0,0,0,0,0,0,38.0160546,-122.3647171
"4553",2023-06-01,"D41C","EMP D41",0,0,0,0,0,0,38.0160546,-122.3647171
"4554",2023-03-01,"D41C","EMP D41",0,0,0,0,0,0,38.0160546,-122.3647171
"4555",2023-05-01,"D41C","EMP D41",0,0,0,0,0,0,38.0160546,-122.3647171
"4556",2023-11-01,"D41C","EMP D41",0,0,0,0,0,0,38.0160546,-122.3647171
"4557",2023-10-01,"D41C","EMP D41",0,0,0,0,0,0,38.0160546,-122.3647171
"4558",2020-08-01,"D41AC","EMP D41A",0,0,0,0,0,0,38.0847167,-122.3906667
"4559",2020-07-01,"D41AC","EMP D41A",0,0,0,0,0,0,38.0847167,-122.3906667
"4560",2020-11-01,"D41AC","EMP D41A",0,0,0,0,0,0,38.0847167,-122.3906667
"4561",2020-10-01,"D41AC","EMP D41A",0,0,0,0,0,0,38.0847167,-122.3906667
"4562",2021-12-01,"D41AC","EMP D41A",0,0,0,0,0,0,38.0847167,-122.3906667
"4563",2021-07-01,"D41AC","EMP D41A",0,0,0,0,0,0,38.0847167,-122.3906667
"4564",2021-03-01,"D41AC","EMP D41A",0,0,0,0,0,0,38.0847167,-122.3906667
"4565",2021-05-01,"D41AC","EMP D41A",0,0,0,0,0,0,38.0847167,-122.3906667
"4566",2022-08-01,"D41AC","EMP D41A",0,0,0,0,0,0,38.0847167,-122.3906667
"4567",2022-12-01,"D41AC","EMP D41A",0,0,0,0,0,0,38.0847167,-122.3906667
"4568",2022-02-01,"D41AC","EMP D41A",0,0,0,0,0,0,38.0847167,-122.3906667
"4569",2022-07-01,"D41AC","EMP D41A",0,0,0,0,0,0,38.0847167,-122.3906667
"4570",2022-06-01,"D41AC","EMP D41A",0,0,0,0,0,0,38.0847167,-122.3906667
"4571",2022-03-01,"D41AC","EMP D41A",0,0,0,0,0,0,38.0847167,-122.3906667
"4572",2022-11-01,"D41AC","EMP D41A",0,0,0,0,0,0,38.0847167,-122.3906667
"4573",2022-10-01,"D41AC","EMP D41A",0,0,0,0,0,0,38.0847167,-122.3906667
"4574",2022-09-01,"D41AC","EMP D41A",0,0,0,0,0,0,38.0847167,-122.3906667
"4575",2023-01-01,"D41AC","EMP D41A",0,0,0,0,0,0,38.0847167,-122.3906667
