"","Date","Station","station_name","Latitude","Longitude","Clam_biomass","Clam_grazing","Clam_filtration"
"1",1976-02-01,"D4C","EMP D4",38.0581,-121.8193,0.159196942613511,0.00517722593452922,0.0055718929914729
"2",1976-06-01,"D28AL","EMP D28A",37.9701,-121.5741,0.63,0.0543651220515572,0.06048
"3",1976-06-01,"D4C","EMP D4",38.0581,-121.8193,0.200862134183735,0.0146729588159084,0.0154663843321476
"4",1976-10-01,"D4C","EMP D4",38.0581,-121.8193,0.0403423189761813,0.00377094303386465,0.0038728626217134
"5",1977-03-01,"D4C","EMP D4",38.0581,-121.8193,0.00706125165235837,0.00030532040714305,0.000310695072703768
"6",1977-06-01,"D11","EMP D11",38.0422,121.7995,3.64788767376699e-05,3.88792736583125e-06,3.90323981093068e-06
"7",1977-06-01,"D28AL","EMP D28A",37.9701,-121.5741,0.0464982317430837,0.00599673589188007,0.00623076305357322
"8",1977-06-01,"D4C","EMP D4",38.0581,-121.8193,0.0684116620022208,0.00712741093198454,0.00732004783423763
"9",1977-06-01,"D4R","EMP D4",38.0581,-121.8193,0.079788871371473,0.00821519356800277,0.00853740923674761
"10",1977-10-01,"D11","EMP D11",38.0422,121.7995,0.00274876865298625,0.000259369412065937,0.00026388179068668
"11",1977-10-01,"D28AL","EMP D28A",37.9701,-121.5741,1.90419432406601,0.195836043637942,0.203748792675063
"12",1977-10-01,"D4L","EMP D4",38.0581,-121.8193,0.31,0.0284391386827558,0.02976
"13",1977-10-01,"D4R","EMP D4",38.0581,-121.8193,0.0301404405721971,0.00284429394694866,0.00289348229493092
"14",1978-06-01,"D11","EMP D11",38.0422,121.7995,0.00672620445599352,0.000795343927039555,0.000807144534719222
"15",1978-06-01,"D19C","EMP D19",38.0438,121.6148,7.11058036204485,0.716785242425881,0.760832098738799
"16",1978-06-01,"D4C","EMP D4",38.0581,-121.8193,8.0960300575527,0.728816928110838,0.777218885525059
"17",1978-06-01,"D4L","EMP D4",38.0581,-121.8193,1.96,0.178317954897401,0.18816
"18",1978-06-01,"D4R","EMP D4",38.0581,-121.8193,0.0648059364832834,0.00602764939027048,0.00622136990239521
"19",1978-10-01,"D11","EMP D11",38.0422,121.7995,0.00900839007567393,0.000925520927087391,0.000963897738097111
"20",1978-10-01,"D19C","EMP D19",38.0438,121.6148,2.25876004484988,0.260000690071767,0.271051205381986
"21",1978-10-01,"D4C","EMP D4",38.0581,-121.8193,3.01277871568017,0.27409823425434,0.289226756705297
"22",1978-10-01,"D4L","EMP D4",38.0581,-121.8193,0.00249054941909519,0.000236904163901621,0.000239092744233138
"23",1978-10-01,"D4R","EMP D4",38.0581,-121.8193,0.0200870891932327,0.00189269892398666,0.00192836056255034
"24",1979-05-01,"D11","EMP D11",38.0422,121.7995,0.0126725467387429,0.00133113838628968,0.00135596250104549
"25",1979-05-01,"D19C","EMP D19",38.0438,121.6148,4.60714386385164,0.325966092563165,0.354750077516576
"26",1979-05-01,"D28AL","EMP D28A",37.9701,-121.5741,0.142425808803988,0.0126001011905734,0.0136728776451829
"27",1979-05-01,"D4C","EMP D4",38.0581,-121.8193,4.90527195390948,0.450923757463592,0.47090610757531
"28",1979-05-01,"D4L","EMP D4",38.0581,-121.8193,0.37,0.0332440270700239,0.03552
"29",1979-05-01,"D4R","EMP D4",38.0581,-121.8193,0.219382859935366,0.0201163117912408,0.0210607545537951
"30",1979-09-01,"D11","EMP D11",38.0422,121.7995,0.000271444602621237,4.00904554469131e-05,4.04452457905644e-05
"31",1979-09-01,"D19C","EMP D19",38.0438,121.6148,12.0264144899044,1.6789478504007,1.79193575899576
"32",1979-09-01,"D28AL","EMP D28A",37.9701,-121.5741,0.0493290186543438,0.00705675783069528,0.00735002377949722
"33",1979-09-01,"D4C","EMP D4",38.0581,-121.8193,5.14854778947837,0.652111116305405,0.689905403790101
"34",1979-09-01,"D4L","EMP D4",38.0581,-121.8193,13.23,1.59904818721726,1.77282
"35",1979-09-01,"D4R","EMP D4",38.0581,-121.8193,0.0129929115987558,0.00169372944876461,0.00174105015423328
"36",1980-06-01,"D11","EMP D11",38.0422,121.7995,0.0238312878120451,0.00199642833197968,0.00204949075183588
"37",1980-06-01,"D28AL","EMP D28A",37.9701,-121.5741,8.49986417878533,1.00834585055806,1.13898179995723
"38",1980-06-01,"D4C","EMP D4",38.0581,-121.8193,5.96879409762323,0.534344405920944,0.57300423337183
"39",1980-06-01,"D4L","EMP D4",38.0581,-121.8193,0.911305967762432,0.0769827985234142,0.0874853729051935
"40",1980-06-01,"D4R","EMP D4",38.0581,-121.8193,0.0393651689632244,0.00369010458996782,0.00377905622046954
"41",1980-07-01,"D11","EMP D11",38.0422,121.7995,0.0785324265483511,0.00815726358975361,0.00840296964067357
"42",1980-07-01,"D28AL","EMP D28A",37.9701,-121.5741,4.97482643588663,0.601830931670899,0.666626742408809
"43",1980-07-01,"D4L","EMP D4",38.0581,-121.8193,0.547114163006475,0.0538389927507713,0.0585412154416928
"44",1980-07-01,"D4R","EMP D4",38.0581,-121.8193,0.489655023358129,0.0496757948843097,0.0523930874993199
"45",1980-08-01,"D11","EMP D11",38.0422,121.7995,0.0527311807644832,0.00617008946473611,0.00632774169173799
"46",1980-08-01,"D19C","EMP D19",38.0438,121.6148,12.2295104875659,1.33370149573199,1.46754125850791
"47",1980-08-01,"D28AL","EMP D28A",37.9701,-121.5741,0.366449598853431,0.045043114301193,0.0491042462463598
"48",1980-08-01,"D4C","EMP D4",38.0581,-121.8193,0.223034246014269,0.0231781081668154,0.0238646643235267
"49",1980-08-01,"D4L","EMP D4",38.0581,-121.8193,1.19161518299753,0.117106472252105,0.127502824580736
"50",1980-08-01,"D4R","EMP D4",38.0581,-121.8193,0.0197818761810185,0.0020653986538946,0.00211666075136898
"51",1980-09-01,"D11","EMP D11",38.0422,121.7995,0.0226814059907538,0.00214117425923265,0.00217741497511237
"52",1980-09-01,"D19C","EMP D19",38.0438,121.6148,17.7275699587236,1.93847241595636,2.12730839504683
"53",1980-09-01,"D28AL","EMP D28A",37.9701,-121.5741,0.212940895244658,0.0261375994292368,0.0285340799627842
"54",1980-09-01,"D4C","EMP D4",38.0581,-121.8193,0.344063398800579,0.031630491186167,0.0330300862848556
"55",1980-09-01,"D4L","EMP D4",38.0581,-121.8193,0.0831254735120399,0.00760019613163621,0.00798004545715583
"56",1980-09-01,"D4R","EMP D4",38.0581,-121.8193,0.0258304455713107,0.00239479236030823,0.00247972277484582
"57",1980-10-01,"D11","EMP D11",38.0422,121.7995,0.00917629211562697,0.00061595513160552,0.000633164155978261
"58",1980-10-01,"D28AL","EMP D28A",37.9701,-121.5741,3.61558757185771,0.275202992750032,0.310940531179763
"59",1980-10-01,"D4C","EMP D4",38.0581,-121.8193,0.554918770306021,0.0371810510832683,0.0382893951511154
"60",1980-10-01,"D4L","EMP D4",38.0581,-121.8193,0.328409074519151,0.0208049638041274,0.0226602261418214
"61",1980-10-01,"D4R","EMP D4",38.0581,-121.8193,0.403287150035234,0.0260992320857201,0.0278268133524312
"62",1980-11-01,"D11","EMP D11",38.0422,121.7995,0.00646220642588698,0.000436311265123773,0.000445892243386201
"63",1980-11-01,"D28AL","EMP D28A",37.9701,-121.5741,4.48613217005238,0.224723589209338,0.246737269352881
"64",1980-11-01,"D4C","EMP D4",38.0581,-121.8193,0.282144099826697,0.012069968290489,0.0124143403923747
"65",1980-11-01,"D4L","EMP D4",38.0581,-121.8193,0.276178133946842,0.0111821212297469,0.0121518378936611
"66",1980-11-01,"D4R","EMP D4",38.0581,-121.8193,0.0807431266784537,0.00342261643636035,0.00355269757385196
"67",1980-12-01,"D11","EMP D11",38.0422,121.7995,0.00878429025769336,0.000267302290831497,0.000272312997988494
"68",1980-12-01,"D19C","EMP D19",38.0438,121.6148,47.5831683052498,1.18897387770895,1.47507821746274
"69",1980-12-01,"D28AL","EMP D28A",37.9701,-121.5741,0.561428197120225,0.0157434877256134,0.017404274110727
"70",1980-12-01,"D4L","EMP D4",38.0581,-121.8193,0.0663553300269825,0.00198912531367808,0.00205701523083646
"71",1980-12-01,"D4R","EMP D4",38.0581,-121.8193,0.0707335756387295,0.00211963669343801,0.00219274084480061
"72",1981-01-01,"D11","EMP D11",38.0422,121.7995,0.0248369976734139,0.00072843400559898,0.000769946927875832
"73",1981-01-01,"D19C","EMP D19",38.0438,121.6148,3.98379109076064,0.11784523493973,0.12349752381358
"74",1981-01-01,"D28AL","EMP D28A",37.9701,-121.5741,4.55858057701961,0.129181305797479,0.141315997887608
"75",1981-01-01,"D4C","EMP D4",38.0581,-121.8193,0.0114677183787327,0.000346802243302009,0.000355499269740714
"76",1981-01-01,"D4L","EMP D4",38.0581,-121.8193,0.236438085450708,0.00685516366829362,0.00732958064897196
"77",1981-01-01,"D4R","EMP D4",38.0581,-121.8193,0.0612125605915519,0.00184350808105547,0.00189758937833811
"78",1981-01-01,"D7C","EMP D7",38.1171,-122.0395,0.000907775520717727,2.79849154169817e-05,2.81410411422495e-05
"79",1981-02-01,"D11","EMP D11",38.0422,121.7995,0.0293309817716111,0.00122149394839638,0.00129056319795089
"80",1981-02-01,"D19C","EMP D19",38.0438,121.6148,16.1926161917554,0.573705391814722,0.631512031478461
"81",1981-02-01,"D28AL","EMP D28A",37.9701,-121.5741,35.0982287235909,1.30537596228714,1.544322063838
"82",1981-02-01,"D4C","EMP D4",38.0581,-121.8193,0.122270881923423,0.00454373277845654,0.0047685643950135
"83",1981-02-01,"D4L","EMP D4",38.0581,-121.8193,0,0,0
"84",1981-02-01,"D4R","EMP D4",38.0581,-121.8193,0.370886138307904,0.0136620696017315,0.0144645593940083
"85",1981-02-01,"D7C","EMP D7",38.1171,-122.0395,0,0,0
"86",1981-03-01,"D11","EMP D11",38.0422,121.7995,0.063295640002404,0.00290073847766036,0.00310148636011779
"87",1981-03-01,"D19C","EMP D19",38.0438,121.6148,11.5626061138107,0.514705861287008,0.566567699576722
"88",1981-03-01,"D28AL","EMP D28A",37.9701,-121.5741,20.3149778438978,0.876979327983717,0.995433914350992
"89",1981-03-01,"D4C","EMP D4",38.0581,-121.8193,0.698811659950837,0.0279475601542422,0.0307477130378368
"90",1981-03-01,"D4L","EMP D4",38.0581,-121.8193,0.123801773547496,0.00514089588416059,0.00544727803608985
"91",1981-03-01,"D4R","EMP D4",38.0581,-121.8193,5.42909891146998,0.226625790041709,0.238880352104679
"92",1981-03-01,"D7C","EMP D7",38.1171,-122.0395,0,0,0
"93",1981-04-01,"D11","EMP D11",38.0422,121.7995,0.0681393307488538,0.00447571607758926,0.00470161382167091
"94",1981-04-01,"D19C","EMP D19",38.0438,121.6148,7.53562437573283,0.650143534840334,0.723419940070351
"95",1981-04-01,"D28AL","EMP D28A",37.9701,-121.5741,0.228985298133831,0.0210511129042878,0.0219825886208478
"96",1981-04-01,"D4C","EMP D4",38.0581,-121.8193,0.463451304852596,0.0257906062540882,0.0282705295960084
"97",1981-04-01,"D4L","EMP D4",38.0581,-121.8193,2.49548311162102,0.125061805674827,0.152224469808882
"98",1981-04-01,"D4R","EMP D4",38.0581,-121.8193,0.135641881280015,0.00770418319494147,0.00827415475808093
"99",1981-04-01,"D7C","EMP D7",38.1171,-122.0395,0.0192748368735079,0.00145946016160732,0.00148416243926011
"100",1981-05-01,"D11","EMP D11",38.0422,121.7995,0.635546603562633,0.0545499567825427,0.0610124739420128
"101",1981-05-01,"D19C","EMP D19",38.0438,121.6148,52.6794910948573,4.29081431396582,5.05723114510631
"102",1981-05-01,"D28AL","EMP D28A",37.9701,-121.5741,2.55418637355947,0.255608364535952,0.273297941970864
"103",1981-05-01,"D4C","EMP D4",38.0581,-121.8193,4.55387330041029,0.394124948773543,0.437171836839388
"104",1981-05-01,"D4L","EMP D4",38.0581,-121.8193,4.46574224855939,0.324817755415693,0.428711255861702
"105",1981-05-01,"D4R","EMP D4",38.0581,-121.8193,0.57753258810134,0.0485402585708005,0.0554431284577287
"106",1981-05-01,"D7C","EMP D7",38.1171,-122.0395,0,0,0
"107",1981-06-01,"D11","EMP D11",38.0422,121.7995,0.0757267442855101,0.00881132756598475,0.00908720931426121
"108",1981-06-01,"D19C","EMP D19",38.0438,121.6148,40.2495687156695,5.73679616647091,6.7216779755168
"109",1981-06-01,"D28AL","EMP D28A",37.9701,-121.5741,31.5020880381589,5.8815797283644,6.58393639997522
"110",1981-06-01,"D4C","EMP D4",38.0581,-121.8193,1.10962185570071,0.124170858799894,0.133154622684086
"111",1981-06-01,"D4L","EMP D4",38.0581,-121.8193,17.1779717997809,1.53343006686675,2.0613566159737
"112",1981-06-01,"D4R","EMP D4",38.0581,-121.8193,1.35611792926232,0.140563846517581,0.162734151511478
"113",1981-06-01,"D7C","EMP D7",38.1171,-122.0395,0,0,0
"114",1981-07-01,"D11","EMP D11",38.0422,121.7995,0.0764236926195986,0.0098112002460868,0.0102407748110262
"115",1981-07-01,"D19C","EMP D19",38.0438,121.6148,36.1114403132156,4.20221785692087,4.83893300197088
"116",1981-07-01,"D28AL","EMP D28A",37.9701,-121.5741,1.41241145227073,0.18347988496536,0.210449306388339
"117",1981-07-01,"D4C","EMP D4",38.0581,-121.8193,0.425142484585445,0.0491491197983243,0.0510170981502533
"118",1981-07-01,"D4L","EMP D4",38.0581,-121.8193,0.71998713020863,0.0813105621486652,0.0863984556250356
"119",1981-07-01,"D4R","EMP D4",38.0581,-121.8193,1.48230439123965,0.152547271762391,0.177876526948759
"120",1981-07-01,"D7C","EMP D7",38.1171,-122.0395,0,0,0
"121",1981-08-01,"D11","EMP D11",38.0422,121.7995,0.032861235205921,0.00377625538698282,0.00394334822471052
"122",1981-08-01,"D19C","EMP D19",38.0438,121.6148,39.3641254007903,5.06351126935417,5.86525468471775
"123",1981-08-01,"D28AL","EMP D28A",37.9701,-121.5741,4.90818703194611,0.66015876181642,0.731319867759971
"124",1981-08-01,"D4C","EMP D4",38.0581,-121.8193,0.151098873322234,0.0155979251595575,0.016167579445479
"125",1981-08-01,"D4L","EMP D4",38.0581,-121.8193,2.33676666061696,0.224857964516664,0.250034032686015
"126",1981-08-01,"D4R","EMP D4",38.0581,-121.8193,0.356306907854985,0.0363059966016067,0.0381248391404834
"127",1981-08-01,"D7C","EMP D7",38.1171,-122.0395,0,0,0
"128",1981-09-01,"D11","EMP D11",38.0422,121.7995,0.0294185750491245,0.00338243294241251,0.00353022900589494
"129",1981-09-01,"D19C","EMP D19",38.0438,121.6148,36.1895351943708,3.40752532313044,3.87228026579768
"130",1981-09-01,"D28AL","EMP D28A",37.9701,-121.5741,28.015296870996,4.09122619523314,4.67855457745633
"131",1981-09-01,"D4C","EMP D4",38.0581,-121.8193,2.36918203123432,0.231513420534567,0.253502477342072
"132",1981-09-01,"D4L","EMP D4",38.0581,-121.8193,0.731828842819516,0.0732579750703639,0.0783056861816882
"133",1981-09-01,"D4R","EMP D4",38.0581,-121.8193,0.99568522592537,0.100448081528079,0.106538319174015
"134",1981-09-01,"D7C","EMP D7",38.1171,-122.0395,0,0,0
"135",1981-10-01,"D11","EMP D11",38.0422,121.7995,0.065271636466133,0.00540574225893592,0.00561336073608744
"136",1981-10-01,"D19C","EMP D19",38.0438,121.6148,16.2434435072492,1.42623164835767,1.55937057669592
"137",1981-10-01,"D28AL","EMP D28A",37.9701,-121.5741,5.26914535504024,0.406770880171381,0.453146500533461
"138",1981-10-01,"D4C","EMP D4",38.0581,-121.8193,1.07759595364279,0.0982944503799548,0.103449211549708
"139",1981-10-01,"D4L","EMP D4",38.0581,-121.8193,0.0653064316738632,0.00608868197704682,0.00626941744069087
"140",1981-10-01,"D4R","EMP D4",38.0581,-121.8193,10.9855819095821,0.9259534195481,1.05461586331988
"141",1981-10-01,"D7C","EMP D7",38.1171,-122.0395,0,0,0
"142",1981-11-01,"D11","EMP D11",38.0422,121.7995,0.0267157931354467,0.00140420912338535,0.00146936862244957
"143",1981-11-01,"D19C","EMP D19",38.0438,121.6148,11.8106477435956,0.591630172990866,0.64958562589776
"144",1981-11-01,"D28AL","EMP D28A",37.9701,-121.5741,65.8046550993127,3.38126849422309,4.01408396105807
"145",1981-11-01,"D4C","EMP D4",38.0581,-121.8193,0.0308245812450357,0.00166847275246679,0.00169535196847696
"146",1981-11-01,"D4L","EMP D4",38.0581,-121.8193,0.514402540311578,0.0267820548763539,0.0282921397171368
"147",1981-11-01,"D4R","EMP D4",38.0581,-121.8193,0.889711830997131,0.0452917928224708,0.0489341507048422
"148",1981-11-01,"D7C","EMP D7",38.1171,-122.0395,0,0,0
"149",1981-12-01,"D11","EMP D11",38.0422,121.7995,0.0850025935585023,0.00311061690639233,0.00331510114878159
"150",1981-12-01,"D19C","EMP D19",38.0438,121.6148,12.057130770021,0.430259403046093,0.470228100030819
"151",1981-12-01,"D28AL","EMP D28A",37.9701,-121.5741,4.19766728024756,0.129487174609258,0.146918354808665
"152",1981-12-01,"D4C","EMP D4",38.0581,-121.8193,38.1937380840833,1.09669866958927,1.48955578527925
"153",1981-12-01,"D4L","EMP D4",38.0581,-121.8193,0.00349547152141749,0.000134779560806578,0.000136323389335282
"154",1981-12-01,"D4R","EMP D4",38.0581,-121.8193,0.352824620603789,0.0130702696270147,0.0137601602035478
"155",1981-12-01,"D7C","EMP D7",38.1171,-122.0395,0.00763452230334869,0.000294374466136713,0.000297746369830599
"156",1982-01-01,"D11","EMP D11",38.0422,121.7995,0.0584675595177901,0.00173388556470644,0.00181249434505149
"157",1982-01-01,"D19C","EMP D19",38.0438,121.6148,18.1833913385364,0.514040629600036,0.563685131494628
"158",1982-01-01,"D28AL","EMP D28A",37.9701,-121.5741,4.38769132180159,0.127700406240344,0.136018430975849
"159",1982-01-01,"D4C","EMP D4",38.0581,-121.8193,1.6548400084477,0.048013632996628,0.0513000402618786
"160",1982-01-01,"D4L","EMP D4",38.0581,-121.8193,0.154227009048855,0.00451578664206802,0.00478103728051451
"161",1982-01-01,"D4R","EMP D4",38.0581,-121.8193,0.0750088706552005,0.00224787161867167,0.00232527499031122
"162",1982-01-01,"D7C","EMP D7",38.1171,-122.0395,0,0,0
"163",1982-02-01,"D11","EMP D11",38.0422,121.7995,0.0844556974348863,0.00307309560774616,0.00329377219996057
"164",1982-02-01,"D19C","EMP D19",38.0438,121.6148,0.0465339501075234,0.00199448308691135,0.00204749380473103
"165",1982-02-01,"D28AL","EMP D28A",37.9701,-121.5741,8.64178471847811,0.325981580747574,0.380238527613037
"166",1982-02-01,"D4C","EMP D4",38.0581,-121.8193,10.3896295922389,0.41572739089449,0.457143702058512
"167",1982-02-01,"D4L","EMP D4",38.0581,-121.8193,0.440940653617289,0.0180469689304633,0.0194013887591607
"168",1982-02-01,"D4R","EMP D4",38.0581,-121.8193,0.517251621568343,0.021728108025494,0.0227590713490071
"169",1982-02-01,"D7C","EMP D7",38.1171,-122.0395,0,0,0
"170",1982-03-01,"D11","EMP D11",38.0422,121.7995,0.0591807325730275,0.00248477340451018,0.00260395223321321
"171",1982-03-01,"D19C","EMP D19",38.0438,121.6148,7.40727588862394,0.268021031344899,0.288883759656334
"172",1982-03-01,"D28AL","EMP D28A",37.9701,-121.5741,0.68689956672928,0.0282673189478943,0.0302235809360883
"173",1982-03-01,"D4C","EMP D4",38.0581,-121.8193,0.579688128164759,0.0217057843021884,0.0226078369984256
"174",1982-03-01,"D4L","EMP D4",38.0581,-121.8193,0.809561812902168,0.0280033212070072,0.0315729107031845
"175",1982-03-01,"D4R","EMP D4",38.0581,-121.8193,1.0501017974513,0.0385291976191766,0.0409539701006007
"176",1982-03-01,"D7C","EMP D7",38.1171,-122.0395,0,0,0
"177",1982-04-01,"D11","EMP D11",38.0422,121.7995,0.139629684672585,0.00584612488867571,0.00614370612559374
"178",1982-04-01,"D19C","EMP D19",38.0438,121.6148,0.537034981022478,0.0182158231887877,0.0209443642598766
"179",1982-04-01,"D28AL","EMP D28A",37.9701,-121.5741,21.8354744261394,1.00646274611674,1.20095109343767
"180",1982-04-01,"D4C","EMP D4",38.0581,-121.8193,0.149599679015524,0.00551522462149024,0.00583438748160542
"181",1982-04-01,"D4L","EMP D4",38.0581,-121.8193,5.04227696213311,0.160423257960457,0.196648801523191
"182",1982-04-01,"D4R","EMP D4",38.0581,-121.8193,0.524098535305106,0.0189430433569253,0.0204398428768992
"183",1982-04-01,"D7C","EMP D7",38.1171,-122.0395,0,0,0
"184",1982-05-01,"D11","EMP D11",38.0422,121.7995,0.184407383360019,0.0149409077820339,0.0158590349689616
"185",1982-05-01,"D19C","EMP D19",38.0438,121.6148,9.23151754388836,0.429949510069136,0.50773346491386
"186",1982-05-01,"D28AL","EMP D28A",37.9701,-121.5741,10.8948291899264,0.685386501851482,1.04590360223294
"187",1982-05-01,"D4C","EMP D4",38.0581,-121.8193,0.344987435040953,0.029797852236232,0.0331187937639315
"188",1982-05-01,"D4L","EMP D4",38.0581,-121.8193,0.414361219023563,0.036267215579144,0.039778677026262
"189",1982-05-01,"D4R","EMP D4",38.0581,-121.8193,0.557349603857714,0.0502946664928691,0.0535055619703406
"190",1982-05-01,"D7C","EMP D7",38.1171,-122.0395,0,0,0
"191",1982-06-01,"D11","EMP D11",38.0422,121.7995,0.0863395683245697,0.00810275272678549,0.00828859855915869
"192",1982-06-01,"D19C","EMP D19",38.0438,121.6148,17.0214833362081,1.75840635936257,2.04257800034497
"193",1982-06-01,"D28AL","EMP D28A",37.9701,-121.5741,5.51697292095342,0.62012751377331,0.739274371407759
"194",1982-06-01,"D4C","EMP D4",38.0581,-121.8193,0.298485838571223,0.0244997214599929,0.0256697821171252
"195",1982-06-01,"D4L","EMP D4",38.0581,-121.8193,0.23171146206771,0.0188936907248784,0.0199271857378231
"196",1982-06-01,"D4R","EMP D4",38.0581,-121.8193,0.243334435386579,0.0198253297067587,0.0209267614432458
"197",1982-06-01,"D7C","EMP D7",38.1171,-122.0395,0.041315102098399,0.00348081963327081,0.00355309878046232
"198",1982-07-01,"D11","EMP D11",38.0422,121.7995,0.0192459954660779,0.00251650507327346,0.00257896339245444
"199",1982-07-01,"D19C","EMP D19",38.0438,121.6148,17.8326910832202,2.01773153375329,2.38958060515151
"200",1982-07-01,"D28AL","EMP D28A",37.9701,-121.5741,7.47236305582769,0.933941304274768,1.11338209531833
"201",1982-07-01,"D4C","EMP D4",38.0581,-121.8193,16.5392460525649,1.55275786432563,1.76969932762445
"202",1982-07-01,"D4L","EMP D4",38.0581,-121.8193,0.282060228528651,0.0288997725779033,0.0301804444525656
"203",1982-07-01,"D4R","EMP D4",38.0581,-121.8193,3.3024044878682,0.325182094224088,0.353357280201897
"204",1982-07-01,"D7C","EMP D7",38.1171,-122.0395,0,0,0
"205",1982-08-01,"D11","EMP D11",38.0422,121.7995,0.00126771931052404,0.000185111712664938,0.000188890177268083
"206",1982-08-01,"D19C","EMP D19",38.0438,121.6148,7.15181054905065,0.874659546099235,0.958342613572786
"207",1982-08-01,"D28AL","EMP D28A",37.9701,-121.5741,4.47646453552953,0.761243575569572,0.837098868144023
"208",1982-08-01,"D4C","EMP D4",38.0581,-121.8193,0.138682822594967,0.0162066955369906,0.016641938711396
"209",1982-08-01,"D4L","EMP D4",38.0581,-121.8193,0.0745992275544452,0.00863132152008186,0.00895190730653342
"210",1982-08-01,"D4R","EMP D4",38.0581,-121.8193,0.076732925730601,0.00897477892933598,0.00920795108767213
"211",1982-08-01,"D7C","EMP D7",38.1171,-122.0395,0,0,0
"212",1982-09-01,"D11","EMP D11",38.0422,121.7995,0.0191223206068066,0.00179076857877673,0.00183574277825344
"213",1982-09-01,"D19C","EMP D19",38.0438,121.6148,13.842202251936,1.55245810084229,1.66106427023233
"214",1982-09-01,"D28AL","EMP D28A",37.9701,-121.5741,16.6790068083681,1.55077875559345,1.78465372849539
"215",1982-09-01,"D4C","EMP D4",38.0581,-121.8193,0.116458181606142,0.01348292151295,0.013974981792737
"216",1982-09-01,"D4L","EMP D4",38.0581,-121.8193,0.0517769316714995,0.00583214232778922,0.00621323180057994
"217",1982-09-01,"D4R","EMP D4",38.0581,-121.8193,3.10883973590426,0.356683570539997,0.373060768308511
"218",1982-09-01,"D7C","EMP D7",38.1171,-122.0395,0.611637540954036,0.0622984518733549,0.0654452168820819
"219",1982-10-01,"D11","EMP D11",38.0422,121.7995,0.0039547679602777,0.000296805871612754,0.000304517132941383
"220",1982-10-01,"D19C","EMP D19",38.0438,121.6148,0.864293850384884,0.0630424867265081,0.0665506264796361
"221",1982-10-01,"D28AL","EMP D28A",37.9701,-121.5741,7.34695556364836,0.566586484367454,0.631838178473759
"222",1982-10-01,"D4C","EMP D4",38.0581,-121.8193,0.596159054149733,0.0444486554123055,0.0459042471695294
"223",1982-10-01,"D4L","EMP D4",38.0581,-121.8193,0.0084031662166963,0.000622015244595617,0.000647043798685615
"224",1982-10-01,"D4R","EMP D4",38.0581,-121.8193,0.00902044836933877,0.000672794877877392,0.000694574524439085
"225",1982-10-01,"D7C","EMP D7",38.1171,-122.0395,0,0,0
"226",1982-11-01,"D11","EMP D11",38.0422,121.7995,0.0340170282024751,0.00157565229462427,0.00166683438192128
"227",1982-11-01,"D19C","EMP D19",38.0438,121.6148,16.5732275486945,0.677728610197535,0.729222012142559
"228",1982-11-01,"D28AL","EMP D28A",37.9701,-121.5741,14.3608456061807,0.832750970672962,0.990898346826466
"229",1982-11-01,"D4C","EMP D4",38.0581,-121.8193,3.21074310294509,0.148061662811118,0.15732641204431
"230",1982-11-01,"D4L","EMP D4",38.0581,-121.8193,0.105754687448662,0.00479418717786283,0.00518197968498446
"231",1982-11-01,"D4R","EMP D4",38.0581,-121.8193,0.0543521698851426,0.00255591354777291,0.00266325632437199
"232",1982-11-01,"D7C","EMP D7",38.1171,-122.0395,0.0538358027413313,0.00258276116779244,0.00263795433432523
"233",1982-12-01,"D11","EMP D11",38.0422,121.7995,0.00961809069462704,0.000288220378696416,0.000298160811533438
"234",1982-12-01,"D19C","EMP D19",38.0438,121.6148,11.6284237515715,0.364192053499079,0.406994831305004
"235",1982-12-01,"D28AL","EMP D28A",37.9701,-121.5741,23.1260918608776,0.696699990897739,0.809413215130717
"236",1982-12-01,"D4C","EMP D4",38.0581,-121.8193,3.88242592478869,0.113837494320788,0.12035520366845
"237",1982-12-01,"D4L","EMP D4",38.0581,-121.8193,1.30622386330332,0.0376047824305746,0.0404929397624028
"238",1982-12-01,"D4R","EMP D4",38.0581,-121.8193,0.057079940826541,0.00170717469115915,0.00176947816562277
"239",1982-12-01,"D7C","EMP D7",38.1171,-122.0395,0.352857533477576,0.0104935458180865,0.0109385835378049
"240",1983-01-01,"D11","EMP D11",38.0422,121.7995,0.0492424242162705,0.00161959215739372,0.00172348484756947
"241",1983-01-01,"D19C","EMP D19",38.0438,121.6148,40.6312286507759,1.12584839850215,1.25956808817405
"242",1983-01-01,"D28AL","EMP D28A",37.9701,-121.5741,1.7269690376072,0.0482822149162474,0.0535360401658232
"243",1983-01-01,"D4C","EMP D4",38.0581,-121.8193,0.00672182743908752,0.000205039369904997,0.000208376650611713
"244",1983-01-01,"D4L","EMP D4",38.0581,-121.8193,0.828810246516189,0.0225279330606018,0.0256931176420019
"245",1983-01-01,"D4R","EMP D4",38.0581,-121.8193,1.39021824190562,0.0410054974511138,0.0430967654990744
"246",1983-01-01,"D7C","EMP D7",38.1171,-122.0395,0.00159376104720012,0,0
"247",1983-02-01,"D11","EMP D11",38.0422,121.7995,0.0247364357905584,0.000923358758923216,0.000964720995831777
"248",1983-02-01,"D19C","EMP D19",38.0438,121.6148,17.791973012261,0.718916453079658,0.782846812539485
"249",1983-02-01,"D28AL","EMP D28A",37.9701,-121.5741,1.18085551297475,0.0381403181624003,0.0413299429541161
"250",1983-02-01,"D4C","EMP D4",38.0581,-121.8193,8.020182286618,0.295151657130785,0.312787109178102
"251",1983-02-01,"D4L","EMP D4",38.0581,-121.8193,1.96636540456143,0.0704885285989893,0.0766882507778959
"252",1983-02-01,"D4R","EMP D4",38.0581,-121.8193,1.39399626272322,0.0518523519972153,0.0543658542462054
"253",1983-02-01,"D7C","EMP D7",38.1171,-122.0395,0.00135292467463456,5.216652240888e-05,5.27640623107477e-05
"254",1983-03-01,"D11","EMP D11",38.0422,121.7995,0.0352414616928887,0.00131902100966986,0.00137441700602266
"255",1983-03-01,"D19C","EMP D19",38.0438,121.6148,11.9090004316298,0.481617891573639,0.52399601899171
"256",1983-03-01,"D28AL","EMP D28A",37.9701,-121.5741,2.70736066123909,0.110368556452858,0.11912386909452
"257",1983-03-01,"D4C","EMP D4",38.0581,-121.8193,0.114025673099461,0.00428252231018615,0.00444700125087899
"258",1983-03-01,"D4L","EMP D4",38.0581,-121.8193,0.846636973801587,0.0294648655519348,0.0330188419782619
"259",1983-03-01,"D4R","EMP D4",38.0581,-121.8193,1.00717542996123,0.0357026793935228,0.0392798417684879
"260",1983-03-01,"D7C","EMP D7",38.1171,-122.0395,0.0141686656186866,0.000543817027710375,0.000552577959128779
"261",1983-04-01,"D11","EMP D11",38.0422,121.7995,0.537179536080899,0.0215719982729661,0.0236358995875596
"262",1983-04-01,"D19C","EMP D19",38.0438,121.6148,9.6962678881437,0.489883592550886,0.533294733847903
"263",1983-04-01,"D28AL","EMP D28A",37.9701,-121.5741,5.83579392869174,0.245248387083284,0.285953902505895
"264",1983-04-01,"D4C","EMP D4",38.0581,-121.8193,0.567529550972785,0.0204397772079264,0.0221336524879386
"265",1983-04-01,"D4L","EMP D4",38.0581,-121.8193,1.19087724957637,0.0399100467758893,0.0464442127334783
"266",1983-04-01,"D4R","EMP D4",38.0581,-121.8193,1.03502541279483,0.0382711361632953,0.0403659910989984
"267",1983-04-01,"D7C","EMP D7",38.1171,-122.0395,0.250298588650784,0.0102792240105171,0.0110131379006345
"268",1983-05-01,"D11","EMP D11",38.0422,121.7995,0.339382158869523,0.0171863025519434,0.0186660187378238
"269",1983-05-01,"D19C","EMP D19",38.0438,121.6148,9.80286901100628,0.534376635429812,0.597975009671383
"270",1983-05-01,"D28AL","EMP D28A",37.9701,-121.5741,1.81963132821881,0.0881649290932982,0.110997511021347
"271",1983-05-01,"D4C","EMP D4",38.0581,-121.8193,0.35630404124217,0.0182907995782326,0.0195967222683193
"272",1983-05-01,"D4L","EMP D4",38.0581,-121.8193,0.397564259588599,0.0197956164017549,0.021866034277373
"273",1983-05-01,"D4R","EMP D4",38.0581,-121.8193,0.724171651235292,0.0376725193819027,0.039829440817941
"274",1983-05-01,"D7C","EMP D7",38.1171,-122.0395,0.453025673316351,0.0232837100669229,0.0249164120323993
"275",1983-06-01,"D11","EMP D11",38.0422,121.7995,0.359720911895291,0.0363182499173312,0.0384901375727961
"276",1983-06-01,"D19C","EMP D19",38.0438,121.6148,4.16828617726429,0.445274232599939,0.500194341271715
"277",1983-06-01,"D28AL","EMP D28A",37.9701,-121.5741,26.2229585397333,2.5010408936856,3.14675502476799
"278",1983-06-01,"D4C","EMP D4",38.0581,-121.8193,0.818708802120998,0.0716207799562034,0.0785960450036158
"279",1983-06-01,"D4L","EMP D4",38.0581,-121.8193,0.594895898831329,0.051778806319115,0.0571100062878076
"280",1983-06-01,"D4R","EMP D4",38.0581,-121.8193,0.212512487247409,0.0193093533770209,0.0204011987757513
"281",1983-06-01,"D7C","EMP D7",38.1171,-122.0395,0.3784731555853,0.0342826820181881,0.0363334229361888
"282",1983-07-01,"D11","EMP D11",38.0422,121.7995,0.110802208898702,0.0126510645760766,0.0132962650678442
"283",1983-07-01,"D19C","EMP D19",38.0438,121.6148,5.22139069515345,0.553792845928302,0.626566883418414
"284",1983-07-01,"D28AL","EMP D28A",37.9701,-121.5741,6.75081022068504,0.750060782108398,0.904608569571795
"285",1983-07-01,"D4C","EMP D4",38.0581,-121.8193,2.60084995104132,0.257837241861656,0.278290944761421
"286",1983-07-01,"D4L","EMP D4",38.0581,-121.8193,0.319717472160531,0.0325497424379548,0.0342097695211769
"287",1983-07-01,"D4R","EMP D4",38.0581,-121.8193,2.40511223710008,0.243303394197624,0.257347009369708
"288",1983-07-01,"D7C","EMP D7",38.1171,-122.0395,0.521255996659496,0.0593606880918723,0.0625507195991395
"289",1983-09-01,"D11","EMP D11",38.0422,121.7995,0.10561201907372,0.0109618954930746,0.011300486040888
"290",1983-09-01,"D19C","EMP D19",38.0438,121.6148,24.9157589862012,2.26195945350649,2.66598621152352
"291",1983-09-01,"D28AL","EMP D28A",37.9701,-121.5741,12.8389344497242,1.34726187081869,1.54067213396691
"292",1983-09-01,"D4C","EMP D4",38.0581,-121.8193,0.173974897784332,0.0163394120547046,0.0167015901872959
"293",1983-09-01,"D4L","EMP D4",38.0581,-121.8193,0.0758373967711524,0.00676770379994604,0.00728039009003063
"294",1983-09-01,"D4R","EMP D4",38.0581,-121.8193,0.24010049660742,0.02179778440731,0.0230496476743123
"295",1983-09-01,"D7C","EMP D7",38.1171,-122.0395,0.531150320716221,0.048609527095657,0.0509904307887573
"296",1983-11-01,"D11","EMP D11",38.0422,121.7995,0.0244368077152123,0.00159465008054104,0.00167010384605094
"297",1983-11-01,"D19C","EMP D19",38.0438,121.6148,15.1045994441147,0.808545364803447,0.943414854536571
"298",1983-11-01,"D28AL","EMP D28A",37.9701,-121.5741,1.60342627168239,0.107389902571549,0.115107835346143
"299",1983-11-01,"D4C","EMP D4",38.0581,-121.8193,2.26815516720562,0.146462843080179,0.158520832519392
"300",1983-11-01,"D4L","EMP D4",38.0581,-121.8193,0.311263768422537,0.0201716853664012,0.0218287209731906
"301",1983-11-01,"D4R","EMP D4",38.0581,-121.8193,0.627835178260824,0.045084739174286,0.0471644303463792
"302",1983-11-01,"D7C","EMP D7",38.1171,-122.0395,1.785,0.100193644063188,0.108885
"303",1983-12-01,"D11","EMP D11",38.0422,121.7995,0.0226531652633188,0.000758867022564916,0.00079286078421616
"304",1983-12-01,"D19C","EMP D19",38.0438,121.6148,3.09673079405626,0.0984027365201482,0.108385577791969
"305",1983-12-01,"D28AL","EMP D28A",37.9701,-121.5741,14.6107633203495,0.451617669879808,0.511376716212232
"306",1983-12-01,"D4C","EMP D4",38.0581,-121.8193,1.59295419376431,0.0527464790648601,0.0557533967817507
"307",1983-12-01,"D4L","EMP D4",38.0581,-121.8193,0.413610925954094,0.0132386517124757,0.0144763824083933
"308",1983-12-01,"D4R","EMP D4",38.0581,-121.8193,0.0665681171572678,0.00225843221105114,0.00232988410050437
"309",1983-12-01,"D7C","EMP D7",38.1171,-122.0395,5.00480241149375,0.158804975528822,0.175168084402281
"310",1984-01-01,"D11","EMP D11",38.0422,121.7995,0.00828564671325643,0.000252104965545024,0.000256855048110949
"311",1984-01-01,"D19C","EMP D19",38.0438,121.6148,5.48744941967741,0.151981687145943,0.17011093201
"312",1984-01-01,"D28AL","EMP D28A",37.9701,-121.5741,44.4398563674412,1.20488004974789,1.37763554739068
"313",1984-01-01,"D4C","EMP D4",38.0581,-121.8193,0.138810909058919,0.00402746852231056,0.00430313818082649
"314",1984-01-01,"D4L","EMP D4",38.0581,-121.8193,0.281791149825063,0.00805491102307181,0.00873552564457697
"315",1984-01-01,"D4R","EMP D4",38.0581,-121.8193,0.129450299514514,0.00383004360001855,0.00401295928494995
"316",1984-01-01,"D7C","EMP D7",38.1171,-122.0395,0,0,0
"317",1984-02-01,"D11","EMP D11",38.0422,121.7995,0.0481377818200045,0.0015832602710134,0.00168482236370016
"318",1984-02-01,"D19C","EMP D19",38.0438,121.6148,7.5208387155277,0.257388218699448,0.29331270990558
"319",1984-02-01,"D28AL","EMP D28A",37.9701,-121.5741,6.55958451536827,0.228559867868899,0.255823796099363
"320",1984-02-01,"D4C","EMP D4",38.0581,-121.8193,2.05267129504252,0.0671012368609538,0.0718434953264883
"321",1984-02-01,"D4L","EMP D4",38.0581,-121.8193,0.308417544103354,0.00939011071937628,0.0107946140436174
"322",1984-02-01,"D4R","EMP D4",38.0581,-121.8193,0.0123573583599754,0.000423060544184778,0.00043250754259914
"323",1984-02-01,"D7C","EMP D7",38.1171,-122.0395,3.8639870480642,0.117576801082994,0.135239546682247
"324",1984-03-01,"D11","EMP D11",38.0422,121.7995,0.0777735763309661,0.00351608300985089,0.00381090524021734
"325",1984-03-01,"D19C","EMP D19",38.0438,121.6148,4.96127601304145,0.217247053940414,0.243102524639031
"326",1984-03-01,"D28AL","EMP D28A",37.9701,-121.5741,42.9472693970722,1.78244609234835,2.10441620045654
"327",1984-03-01,"D4C","EMP D4",38.0581,-121.8193,0.67504479728776,0.0311187848772118,0.0330771950671002
"328",1984-03-01,"D4L","EMP D4",38.0581,-121.8193,1.01821696925792,0.0418291039224498,0.049892631493638
"329",1984-03-01,"D4R","EMP D4",38.0581,-121.8193,6.86943383507384,0.316311673905818,0.336602257918618
"330",1984-03-01,"D7C","EMP D7",38.1171,-122.0395,2.59109220333098,0.112136891419135,0.126963517963218
"331",1984-04-01,"D11","EMP D11",38.0422,121.7995,0.293513107977214,0.0167047449183162,0.01790429958661
"332",1984-04-01,"D19C","EMP D19",38.0438,121.6148,33.2783496762257,1.37963015656641,1.83030923219241
"333",1984-04-01,"D28AL","EMP D28A",37.9701,-121.5741,13.7729401240156,0.651321317557118,0.757511706820859
"334",1984-04-01,"D4C","EMP D4",38.0581,-121.8193,2.89835890968335,0.148887393009757,0.159409740032584
"335",1984-04-01,"D4L","EMP D4",38.0581,-121.8193,0.91595800863787,0.0453068437171743,0.0503776904750829
"336",1984-04-01,"D4R","EMP D4",38.0581,-121.8193,0.13653110385169,0.00710961344193342,0.00750921071184296
"337",1984-04-01,"D7C","EMP D7",38.1171,-122.0395,5.69619284347361,0.270178654286239,0.313290606391048
"338",1984-05-01,"D11","EMP D11",38.0422,121.7995,0.129222009769833,0.0105467076555957,0.0111130928402056
"339",1984-05-01,"D19C","EMP D19",38.0438,121.6148,19.728512505495,1.49120123972403,1.69665207547257
"340",1984-05-01,"D28AL","EMP D28A",37.9701,-121.5741,23.8888682129033,2.0261748808977,2.29333134843872
"341",1984-05-01,"D4C","EMP D4",38.0581,-121.8193,2.19673888330456,0.149997033365302,0.169148894014451
"342",1984-05-01,"D4L","EMP D4",38.0581,-121.8193,98.815174751194,6.36091674265468,7.60876845584194
"343",1984-05-01,"D4R","EMP D4",38.0581,-121.8193,1.18367122179388,0.0863013857944849,0.0911426840781289
"344",1984-05-01,"D7C","EMP D7",38.1171,-122.0395,3.48296808441742,0.234172253732489,0.268188542500141
"345",1984-06-01,"D11","EMP D11",38.0422,121.7995,0.0190806590635496,0.00178856111228355,0.00183174327010077
"346",1984-06-01,"D19C","EMP D19",38.0438,121.6148,9.24905652822943,0.843245932739105,0.989649048520549
"347",1984-06-01,"D28AL","EMP D28A",37.9701,-121.5741,38.8892947739275,3.73081843228888,4.6667153728713
"348",1984-06-01,"D4C","EMP D4",38.0581,-121.8193,13.1295336951915,1.13187306511178,1.26043523473838
"349",1984-06-01,"D4L","EMP D4",38.0581,-121.8193,0.180844764513565,0.0162605489603385,0.0173610973933022
"350",1984-06-01,"D4R","EMP D4",38.0581,-121.8193,0.678088679738745,0.0628044595692381,0.0650965132549195
"351",1984-06-01,"D7C","EMP D7",38.1171,-122.0395,1.42753934141123,0.107944661545435,0.122768383361365
"352",1984-07-01,"D11","EMP D11",38.0422,121.7995,0.0183266458047729,0.00266882190062495,0.00273067022491116
"353",1984-07-01,"D19C","EMP D19",38.0438,121.6148,3.47843722240252,0.536687200737547,0.580899016141221
"354",1984-07-01,"D28AL","EMP D28A",37.9701,-121.5741,34.5201657562695,4.64900888833568,6.42075083066612
"355",1984-07-01,"D4C","EMP D4",38.0581,-121.8193,0.0996570481949379,0.0128966689228052,0.0133540444581217
"356",1984-07-01,"D4L","EMP D4",38.0581,-121.8193,17.8853987062706,2.16749548695136,2.39664342664027
"357",1984-07-01,"D4R","EMP D4",38.0581,-121.8193,0.0521498886085306,0.00671016039945863,0.00698808507354311
"358",1984-07-01,"D7C","EMP D7",38.1171,-122.0395,10.0058651706935,1.00706226850239,1.20070382048322
"359",1984-08-01,"D11","EMP D11",38.0422,121.7995,0.0254775941718153,0.00333667226866515,0.00341399761902325
"360",1984-08-01,"D19C","EMP D19",38.0438,121.6148,12.145362952079,1.75243490208406,2.02827561299718
"361",1984-08-01,"D28AL","EMP D28A",37.9701,-121.5741,33.5230402035293,4.12212279597167,4.99493299032587
"362",1984-08-01,"D4C","EMP D4",38.0581,-121.8193,2.33026561253715,0.295449567943124,0.312255592079978
"363",1984-08-01,"D4L","EMP D4",38.0581,-121.8193,6.09751769826812,0.751856641611156,0.817067371567928
"364",1984-08-01,"D4R","EMP D4",38.0581,-121.8193,0.13612469913082,0.0175251249920092,0.0182407096835299
"365",1984-08-01,"D7C","EMP D7",38.1171,-122.0395,22.6332819995121,2.19054567965012,2.71599383994145
"366",1984-09-01,"D11","EMP D11",38.0422,121.7995,0.117584605866766,0.0147735849926274,0.0157563371861467
"367",1984-09-01,"D19C","EMP D19",38.0438,121.6148,12.0330931197755,1.38612310962065,1.61243447804991
"368",1984-09-01,"D28AL","EMP D28A",37.9701,-121.5741,20.0777931191392,2.74165733633401,3.35299145089625
"369",1984-09-01,"D4C","EMP D4",38.0581,-121.8193,17.0569675200085,1.93836021471794,2.28563364768114
"370",1984-09-01,"D4L","EMP D4",38.0581,-121.8193,12.2695257532551,1.488114576067,1.64411645093618
"371",1984-09-01,"D4R","EMP D4",38.0581,-121.8193,4.88223816599992,0.61230024039628,0.654219914243989
"372",1984-09-01,"D7C","EMP D7",38.1171,-122.0395,16.0571010848366,1.77416085330903,2.15165154536811
"373",1984-10-01,"D11","EMP D11",38.0422,121.7995,0.0723320515759778,0.00670796390534865,0.00694387695129387
"374",1984-10-01,"D19C","EMP D19",38.0438,121.6148,51.2886777539771,3.79052117116127,4.9237130643818
"375",1984-10-01,"D28AL","EMP D28A",37.9701,-121.5741,0.924167263129424,0.0540267471191507,0.0563742030508949
"376",1984-10-01,"D4C","EMP D4",38.0581,-121.8193,1.5583165681611,0.129554148086608,0.134015224861855
"377",1984-10-01,"D4L","EMP D4",38.0581,-121.8193,84.3540365074228,5.69878985492728,7.25444713963836
"378",1984-10-01,"D4R","EMP D4",38.0581,-121.8193,0.0006652712528359,5.63735187208234e-05,5.72133277438874e-05
"379",1984-10-01,"D7C","EMP D7",38.1171,-122.0395,7.55106657461051,0.588250054649883,0.649391725416504
"380",1984-11-01,"D11","EMP D11",38.0422,121.7995,0.00685619971723328,0.000407996539897359,0.00041822818275123
"381",1984-11-01,"D19C","EMP D19",38.0438,121.6148,33.879862960985,1.58542682955122,1.86339246285418
"382",1984-11-01,"D28AL","EMP D28A",37.9701,-121.5741,58.4320242224062,1.4276314306937,2.04512084778422
"383",1984-11-01,"D4C","EMP D4",38.0581,-121.8193,0.186980473382127,0.0108045647761088,0.0114058088763098
"384",1984-11-01,"D4L","EMP D4",38.0581,-121.8193,0.0233748900670058,0.00138742930723876,0.00142586829408736
"385",1984-11-01,"D4R","EMP D4",38.0581,-121.8193,0.700585155076041,0.0413252417254645,0.0427356944596385
"386",1984-11-01,"D7C","EMP D7",38.1171,-122.0395,4.71562045026372,0.233511961208021,0.259359124764504
"387",1984-12-01,"D11","EMP D11",38.0422,121.7995,0.0322952821621585,0.000949611341755568,0.00100115374702691
"388",1984-12-01,"D19C","EMP D19",38.0438,121.6148,3.11515378524979,0.0897798687813251,0.0965697673427436
"389",1984-12-01,"D28AL","EMP D28A",37.9701,-121.5741,23.6617764665653,0.601271274171806,0.733515070463525
"390",1984-12-01,"D4C","EMP D4",38.0581,-121.8193,3.88464274875196,0.113950201112791,0.120423925211311
"391",1984-12-01,"D4L","EMP D4",38.0581,-121.8193,0.250768991107053,0.00677781611177998,0.00777383872431863
"392",1984-12-01,"D4R","EMP D4",38.0581,-121.8193,2.90882758400073,0.0847060522831264,0.0901736551040227
"393",1984-12-01,"D7C","EMP D7",38.1171,-122.0395,8.08499501238473,0.220596282691097,0.250634845383927
"394",1985-01-01,"D11","EMP D11",38.0422,121.7995,0.0200073025506572,0.000597286386013461,0.000620226379070374
"395",1985-01-01,"D19C","EMP D19",38.0438,121.6148,36.2459262038368,0.941521778082664,1.12362371231894
"396",1985-01-01,"D28AL","EMP D28A",37.9701,-121.5741,1.91828069195321,0.0545485499790273,0.0594667014505495
"397",1985-01-01,"D4C","EMP D4",38.0581,-121.8193,0.543762338548344,0.0162590298056272,0.0168566324949987
"398",1985-01-01,"D4L","EMP D4",38.0581,-121.8193,51.6942225874551,1.35135853007857,1.60252090021111
"399",1985-01-01,"D4R","EMP D4",38.0581,-121.8193,5.98014691332086,0.170871607525849,0.185384554312947
"400",1985-01-01,"D7C","EMP D7",38.1171,-122.0395,11.5147253786796,0.307707201427919,0.356956486739067
"401",1985-02-01,"D11","EMP D11",38.0422,121.7995,0.0678921625505382,0.00196098817939473,0.00210465703906668
"402",1985-02-01,"D19C","EMP D19",38.0438,121.6148,19.8977819833384,0.530806964915862,0.61683124148349
"403",1985-02-01,"D28AL","EMP D28A",37.9701,-121.5741,8.27837465113575,0.211291854485322,0.256629614185208
"404",1985-02-01,"D4C","EMP D4",38.0581,-121.8193,101.839442824094,2.13725517532361,3.1570227275469
"405",1985-02-01,"D4L","EMP D4",38.0581,-121.8193,1.97524909417671,0.0530180036679493,0.0612327219194781
"406",1985-02-01,"D4R","EMP D4",38.0581,-121.8193,0.118750636711071,0.00342654289595211,0.00368126973804321
"407",1985-02-01,"D7C","EMP D7",38.1171,-122.0395,12.461884073398,0.330758136600052,0.386318406275339
"408",1985-03-01,"D11","EMP D11",38.0422,121.7995,0.070285478180021,0.00285588918016775,0.00309256103992093
"409",1985-03-01,"D19C","EMP D19",38.0438,121.6148,27.7476850775049,1.02468708657394,1.22089814341022
"410",1985-03-01,"D28AL","EMP D28A",37.9701,-121.5741,32.9151635027573,1.10012737712691,1.44826719412132
"411",1985-03-01,"D4C","EMP D4",38.0581,-121.8193,0,0,0
"412",1985-03-01,"D4L","EMP D4",38.0581,-121.8193,0.228421699823151,0.00784076984108695,0.0089084462931029
"413",1985-03-01,"D4R","EMP D4",38.0581,-121.8193,2.13637234474755,0.0780933141124099,0.0833185214451544
"414",1985-03-01,"D7C","EMP D7",38.1171,-122.0395,7.43620376643784,0.297760653532897,0.327192965723265
"415",1985-04-01,"D11","EMP D11",38.0422,121.7995,0.102123809674892,0.00123411904050662,0.00132760952577359
"416",1985-04-01,"D19C","EMP D19",38.0438,121.6148,39.6341554411768,1.86636866185283,2.17987854926472
"417",1985-04-01,"D28AL","EMP D28A",37.9701,-121.5741,18.0166606423628,1.40712823735069,1.72959942166683
"418",1985-04-01,"D4C","EMP D4",38.0581,-121.8193,3.61646311336931,0.208797799821187,0.220604249915528
"419",1985-04-01,"D4L","EMP D4",38.0581,-121.8193,0.929764307487513,0.0465128384750111,0.0567156227567383
"420",1985-04-01,"D4R","EMP D4",38.0581,-121.8193,0.493698075500463,0.0280021637958709,0.0301155826055282
"421",1985-04-01,"D7C","EMP D7",38.1171,-122.0395,6.81800023856521,0.385985867184296,0.415898014552478
"422",1985-05-01,"D11","EMP D11",38.0422,121.7995,0.028770891458782,0.00239340759704731,0.00247429666545526
"423",1985-05-01,"D19C","EMP D19",38.0438,121.6148,37.1178937301453,2.99445958439671,3.56331779809395
"424",1985-05-01,"D28AL","EMP D28A",37.9701,-121.5741,0.0513078604575552,0.00538225562649328,0.0054899410689584
"425",1985-05-01,"D4C","EMP D4",38.0581,-121.8193,30.2870387393727,2.01966854735225,2.3321019829317
"426",1985-05-01,"D4L","EMP D4",38.0581,-121.8193,0.980116957927348,0.0641597996074934,0.0754690057604058
"427",1985-05-01,"D4R","EMP D4",38.0581,-121.8193,2.90707744375832,0.200290930767191,0.223844963169391
"428",1985-05-01,"D7C","EMP D7",38.1171,-122.0395,7.09091039610971,0.504441350284709,0.546000100500447
"429",1985-06-01,"D11","EMP D11",38.0422,121.7995,0.0898231523247379,0.0114910698689962,0.0120363024115149
"430",1985-06-01,"D19C","EMP D19",38.0438,121.6148,11.5288033178991,1.36868772240278,1.54485964459848
"431",1985-06-01,"D28AL","EMP D28A",37.9701,-121.5741,8.51081426882894,1.23172891098746,1.42130598289443
"432",1985-06-01,"D4C","EMP D4",38.0581,-121.8193,0.0478046357870557,0.00563732050263134,0.00573655629444668
"433",1985-06-01,"D4L","EMP D4",38.0581,-121.8193,1.24160242164439,0.131741067820182,0.148992290597327
"434",1985-06-01,"D4R","EMP D4",38.0581,-121.8193,0.872092583210059,0.0947827822104755,0.104651109985207
"435",1985-06-01,"D7C","EMP D7",38.1171,-122.0395,4.91179976413241,0.471956119607817,0.525562574762168
"436",1985-08-01,"D11","EMP D11",38.0422,121.7995,0.0684523244431109,0.00788320171000965,0.00821427893317331
"437",1985-08-01,"D19C","EMP D19",38.0438,121.6148,42.2434651637789,4.36568171113299,5.06921581965346
"438",1985-08-01,"D28AL","EMP D28A",37.9701,-121.5741,20.3844678816551,2.82886669653463,3.4042061362364
"439",1985-08-01,"D4C","EMP D4",38.0581,-121.8193,24.8310810930548,1.98722474785136,2.38378378493326
"440",1985-08-01,"D4L","EMP D4",38.0581,-121.8193,8.64799117073416,0.767090657042551,0.830207152390479
"441",1985-08-01,"D4R","EMP D4",38.0581,-121.8193,0.298669601618947,0.0271195645224284,0.028672281755419
"442",1985-08-01,"D7C","EMP D7",38.1171,-122.0395,5.94883783781523,0.567204060214017,0.636525648646229
"443",1985-09-01,"D28AL","EMP D28A",37.9701,-121.5741,79.6763392913497,6.06746337064499,8.52536830417442
"444",1985-10-01,"D11","EMP D11",38.0422,121.7995,0.250973549932303,0.0169393451940347,0.0178762078393107
"445",1985-10-01,"D19C","EMP D19",38.0438,121.6148,38.3357816887652,2.77676250900269,3.50355823488775
"446",1985-10-01,"D28AL","EMP D28A",37.9701,-121.5741,6.20217532952346,0.386796337166142,0.427950097737119
"447",1985-10-01,"D4C","EMP D4",38.0581,-121.8193,20.7029815779813,1.56025155017311,1.92816469500888
"448",1985-10-01,"D4L","EMP D4",38.0581,-121.8193,0.622556750059289,0.0418452382118017,0.0435377627419127
"449",1985-10-01,"D4R","EMP D4",38.0581,-121.8193,1.67589399086524,0.14924578693219,0.154875978292561
"450",1985-10-01,"D7C","EMP D7",38.1171,-122.0395,10.0938333201623,0.395145085654316,0.459899230998288
"451",1985-12-01,"D11","EMP D11",38.0422,121.7995,0.129934199186967,0.00478652780982766,0.00506743376829171
"452",1985-12-01,"D28AL","EMP D28A",37.9701,-121.5741,11.6455203632082,0.360706187041507,0.407593212712287
"453",1985-12-01,"D4C","EMP D4",38.0581,-121.8193,3.09998595811199,0.0880166352453461,0.0961482414010108
"454",1985-12-01,"D4L","EMP D4",38.0581,-121.8193,2.46565657191021,0.0732232949628697,0.0772370440697141
"455",1985-12-01,"D4R","EMP D4",38.0581,-121.8193,3.92400181408904,0.119017989750181,0.127894525859316
"456",1985-12-01,"D7C","EMP D7",38.1171,-122.0395,8.00280805118466,0.422107685446723,0.475704529421633
"457",1986-01-01,"D11","EMP D11",38.0422,121.7995,0.109494301223263,0.00317018231191983,0.00339432333792117
"458",1986-01-01,"D19C","EMP D19",38.0438,121.6148,45.8693672014093,1.05515465054201,1.42195038324369
"459",1986-01-01,"D28AL","EMP D28A",37.9701,-121.5741,2.92590594130612,0.0781506162303953,0.0907030841804896
"460",1986-01-01,"D4C","EMP D4",38.0581,-121.8193,0.0236562743208455,0.000718334212012105,0.000733344503946211
"461",1986-01-01,"D4L","EMP D4",38.0581,-121.8193,0.0501590983943727,0.00150409861269301,0.00155493205022555
"462",1986-01-01,"D4R","EMP D4",38.0581,-121.8193,2.25346536137751,0.0664394057771314,0.069857426202703
"463",1986-01-01,"D7C","EMP D7",38.1171,-122.0395,8.55471292187,0.0383843512998674,0.0446614585229832
"464",1986-02-01,"D11","EMP D11",38.0422,121.7995,0.0669665965529309,0.00247192265361001,0.0026116972655643
"465",1986-02-01,"D19C","EMP D19",38.0438,121.6148,65.0439602287387,1.96507970792985,2.53671444892081
"466",1986-02-01,"D28AL","EMP D28A",37.9701,-121.5741,19.8036436364256,0.422584737823986,0.613912952729193
"467",1986-02-01,"D4C","EMP D4",38.0581,-121.8193,0.0928265017781951,0.00318242764177719,0.00324892756223683
"468",1986-02-01,"D4L","EMP D4",38.0581,-121.8193,0.223656038354346,0.00720530618524905,0.00782796134240211
"469",1986-02-01,"D4R","EMP D4",38.0581,-121.8193,3.42741010394439,0.111607003273188,0.119959353638054
"470",1986-02-01,"D7C","EMP D7",38.1171,-122.0395,2.12171323881781,0.0683547412205799,0.0742599633586233
"471",1986-03-01,"D11","EMP D11",38.0422,121.7995,0.123738441676107,0.00521105985560089,0.00544449143374871
"472",1986-03-01,"D19C","EMP D19",38.0438,121.6148,40.7002932524638,2.14762280507769,2.80832023442
"473",1986-03-01,"D28AL","EMP D28A",37.9701,-121.5741,7.39116303033814,0.380013487466353,0.450860944850627
"474",1986-03-01,"D4C","EMP D4",38.0581,-121.8193,4.74600980098313,0.172051018697419,0.185094382238342
"475",1986-03-01,"D4L","EMP D4",38.0581,-121.8193,0.0887746366148959,0.00334678360591861,0.00346221082798094
"476",1986-03-01,"D4R","EMP D4",38.0581,-121.8193,0.0693164378311928,0.00247906557167279,0.00270334107541652
"477",1986-03-01,"D7C","EMP D7",38.1171,-122.0395,4.27042178257593,0.152686522435284,0.166546449520461
"478",1986-04-01,"D11","EMP D11",38.0422,121.7995,0.0297151390982965,0.0017609637156737,0.00181262348499609
"479",1986-04-01,"D19C","EMP D19",38.0438,121.6148,9.76679375336259,0.597651353764687,0.673908768982019
"480",1986-04-01,"D28AL","EMP D28A",37.9701,-121.5741,4.46635959138349,0.0915783526626225,0.0982599110104369
"481",1986-04-01,"D4C","EMP D4",38.0581,-121.8193,20.8415103026898,1.10349548517949,1.27133212846408
"482",1986-04-01,"D4L","EMP D4",38.0581,-121.8193,0.167212098690961,0.00971902419286574,0.0101999380201486
"483",1986-04-01,"D4R","EMP D4",38.0581,-121.8193,0.0957239800154568,0.00545929169414526,0.00583916278094286
"484",1986-04-01,"D7C","EMP D7",38.1171,-122.0395,7.89466755790908,0.427417024029652,0.481574721032454
"485",1986-05-01,"D11","EMP D11",38.0422,121.7995,0.144226600946385,0.0131995054548503,0.013845753690853
"486",1986-05-01,"D19C","EMP D19",38.0438,121.6148,45.5228677582022,2.62084066900983,3.91496662720539
"487",1986-05-01,"D28AL","EMP D28A",37.9701,-121.5741,4.78886745571021,0.416446556829279,0.45973127574818
"488",1986-05-01,"D4C","EMP D4",38.0581,-121.8193,0.217972126147924,0.0181216023025698,0.0187456028487214
"489",1986-05-01,"D4L","EMP D4",38.0581,-121.8193,27.2468285710421,2.09099584899422,2.34322725710962
"490",1986-05-01,"D4R","EMP D4",38.0581,-121.8193,0.13056151823881,0.0107900116815297,0.0112282905685376
"491",1986-05-01,"D7C","EMP D7",38.1171,-122.0395,7.68342485924859,0.528643792794494,0.591623714162142
"492",1986-06-01,"D11","EMP D11",38.0422,121.7995,0.00067634110912725,6.41934445472383e-05,6.4928746476216e-05
"493",1986-06-01,"D19C","EMP D19",38.0438,121.6148,54.5537731444017,4.69736364636995,6.5464527773282
"494",1986-06-01,"D28AL","EMP D28A",37.9701,-121.5741,59.1904861887675,5.73133093801023,7.93152514929485
"495",1986-06-01,"D4C","EMP D4",38.0581,-121.8193,14.3112860887868,1.69619265325075,1.91771233589743
"496",1986-06-01,"D4L","EMP D4",38.0581,-121.8193,1.0430096477981,0.13311559756387,0.139763292804946
"497",1986-06-01,"D4R","EMP D4",38.0581,-121.8193,3.81021990584985,0.48050269080155,0.51056946738388
"498",1986-06-01,"D7C","EMP D7",38.1171,-122.0395,18.2830631722717,1.35625658890059,1.57234343281537
"499",1986-07-01,"D11","EMP D11",38.0422,121.7995,0.0069272202864473,0.000808207217356546,0.000831266434373676
"500",1986-07-01,"D19C","EMP D19",38.0438,121.6148,20.0134741714391,2.40810790252806,2.98200765154442
"501",1986-07-01,"D28AL","EMP D28A",37.9701,-121.5741,26.8195606546267,3.36605978925025,4.47886662932266
"502",1986-07-01,"D4C","EMP D4",38.0581,-121.8193,0.238778103704078,0.0246042799070756,0.0255492570963363
"503",1986-07-01,"D4L","EMP D4",38.0581,-121.8193,19.806850234978,1.88099365187055,2.11933297514265
"504",1986-07-01,"D4R","EMP D4",38.0581,-121.8193,3.17835459901763,0.320516373820841,0.340083942094887
"505",1986-07-01,"D7C","EMP D7",38.1171,-122.0395,9.02539275122065,0.764466415502937,0.866437704117182
"506",1986-08-01,"D11","EMP D11",38.0422,121.7995,0.00477282247284278,0.000494333909106961,0.000510692004594178
"507",1986-08-01,"D19C","EMP D19",38.0438,121.6148,185.272676124259,9.03697247309865,24.8265386006507
"508",1986-08-01,"D28AL","EMP D28A",37.9701,-121.5741,29.0477294131276,2.96381482929093,3.8923957413591
"509",1986-08-01,"D4C","EMP D4",38.0581,-121.8193,83.4144283657128,5.46063870143257,8.00778512310843
"510",1986-08-01,"D4L","EMP D4",38.0581,-121.8193,13.8481873111472,1.22564182414159,1.32942598187013
"511",1986-08-01,"D4R","EMP D4",38.0581,-121.8193,3.37902727551785,0.309539949320892,0.324386618449714
"512",1986-08-01,"D7C","EMP D7",38.1171,-122.0395,7.95284824063609,0.682199649293435,0.763473431101065
"513",1986-09-01,"D11","EMP D11",38.0422,121.7995,0.00302981059719639,0.00031519675509129,0.000324189733900014
"514",1986-09-01,"D19C","EMP D19",38.0438,121.6148,36.1414888480237,3.37934548901987,4.33697866176284
"515",1986-09-01,"D28AL","EMP D28A",37.9701,-121.5741,52.1537301775683,4.32176395163978,6.25844762130819
"516",1986-09-01,"D4C","EMP D4",38.0581,-121.8193,0.406012719756709,0.0336386131959281,0.034917093899077
"517",1986-09-01,"D4L","EMP D4",38.0581,-121.8193,0.144165496670723,0.0112691423308633,0.0123982327136822
"518",1986-09-01,"D4R","EMP D4",38.0581,-121.8193,4.57251030294985,0.367524753729462,0.393235886053687
"519",1986-09-01,"D7C","EMP D7",38.1171,-122.0395,0,0,0
"520",1986-10-01,"D11","EMP D11",38.0422,121.7995,0.0271183017347779,0.00202705211977036,0.0020881092335779
"521",1986-10-01,"D19C","EMP D19",38.0438,121.6148,59.469919792362,2.96812889823778,4.10342446567298
"522",1986-10-01,"D28AL","EMP D28A",37.9701,-121.5741,4.59885106948281,0.326842001253365,0.354111532350176
"523",1986-10-01,"D4C","EMP D4",38.0581,-121.8193,0.00400441176862595,0.000273775207714787,0.00027630441203519
"524",1986-10-01,"D4L","EMP D4",38.0581,-121.8193,0.688836228461069,0.0444841955399305,0.0475296997638137
"525",1986-10-01,"D4R","EMP D4",38.0581,-121.8193,2.24780185274383,0.147067169285978,0.155098327839324
"526",1986-10-01,"D7C","EMP D7",38.1171,-122.0395,3.3331634884092,0.188699611986432,0.203322972792961
"527",1986-11-01,"D11","EMP D11",38.0422,121.7995,0.00993313167707079,0.000474816123266894,0.000486723452176469
"528",1986-11-01,"D19C","EMP D19",38.0438,121.6148,45.2342270115555,1.57782424982357,2.21647712356622
"529",1986-11-01,"D28AL","EMP D28A",37.9701,-121.5741,10.5605100044431,0.63279485278146,0.728675190306577
"530",1986-11-01,"D4C","EMP D4",38.0581,-121.8193,18.1843411233036,0.75847372681633,0.891032715041877
"531",1986-11-01,"D4L","EMP D4",38.0581,-121.8193,0.0686818018855951,0.00321295863990618,0.00336540829239416
"532",1986-11-01,"D4R","EMP D4",38.0581,-121.8193,11.7951854891096,0.521872741129609,0.577964088966372
"533",1986-11-01,"D7C","EMP D7",38.1171,-122.0395,1.43343099173349,0.0662886434888178,0.0702381185949409
"534",1986-12-01,"D11","EMP D11",38.0422,121.7995,0.0204307036217934,0.000964077142711851,0.00100110447746788
"535",1986-12-01,"D19C","EMP D19",38.0438,121.6148,30,0.735418751160344,0.93
"536",1986-12-01,"D7C","EMP D7",38.1171,-122.0395,10.093899312144,0.276765771173326,0.312910878676463
"537",1987-01-01,"D11","EMP D11",38.0422,121.7995,0.00921737747675057,0,0
"538",1987-01-01,"D19C","EMP D19",38.0438,121.6148,42.1614638263238,0.969860003401948,1.30700537861604
"539",1987-01-01,"D28AL","EMP D28A",37.9701,-121.5741,22.2147782221674,0.484762467608168,0.68865812488719
"540",1987-01-01,"D4C","EMP D4",38.0581,-121.8193,0,0,0
"541",1987-01-01,"D4L","EMP D4",38.0581,-121.8193,2.78190074955296,0.0854415045971452,0.0862389232361419
"542",1987-01-01,"D4R","EMP D4",38.0581,-121.8193,3.1395997615008,0.0953476996098862,0.0973275926065247
"543",1987-01-01,"D7C","EMP D7",38.1171,-122.0395,5.23399571984547,0.148151047150046,0.16225386731521
"544",1987-02-01,"D11","EMP D11",38.0422,121.7995,0.0170272985924282,0.000646697101024761,0.000664064645104699
"545",1987-02-01,"D19C","EMP D19",38.0438,121.6148,36.7583275244901,0.937645081149418,1.28654146335716
"546",1987-02-01,"D28AL","EMP D28A",37.9701,-121.5741,2.81926255409304,0.077116426799728,0.0873971391768843
"547",1987-02-01,"D4C","EMP D4",38.0581,-121.8193,155.266738930573,3.28680291815418,6.05540281829236
"548",1987-02-01,"D4L","EMP D4",38.0581,-121.8193,0,0,0
"549",1987-02-01,"D4R","EMP D4",38.0581,-121.8193,0,0,0
"550",1987-03-01,"D11","EMP D11",38.0422,121.7995,0.0433895460883492,0.00205253003786503,0.00212608775832911
"551",1987-03-01,"D19C","EMP D19",38.0438,121.6148,29.1791085655451,1.07170177489567,1.28388077688399
"552",1987-03-01,"D28AL","EMP D28A",37.9701,-121.5741,7.5644174650707,0.321884840451994,0.370656455788464
"553",1987-03-01,"D4C","EMP D4",38.0581,-121.8193,2.39375355989062,0.100260867245858,0.105325156635187
"554",1987-03-01,"D4L","EMP D4",38.0581,-121.8193,1.65221924925843,0.0692398592172151,0.0726976469673707
"555",1987-03-01,"D4R","EMP D4",38.0581,-121.8193,1.78336590425298,0.0758022045588371,0.0784680997871313
"556",1987-04-01,"D11","EMP D11",38.0422,121.7995,0.0969511832206024,0.00796406264147156,0.00833780175697181
"557",1987-04-01,"D19C","EMP D19",38.0438,121.6148,25.0821670078257,1.57775159806854,1.93132685960258
"558",1987-04-01,"D28AL","EMP D28A",37.9701,-121.5741,11.9172491916288,0.975353791415595,1.14405592239637
"559",1987-04-01,"D4C","EMP D4",38.0581,-121.8193,3.44825448315035,0.280133980986649,0.29654988555093
"560",1987-04-01,"D4L","EMP D4",38.0581,-121.8193,0.295270421042025,0.0222694212195834,0.0253932562096141
"561",1987-04-01,"D4R","EMP D4",38.0581,-121.8193,2.34474190299109,0.176806422867941,0.201647803657234
"562",1987-04-01,"D7C","EMP D7",38.1171,-122.0395,0.0731765696427566,0.00483239863258522,0.00504918330535021
"563",1987-05-01,"D11","EMP D11",38.0422,121.7995,0.0429056480868491,0.00440772726191567,0.00459090434529285
"564",1987-05-01,"D19C","EMP D19",38.0438,121.6148,29.6810923800279,2.8667695333478,3.56173108560334
"565",1987-05-01,"D28AL","EMP D28A",37.9701,-121.5741,13.2631743503185,1.34182946765147,1.59158092203822
"566",1987-05-01,"D4C","EMP D4",38.0581,-121.8193,0,0,0
"567",1987-05-01,"D4L","EMP D4",38.0581,-121.8193,0,0,0
"568",1987-05-01,"D4R","EMP D4",38.0581,-121.8193,0,0,0
"569",1987-05-01,"D7C","EMP D7",38.1171,-122.0395,0.179848693431633,0.0681027411560689,0.0719394773726533
"570",1987-06-01,"D11","EMP D11",38.0422,121.7995,0,0,0
"571",1987-06-01,"D28AL","EMP D28A",37.9701,-121.5741,12.5585382674358,1.30858086644889,1.50702459209229
"572",1987-06-01,"D4C","EMP D4",38.0581,-121.8193,0.0857039546136291,0.0330147209682197,0.0335522288400158
"573",1987-06-01,"D4L","EMP D4",38.0581,-121.8193,0.312738702524231,0.0665430036233887,0.0697320939599467
"574",1987-06-01,"D4R","EMP D4",38.0581,-121.8193,0.433750532439457,0.0389719309244718,0.0416400511141878
"575",1987-06-01,"D41AC","EMP D41A",38.0847,-122.3906,0.0160235177791384,0.00633622885852362,0.00640940711165535
"576",1987-06-01,"D7C","EMP D7",38.1171,-122.0395,0.239350820280463,0.0877237263659662,0.0957403281121852
"577",1987-07-01,"D11","EMP D11",38.0422,121.7995,0.0157795965744056,0.00314700342367943,0.00323830202840944
"578",1987-07-01,"D19C","EMP D19",38.0438,121.6148,17.5542004044057,2.04900152222776,2.35226285419036
"579",1987-07-01,"D28AL","EMP D28A",37.9701,-121.5741,0.0420932143848762,0.00605489608786865,0.00627188894334656
"580",1987-07-01,"D4C","EMP D4",38.0581,-121.8193,0.0135166710283121,0.0053521065810083,0.00540666841132486
"581",1987-07-01,"D4L","EMP D4",38.0581,-121.8193,3.15746370124685,0.335302584572584,0.358696946187273
"582",1987-07-01,"D4R","EMP D4",38.0581,-121.8193,2.92785324007019,0.316121138376721,0.33923414759022
"583",1987-07-01,"D41AC","EMP D41A",38.0847,-122.3906,0.167877005645469,0.065596148788523,0.0671508022581876
"584",1987-07-01,"D7C","EMP D7",38.1171,-122.0395,2.79671689239228,0.972657042100555,1.11777699427676
"585",1987-08-01,"D11","EMP D11",38.0422,121.7995,0.0376106391651437,0.00469265335239608,0.00503982564812926
"586",1987-08-01,"D19C","EMP D19",38.0438,121.6148,18.9689600744783,2.40386951007954,2.82637505109727
"587",1987-08-01,"D28AL","EMP D28A",37.9701,-121.5741,46.611830057488,5.77771326554351,6.94516267856572
"588",1987-08-01,"D4C","EMP D4",38.0581,-121.8193,1.74034155899157,0.233920174713305,0.250416647686545
"589",1987-08-01,"D4L","EMP D4",38.0581,-121.8193,0.305004338582543,0.09742728277935,0.107099047212883
"590",1987-08-01,"D4R","EMP D4",38.0581,-121.8193,1.07259943907623,0.167689655350664,0.178968240855604
"591",1987-08-01,"D7C","EMP D7",38.1171,-122.0395,4.0024830493395,1.34764168646626,1.6009932197358
"592",1987-09-01,"D11","EMP D11",38.0422,121.7995,1.17533005886,0.118122612032433,0.127493673303405
"593",1987-09-01,"D19C","EMP D19",38.0438,121.6148,15.4340063495098,2.07813166070894,2.29966694607696
"594",1987-09-01,"D28AL","EMP D28A",37.9701,-121.5741,51.3755940045871,6.1367150116596,7.65496350668347
"595",1987-09-01,"D4C","EMP D4",38.0581,-121.8193,0.122591397751047,0.0468293071255538,0.0489222673376808
"596",1987-09-01,"D4L","EMP D4",38.0581,-121.8193,0.0906038784398137,0.0358865064088103,0.038
"597",1987-09-01,"D4R","EMP D4",38.0581,-121.8193,1.20859381451441,0.194035431616207,0.206291115328413
"598",1987-09-01,"D41AC","EMP D41A",38.0847,-122.3906,0.676719943280919,0.259583038095709,0.270687977312367
"599",1987-09-01,"D7C","EMP D7",38.1171,-122.0395,8.51048523443768,2.91395224098121,3.40419409377507
"600",1987-10-01,"D11","EMP D11",38.0422,121.7995,0.303348607884849,0.0244322499150216,0.0261972091592136
"601",1987-10-01,"D19C","EMP D19",38.0438,121.6148,35.7052465375495,2.93326671061805,3.42770366760475
"602",1987-10-01,"D28AL","EMP D28A",37.9701,-121.5741,28.1612799425922,2.29602181370558,2.70348287448885
"603",1987-10-01,"D4C","EMP D4",38.0581,-121.8193,29.5957414872542,1.76923018430773,2.61636035693669
"604",1987-10-01,"D4L","EMP D4",38.0581,-121.8193,0.071613423017199,0.0416268804426507,0.0440416185254144
"605",1987-10-01,"D4R","EMP D4",38.0581,-121.8193,1.99349556112368,0.237942905133128,0.256478517236156
"606",1987-10-01,"D7C","EMP D7",38.1171,-122.0395,4.63457427783442,1.57905479879133,1.24883994785492
"607",1987-11-01,"D11","EMP D11",38.0422,121.7995,0.093027741826044,0.0140888260010978,0.0145506705692534
"608",1987-11-01,"D19C","EMP D19",38.0438,121.6148,14.8176002161954,0.733019219640254,0.814968011890747
"609",1987-11-01,"D28AL","EMP D28A",37.9701,-121.5741,7.51646469608732,0.532414985757614,0.578767781598724
"610",1987-11-01,"D4C","EMP D4",38.0581,-121.8193,0.716317470606264,0.269177926982317,0.286526988242506
"611",1987-11-01,"D4L","EMP D4",38.0581,-121.8193,4.03923846201816,0.327903220504318,0.35862646684808
"612",1987-11-01,"D4R","EMP D4",38.0581,-121.8193,0.622176299126973,0.201227691952783,0.219184331624727
"613",1987-11-01,"D41AC","EMP D41A",38.0847,-122.3906,2.49351789548026,0.933614006868455,0.997407158192104
"614",1987-11-01,"D7C","EMP D7",38.1171,-122.0395,5.01992545034753,1.16667407149531,1.03430865904295
"615",1987-12-01,"D11","EMP D11",38.0422,121.7995,0.0413784630271353,0.00257490004982737,0.00269570360274843
"616",1987-12-01,"D19C","EMP D19",38.0438,121.6148,16.5070323090269,0.582533357680818,0.64377426005205
"617",1987-12-01,"D28AL","EMP D28A",37.9701,-121.5741,12.1951439892952,0.430593901226205,0.475610615582511
"618",1987-12-01,"D4C","EMP D4",38.0581,-121.8193,2.05276506124011,0.370595905556027,0.39305686123068
"619",1987-12-01,"D4L","EMP D4",38.0581,-121.8193,1.33072469324925,0.26938928841443,0.29444744561094
"620",1987-12-01,"D4R","EMP D4",38.0581,-121.8193,1.24531010585021,0.154164319936339,0.162383048411967
"621",1987-12-01,"D7C","EMP D7",38.1171,-122.0395,4.67063426492169,1.09632713502374,1.24754
"622",1988-01-01,"D11","EMP D11",38.0422,121.7995,0.0306217210832297,0.0010221607495048,0.00107489634072905
"623",1988-01-01,"D19C","EMP D19",38.0438,121.6148,32.0786837818179,0.839173637656671,0.994439197236353
"624",1988-01-01,"D28AL","EMP D28A",37.9701,-121.5741,21.8441758779516,0.514620345055709,0.677169452216499
"625",1988-01-01,"D4C","EMP D4",38.0581,-121.8193,15.5504707260709,1.68745901021611,1.9054106277479
"626",1988-01-01,"D4L","EMP D4",38.0581,-121.8193,2.09967807613169,0.189341402047975,0.201432166585644
"627",1988-01-01,"D4R","EMP D4",38.0581,-121.8193,0.816360879804428,0.205166701275938,0.21824107114102
"628",1988-01-01,"D41AC","EMP D41A",38.0847,-122.3906,1.73021705479226,0.440531810106078,0.46715860479391
"629",1988-01-01,"D7C","EMP D7",38.1171,-122.0395,5.32844291735195,1.25631132831409,1.43867958768503
"630",1988-02-01,"D11","EMP D11",38.0422,121.7995,0.0128398373836072,0.00132916926527323,0.00135232207870828
"631",1988-02-01,"D19C","EMP D19",38.0438,121.6148,22.1857273110396,0.733255658370202,0.865243365130543
"632",1988-02-01,"D28AL","EMP D28A",37.9701,-121.5741,10.9000432251987,0.39386646515482,0.479601901908745
"633",1988-02-01,"D4C","EMP D4",38.0581,-121.8193,3.05834503277122,0.858127775914062,0.91094223564592
"634",1988-02-01,"D4L","EMP D4",38.0581,-121.8193,5.77997854690582,0.733642339700074,0.820039376125822
"635",1988-02-01,"D4R","EMP D4",38.0581,-121.8193,4.58315103117928,0.760502417146315,0.822527176850894
"636",1988-02-01,"D7C","EMP D7",38.1171,-122.0395,2.25454728207595,0.551101080372167,0.608727766160508
"637",1988-03-01,"D4C","EMP D4",38.0581,-121.8193,37.8203610066987,1.60197594732429,2.08011985536843
"638",1988-03-01,"D4R","EMP D4",38.0581,-121.8193,4.18049343909553,0.218201057932234,0.229927139150254
"639",1988-03-01,"D41AC","EMP D41A",38.0847,-122.3906,1.92846824811186,0.731682446063509,0.771387299244743
"640",1988-04-01,"D11","EMP D11",38.0422,121.7995,0,0,0
"641",1988-04-01,"D19C","EMP D19",38.0438,121.6148,15.3983481124442,1.19493636951257,1.3242579376702
"642",1988-04-01,"D28AL","EMP D28A",37.9701,-121.5741,61.5475640068672,3.0100007699002,4.23699285087202
"643",1988-04-01,"D4C","EMP D4",38.0581,-121.8193,0.523757482480944,0.20317445441369,0.209502992992378
"644",1988-04-01,"D4L","EMP D4",38.0581,-121.8193,0.365174714220803,0.0585248598465069,0.0603285562372256
"645",1988-04-01,"D4R","EMP D4",38.0581,-121.8193,2.51676919725136,0.692422885518048,0.741217743523722
"646",1988-04-01,"D7C","EMP D7",38.1171,-122.0395,2.34901799609504,0.83175475265338,0.939607198438017
"647",1988-05-01,"D11","EMP D11",38.0422,121.7995,0.0728218971533903,0.00660499293128856,0.00699090212672547
"648",1988-05-01,"D19C","EMP D19",38.0438,121.6148,18.9881757988224,1.71935573202718,2.031734810474
"649",1988-05-01,"D28AL","EMP D28A",37.9701,-121.5741,55.0278140445295,4.72430256763966,5.88797610276466
"650",1988-05-01,"D4C","EMP D4",38.0581,-121.8193,25.9748075996298,2.02371795141089,2.48717222320861
"651",1988-05-01,"D4L","EMP D4",38.0581,-121.8193,0.452193498501203,0.0529705515632432,0.0546817960289298
"652",1988-05-01,"D4R","EMP D4",38.0581,-121.8193,1.58136252324307,0.27162575805861,0.289108747747271
"653",1988-05-01,"D41AC","EMP D41A",38.0847,-122.3906,11.4553902627036,3.84157477270382,4.58215610508146
"654",1988-05-01,"D7C","EMP D7",38.1171,-122.0395,4.88493451982455,1.64229381966339,1.95397380792982
"655",1988-06-01,"D11","EMP D11",38.0422,121.7995,0.0518431630908919,0.00428536210784129,0.0044585120258167
"656",1988-06-01,"D19C","EMP D19",38.0438,121.6148,32.3633735544399,3.75151045783651,4.33669205629494
"657",1988-06-01,"D28AL","EMP D28A",37.9701,-121.5741,102.404808469017,11.3137559792048,15.2583164618835
"658",1988-06-01,"D4C","EMP D4",38.0581,-121.8193,0,0,0
"659",1988-06-01,"D4L","EMP D4",38.0581,-121.8193,2.23521499770838,0.247244580901755,0.258436776506612
"660",1988-06-01,"D4R","EMP D4",38.0581,-121.8193,3.33688550908488,0.399228457580032,0.427044817263223
"661",1988-06-01,"D7C","EMP D7",38.1171,-122.0395,3.09939060057935,1.0889261203561,1.23975624023174
"662",1988-06-01,"USGS 8.1","EMP USGS 8.1",38.0316,122.1403,87.8746312626501,23.2156760794348,35.14985250506
"663",1988-07-01,"D11","EMP D11",38.0422,121.7995,0.00792524081966316,0.00093457719791007,0.000951028898359579
"664",1988-07-01,"D19C","EMP D19",38.0438,121.6148,41.5735050040567,4.94700644527241,6.19445224560445
"665",1988-07-01,"D28AL","EMP D28A",37.9701,-121.5741,0.0214273928760772,0.00312733287676989,0.0031926815385355
"666",1988-07-01,"D4C","EMP D4",38.0581,-121.8193,0.0998891698879809,0.0393105226022902,0.0399556679551923
"667",1988-07-01,"D4L","EMP D4",38.0581,-121.8193,0.19749384710985,0.0345372413820103,0.0358896662651509
"668",1988-07-01,"D4R","EMP D4",38.0581,-121.8193,0.0979306863828743,0.0301363543139607,0.0307408275247905
"669",1988-07-01,"D41AC","EMP D41A",38.0847,-122.3906,11.4532490805825,3.82792742118744,4.581299632233
"670",1988-07-01,"D7C","EMP D7",38.1171,-122.0395,4.53684939225488,1.56561094264528,1.81473975690195
"671",1988-07-01,"USGS 8.1","EMP USGS 8.1",38.0316,122.1403,90.4819857819262,21.9530200724595,36.1927943127705
"672",1988-08-01,"D11","EMP D11",38.0422,121.7995,0.02891299714115,0.00301086138375659,0.00317684702410681
"673",1988-08-01,"D19C","EMP D19",38.0438,121.6148,27.2966183677955,2.68803477339262,3.27559420413546
"674",1988-08-01,"D28AL","EMP D28A",37.9701,-121.5741,33.1902065146847,4.2435733913734,4.94534077068802
"675",1988-08-01,"D4C","EMP D4",38.0581,-121.8193,0.0470409135280732,0.0178824089643407,0.0182293108731987
"676",1988-08-01,"D4L","EMP D4",38.0581,-121.8193,7.49814746151807,0.751737457868515,0.815650295941074
"677",1988-08-01,"D4R","EMP D4",38.0581,-121.8193,1.83362165323363,0.189182727506599,0.203684669318337
"678",1988-08-01,"D7C","EMP D7",38.1171,-122.0395,4.97592548508011,1.69322323417702,1.99037019403204
"679",1988-08-01,"USGS 8.1","EMP USGS 8.1",38.0316,122.1403,117.876853868712,28.5910852463293,47.1507415474849
"680",1988-09-01,"D11","EMP D11",38.0422,121.7995,0.0549769123463558,0.00460436083833144,0.0047280144617866
"681",1988-09-01,"D19C","EMP D19",38.0438,121.6148,38.0536962933389,2.93614114268347,3.65315484416053
"682",1988-09-01,"D28AL","EMP D28A",37.9701,-121.5741,3.77118815009001e-05,3.60025507349164e-06,3.62034062408641e-06
"683",1988-09-01,"D4C","EMP D4",38.0581,-121.8193,12.1156532850522,2.01807643632826,2.1854453205318
"684",1988-09-01,"D4L","EMP D4",38.0581,-121.8193,1.56952064587123,0.172245005392199,0.185121239375252
"685",1988-09-01,"D4R","EMP D4",38.0581,-121.8193,3.35977984980379,0.500448627937492,0.54992252695156
"686",1988-09-01,"D41AC","EMP D41A",38.0847,-122.3906,22.6191330241535,7.2562476457444,9.04765320966139
"687",1988-09-01,"D7C","EMP D7",38.1171,-122.0395,6.95932088421096,2.3134206390416,2.78372835368438
"688",1988-09-01,"USGS 8.1","EMP USGS 8.1",38.0316,122.1403,58.3093201022445,16.5595951246964,23.3237280408978
"689",1988-10-01,"D11","EMP D11",38.0422,121.7995,0.0173551301853871,0.00170106276006887,0.00173220444615065
"690",1988-10-01,"D19C","EMP D19",38.0438,121.6148,20.381310903758,1.76621824471518,1.95660584676077
"691",1988-10-01,"D28AL","EMP D28A",37.9701,-121.5741,5.90265461764415,0.516947229295164,0.566654843293838
"692",1988-10-01,"D4C","EMP D4",38.0581,-121.8193,0,0,0
"693",1988-10-01,"D4L","EMP D4",38.0581,-121.8193,8.44130611929006,0.628122496260001,0.732360431873955
"694",1988-10-01,"D4R","EMP D4",38.0581,-121.8193,1.23671668577023,0.424182936625638,0.461882736894806
"695",1988-10-01,"D7C","EMP D7",38.1171,-122.0395,6.58777565432358,2.21144690050962,2.63511026172943
"696",1988-10-01,"USGS 8.1","EMP USGS 8.1",38.0316,122.1403,46.0069611420625,13.3114686323073,18.402784456825
"697",1988-11-01,"D11","EMP D11",38.0422,121.7995,0.0225460012812043,0.00150906224003608,0.0015556740884031
"698",1988-11-01,"D19C","EMP D19",38.0438,121.6148,36.5513793141527,2.1467823938436,2.52204517267653
"699",1988-11-01,"D28AL","EMP D28A",37.9701,-121.5741,7.84916846321378,0.503427286905118,0.541592623961751
"700",1988-11-01,"D4C","EMP D4",38.0581,-121.8193,2.18480301088953,0.592681766733825,0.616294643019651
"701",1988-11-01,"D4L","EMP D4",38.0581,-121.8193,2.75144818949621,0.371689618058891,0.399194743784405
"702",1988-11-01,"D4R","EMP D4",38.0581,-121.8193,2.29524310159263,0.538624571294941,0.585395030659638
"703",1988-11-01,"D41AC","EMP D41A",38.0847,-122.3906,13.6355503789824,4.70610471389376,5.45422015159298
"704",1988-11-01,"D7C","EMP D7",38.1171,-122.0395,5.04979706028937,1.17767913576737,1.36344520627813
"705",1988-11-01,"USGS 8.1","EMP USGS 8.1",38.0316,122.1403,54.2156776698288,14.4739451596146,21.6862710679315
"706",1988-12-01,"D11","EMP D11",38.0422,121.7995,1.18331608378821,0.0440371446020795,0.0461493272677404
"707",1988-12-01,"D19C","EMP D19",38.0438,121.6148,25.0742387564166,0.775036541272591,0.877598356474581
"708",1988-12-01,"D28AL","EMP D28A",37.9701,-121.5741,2.53468146087289,0.0842933368687552,0.0887138511305513
"709",1988-12-01,"D4C","EMP D4",38.0581,-121.8193,0.58664785337042,0.226621605701216,0.234659141348168
"710",1988-12-01,"D4L","EMP D4",38.0581,-121.8193,0.0502776204469215,0.011794488236833,0.012
"711",1988-12-01,"D4R","EMP D4",38.0581,-121.8193,11.177906860751,2.5955593843639,3.03144052513013
"712",1988-12-01,"D7C","EMP D7",38.1171,-122.0395,5.75582281677032,1.36015970184808,1.55407216052799
"713",1989-01-01,"D11","EMP D11",38.0422,121.7995,0.00837290561329578,0.000254468791416383,0.000259560074012169
"714",1989-01-01,"D19C","EMP D19",38.0438,121.6148,51.6221404718771,1.34656651707241,1.60028635462819
"715",1989-01-01,"D28AL","EMP D28A",37.9701,-121.5741,1.3815651619349,0.0403591893377529,0.0428285200199819
"716",1989-01-01,"D4C","EMP D4",38.0581,-121.8193,5.58888658691964,0.306101743838346,0.331222761505932
"717",1989-01-01,"D4L","EMP D4",38.0581,-121.8193,0.171925991248639,0.0230296404152015,0.0235038711352329
"718",1989-01-01,"D4R","EMP D4",38.0581,-121.8193,7.04013065477602,0.320907442193444,0.358896447578538
"719",1989-01-01,"D41AC","EMP D41A",38.0847,-122.3906,0.687805818073612,0.178409066455974,0.185707570879875
"720",1989-01-01,"D7C","EMP D7",38.1171,-122.0395,1.49416000108561,0.37336809064524,0.403423200293115
"721",1989-01-01,"USGS 8.1","EMP USGS 8.1",38.0316,122.1403,99.222473523722,20.8479162213601,31.1839556648895
"722",1989-02-01,"D11","EMP D11",38.0422,121.7995,0.015964848683628,0.000477484475740773,0.000494910309192469
"723",1989-02-01,"D19C","EMP D19",38.0438,121.6148,26.188496978932,0.711179374314068,0.811843406346891
"724",1989-02-01,"D28AL","EMP D28A",37.9701,-121.5741,0.889516626747099,0.0260190366931377,0.0275750154291601
"725",1989-02-01,"D4C","EMP D4",38.0581,-121.8193,2.07105909519596,0.219549956288662,0.229483629482391
"726",1989-02-01,"D4L","EMP D4",38.0581,-121.8193,0.0793383099472279,0.0220235928964003,0.02295
"727",1989-02-01,"D4R","EMP D4",38.0581,-121.8193,5.54603116529961,0.888592517625449,0.980496028311872
"728",1989-02-01,"D7C","EMP D7",38.1171,-122.0395,2.94374564306723,0.719568587952353,0.794811323628152
"729",1989-02-01,"USGS 8.1","EMP USGS 8.1",38.0316,122.1403,45.6845604378634,9.21524867319496,12.3348313182231
"730",1989-03-01,"D11","EMP D11",38.0422,121.7995,0,0,0
"731",1989-03-01,"D4C","EMP D4",38.0581,-121.8193,0,0,0
"732",1989-03-01,"D41AC","EMP D41A",38.0847,-122.3906,1.41683677191272,0.544956457328111,0.566734708765088
"733",1989-03-01,"USGS 8.1","EMP USGS 8.1",38.0316,122.1403,36.6220791393054,11.0045352116044,14.6488316557221
"734",1989-04-01,"USGS 8.1","EMP USGS 8.1",38.0316,122.1403,48.8844235643142,13.832259417725,19.5537694257257
"735",1989-05-01,"D11","EMP D11",38.0422,121.7995,0.0326783929467481,0.00574939884441926,0.00582784706584569
"736",1989-05-01,"D19C","EMP D19",38.0438,121.6148,20.7948623455192,1.59956927876936,1.78835816171465
"737",1989-05-01,"D28AL","EMP D28A",37.9701,-121.5741,54.7173765862395,4.12574229949895,5.25286815227899
"738",1989-05-01,"D4C","EMP D4",38.0581,-121.8193,0.24036575171122,0.0177967557095602,0.018508162881764
"739",1989-05-01,"D4L","EMP D4",38.0581,-121.8193,0.181668831467691,0.0259686021278015,0.0264629382179679
"740",1989-05-01,"D4R","EMP D4",38.0581,-121.8193,0.420782270687963,0.16386415134654,0.168312908275185
"741",1989-05-01,"D7C","EMP D7",38.1171,-122.0395,0.565499541164909,0.214259674512163,0.226199816465964
"742",1989-05-01,"USGS 8.1","EMP USGS 8.1",38.0316,122.1403,46.0598324517417,13.8258727489364,18.4239329806967
"743",1989-06-01,"D11","EMP D11",38.0422,121.7995,0,0,0
"744",1989-06-01,"D4C","EMP D4",38.0581,-121.8193,68.0950444298001,4.60337080152422,6.9610518827654
"745",1989-06-01,"D4L","EMP D4",38.0581,-121.8193,0,0,0
"746",1989-06-01,"D4R","EMP D4",38.0581,-121.8193,1.96056137266495,0.18292757397726,0.192831422467554
"747",1989-06-01,"D7C","EMP D7",38.1171,-122.0395,0.832622938329239,0.30868255837567,0.333049175331695
"748",1989-06-01,"USGS 8.1","EMP USGS 8.1",38.0316,122.1403,41.8443208241385,13.7316840139644,16.7377283296554
"749",1989-07-01,"D11","EMP D11",38.0422,121.7995,0,0,0
"750",1989-07-01,"D28AL","EMP D28A",37.9701,-121.5741,8.95739305359058,1.33505373487399,1.49588463994963
"751",1989-07-01,"D4C","EMP D4",38.0581,-121.8193,28.5607663672159,2.58777089528039,3.23706064742066
"752",1989-07-01,"D4L","EMP D4",38.0581,-121.8193,1.28638533193979,0.061408768185756,0.0638768873188522
"753",1989-07-01,"D4R","EMP D4",38.0581,-121.8193,2.09240885041836,0.515634541776408,0.535042591485657
"754",1989-07-01,"D41AC","EMP D41A",38.0847,-122.3906,21.8208714824246,6.525837378819,8.72834859296983
"755",1989-07-01,"D7C","EMP D7",38.1171,-122.0395,2.42606317916786,0.870992495988124,0.970425271667145
"756",1989-07-01,"USGS 8.1","EMP USGS 8.1",38.0316,122.1403,20.7427968346607,6.92122366774758,8.2971187338643
"757",1989-08-01,"D11","EMP D11",38.0422,121.7995,0,0,0
"758",1989-08-01,"D19C","EMP D19",38.0438,121.6148,25.3968483745742,2.59225203311789,3.04762180494891
"759",1989-08-01,"D28AL","EMP D28A",37.9701,-121.5741,42.0094467751657,5.10636352997103,6.25940756949969
"760",1989-08-01,"D4C","EMP D4",38.0581,-121.8193,1.29764818036786,0.50441825787758,0.519059272147143
"761",1989-08-01,"D4L","EMP D4",38.0581,-121.8193,2.79833476915536,0.32618606719244,0.339384066683299
"762",1989-08-01,"D4R","EMP D4",38.0581,-121.8193,5.1483387935322,0.660030998220345,0.706680035288806
"763",1989-08-01,"D7C","EMP D7",38.1171,-122.0395,2.62490051553789,0.933773478978692,1.04996020621516
"764",1989-08-01,"USGS 8.1","EMP USGS 8.1",38.0316,122.1403,44.3430382698877,13.9363966730327,17.7372153079551
"765",1989-09-01,"D11","EMP D11",38.0422,121.7995,0,0,0
"766",1989-09-01,"D19C","EMP D19",38.0438,121.6148,6.19953644712852,0.61724516096291,0.663350399842752
"767",1989-09-01,"D28AL","EMP D28A",37.9701,-121.5741,35.2829019658872,3.72418948396847,4.23394823590646
"768",1989-09-01,"D4C","EMP D4",38.0581,-121.8193,0.00836971325190235,0.00329405003669378,0.00332246180341687
"769",1989-09-01,"D4L","EMP D4",38.0581,-121.8193,0.0319084758844689,0.0832958462066891,0.0854764791139748
"770",1989-09-01,"D4R","EMP D4",38.0581,-121.8193,1.49242833993392,0.192745172600191,0.200984729742237
"771",1989-09-01,"D41AC","EMP D41A",38.0847,-122.3906,37.9734777636783,10.6728787991767,15.1893911054713
"772",1989-09-01,"D7C","EMP D7",38.1171,-122.0395,3.28389536307327,1.14978500522455,1.31355814522931
"773",1989-09-01,"USGS 8.1","EMP USGS 8.1",38.0316,122.1403,47.61252347363,14.8806709943304,19.045009389452
"774",1989-10-01,"D11","EMP D11",38.0422,121.7995,0.00753972760309881,0.000589671320533167,0.000648416573866498
"775",1989-10-01,"D19C","EMP D19",38.0438,121.6148,39.826892553812,3.3345583369114,3.82338168516596
"776",1989-10-01,"D28AL","EMP D28A",37.9701,-121.5741,16.1806599699538,1.34779429570868,1.55334335711556
"777",1989-10-01,"D4C","EMP D4",38.0581,-121.8193,0,0,0
"778",1989-10-01,"D4L","EMP D4",38.0581,-121.8193,0.679793930591367,0.00120730623980672,0.00122189238017677
"779",1989-10-01,"D4R","EMP D4",38.0581,-121.8193,0.0649116732990002,0.00945430184466592,0.00963084310551279
"780",1989-10-01,"D7C","EMP D7",38.1171,-122.0395,5.29178075265339,1.81991005721454,2.11671230106136
"781",1989-10-01,"USGS 8.1","EMP USGS 8.1",38.0316,122.1403,52.9940022109059,16.1296559327013,21.1976008843624
"782",1989-11-01,"D11","EMP D11",38.0422,121.7995,0.610179914482323,0.0400998566878992,0.0421024140992803
"783",1989-11-01,"D19C","EMP D19",38.0438,121.6148,47.0814444891419,2.16098109821538,2.87196811383766
"784",1989-11-01,"D28AL","EMP D28A",37.9701,-121.5741,21.8039387209626,1.02915773248421,1.19921662965295
"785",1989-11-01,"D4C","EMP D4",38.0581,-121.8193,0,0,0
"786",1989-11-01,"D4L","EMP D4",38.0581,-121.8193,0,0,0
"787",1989-11-01,"D4R","EMP D4",38.0581,-121.8193,0,0,0
"788",1989-11-01,"D41AC","EMP D41A",38.0847,-122.3906,27.3977044781142,8.58813075020304,10.9590817912457
"789",1989-11-01,"D7C","EMP D7",38.1171,-122.0395,3.8548383991144,0.929458139541558,1.04080636776089
"790",1989-12-01,"D11","EMP D11",38.0422,121.7995,0.473131015717627,0.0186872467443178,0.0208177646915756
"791",1989-12-01,"D19C","EMP D19",38.0438,121.6148,10.1963479145718,0.404120474545044,0.448639308241158
"792",1989-12-01,"D28AL","EMP D28A",37.9701,-121.5741,16.2581540021167,0.556286700022505,0.634068006082553
"793",1989-12-01,"D4C","EMP D4",38.0581,-121.8193,0,0,0
"794",1989-12-01,"D4L","EMP D4",38.0581,-121.8193,0,0,0
"795",1989-12-01,"D4R","EMP D4",38.0581,-121.8193,0,0,0
"796",1989-12-01,"D7C","EMP D7",38.1171,-122.0395,3.42633421059918,0.824662230836723,0.925110236861778
"797",1989-12-01,"USGS 8.1","EMP USGS 8.1",38.0316,122.1403,24.9479439492886,8.13475486346,9.97917757971545
"798",1990-01-01,"D11","EMP D11",38.0422,121.7995,0.636291809482719,0.017823752185408,0.0197250460939643
"799",1990-01-01,"D19C","EMP D19",38.0438,121.6148,16.7595329114115,0.46974234628648,0.519545520253755
"800",1990-01-01,"D28AL","EMP D28A",37.9701,-121.5741,6.53914378148773,0.176145656433649,0.20271345722612
"801",1990-01-01,"D4C","EMP D4",38.0581,-121.8193,0.0420567456809949,0.0124098513508636,0.0125579153650098
"802",1990-01-01,"D4L","EMP D4",38.0581,-121.8193,1.97451181152781,0.0585794082124281,0.061209866157362
"803",1990-01-01,"D4R","EMP D4",38.0581,-121.8193,4.62358075534609,0.593683491995518,0.616872712309056
"804",1990-01-01,"D41AC","EMP D41A",38.0847,-122.3906,11.9588658249841,2.75168258571745,3.22889377274569
"805",1990-01-01,"D7C","EMP D7",38.1171,-122.0395,5.2519519581806,0.95,1.41802702870876
"806",1990-01-01,"USGS 8.1","EMP USGS 8.1",38.0316,122.1403,6.79401933880694,1.49926491361496,1.83438522147787
"807",1990-02-01,"D11","EMP D11",38.0422,121.7995,0.0956811770303218,0.0027801005415005,0.00296611648793998
"808",1990-02-01,"D19C","EMP D19",38.0438,121.6148,26.6508153456638,0.732631691854334,0.826175275715576
"809",1990-02-01,"D28AL","EMP D28A",37.9701,-121.5741,20.6437110995651,0.500060886086788,0.639955044086519
"810",1990-02-01,"D4C","EMP D4",38.0581,-121.8193,1.76656631740868,0.0836403513362077,0.0882679297692573
"811",1990-02-01,"D4L","EMP D4",38.0581,-121.8193,0.230672720173884,0.00262176922555941,0.00282524577191085
"812",1990-02-01,"D4R","EMP D4",38.0581,-121.8193,1.52078194037426,0.276601837445358,0.283693529625957
"813",1990-02-01,"D7C","EMP D7",38.1171,-122.0395,1.82102784413338,0.455693782641943,0.491677517916014
"814",1990-02-01,"USGS 8.1","EMP USGS 8.1",38.0316,122.1403,3.92388010241193,0.983822101899035,1.05944762765122
"815",1990-03-01,"D11","EMP D11",38.0422,121.7995,1.07711044786947,0.0552531777483058,0.0592410746328211
"816",1990-03-01,"D19C","EMP D19",38.0438,121.6148,28.9337391965839,1.51627367966154,1.76495809099162
"817",1990-03-01,"D28AL","EMP D28A",37.9701,-121.5741,32.3157506543708,1.64443401417865,1.97126078991662
"818",1990-03-01,"D4C","EMP D4",38.0581,-121.8193,0.0214347807393617,0.0083263608586197,0.00840420916374747
"819",1990-03-01,"D4L","EMP D4",38.0581,-121.8193,1.07278563516888,0.0581946851649312,0.0601232099342885
"820",1990-03-01,"D4R","EMP D4",38.0581,-121.8193,0.976063757565675,0.151148932020661,0.154834525630631
"821",1990-03-01,"D41AC","EMP D41A",38.0847,-122.3906,10.106479164565,3.57952024580345,4.04259166582601
"822",1990-03-01,"D7C","EMP D7",38.1171,-122.0395,1.28267365844105,0.475703958874281,0.513069463376418
"823",1990-04-01,"D11","EMP D11",38.0422,121.7995,3.49689108941004,0.222028318424683,0.241285485169293
"824",1990-04-01,"D19C","EMP D19",38.0438,121.6148,67.2914805409641,3.67284809459637,5.18144400165424
"825",1990-04-01,"D28AL","EMP D28A",37.9701,-121.5741,12.0552043477167,0.86185925899535,1.03674757390364
"826",1990-04-01,"D4C","EMP D4",38.0581,-121.8193,0,0,0
"827",1990-04-01,"D4L","EMP D4",38.0581,-121.8193,2.5188879845705,0.0933209755970965,0.102444976164497
"828",1990-04-01,"D4R","EMP D4",38.0581,-121.8193,5.04877933665513,0.391124061446452,0.413679074867539
"829",1990-04-01,"D7C","EMP D7",38.1171,-122.0395,2.89615244969745,1.05690651878087,1.15846097987898
"830",1990-04-01,"USGS 8.1","EMP USGS 8.1",38.0316,122.1403,15.597025670409,5.28887144420566,6.23881026816361
"831",1990-05-01,"D11","EMP D11",38.0422,121.7995,0.812948807803358,0.0637750203773992,0.0699135974710888
"832",1990-05-01,"D19C","EMP D19",38.0438,121.6148,10.5040666747618,0.940296043641387,1.00839040077713
"833",1990-05-01,"D28AL","EMP D28A",37.9701,-121.5741,35.6786934905725,2.71641493943695,3.42515457509496
"834",1990-05-01,"D4C","EMP D4",38.0581,-121.8193,2.69581557979473,0.228755665945776,0.238450522340372
"835",1990-05-01,"D4L","EMP D4",38.0581,-121.8193,3.70918305375588,0.296372042660696,0.318989742623006
"836",1990-05-01,"D4R","EMP D4",38.0581,-121.8193,9.89373865818113,0.894077612772383,0.959708007523672
"837",1990-05-01,"D41AC","EMP D41A",38.0847,-122.3906,4.26586682949014,1.56883073939391,1.70634673179606
"838",1990-05-01,"D7C","EMP D7",38.1171,-122.0395,2.37031397839062,0.867208769419604,0.948125591356248
"839",1990-05-01,"USGS 8.1","EMP USGS 8.1",38.0316,122.1403,2.87696181069994,1.0780125582744,1.15078472427998
"840",1990-06-01,"D11","EMP D11",38.0422,121.7995,2.23465791058897,0.24836898232673,0.268158949270676
"841",1990-06-01,"D19C","EMP D19",38.0438,121.6148,14.1628160528387,1.88083720018218,2.11025959187297
"842",1990-06-01,"D28AL","EMP D28A",37.9701,-121.5741,27.3603768768986,3.49498475355808,4.07669615465789
"843",1990-06-01,"D4C","EMP D4",38.0581,-121.8193,6.0232194600434,0.876764707697628,0.928881492398076
"844",1990-06-01,"D4L","EMP D4",38.0581,-121.8193,15.569143442648,1.43083945000345,1.66558235086218
"845",1990-06-01,"D4R","EMP D4",38.0581,-121.8193,1.13915398768794,0.373761333359348,0.392729336517253
"846",1990-06-01,"D7C","EMP D7",38.1171,-122.0395,2.6773833080015,0.97231351052518,1.0709533232006
"847",1990-06-01,"USGS 8.1","EMP USGS 8.1",38.0316,122.1403,9.28158430052626,3.2610740919153,3.7126337202105
"848",1990-07-01,"D11","EMP D11",38.0422,121.7995,1.57204000097407,0.19402856545248,0.210653360130526
"849",1990-07-01,"D19C","EMP D19",38.0438,121.6148,19.657119496804,2.54133721148486,2.92891080502379
"850",1990-07-01,"D28AL","EMP D28A",37.9701,-121.5741,8.04188611841367,1.35396402340627,1.50383270414336
"851",1990-07-01,"D4C","EMP D4",38.0581,-121.8193,31.328663834664,3.30076940992816,3.98504429184714
"852",1990-07-01,"D4L","EMP D4",38.0581,-121.8193,1.08015018153836,0.127118362954634,0.131454039197364
"853",1990-07-01,"D4R","EMP D4",38.0581,-121.8193,4.94882717824763,0.581977123658267,0.627377661167168
"854",1990-07-01,"D7C","EMP D7",38.1171,-122.0395,0,0,0
"855",1990-08-01,"D11","EMP D11",38.0422,121.7995,0.0614306543707443,0.00783537083517316,0.00823170768567974
"856",1990-08-01,"D19C","EMP D19",38.0438,121.6148,23.9953023961133,2.71440010940633,3.21537052107918
"857",1990-08-01,"D28AL","EMP D28A",37.9701,-121.5741,19.5643383040352,2.91870361929798,3.26724449677388
"858",1990-08-01,"D4C","EMP D4",38.0581,-121.8193,1.17929748887715,0.148919968676234,0.153502607685727
"859",1990-08-01,"D4L","EMP D4",38.0581,-121.8193,0.0988007084470665,0.00730812559729514,0.00760070846950846
"860",1990-08-01,"D4R","EMP D4",38.0581,-121.8193,2.59120061227839,0.311281747031001,0.332210334397434
"861",1990-08-01,"D41AC","EMP D41A",38.0847,-122.3906,6.49583569060009,2.35484076806514,2.59833427624004
"862",1990-08-01,"D7C","EMP D7",38.1171,-122.0395,2.09800251538691,0.767500175082652,0.839201006154762
"863",1990-08-01,"USGS 8.1","EMP USGS 8.1",38.0316,122.1403,10.2722789721744,3.56338328093462,4.10891158886976
"864",1990-09-01,"D11","EMP D11",38.0422,121.7995,0.475922511997072,0.0537156155406331,0.0571107014396486
"865",1990-09-01,"D19C","EMP D19",38.0438,121.6148,43.9385778451795,4.32057292497947,5.27262934142154
"866",1990-09-01,"D28AL","EMP D28A",37.9701,-121.5741,2.82254706562062,0.362471942685221,0.378221306793164
"867",1990-09-01,"D4C","EMP D4",38.0581,-121.8193,4.58231783513239,0.476512385255912,0.522913382790093
"868",1990-09-01,"D4L","EMP D4",38.0581,-121.8193,1.07566927916236,0.0345155490278376,0.0358685256613747
"869",1990-09-01,"D4R","EMP D4",38.0581,-121.8193,3.64969521881526,0.504676130919826,0.540349287057609
"870",1990-09-01,"D7C","EMP D7",38.1171,-122.0395,2.25870503091463,0.823691626709715,0.903482012365854
"871",1990-09-01,"USGS 8.1","EMP USGS 8.1",38.0316,122.1403,11.5373972403449,3.991022734125,4.61495889613795
"872",1990-10-01,"D11","EMP D11",38.0422,121.7995,0.718031366726908,0.055816844270888,0.0617506975385141
"873",1990-10-01,"D19C","EMP D19",38.0438,121.6148,8.73287235109008,0.698103111910419,0.751027022193747
"874",1990-10-01,"D28AL","EMP D28A",37.9701,-121.5741,7.1463163001554,0.501420552514631,0.550266355111966
"875",1990-10-01,"D4C","EMP D4",38.0581,-121.8193,5.61615796382917,0.442970853841641,0.483975655675734
"876",1990-10-01,"D4L","EMP D4",38.0581,-121.8193,0.955670169648482,0.34174025848261,0.364648292930752
"877",1990-10-01,"D4R","EMP D4",38.0581,-121.8193,7.49202592559536,1.29808341013527,1.43738791854532
"878",1990-10-01,"D41AC","EMP D41A",38.0847,-122.3906,10.1582301882411,3.63288477344568,4.06329207529644
"879",1990-10-01,"D7C","EMP D7",38.1171,-122.0395,3.30133191779627,1.18266336164338,1.32053276711851
"880",1990-11-01,"D11","EMP D11",38.0422,121.7995,0.155243413195938,0.00963783418072708,0.0100701122817962
"881",1990-11-01,"D19C","EMP D19",38.0438,121.6148,79.6023058356312,2.61252414458307,3.90051298594593
"882",1990-11-01,"D28AL","EMP D28A",37.9701,-121.5741,35.0154539493873,1.44880135051057,1.71575724351998
"883",1990-11-01,"D4C","EMP D4",38.0581,-121.8193,1.68349947885033,0.457584700317433,0.47624232922187
"884",1990-11-01,"D4L","EMP D4",38.0581,-121.8193,1.19912471552477,0.00373361106671877,0.00381528970519656
"885",1990-11-01,"D4R","EMP D4",38.0581,-121.8193,10.1830435596736,3.18033950246115,3.61671725062138
"886",1990-11-01,"D7C","EMP D7",38.1171,-122.0395,3.82077369997156,0.909631909481088,1.03160889899232
"887",1990-11-01,"USGS 8.1","EMP USGS 8.1",38.0316,122.1403,23.8051303404735,7.80056770681528,9.52205213618941
"888",1990-12-01,"D11","EMP D11",38.0422,121.7995,1.15487575192058,0.0360929656036193,0.0413524364171862
"889",1990-12-01,"D28AL","EMP D28A",37.9701,-121.5741,5.89727970713769,0.169117994043191,0.182815670921268
"890",1990-12-01,"D4C","EMP D4",38.0581,-121.8193,3.67446756705292,0.32278979717241,0.3386048794508
"891",1990-12-01,"D4L","EMP D4",38.0581,-121.8193,0.45563930789512,0.0855373694075317,0.0892747929623846
"892",1990-12-01,"D4R","EMP D4",38.0581,-121.8193,11.5974956232993,3.30003509088493,3.7585823715425
"893",1990-12-01,"D7C","EMP D7",38.1171,-122.0395,4.24913015374971,1.00034211211747,1.14726514151242
"894",1990-12-01,"USGS 8.1","EMP USGS 8.1",38.0316,122.1403,19.6800989894766,6.676014495009,7.87203959579066
"895",1991-01-01,"D11","EMP D11",38.0422,121.7995,0.416579067241291,0.0127373903805708,0.0144547216549076
"896",1991-01-01,"D19C","EMP D19",38.0438,121.6148,26.3658262911013,0.684051630497999,0.817340615024139
"897",1991-01-01,"D28AL","EMP D28A",37.9701,-121.5741,7.71032724177591,0.20745886710889,0.239020144495053
"898",1991-01-01,"D4C","EMP D4",38.0581,-121.8193,2.28869811540257,0.198591246565531,0.205603169836191
"899",1991-01-01,"D4L","EMP D4",38.0581,-121.8193,0.0598484295674488,0.136183447287637,0.140783531771938
"900",1991-01-01,"D4R","EMP D4",38.0581,-121.8193,11.0622542698842,1.86409406657368,2.06259321117519
"901",1991-01-01,"D7C","EMP D7",38.1171,-122.0395,3.11929709205795,0.765926744257566,0.564280843953283
"902",1991-01-01,"USGS 8.1","EMP USGS 8.1",38.0316,122.1403,24.7722717759588,8.27812188051361,9.90890871038352
"903",1991-02-01,"D11","EMP D11",38.0422,121.7995,0.657772613032192,0.028867663642151,0.032447109834533
"904",1991-02-01,"D19C","EMP D19",38.0438,121.6148,44.0543454529287,1.56017416871443,1.93839119992886
"905",1991-02-01,"D28AL","EMP D28A",37.9701,-121.5741,2.45208277129588,0.0951416980793336,0.107891641937019
"906",1991-02-01,"D4C","EMP D4",38.0581,-121.8193,1.04043419706344,0.123663102364274,0.126503552199266
"907",1991-02-01,"D4L","EMP D4",38.0581,-121.8193,0.692150118487597,0.0414088520357139,0.0426803548896677
"908",1991-02-01,"D4R","EMP D4",38.0581,-121.8193,15.2180502388818,4.07760723120597,4.69724202747264
"909",1991-02-01,"D41AC","EMP D41A",38.0847,-122.3906,1.28332854998772,0.477842094708149,0.513331419995089
"910",1991-02-01,"D7C","EMP D7",38.1171,-122.0395,2.18638678762952,0.5519934348865,0.585951659084711
"911",1991-02-01,"USGS 8.1","EMP USGS 8.1",38.0316,122.1403,19.1409243299903,4.43828876184411,5.16804956909739
"912",1991-03-01,"D11","EMP D11",38.0422,121.7995,0.527380718812366,0.0219441202635536,0.02441044202048
"913",1991-03-01,"D19C","EMP D19",38.0438,121.6148,10.8207081465323,0.439367435953481,0.476111158447421
"914",1991-03-01,"D28AL","EMP D28A",37.9701,-121.5741,20.8799657252848,0.809500752269329,0.91871849191253
"915",1991-03-01,"D4C","EMP D4",38.0581,-121.8193,6.44979118539166,0.550753463726407,0.588983384891429
"916",1991-03-01,"D4L","EMP D4",38.0581,-121.8193,0.453458408197763,0.0241000160843359,0.0246016637975671
"917",1991-03-01,"D4R","EMP D4",38.0581,-121.8193,6.10081057392364,1.50622695295676,1.60739329381411
"918",1991-03-01,"D7C","EMP D7",38.1171,-122.0395,0.974133981595998,0.363177938019944,0.261067907067727
"919",1991-03-01,"USGS 8.1","EMP USGS 8.1",38.0316,122.1403,15.4782010924355,5.41495542335885,6.19128043697421
"920",1991-04-01,"D11","EMP D11",38.0422,121.7995,0.270787723560161,0.0134089026501184,0.0151233456624321
"921",1991-04-01,"D19C","EMP D19",38.0438,121.6148,35.9810176733181,1.80560355863913,2.1948420780724
"922",1991-04-01,"D28AL","EMP D28A",37.9701,-121.5741,12.3862248019444,0.686282962398506,0.755559712918607
"923",1991-04-01,"D4C","EMP D4",38.0581,-121.8193,0.400522239637774,0.153856275682479,0.157596913070213
"924",1991-04-01,"D4L","EMP D4",38.0581,-121.8193,14.7902589846135,0.0427035265235432,0.0448542752183566
"925",1991-04-01,"D4R","EMP D4",38.0581,-121.8193,28.7769409767699,8.77112785745259,10.1591396653924
"926",1991-04-01,"D41AC","EMP D41A",38.0847,-122.3906,1.30519619153132,0.499030642399659,0.522078476612529
"927",1991-04-01,"D7C","EMP D7",38.1171,-122.0395,0.798766349704768,0.299937953262348,0.214069381720878
"928",1991-04-01,"USGS 8.1","EMP USGS 8.1",38.0316,122.1403,9.22604415960799,3.36171483287817,3.6904176638432
"929",1991-05-01,"D11","EMP D11",38.0422,121.7995,2.75994191565013,0.188876587503905,0.21251552750506
"930",1991-05-01,"D19C","EMP D19",38.0438,121.6148,19.3732588026934,1.3413974186037,1.49174092780739
"931",1991-05-01,"D28AL","EMP D28A",37.9701,-121.5741,10.7224082889235,0.839137209583905,0.922127112847421
"932",1991-05-01,"D4C","EMP D4",38.0581,-121.8193,3.32668572474766,0.382727455901575,0.396016606385613
"933",1991-05-01,"D4L","EMP D4",38.0581,-121.8193,2.54760794775771,1.86079189261128,2.15614776468139
"934",1991-05-01,"D4R","EMP D4",38.0581,-121.8193,8.045257848256,0.0627959194075238,2.90198303914124
"935",1991-05-01,"D7C","EMP D7",38.1171,-122.0395,0.927424649539399,0.342052162382016,0.248549806076559
"936",1991-05-01,"USGS 8.1","EMP USGS 8.1",38.0316,122.1403,9.89233576597889,3.6264658972001,3.95693430639156
"937",1991-06-01,"D11","EMP D11",38.0422,121.7995,0.911201585537638,0.0866656668377777,0.0974985696525273
"938",1991-06-01,"D28AL","EMP D28A",37.9701,-121.5741,38.0901553601681,3.73140015052505,4.57081864322018
"939",1991-06-01,"D4C","EMP D4",38.0581,-121.8193,18.4020651260991,1.52565947486918,1.81909680297303
"940",1991-06-01,"D4L","EMP D4",38.0581,-121.8193,1.16920580655302,0.0538180229709377,0.0556711966123163
"941",1991-06-01,"D4R","EMP D4",38.0581,-121.8193,16.651706634569,5.23862959891775,5.98898761275857
"942",1991-06-01,"D41AC","EMP D41A",38.0847,-122.3906,2.46888651718436,0.885387569925287,0.987554606873742
"943",1991-06-01,"D7C","EMP D7",38.1171,-122.0395,1.03544095370384,0.38308514876232,0.27749817559263
"944",1991-06-01,"USGS 8.1","EMP USGS 8.1",38.0316,122.1403,7.63013482113778,2.78077965598753,3.05205392845511
"945",1991-07-01,"D11","EMP D11",38.0422,121.7995,0.924523766718311,0.0920675577421455,0.0989240430388593
"946",1991-07-01,"D19C","EMP D19",38.0438,121.6148,36.9370996378019,4.23760686741435,4.94957135146546
"947",1991-07-01,"D4C","EMP D4",38.0581,-121.8193,4.44931365318819,1.64939345043027,1.77490441429034
"948",1991-07-01,"D4L","EMP D4",38.0581,-121.8193,0.579418763861201,0.0760825731561133,0.0782142898118766
"949",1991-07-01,"D4R","EMP D4",38.0581,-121.8193,11.4023033443483,3.43535005923302,3.77012282866057
"950",1991-07-01,"D7C","EMP D7",38.1171,-122.0395,0,0,0
"951",1991-08-01,"D11","EMP D11",38.0422,121.7995,1.41557645799219,0.141640673203399,0.151784252549367
"952",1991-08-01,"D19C","EMP D19",38.0438,121.6148,30.4893131270353,3.11562386796369,3.65871757524423
"953",1991-08-01,"D28AL","EMP D28A",37.9701,-121.5741,9.16832029090494,1.24655227521642,1.36607972334484
"954",1991-08-01,"D4C","EMP D4",38.0581,-121.8193,4.66096314567387,0.520037155727458,0.564397164666131
"955",1991-08-01,"D4L","EMP D4",38.0581,-121.8193,0.21287416993545,0.00514838538450143,0.0412469499861882
"956",1991-08-01,"D4R","EMP D4",38.0581,-121.8193,16.7038680659039,5.60601104137797,6.43612337526921
"957",1991-08-01,"D7C","EMP D7",38.1171,-122.0395,0.986774826028462,0.364923337533495,0.264455653375628
"958",1991-08-01,"USGS 8.1","EMP USGS 8.1",38.0316,122.1403,16.157730171479,5.65063812091348,6.46309206859162
"959",1991-09-01,"D11","EMP D11",38.0422,121.7995,0.630993581753372,0.106346855844234,0.109768615846
"960",1991-09-01,"D19C","EMP D19",38.0438,121.6148,17.2121952351698,2.04873650900855,2.30643416151275
"961",1991-09-01,"D28AL","EMP D28A",37.9701,-121.5741,3.61488996115769,0.459328748107244,0.48439525479513
"962",1991-09-01,"D4C","EMP D4",38.0581,-121.8193,9.19616483729826,0.971330655819838,1.12088562823296
"963",1991-09-01,"D4L","EMP D4",38.0581,-121.8193,0.530223766505931,0.0999728066845968,0.052055918231622
"964",1991-09-01,"D4R","EMP D4",38.0581,-121.8193,57.6513160522597,17.9044884460904,22.193316240618
"965",1991-09-01,"D41AC","EMP D41A",38.0847,-122.3906,21.6757883956816,7.12903624196916,8.67031535827265
"966",1991-09-01,"D7C","EMP D7",38.1171,-122.0395,1.80051887551926,0.658611242112596,0.482539058639163
"967",1991-09-01,"USGS 8.1","EMP USGS 8.1",38.0316,122.1403,14.0295791435261,4.98842092592864,5.61183165741043
"968",1991-10-01,"D11","EMP D11",38.0422,121.7995,0.956073324382405,0.0961119057036325,0.102299845708917
"969",1991-10-01,"D19C","EMP D19",38.0438,121.6148,22.9968599908895,2.62113561268247,3.08157923877919
"970",1991-10-01,"D28AL","EMP D28A",37.9701,-121.5741,6.27639798942535,0.698998553291655,0.753167758731042
"971",1991-10-01,"D4C","EMP D4",38.0581,-121.8193,1.80853064205317,0.310638669435145,0.32080112291912
"972",1991-10-01,"D4L","EMP D4",38.0581,-121.8193,0.0110174626693347,0.00393681671107009,0.056
"973",1991-10-01,"D4R","EMP D4",38.0581,-121.8193,3.20446748755104,0.630900285495119,0.663218594618528
"974",1991-10-01,"D41AC","EMP D41A",38.0847,-122.3906,24.6924527770907,8.14430238953143,9.87698111083629
"975",1991-10-01,"D7C","EMP D7",38.1171,-122.0395,2.49850949410879,0.903354132820941,0.669600544421155
"976",1991-10-01,"USGS 8.1","EMP USGS 8.1",38.0316,122.1403,9.78427725820866,3.55671850719286,3.91371090328346
"977",1991-11-01,"D11","EMP D11",38.0422,121.7995,0.758054607396728,0.0350400963261081,0.0371446757624397
"978",1991-11-01,"D19C","EMP D19",38.0438,121.6148,23.9777002687893,1.14137970144932,1.31877351478341
"979",1991-11-01,"D28AL","EMP D28A",37.9701,-121.5741,7.64980749003583,0.433993517114607,0.466638256892186
"980",1991-11-01,"D4C","EMP D4",38.0581,-121.8193,1.11267262520966,0.427649594806287,0.445069050083863
"981",1991-11-01,"D4L","EMP D4",38.0581,-121.8193,0.0499109154934414,0.00198183515483138,0.004
"982",1991-11-01,"D4R","EMP D4",38.0581,-121.8193,3.58598946935384,0.631529489796854,0.66871187769042
"983",1991-11-01,"D41AC","EMP D41A",38.0847,-122.3906,11.0890122420199,3.92364800218678,4.43560489680797
"984",1991-11-01,"D7C","EMP D7",38.1171,-122.0395,3.73919447641655,1.16361522349364,1.00210411967963
"985",1991-11-01,"USGS 8.1","EMP USGS 8.1",38.0316,122.1403,9.3012854430288,3.39319688085613,3.72051417721152
"986",1991-12-01,"D11","EMP D11",38.0422,121.7995,2.71904163629048,0.0785508831889881,0.084290290725005
"987",1991-12-01,"D19C","EMP D19",38.0438,121.6148,38.0374285869144,0.944952692948172,1.17916028619435
"988",1991-12-01,"D28AL","EMP D28A",37.9701,-121.5741,12.2491796209553,0.342084572734685,0.379724568249614
"989",1991-12-01,"D4C","EMP D4",38.0581,-121.8193,6.82467170549925,0.687274757662032,0.734425582805936
"990",1991-12-01,"D4L","EMP D4",38.0581,-121.8193,18.5675202991571,0.455390803085565,0.577414659034931
"991",1991-12-01,"D4R","EMP D4",38.0581,-121.8193,5.46883772182766,1.26574744928068,1.3773967845532
"992",1991-12-01,"D41AC","EMP D41A",38.0847,-122.3906,3.61646579284844,1.33576232067855,1.44658631713938
"993",1991-12-01,"D7C","EMP D7",38.1171,-122.0395,3.37417331796926,0.740193683660017,0.610387953220638
"994",1991-12-01,"USGS 8.1","EMP USGS 8.1",38.0316,122.1403,9.89067264601024,3.61989652496129,3.9562690584041
"995",1992-01-01,"D11","EMP D11",38.0422,121.7995,1.83947153413812,0.0524136468924825,0.0570236175582818
"996",1992-01-01,"D19C","EMP D19",38.0438,121.6148,25.2517112412325,0.674838529648489,0.782803048478208
"997",1992-01-01,"D28AL","EMP D28A",37.9701,-121.5741,12.7640866945685,0.321062234351684,0.395686687531623
"998",1992-01-01,"D4C","EMP D4",38.0581,-121.8193,7.76778738368217,0.384663780043987,0.423112486638393
"999",1992-01-01,"D4L","EMP D4",38.0581,-121.8193,2.45327194399946,0.218054153159838,0.00168398569675161
"1000",1992-01-01,"D4R","EMP D4",38.0581,-121.8193,17.6765621937328,4.08437302846107,4.77267179230786
"1001",1992-01-01,"D41AC","EMP D41A",38.0847,-122.3906,2.37681531234325,0.606268677665088,0.641740134332678
"1002",1992-01-01,"D7C","EMP D7",38.1171,-122.0395,3.39922352292828,0.803903268036354,0.917790351190634
"1003",1992-01-01,"USGS 8.1","EMP USGS 8.1",38.0316,122.1403,4.28387007315921,1.09207282711509,1.15664491975299
"1004",1992-02-01,"D11","EMP D11",38.0422,121.7995,1.54778439847609,0.0714713298654987,0.0758414355253285
"1005",1992-02-01,"D19C","EMP D19",38.0438,121.6148,29.9891076341167,1.24619926094463,1.46946627407172
"1006",1992-02-01,"D28AL","EMP D28A",37.9701,-121.5741,5.19228856106624,0.276582129233896,0.316729602225041
"1007",1992-02-01,"D4C","EMP D4",38.0581,-121.8193,1.45949667713089,0.164156028168345,0.169657203218746
"1008",1992-02-01,"D4L","EMP D4",38.0581,-121.8193,0.0614831001504555,0.0256006094958419,0.233568461938628
"1009",1992-02-01,"D4R","EMP D4",38.0581,-121.8193,5.77263558200751,1.1995484133212,1.27736147435403
"1010",1992-02-01,"D41AC","EMP D41A",38.0847,-122.3906,1.17620254777657,0.450009927711334,0.470481019110628
"1011",1992-02-01,"D7C","EMP D7",38.1171,-122.0395,3.22916276308239,1.14908551981853,0.871873946032246
"1012",1992-02-01,"USGS 8.1","EMP USGS 8.1",38.0316,122.1403,6.03261369986355,1.49800183097257,1.62880569896316
"1013",1992-03-01,"D11","EMP D11",38.0422,121.7995,1.96978723242191,0.111221554982165,0.120157021177737
"1014",1992-03-01,"D19C","EMP D19",38.0438,121.6148,14.8438216763753,0.737632107981226,0.816410192200644
"1015",1992-03-01,"D28AL","EMP D28A",37.9701,-121.5741,5.68766030714623,0.318267600112076,0.34694727873592
"1016",1992-03-01,"D4C","EMP D4",38.0581,-121.8193,3.02470825324496,0.509026167612145,0.530182950003195
"1017",1992-03-01,"D4L","EMP D4",38.0581,-121.8193,42.8390796721183,1.64978763606305,2.38189604527293
"1018",1992-03-01,"D4R","EMP D4",38.0581,-121.8193,51.7158092210094,16.5298295471722,20.0444891510494
"1019",1992-03-01,"D41AC","EMP D41A",38.0847,-122.3906,1.14589739768129,0.444471984634963,0.458358959072516
"1020",1992-03-01,"D7C","EMP D7",38.1171,-122.0395,2.54822886039339,0.903224891663187,1.01929154415735
"1021",1992-03-01,"USGS 8.1","EMP USGS 8.1",38.0316,122.1403,2.7827421431901,1.05411213340954,1.11309685727604
"1022",1992-04-01,"D11","EMP D11",38.0422,121.7995,0.691024408178716,0.055467819318557,0.0594280991033696
"1023",1992-04-01,"D19C","EMP D19",38.0438,121.6148,41.3626127770674,2.6327296927671,3.18492118383419
"1024",1992-04-01,"D28AL","EMP D28A",37.9701,-121.5741,3.18634784451349,0.258811774733599,0.27402591462816
"1025",1992-04-01,"D4C","EMP D4",38.0581,-121.8193,1.31577990316084,0.196240238481468,0.20173860649475
"1026",1992-04-01,"D4L","EMP D4",38.0581,-121.8193,2.51405049614712,0.179498582787926,0.172764376491876
"1027",1992-04-01,"D4R","EMP D4",38.0581,-121.8193,8.71261883163875,2.30696615934082,2.47230732681051
"1028",1992-04-01,"D41AC","EMP D41A",38.0847,-122.3906,0.825732071085258,0.307228786964237,0.330292828434103
"1029",1992-04-01,"D7C","EMP D7",38.1171,-122.0395,1.51533103108757,0.550127176983428,0.606132412435027
"1030",1992-04-01,"USGS 8.1","EMP USGS 8.1",38.0316,122.1403,8.29781271296286,3.02132713527522,3.31912508518514
"1031",1992-05-01,"D11","EMP D11",38.0422,121.7995,2.18065378289385,0.218457187907775,0.233329954769642
"1032",1992-05-01,"D19C","EMP D19",38.0438,121.6148,21.8375898879039,2.296251403613,2.62051078654847
"1033",1992-05-01,"D28AL","EMP D28A",37.9701,-121.5741,5.73348253577167,0.70332176449441,0.768286659793404
"1034",1992-05-01,"D4C","EMP D4",38.0581,-121.8193,4.49651843877936,0.836131156906003,0.876790902804535
"1035",1992-05-01,"D4L","EMP D4",38.0581,-121.8193,1.8875652169478,0.230797366777429,0.178271625972227
"1036",1992-05-01,"D4R","EMP D4",38.0581,-121.8193,27.472600784708,9.44431122320325,10.9830051744304
"1037",1992-05-01,"D41AC","EMP D41A",38.0847,-122.3906,4.11899379972165,1.50931771820087,1.64759751988866
"1038",1992-05-01,"D7C","EMP D7",38.1171,-122.0395,2.92987356501947,1.02466680631562,1.17194942600779
"1039",1992-05-01,"USGS 8.1","EMP USGS 8.1",38.0316,122.1403,17.8808254563499,6.23669961062714,7.15233018253996
"1040",1992-06-01,"D11","EMP D11",38.0422,121.7995,1.91599503643198,0.218148833217917,0.229919404371837
"1041",1992-06-01,"D19C","EMP D19",38.0438,121.6148,35.2652698050873,3.90107335734244,4.7255461538817
"1042",1992-06-01,"D28AL","EMP D28A",37.9701,-121.5741,25.0649693093695,3.44416735758137,4.18584987466471
"1043",1992-06-01,"D4C","EMP D4",38.0581,-121.8193,0.646769580716174,0.252800331979992,0.25870783228647
"1044",1992-06-01,"D4L","EMP D4",38.0581,-121.8193,1.49282772716348,0.128482541067957,0.085084499337417
"1045",1992-06-01,"D4R","EMP D4",38.0581,-121.8193,22.5252868703115,7.72577662154658,8.79393557121388
"1046",1992-06-01,"D41AC","EMP D41A",38.0847,-122.3906,4.05662866668176,1.46648428494,1.62265146667271
"1047",1992-06-01,"D7C","EMP D7",38.1171,-122.0395,2.27924495979781,0.801429705137729,0.911697983919123
"1048",1992-06-01,"USGS 8.1","EMP USGS 8.1",38.0316,122.1403,18.7695832284401,6.45037700029014,7.50783329137603
"1049",1992-07-01,"D11","EMP D11",38.0422,121.7995,0.62703098518775,0.080843415104243,0.0840221520151585
"1050",1992-07-01,"D19C","EMP D19",38.0438,121.6148,9.1469084028201,1.23046909805074,1.36288935202019
"1051",1992-07-01,"D28AL","EMP D28A",37.9701,-121.5741,72.7317962564921,8.51648344126605,12.1462099748342
"1052",1992-07-01,"D4C","EMP D4",38.0581,-121.8193,2.89096483114913,0.617380986942076,0.638766776982959
"1053",1992-07-01,"D4L","EMP D4",38.0581,-121.8193,1.29629914579542,0.422986155978392,0.141797375376289
"1054",1992-07-01,"D4R","EMP D4",38.0581,-121.8193,12.2126375808258,4.49814130209486,4.88354965248824
"1055",1992-07-01,"D41AC","EMP D41A",38.0847,-122.3906,2.37531196751285,0.887455397286239,0.95012478700514
"1056",1992-07-01,"D7C","EMP D7",38.1171,-122.0395,2.08642111756697,0.738134505356525,0.834568447026787
"1057",1992-07-01,"USGS 8.1","EMP USGS 8.1",38.0316,122.1403,28.7790897754966,9.5085121142491,11.5116359101986
"1058",1992-08-01,"D11","EMP D11",38.0422,121.7995,1.74269694004573,0.383199541895524,0.39328351273918
"1059",1992-08-01,"D19C","EMP D19",38.0438,121.6148,35.0345637333113,4.31078248655802,5.22014999626338
"1060",1992-08-01,"D28AL","EMP D28A",37.9701,-121.5741,19.0983698047506,2.49679114598267,2.84565710090783
"1061",1992-08-01,"D4C","EMP D4",38.0581,-121.8193,3.92175746434156,0.813887957710167,0.857426611484469
"1062",1992-08-01,"D4L","EMP D4",38.0581,-121.8193,0.14185178919448,0.00438945319331271,0.441053154357571
"1063",1992-08-01,"D4R","EMP D4",38.0581,-121.8193,9.81309307998483,3.24368504530443,3.49967217868279
"1064",1992-08-01,"D41AC","EMP D41A",38.0847,-122.3906,1.74645033607889,0.659161221516103,0.698580134431558
"1065",1992-08-01,"D7C","EMP D7",38.1171,-122.0395,2.47105487899769,0.867357073592356,0.988421951599078
"1066",1992-08-01,"USGS 8.1","EMP USGS 8.1",38.0316,122.1403,6.94708615084579,2.49686310929525,2.77883446033831
"1067",1992-09-01,"D11","EMP D11",38.0422,121.7995,3.10047002493723,0.375490392280287,0.415660729162314
"1068",1992-09-01,"D19C","EMP D19",38.0438,121.6148,16.1115405383606,1.73077922952974,1.93338486460328
"1069",1992-09-01,"D28AL","EMP D28A",37.9701,-121.5741,24.9924402968357,2.94383818475121,3.34898699977598
"1070",1992-09-01,"D4C","EMP D4",38.0581,-121.8193,0.733340916284743,0.286500013706941,0.293336366513897
"1071",1992-09-01,"D4L","EMP D4",38.0581,-121.8193,1.70163340663528,0.150566470296057,0.112517070920002
"1072",1992-09-01,"D4R","EMP D4",38.0581,-121.8193,6.82194213337062,2.27331877977059,2.41620874686359
"1073",1992-09-01,"D41AC","EMP D41A",38.0847,-122.3906,3.19892455123779,1.18175953354763,1.27956982049512
"1074",1992-09-01,"D7C","EMP D7",38.1171,-122.0395,4.12766809457284,1.40146567715668,1.65106723782913
"1075",1992-09-01,"USGS 8.1","EMP USGS 8.1",38.0316,122.1403,26.1088444146861,8.58641198106847,10.4435377658744
"1076",1992-10-01,"D11","EMP D11",38.0422,121.7995,3.89676167097013,0.330084217202204,0.374089120413132
"1077",1992-10-01,"D19C","EMP D19",38.0438,121.6148,39.6680988033403,2.71979582810842,3.41145649708727
"1078",1992-10-01,"D28AL","EMP D28A",37.9701,-121.5741,8.69879477320356,0.832385679890158,0.930771040732781
"1079",1992-10-01,"D4C","EMP D4",38.0581,-121.8193,6.61933564331823,1.03533344876605,1.11305334993682
"1080",1992-10-01,"D4L","EMP D4",38.0581,-121.8193,1.7797145418353,0.308329624426986,0.212337836193439
"1081",1992-10-01,"D4R","EMP D4",38.0581,-121.8193,25.9866459262439,8.54230015195495,10.3916924676805
"1082",1992-10-01,"D41AC","EMP D41A",38.0847,-122.3906,5.99710946645631,2.15300910962183,2.39884378658252
"1083",1992-10-01,"D7C","EMP D7",38.1171,-122.0395,4.22236176408086,1.44227469275482,1.68894470563234
"1084",1992-10-01,"USGS 8.1","EMP USGS 8.1",38.0316,122.1403,22.4772304768415,7.50210208359243,8.99089219073659
"1085",1992-11-01,"D11","EMP D11",38.0422,121.7995,1.32084711092799,0.104680335849536,0.113592851539807
"1086",1992-11-01,"D19C","EMP D19",38.0438,121.6148,48.7729538658026,2.86782083857577,3.7555174476668
"1087",1992-11-01,"D28AL","EMP D28A",37.9701,-121.5741,20.0121635298833,1.50428237863155,1.72104606356996
"1088",1992-11-01,"D4C","EMP D4",38.0581,-121.8193,3.25027103569718,1.24640921923028,1.30010841427887
"1089",1992-11-01,"D4L","EMP D4",38.0581,-121.8193,0.140945290858076,0.042752149890913,0.161999894280047
"1090",1992-11-01,"D4R","EMP D4",38.0581,-121.8193,11.3923678055593,4.1425598473346,4.55542159646023
"1091",1992-11-01,"D41AC","EMP D41A",38.0847,-122.3906,2.52469504915294,0.939824651418004,1.00987801966117
"1092",1992-11-01,"D7C","EMP D7",38.1171,-122.0395,6.11105351827267,1.87483492142936,1.64998444993362
"1093",1992-11-01,"USGS 8.1","EMP USGS 8.1",38.0316,122.1403,25.1762373515722,8.33677051146254,10.0704949406289
"1094",1992-12-01,"D11","EMP D11",38.0422,121.7995,0.992290499451173,0.0408699869777274,0.0436607819758516
"1095",1992-12-01,"D19C","EMP D19",38.0438,121.6148,23.4340439869328,0.769851424325234,0.913927715490379
"1096",1992-12-01,"D28AL","EMP D28A",37.9701,-121.5741,50.8091230980563,1.46019354110019,1.77831930843197
"1097",1992-12-01,"D4C","EMP D4",38.0581,-121.8193,3.80586946717767,1.01904774416666,1.05973205259573
"1098",1992-12-01,"D4L","EMP D4",38.0581,-121.8193,10.2288728651219,0.451343703573985,0.461638578212042
"1099",1992-12-01,"D4R","EMP D4",38.0581,-121.8193,48.9084947211884,15.8492335391508,19.5002970280145
"1100",1992-12-01,"D7C","EMP D7",38.1171,-122.0395,5.55570661427074,1.80729577174993,1.5000407858531
"1101",1992-12-01,"USGS 8.1","EMP USGS 8.1",38.0316,122.1403,24.8628797908635,8.26614823149484,9.94515191634542
"1102",1993-01-01,"D11","EMP D11",38.0422,121.7995,1.06474836077758,0.0319128018172191,0.0342740090751372
"1103",1993-01-01,"D19C","EMP D19",38.0438,121.6148,19.3140930795375,0.536269113571548,0.598736885465663
"1104",1993-01-01,"D28AL","EMP D28A",37.9701,-121.5741,42.927869020467,1.10890383832421,1.33076393963448
"1105",1993-01-01,"D4C","EMP D4",38.0581,-121.8193,10.1625233146054,0.807455161657099,0.873583701622813
"1106",1993-01-01,"D4L","EMP D4",38.0581,-121.8193,17.551464283716,2.13246327764187,0.0793618818789331
"1107",1993-01-01,"D4R","EMP D4",38.0581,-121.8193,16.7708542449335,3.9252504780802,4.45076344979535
"1108",1993-01-01,"D7C","EMP D7",38.1171,-122.0395,0.23851101469753,0.0613746965564997,0.0643979739683331
"1109",1993-01-01,"USGS 8.1","EMP USGS 8.1",38.0316,122.1403,12.8612639073495,4.46086569270291,5.14450556293982
"1110",1993-02-01,"D11","EMP D11",38.0422,121.7995,2.01687572595871,0.0644379310919105,0.0705906504085549
"1111",1993-02-01,"D19C","EMP D19",38.0438,121.6148,34.2460735814052,0.954099840411869,1.19861257534918
"1112",1993-02-01,"D28AL","EMP D28A",37.9701,-121.5741,34.785178432176,1.08069585758899,1.35662195885486
"1113",1993-02-01,"D4C","EMP D4",38.0581,-121.8193,0,0,0
"1114",1993-02-01,"D4L","EMP D4",38.0581,-121.8193,11.8204490403412,0.348767537014523,2.84766063236914
"1115",1993-02-01,"D4R","EMP D4",38.0581,-121.8193,3.8470866792875,1.37368126944421,1.44738922056318
"1116",1993-02-01,"D41AC","EMP D41A",38.0847,-122.3906,0.669780126035049,0.257970828023666,0.267912050414019
"1117",1993-02-01,"D7C","EMP D7",38.1171,-122.0395,0.116276886308672,0.044683600976102,0.0313947593033414
"1118",1993-02-01,"USGS 8.1","EMP USGS 8.1",38.0316,122.1403,30.605772026278,9.85412492754045,12.2423088105112
"1119",1993-03-01,"D11","EMP D11",38.0422,121.7995,0.932907240484304,0.0615669957858881,0.064370599593417
"1120",1993-03-01,"D19C","EMP D19",38.0438,121.6148,23.7204050070125,1.26618974582705,1.44694470542776
"1121",1993-03-01,"D28AL","EMP D28A",37.9701,-121.5741,53.3898966102171,3.10668724481493,3.68390286610498
"1122",1993-03-01,"D4C","EMP D4",38.0581,-121.8193,4.12795489449477,1.41896590557736,1.47978072788191
"1123",1993-03-01,"D4L","EMP D4",38.0581,-121.8193,47.496127281001,0.292581293093887,0.163671342282252
"1124",1993-03-01,"D4R","EMP D4",38.0581,-121.8193,7.03820386851382,1.30258588770466,1.36593298337976
"1125",1993-03-01,"D41AC","EMP D41A",38.0847,-122.3906,0.98000892527203,0.377924291970343,0.392003570108812
"1126",1993-03-01,"D7C","EMP D7",38.1171,-122.0395,0.95906013476617,0.361885733623702,0.383624053906468
"1127",1993-03-01,"USGS 8.1","EMP USGS 8.1",38.0316,122.1403,12.39319992818,4.33146255990625,4.95727997127202
"1128",1993-04-01,"D11","EMP D11",38.0422,121.7995,2.91611909096248,0.146124731230271,0.160386550002936
"1129",1993-04-01,"D19C","EMP D19",38.0438,121.6148,20.0404168943773,1.05531367721998,1.22246543055702
"1130",1993-04-01,"D28AL","EMP D28A",37.9701,-121.5741,85.1044392225134,4.05723460071458,5.19137079257332
"1131",1993-04-01,"D4C","EMP D4",38.0581,-121.8193,1.73856872709202,0.671699234452267,0.695427490836809
"1132",1993-04-01,"D4L","EMP D4",38.0581,-121.8193,3.34549159115099,0.125013359067536,0.213670019562688
"1133",1993-04-01,"D4R","EMP D4",38.0581,-121.8193,39.9923140627454,13.6358607392742,15.9933178417622
"1134",1993-04-01,"D41AC","EMP D41A",38.0847,-122.3906,5.88744879997618,1.96356294836417,2.35497951999047
"1135",1993-04-01,"D7C","EMP D7",38.1171,-122.0395,0.456344815046428,0.176693898937173,0.182537926018571
"1136",1993-04-01,"USGS 8.1","EMP USGS 8.1",38.0316,122.1403,33.2132459929223,10.1903655932871,13.2852983971689
"1137",1993-05-01,"D11","EMP D11",38.0422,121.7995,4.94017825919791,0.37858595149646,0.424855330291021
"1138",1993-05-01,"D19C","EMP D19",38.0438,121.6148,9.3884079619814,0.747055064569211,0.807403084730401
"1139",1993-05-01,"D28AL","EMP D28A",37.9701,-121.5741,45.7038830669648,3.62340810417684,4.38757277442862
"1140",1993-05-01,"D4C","EMP D4",38.0581,-121.8193,0.313609728876954,0.0233640031468394,0.0241479491235254
"1141",1993-05-01,"D4L","EMP D4",38.0581,-121.8193,1.80322682229175,0.0819768258207661,0.0878987201715107
"1142",1993-05-01,"D4R","EMP D4",38.0581,-121.8193,35.4881260327421,12.0248363658139,13.8502960560156
"1143",1993-05-01,"D41AC","EMP D41A",38.0847,-122.3906,1.84492797223552,0.64063880344099,0.73797118889421
"1144",1993-05-01,"D7C","EMP D7",38.1171,-122.0395,0.870617086566528,0.331894009686529,0.348246834626611
"1145",1993-05-01,"USGS 8.1","EMP USGS 8.1",38.0316,122.1403,66.1553886670108,20.6098895966442,26.4621554668043
"1146",1993-06-01,"D11","EMP D11",38.0422,121.7995,2.38992161277373,0.239339454558121,0.255721612566789
"1147",1993-06-01,"D19C","EMP D19",38.0438,121.6148,13.989520087416,1.52475185323549,1.67874241048991
"1148",1993-06-01,"D28AL","EMP D28A",37.9701,-121.5741,75.2818922776875,6.80112059580434,9.03382707332251
"1149",1993-06-01,"D4C","EMP D4",38.0581,-121.8193,0.699534237310135,0.0875946492522749,0.0901452978343895
"1150",1993-06-01,"D4L","EMP D4",38.0581,-121.8193,0.681755041964002,0.0489827594278693,0.051698168511408
"1151",1993-06-01,"D4R","EMP D4",38.0581,-121.8193,63.3093949620306,0,25.3237579848123
"1152",1993-06-01,"D41AC","EMP D41A",38.0847,-122.3906,10.2738066399905,3.33333354897831,4.10952265599618
"1153",1993-06-01,"D7C","EMP D7",38.1171,-122.0395,0.55467083588891,0.211542514379769,0.221868334355564
"1154",1993-06-01,"USGS 8.1","EMP USGS 8.1",38.0316,122.1403,69.968361392489,22.5110545230719,27.9873445569956
"1155",1993-07-01,"D11","EMP D11",38.0422,121.7995,3.75569721122418,0.41111990237212,0.450683665346902
"1156",1993-07-01,"D19C","EMP D19",38.0438,121.6148,12.3718284149518,1.481509414042,1.65782500760354
"1157",1993-07-01,"D28AL","EMP D28A",37.9701,-121.5741,56.2987768314532,6.43411480392798,8.38851774788653
"1158",1993-07-01,"D4C","EMP D4",38.0581,-121.8193,5.87111668582257,1.52176934864517,1.59426892353534
"1159",1993-07-01,"D4L","EMP D4",38.0581,-121.8193,28.5286479711737,9.11964477783939,11.9900538461767
"1160",1993-07-01,"D4R","EMP D4",38.0581,-121.8193,51.7882882082105,17.2107614935203,20.6726183569581
"1161",1993-07-01,"D41AC","EMP D41A",38.0847,-122.3906,5.76425579591067,2.08205325662688,2.30570231836427
"1162",1993-07-01,"D7C","EMP D7",38.1171,-122.0395,0.171629518018332,0.0665656505923208,0.0686518072073327
"1163",1993-07-01,"USGS 8.1","EMP USGS 8.1",38.0316,122.1403,45.3112373526477,15.0901527889122,18.1244949410591
"1164",1993-08-01,"D11","EMP D11",38.0422,121.7995,3.15644899077066,0.353688436676195,0.37877387889248
"1165",1993-08-01,"D19C","EMP D19",38.0438,121.6148,25.3054639790049,2.59219383919707,3.03665567748059
"1166",1993-08-01,"D28AL","EMP D28A",37.9701,-121.5741,50.8250028852254,6.46086057534774,8.48777548183264
"1167",1993-08-01,"D4C","EMP D4",38.0581,-121.8193,4.86258020309675,1.84921723705722,1.9450320812387
"1168",1993-08-01,"D4L","EMP D4",38.0581,-121.8193,79.1544481271914,5.52728192138565,6.80985537890276
"1169",1993-08-01,"D4R","EMP D4",38.0581,-121.8193,31.5636562350548,10.9033887101329,12.5922288039196
"1170",1993-08-01,"D41AC","EMP D41A",38.0847,-122.3906,16.9901753096126,5.38057540651039,6.79607012384503
"1171",1993-08-01,"D7C","EMP D7",38.1171,-122.0395,0.613965778920942,0.233864287142056,0.245586311568377
"1172",1993-08-01,"USGS 8.1","EMP USGS 8.1",38.0316,122.1403,32.3430409626166,10.6507065567934,12.9372163850466
"1173",1993-09-01,"D11","EMP D11",38.0422,121.7995,4.1972754425929,0.45713758789427,0.503673053111149
"1174",1993-09-01,"D19C","EMP D19",38.0438,121.6148,16.073203265986,2.13777319444925,2.39490728663191
"1175",1993-09-01,"D28AL","EMP D28A",37.9701,-121.5741,19.7630107000276,2.47953665079245,2.94468859430411
"1176",1993-09-01,"D4C","EMP D4",38.0581,-121.8193,0.120708707137811,0.047664583773132,0.0482834828551243
"1177",1993-09-01,"D4L","EMP D4",38.0581,-121.8193,2.09927842911927,0.207860428839366,0.219978594173428
"1178",1993-09-01,"D4R","EMP D4",38.0581,-121.8193,12.0827302646241,0.250762403356908,4.20925571835069
"1179",1993-09-01,"D41AC","EMP D41A",38.0847,-122.3906,32.1866765166633,10.0950230606615,12.8746706066653
"1180",1993-09-01,"D7C","EMP D7",38.1171,-122.0395,0.987084167507346,0.371699064460212,0.394833667002939
"1181",1993-09-01,"USGS 8.1","EMP USGS 8.1",38.0316,122.1403,69.5063247196117,22.0228794161701,27.8025298878447
"1182",1993-10-01,"D11","EMP D11",38.0422,121.7995,1.44088285805216,0.130852144385661,0.138324754373007
"1183",1993-10-01,"D19C","EMP D19",38.0438,121.6148,16.0678849785323,1.36588509294407,1.5425169579391
"1184",1993-10-01,"D28AL","EMP D28A",37.9701,-121.5741,70.067452846872,5.02613635924734,6.72647547329972
"1185",1993-10-01,"D4C","EMP D4",38.0581,-121.8193,0.21292326610679,0.0837798667225065,0.0851693064427158
"1186",1993-10-01,"D4L","EMP D4",38.0581,-121.8193,0.731758155432196,0.137606580942123,0.141528745085344
"1187",1993-10-01,"D4R","EMP D4",38.0581,-121.8193,8.54324992871943,3.03450628970192,3.39759649647852
"1188",1993-10-01,"D41AC","EMP D41A",38.0847,-122.3906,21.4188164796782,7.11416017521955,8.56752659187128
"1189",1993-10-01,"D7C","EMP D7",38.1171,-122.0395,2.18201230406536,0.816804662324653,0.872804921626145
"1190",1993-10-01,"USGS 8.1","EMP USGS 8.1",38.0316,122.1403,58.6916242682277,18.9359759478524,23.4766497072911
"1191",1993-11-01,"D11","EMP D11",38.0422,121.7995,1.7882423971638,0.115190958262064,0.123388725404302
"1192",1993-11-01,"D19C","EMP D19",38.0438,121.6148,15.02338196228,0.908913360475417,1.03661335539732
"1193",1993-11-01,"D28AL","EMP D28A",37.9701,-121.5741,11.458163280688,0.692728957985725,0.790613266367475
"1194",1993-11-01,"D4C","EMP D4",38.0581,-121.8193,1.82449124039318,0.474019483853849,0.486773630747471
"1195",1993-11-01,"D4L","EMP D4",38.0581,-121.8193,0.580570837447905,0.00620107140584478,0.00640995226772842
"1196",1993-11-01,"D4R","EMP D4",38.0581,-121.8193,56.8282713757491,0,22.7313085502996
"1197",1993-11-01,"D41AC","EMP D41A",38.0847,-122.3906,4.68870832485602,1.70680290558653,1.87548332994241
"1198",1993-11-01,"D7C","EMP D7",38.1171,-122.0395,1.54889939237504,0.537879565095175,0.418202835941261
"1199",1993-11-01,"USGS 8.1","EMP USGS 8.1",38.0316,122.1403,47.7993530003889,15.562407287668,19.1197412001555
"1200",1993-12-01,"D11","EMP D11",38.0422,121.7995,5.1366780197889,0.159145059554503,0.179783730692611
"1201",1993-12-01,"D19C","EMP D19",38.0438,121.6148,18.4321663931752,0.49182838563438,0.571397158188431
"1202",1993-12-01,"D28AL","EMP D28A",37.9701,-121.5741,13.2608509631181,0.364288352595743,0.411086379856662
"1203",1993-12-01,"D4C","EMP D4",38.0581,-121.8193,1.84437995749487,0.71600350166618,0.73775198299795
"1204",1993-12-01,"D4L","EMP D4",38.0581,-121.8193,2.4525274649657,0.177015523437028,0.18436946065865
"1205",1993-12-01,"D4R","EMP D4",38.0581,-121.8193,38.660157594935,12.8117749108958,15.4636170753275
"1206",1993-12-01,"D41AC","EMP D41A",38.0847,-122.3906,4.42511634883468,1.62245229099384,1.77004653953387
"1207",1993-12-01,"D7C","EMP D7",38.1171,-122.0395,2.2123468054433,0.725195639318132,0.597333637469692
"1208",1993-12-01,"USGS 8.1","EMP USGS 8.1",38.0316,122.1403,75.9093878976931,26.2107842883825,30.3637551590772
"1209",1994-01-01,"D11","EMP D11",38.0422,121.7995,2.0356639895824,0.060253322988337,0.0631055836770545
"1210",1994-01-01,"D19C","EMP D19",38.0438,121.6148,32.7438179675684,0.853316268833703,1.01505835699462
"1211",1994-01-01,"D28AL","EMP D28A",37.9701,-121.5741,47.3702988754444,1.13935325605575,1.46847926513878
"1212",1994-01-01,"D4C","EMP D4",38.0581,-121.8193,0.24357438728641,0.0647688369428508,0.0657650845673306
"1213",1994-01-01,"D4L","EMP D4",38.0581,-121.8193,105.000029709159,10.7179092144001,17.2201619758893
"1214",1994-01-01,"D4R","EMP D4",38.0581,-121.8193,15.6989491050624,3.7148588730832,4.23844185457966
"1215",1994-01-01,"D41AC","EMP D41A",38.0847,-122.3906,1.65158644465733,0.62285643112205,0.660634577862934
"1216",1994-01-01,"D7C","EMP D7",38.1171,-122.0395,2.08976075389215,0.535309596534895,0.37803772037909
"1217",1994-01-01,"USGS 8.1","EMP USGS 8.1",38.0316,122.1403,15.8363205099052,5.59555129132594,6.3345282039621
"1218",1994-02-01,"D11","EMP D11",38.0422,121.7995,5.67867561550936,0.175725105225484,0.198753646542827
"1219",1994-02-01,"D19C","EMP D19",38.0438,121.6148,58.6387703746036,1.44707712244593,2.05235696311113
"1220",1994-02-01,"D28AL","EMP D28A",37.9701,-121.5741,5.51133017839144,0.157241736140256,0.170851235530135
"1221",1994-02-01,"D4C","EMP D4",38.0581,-121.8193,0.90706120980036,0.238097313295631,0.244632122858903
"1222",1994-02-01,"D4L","EMP D4",38.0581,-121.8193,1.7670586447253,0.225328691101444,0.234494811473466
"1223",1994-02-01,"D4R","EMP D4",38.0581,-121.8193,29.5197266778152,6.65481771901805,7.96355895527833
"1224",1994-02-01,"D41AC","EMP D41A",38.0847,-122.3906,1.22864003988413,0.467766614513465,0.491456015953651
"1225",1994-02-01,"D7C","EMP D7",38.1171,-122.0395,1.10457150264975,0.282668246181118,0.199816984829339
"1226",1994-02-01,"USGS 8.1","EMP USGS 8.1",38.0316,122.1403,37.7410954152162,12.1162136559453,15.0964381660865
"1227",1994-03-01,"D11","EMP D11",38.0422,121.7995,2.18472922413423,0.124582853088754,0.133268482672188
"1228",1994-03-01,"D19C","EMP D19",38.0438,121.6148,61.4944477471441,2.39611997363038,3.38219462609293
"1229",1994-03-01,"D28AL","EMP D28A",37.9701,-121.5741,14.5363129970824,1.02048304600215,1.11929610077535
"1230",1994-03-01,"D4C","EMP D4",38.0581,-121.8193,0.762036070451914,0.069215346835082,0.0710690920894422
"1231",1994-03-01,"D4L","EMP D4",38.0581,-121.8193,0.942601797202434,0.0491861412947357,0.0518430988461339
"1232",1994-03-01,"D4R","EMP D4",38.0581,-121.8193,48.109844299071,0,19.2439377196284
"1233",1994-03-01,"D41AC","EMP D41A",38.0847,-122.3906,1.26314339921598,0.484644965798037,0.505257359686392
"1234",1994-03-01,"D7C","EMP D7",38.1171,-122.0395,0.421675174122921,0.160656105138073,0.113008946664943
"1235",1994-03-01,"USGS 8.1","EMP USGS 8.1",38.0316,122.1403,31.3171859092869,10.3551440907997,12.5268743637148
"1236",1994-04-01,"D11","EMP D11",38.0422,121.7995,3.57169767015916,0.1021445891437,0.110722627774934
"1237",1994-04-01,"D19C","EMP D19",38.0438,121.6148,47.0844333906307,2.23679050982082,2.87215043682847
"1238",1994-04-01,"D28AL","EMP D28A",37.9701,-121.5741,46.8612649623362,2.58304526660899,3.2334272824012
"1239",1994-04-01,"D4C","EMP D4",38.0581,-121.8193,0.580382479836731,0.22823042059359,0.232152991934692
"1240",1994-04-01,"D4L","EMP D4",38.0581,-121.8193,0.857894457868357,0.0200694479628219,0.0205822433094891
"1241",1994-04-01,"D4R","EMP D4",38.0581,-121.8193,64.684299878796,0.00257193052325042,25.8611184829432
"1242",1994-04-01,"D41AC","EMP D41A",38.0847,-122.3906,0.760916435192733,0.295334366640334,0.304366574077093
"1243",1994-04-01,"D7C","EMP D7",38.1171,-122.0395,0.395137257454786,0.150951523387714,0.105896784997883
"1244",1994-04-01,"USGS 8.1","EMP USGS 8.1",38.0316,122.1403,34.252175510009,11.3785989746787,13.7008702040036
"1245",1994-05-01,"D11","EMP D11",38.0422,121.7995,4.65808507141773,0.330113317641243,0.358672550499165
"1246",1994-05-01,"D19C","EMP D19",38.0438,121.6148,24.9547238526634,2.04310493529193,2.39565348985569
"1247",1994-05-01,"D28AL","EMP D28A",37.9701,-121.5741,39.4321427120958,3.09721693924035,3.78548570036119
"1248",1994-05-01,"D4C","EMP D4",38.0581,-121.8193,5.84232956960153,1.36961392859017,1.42876996271189
"1249",1994-05-01,"D4L","EMP D4",38.0581,-121.8193,0.311496277765795,0.132741499078753,0.135985213387966
"1250",1994-05-01,"D4R","EMP D4",38.0581,-121.8193,67.407470882558,21.0935411765958,25.8450928257549
"1251",1994-05-01,"D41AC","EMP D41A",38.0847,-122.3906,2.74112136842635,1.0451427216238,1.09644854737054
"1252",1994-05-01,"D7C","EMP D7",38.1171,-122.0395,0.709476566431016,0.266550067825491,0.190139719803512
"1253",1994-05-01,"USGS 8.1","EMP USGS 8.1",38.0316,122.1403,23.3809973777286,8.01531768405963,9.35239895109142
"1254",1994-06-01,"D11","EMP D11",38.0422,121.7995,1.87423452613089,0.182772950454713,0.200543094296005
"1255",1994-06-01,"D19C","EMP D19",38.0438,121.6148,28.311856969149,2.93630068342869,3.39742283629788
"1256",1994-06-01,"D28AL","EMP D28A",37.9701,-121.5741,62.4392343307882,8.74134685631636,11.6761368198574
"1257",1994-06-01,"D4C","EMP D4",38.0581,-121.8193,1.94064984052849,0.567793250648524,0.583861378612977
"1258",1994-06-01,"D4L","EMP D4",38.0581,-121.8193,9.06912827404183,0.358083613989565,0.375257354936398
"1259",1994-06-01,"D4R","EMP D4",38.0581,-121.8193,21.9911445518176,7.78575374519988,8.79520961450754
"1260",1994-06-01,"D41AC","EMP D41A",38.0847,-122.3906,0.664037177451693,0.255527453158829,0.265614870980677
"1261",1994-06-01,"D7C","EMP D7",38.1171,-122.0395,0.565091327298875,0.212956651717317,0.151444475716099
"1262",1994-06-01,"USGS 8.1","EMP USGS 8.1",38.0316,122.1403,35.5653550381618,11.6586553462812,14.2261420152647
"1263",1994-07-01,"D11","EMP D11",38.0422,121.7995,4.35828101049895,0.427057890223256,0.466336068123388
"1264",1994-07-01,"D19C","EMP D19",38.0438,121.6148,20.9928345795725,2.43447908071377,2.81303983366272
"1265",1994-07-01,"D28AL","EMP D28A",37.9701,-121.5741,5.5703965293458,0.856840260396338,0.930256220400748
"1266",1994-07-01,"D4C","EMP D4",38.0581,-121.8193,1.95943438950091,0.548339422421946,0.562348124190558
"1267",1994-07-01,"D4L","EMP D4",38.0581,-121.8193,0.144913373172876,0.0152177873769249,0.0155057309294977
"1268",1994-07-01,"D4R","EMP D4",38.0581,-121.8193,15.6401893052443,0.00291478295317691,6.24793771798712
"1269",1994-07-01,"D41AC","EMP D41A",38.0847,-122.3906,1.97318476231616,0.743549548901288,0.789273904926465
"1270",1994-07-01,"D7C","EMP D7",38.1171,-122.0395,1.54571347822743,0.570089050267646,0.414251212164951
"1271",1994-07-01,"USGS 8.1","EMP USGS 8.1",38.0316,122.1403,10.260489009615,3.73633174925245,4.104195603846
"1272",1994-08-01,"D11","EMP D11",38.0422,121.7995,2.59319464475499,0.359731164345913,0.386386002068494
"1273",1994-08-01,"D19C","EMP D19",38.0438,121.6148,17.522762849546,3.1961695990261,3.66225743555511
"1274",1994-08-01,"D28AL","EMP D28A",37.9701,-121.5741,13.1881485039388,1.91690448562277,2.20242080015779
"1275",1994-08-01,"D4C","EMP D4",38.0581,-121.8193,0.79350155128677,0.178692529522392,0.183149464753508
"1276",1994-08-01,"D4L","EMP D4",38.0581,-121.8193,2.98573424879835,0.413499614816189,0.443701692039719
"1277",1994-08-01,"D4R","EMP D4",38.0581,-121.8193,30.0346371631293,10.4426180374591,12.0022478407271
"1278",1994-08-01,"D41AC","EMP D41A",38.0847,-122.3906,1.63571591672235,0.621297284311515,0.654286366688941
"1279",1994-08-01,"D7C","EMP D7",38.1171,-122.0395,0.35263648637198,0.134649007373038,0.0945065783476907
"1280",1994-08-01,"USGS 8.1","EMP USGS 8.1",38.0316,122.1403,15.0849331169489,5.34770416872666,6.03397324677956
"1281",1994-09-01,"D11","EMP D11",38.0422,121.7995,1.02250061662438,0.115335033354486,0.122700073994926
"1282",1994-09-01,"D19C","EMP D19",38.0438,121.6148,13.7926828042455,1.46439672667192,1.65512193650946
"1283",1994-09-01,"D28AL","EMP D28A",37.9701,-121.5741,2.05112500010665,0.258146697095433,0.274850750014291
"1284",1994-09-01,"D4C","EMP D4",38.0581,-121.8193,3.60281628792958,1.38363929386932,1.44112651517183
"1285",1994-09-01,"D4L","EMP D4",38.0581,-121.8193,1.629036041175,0.145208991664388,0.153882552041692
"1286",1994-09-01,"D4R","EMP D4",38.0581,-121.8193,47.4317433554341,15.6508366392633,18.9598673421036
"1287",1994-09-01,"D41AC","EMP D41A",38.0847,-122.3906,2.35900310007715,0.887423111226311,0.94360124003086
"1288",1994-09-01,"D7C","EMP D7",38.1171,-122.0395,2.38859429981858,0.855236396877889,0.640143272351378
"1289",1994-09-01,"USGS 8.1","EMP USGS 8.1",38.0316,122.1403,3.3260786750319,1.25517604384604,1.33043147001276
"1290",1994-10-01,"D11","EMP D11",38.0422,121.7995,2.64901042615465,0.188051229393294,0.209973802813908
"1291",1994-10-01,"D19C","EMP D19",38.0438,121.6148,29.6988874286161,1.90906029077453,2.28681433200344
"1292",1994-10-01,"D28AL","EMP D28A",37.9701,-121.5741,18.7875692341205,1.25204877416187,1.44664283102728
"1293",1994-10-01,"D4C","EMP D4",38.0581,-121.8193,0.258923741236975,0.101661267753146,0.10356949649479
"1294",1994-10-01,"D4L","EMP D4",38.0581,-121.8193,0.457352673539007,0.0333367714031128,0.034893462650743
"1295",1994-10-01,"D4R","EMP D4",38.0581,-121.8193,3.7477576804877,1.40330142799231,1.49546772018523
"1296",1994-10-01,"D41AC","EMP D41A",38.0847,-122.3906,1.96834779328422,0.739347794072736,0.787339117313687
"1297",1994-10-01,"D7C","EMP D7",38.1171,-122.0395,2.16656717070866,0.773317323341832,0.580640001749922
"1298",1994-10-01,"USGS 8.1","EMP USGS 8.1",38.0316,122.1403,3.03956603729674,1.14538972449596,1.2158264149187
"1299",1994-11-01,"D11","EMP D11",38.0422,121.7995,2.85754928542576,0.101226159700638,0.111444422131605
"1300",1994-11-01,"D19C","EMP D19",38.0438,121.6148,37.3174762058737,1.09151469821071,1.30611166720558
"1301",1994-11-01,"D28AL","EMP D28A",37.9701,-121.5741,16.3985106872518,0.452348141103142,0.508353831304804
"1302",1994-11-01,"D4C","EMP D4",38.0581,-121.8193,0.700329676492621,0.274292499524474,0.280131870597048
"1303",1994-11-01,"D4L","EMP D4",38.0581,-121.8193,5.31333906482623,0.160429168471605,0.177803111681924
"1304",1994-11-01,"D4R","EMP D4",38.0581,-121.8193,4.00056519971471,1.48080823063658,1.55542477806627
"1305",1994-11-01,"D41AC","EMP D41A",38.0847,-122.3906,1.14033102189953,0.429452229620136,0.456132408759811
"1306",1994-11-01,"D7C","EMP D7",38.1171,-122.0395,1.57225298904706,0.457969599108449,0.421363801064611
"1307",1994-11-01,"USGS 8.1","EMP USGS 8.1",38.0316,122.1403,4.55843448556119,1.14540770090602,1.23077731110152
"1308",1994-12-01,"D11","EMP D11",38.0422,121.7995,3.4546234396982,0.0923236348280603,0.107093326630644
"1309",1994-12-01,"D19C","EMP D19",38.0438,121.6148,9.57547717229223,0.264209010673443,0.296839792341059
"1310",1994-12-01,"D28AL","EMP D28A",37.9701,-121.5741,4.20334474097801,0.119512653395187,0.130303686970318
"1311",1994-12-01,"D4C","EMP D4",38.0581,-121.8193,5.39258856877892,1.12775589510527,1.18136211957476
"1312",1994-12-01,"D4L","EMP D4",38.0581,-121.8193,4.91461856538946,0.137412792529534,0.152670939611876
"1313",1994-12-01,"D4R","EMP D4",38.0581,-121.8193,18.335292614398,4.32749330454382,4.84779509368354
"1314",1994-12-01,"D41AC","EMP D41A",38.0847,-122.3906,0.868640642162024,0.33190498449717,0.34745625686481
"1315",1994-12-01,"D7C","EMP D7",38.1171,-122.0395,1.8155268789445,0.369544135065748,0.32842881240106
"1316",1995-01-01,"D11","EMP D11",38.0422,121.7995,3.40397075646254,0.10940504503464,0.119138976476189
"1317",1995-01-01,"D19C","EMP D19",38.0438,121.6148,8.35651602241954,0.268631967369162,0.292478060784684
"1318",1995-01-01,"D28AL","EMP D28A",37.9701,-121.5741,0.195237531408665,0.00661553127436175,0.00683331359930326
"1319",1995-01-01,"D4C","EMP D4",38.0581,-121.8193,0.455021650226822,0.178335149946399,0.182008660090729
"1320",1995-01-01,"D4L","EMP D4",38.0581,-121.8193,1.23573883617283,0.0442430665687963,0.0460042194334169
"1321",1995-01-01,"D4R","EMP D4",38.0581,-121.8193,10.9253423124408,3.94391419020334,4.36835985252216
"1322",1995-01-01,"D41AC","EMP D41A",38.0847,-122.3906,0.340657325659298,0.131044760964123,0.136262930263719
"1323",1995-01-01,"D7C","EMP D7",38.1171,-122.0395,1.01697411620005,0.374158456035935,0.272549063141613
"1324",1995-01-01,"USGS 8.1","EMP USGS 8.1",38.0316,122.1403,12.3349824368859,2.93192155657239,3.3304452579592
"1325",1995-02-01,"D11","EMP D11",38.0422,121.7995,0.64348517416633,0.0236780577342493,0.0250959217924869
"1326",1995-02-01,"D19C","EMP D19",38.0438,121.6148,31.6208217117589,0.989709651708523,1.2332120467586
"1327",1995-02-01,"D28AL","EMP D28A",37.9701,-121.5741,0.238552759465623,0.00895802093409657,0.0093035576191593
"1328",1995-02-01,"D4C","EMP D4",38.0581,-121.8193,0.20387870936087,0.0802743118269334,0.0815514837443481
"1329",1995-02-01,"D4L","EMP D4",38.0581,-121.8193,0.342187893046977,0.0253065100249401,0.0260447529322652
"1330",1995-02-01,"D4R","EMP D4",38.0581,-121.8193,13.8319360336063,4.91187817197477,5.49106438556364
"1331",1995-02-01,"D41AC","EMP D41A",38.0847,-122.3906,0.204113575802461,0.079125654516294,0.0816454303209845
"1332",1995-02-01,"D7C","EMP D7",38.1171,-122.0395,0.24306087595798,0.0933315803942761,0.0651403147567386
"1333",1995-02-01,"USGS 8.1","EMP USGS 8.1",38.0316,122.1403,2.29324537948549,0.877003800933803,0.917298151794195
"1334",1995-03-01,"D11","EMP D11",38.0422,121.7995,2.99496242361207,0.124149302189859,0.131778346638931
"1335",1995-03-01,"D19C","EMP D19",38.0438,121.6148,29.9559417479566,1.07737533417096,1.31806143691009
"1336",1995-03-01,"D28AL","EMP D28A",37.9701,-121.5741,15.4898474261679,0.560156037725992,0.681553286751386
"1337",1995-03-01,"D4C","EMP D4",38.0581,-121.8193,0,0,0
"1338",1995-03-01,"D4L","EMP D4",38.0581,-121.8193,2.53737804712868,0.197124968674591,0.203482597878523
"1339",1995-03-01,"D4R","EMP D4",38.0581,-121.8193,0.279479165658784,0.109718756692122,0.11127707602088
"1340",1995-03-01,"D41AC","EMP D41A",38.0847,-122.3906,0.107042987976552,0.0418717105439326,0.042817195190621
"1341",1995-03-01,"D7C","EMP D7",38.1171,-122.0395,0.0739548512800078,0.0287529421449566,0.0198199001430421
"1342",1995-03-01,"USGS 8.1","EMP USGS 8.1",38.0316,122.1403,7.91024624400766,2.8951715179451,3.16409849760306
"1343",1995-04-01,"D11","EMP D11",38.0422,121.7995,6.34511462776013,0.312941030121724,0.348981304526807
"1344",1995-04-01,"D19C","EMP D19",38.0438,121.6148,18.9951415157439,0.791625383923894,0.93076193427145
"1345",1995-04-01,"D28AL","EMP D28A",37.9701,-121.5741,11.4689527831883,0.548658290651969,0.630792403075356
"1346",1995-04-01,"D4C","EMP D4",38.0581,-121.8193,0.0655858011571759,0.0234894982523563,0.0237310347518221
"1347",1995-04-01,"D4L","EMP D4",38.0581,-121.8193,11.7378315845338,0.529016648938736,0.603889911158486
"1348",1995-04-01,"D4R","EMP D4",38.0581,-121.8193,4.20374082151008,1.30598437678653,1.36277403485959
"1349",1995-04-01,"D41AC","EMP D41A",38.0847,-122.3906,0.485741102076662,0.186293280101317,0.194296440830665
"1350",1995-04-01,"D7C","EMP D7",38.1171,-122.0395,0.140932077108815,0.0543665070895098,0.0377697966651624
"1351",1995-04-01,"USGS 8.1","EMP USGS 8.1",38.0316,122.1403,1.30662795148828,0.506119092276495,0.522651180595312
"1352",1995-05-01,"D11","EMP D11",38.0422,121.7995,10.5397810543936,0.500238239164402,0.579687957991649
"1353",1995-05-01,"D19C","EMP D19",38.0438,121.6148,29.0332832183174,2.17007782289984,2.49686235677529
"1354",1995-05-01,"D28AL","EMP D28A",37.9701,-121.5741,25.1720781109107,1.41627469561354,1.73687338965284
"1355",1995-05-01,"D4C","EMP D4",38.0581,-121.8193,1.38688121312512,0.167261491266855,0.170222573693727
"1356",1995-05-01,"D4L","EMP D4",38.0581,-121.8193,0.633261656557702,0.0350435322851696,0.036304136727854
"1357",1995-05-01,"D4R","EMP D4",38.0581,-121.8193,1.78003165251902,0.662833031085937,0.684988752266138
"1358",1995-05-01,"D41AC","EMP D41A",38.0847,-122.3906,3.40797289645469,1.24549453622796,1.36318915858188
"1359",1995-05-01,"D7C","EMP D7",38.1171,-122.0395,0.195396638591768,0.0747691039902815,0.0523662991425938
"1360",1995-05-01,"USGS 8.1","EMP USGS 8.1",38.0316,122.1403,1.09578538989233,0.424951510723147,0.438314155956931
"1361",1995-06-01,"D11","EMP D11",38.0422,121.7995,7.58055670116114,0.677929683522449,0.811119567024242
"1362",1995-06-01,"D19C","EMP D19",38.0438,121.6148,11.9375775055399,0.921171005718368,1.02663166547643
"1363",1995-06-01,"D28AL","EMP D28A",37.9701,-121.5741,24.4673714059376,2.09805875879238,2.61800874043532
"1364",1995-06-01,"D4C","EMP D4",38.0581,-121.8193,0.662649714603768,0.0817763217223404,0.0837636431393167
"1365",1995-06-01,"D4L","EMP D4",38.0581,-121.8193,4.50151937042038,0.401756811325034,0.434395968682441
"1366",1995-06-01,"D4R","EMP D4",38.0581,-121.8193,0.962448845094515,0.347597281498371,0.356741497993682
"1367",1995-06-01,"D41AC","EMP D41A",38.0847,-122.3906,6.424556482824,2.34126791805347,2.5698225931296
"1368",1995-06-01,"D7C","EMP D7",38.1171,-122.0395,0.440590416167843,0.168747145410861,0.118078231532982
"1369",1995-06-01,"USGS 8.1","EMP USGS 8.1",38.0316,122.1403,0.928887909795477,0.36134674636324,0.371555163918191
"1370",1995-07-01,"D11","EMP D11",38.0422,121.7995,4.62627234235414,0.419201093505287,0.495011140631892
"1371",1995-07-01,"D19C","EMP D19",38.0438,121.6148,21.4386402993062,1.96534658902628,2.29393451202577
"1372",1995-07-01,"D28AL","EMP D28A",37.9701,-121.5741,34.0414275179515,3.36656414223129,4.5615512874055
"1373",1995-07-01,"D4C","EMP D4",38.0581,-121.8193,1.11651958161866,0.16463139762119,0.169208187140328
"1374",1995-07-01,"D4L","EMP D4",38.0581,-121.8193,2.54739033186196,0.245937684372809,0.268973971096642
"1375",1995-07-01,"D4R","EMP D4",38.0581,-121.8193,0.670137711051633,0.246183217161633,0.250864388439193
"1376",1995-07-01,"D41AC","EMP D41A",38.0847,-122.3906,6.28911060854142,2.2761149923417,2.51564424341657
"1377",1995-07-01,"D7C","EMP D7",38.1171,-122.0395,0.736260497563283,0.280997314745692,0.19731781334696
"1378",1995-07-01,"USGS 8.1","EMP USGS 8.1",38.0316,122.1403,1.07219288828414,0.410763463796953,0.428877155313658
"1379",1995-08-01,"D11","EMP D11",38.0422,121.7995,8.24098453960215,1.02836056181376,1.22790669640072
"1380",1995-08-01,"D19C","EMP D19",38.0438,121.6148,14.0915034119263,1.85303648568828,2.09963400837702
"1381",1995-08-01,"D28AL","EMP D28A",37.9701,-121.5741,28.8991109748329,4.0029897378444,4.8261515327971
"1382",1995-08-01,"D4C","EMP D4",38.0581,-121.8193,0.106420287544085,0.0339577621396704,0.0343765782019469
"1383",1995-08-01,"D4L","EMP D4",38.0581,-121.8193,8.79200447313975,0.997921246822479,1.12127184328801
"1384",1995-08-01,"D4R","EMP D4",38.0581,-121.8193,4.47618724519219,1.41895073184282,1.49335824243017
"1385",1995-08-01,"D41AC","EMP D41A",38.0847,-122.3906,11.1369888411747,3.93928019893892,4.45479553646989
"1386",1995-08-01,"D7C","EMP D7",38.1171,-122.0395,0.669611836168046,0.25646287740321,0.179455972093036
"1387",1995-08-01,"USGS 8.1","EMP USGS 8.1",38.0316,122.1403,3.41508285202147,1.28275813518449,1.36603314080859
"1388",1995-09-01,"D11","EMP D11",38.0422,121.7995,6.5881787353929,0.665698804334395,0.790581448247147
"1389",1995-09-01,"D19C","EMP D19",38.0438,121.6148,20.4785467078072,1.85517730457945,2.19120449773537
"1390",1995-09-01,"D28AL","EMP D28A",37.9701,-121.5741,2.34814712712512,0.299086756239486,0.314651715034767
"1391",1995-09-01,"D4C","EMP D4",38.0581,-121.8193,0.894601878032836,0.128901909056322,0.133362753338792
"1392",1995-09-01,"D4L","EMP D4",38.0581,-121.8193,7.5946999464107,1.3542745496256,1.52351388683317
"1393",1995-09-01,"D4R","EMP D4",38.0581,-121.8193,0.952246165351339,0.24840092754588,0.256113433662238
"1394",1995-09-01,"D41AC","EMP D41A",38.0847,-122.3906,10.7628874431844,3.88624332856779,4.30515497727378
"1395",1995-09-01,"D7C","EMP D7",38.1171,-122.0395,0.168809688974346,0.0646060002378951,0.0452409966451248
"1396",1995-09-01,"USGS 8.1","EMP USGS 8.1",38.0316,122.1403,10.6984400485027,3.8507743171322,4.27937601940109
"1397",1995-10-01,"D11","EMP D11",38.0422,121.7995,6.92159737210467,0.488551250899064,0.595257374001002
"1398",1995-10-01,"D19C","EMP D19",38.0438,121.6148,37.1570461423115,2.62226666515067,3.19550596823878
"1399",1995-10-01,"D28AL","EMP D28A",37.9701,-121.5741,26.5049179583953,1.85620094498884,2.279422944422
"1400",1995-10-01,"D4C","EMP D4",38.0581,-121.8193,0.802861504510208,0.0660118613661584,0.0690460893878779
"1401",1995-10-01,"D4L","EMP D4",38.0581,-121.8193,3.44800934567854,0.326631182438388,0.359097589516756
"1402",1995-10-01,"D4R","EMP D4",38.0581,-121.8193,5.73550838861203,1.11311460284961,1.18895093982728
"1403",1995-10-01,"D41AC","EMP D41A",38.0847,-122.3906,11.893372931634,4.20529889816058,4.75734917265362
"1404",1995-10-01,"D7C","EMP D7",38.1171,-122.0395,0.763929754272717,0.289145931574922,0.204733174145088
"1405",1995-10-01,"USGS 8.1","EMP USGS 8.1",38.0316,122.1403,8.56563037303814,3.14127583656138,3.42625214921526
"1406",1995-11-01,"D11","EMP D11",38.0422,121.7995,6.85485628087766,0.376447588051736,0.472985083380559
"1407",1995-11-01,"D19C","EMP D19",38.0438,121.6148,16.3181409130705,0.888678164705994,0.995406595697302
"1408",1995-11-01,"D28AL","EMP D28A",37.9701,-121.5741,18.5875509430624,0.96543951017598,1.1338406075268
"1409",1995-11-01,"D4C","EMP D4",38.0581,-121.8193,0.00998867600723078,0.000680893065849854,0.000689218644498924
"1410",1995-11-01,"D4L","EMP D4",38.0581,-121.8193,3.19926327134107,0.462585116480207,0.498972286512553
"1411",1995-11-01,"D4R","EMP D4",38.0581,-121.8193,0.758781790486796,0.235736012195329,0.240856300382132
"1412",1995-11-01,"D41AC","EMP D41A",38.0847,-122.3906,3.15726100735678,1.18611823662952,1.26290440294271
"1413",1995-11-01,"D7C","EMP D7",38.1171,-122.0395,0.429848829132247,0.165675613023655,0.115199486207442
"1414",1995-12-01,"D11","EMP D11",38.0422,121.7995,12.6462760793116,0.407967339022374,0.493204767093151
"1415",1995-12-01,"D19C","EMP D19",38.0438,121.6148,17.4053406391757,0.638681216140738,0.76583498812373
"1416",1995-12-01,"D28AL","EMP D28A",37.9701,-121.5741,14.8526735864145,0.592838076434451,0.653517637802239
"1417",1995-12-01,"D4C","EMP D4",38.0581,-121.8193,0,0,0
"1418",1995-12-01,"D4L","EMP D4",38.0581,-121.8193,5.48903025114698,0.20431450307502,0.214072179794732
"1419",1995-12-01,"D4R","EMP D4",38.0581,-121.8193,1.39831456205902,0.370001466864277,0.377544931755936
"1420",1995-12-01,"D41AC","EMP D41A",38.0847,-122.3906,2.8599212814645,1.07519419880155,1.1439685125858
"1421",1995-12-01,"D7C","EMP D7",38.1171,-122.0395,0,0,0
"1422",1995-12-01,"USGS 8.1","EMP USGS 8.1",38.0316,122.1403,11.0690164838663,3.79206076019005,4.4276065935465
"1423",1996-01-01,"C9L","EMP C9",37.8271,-121.5522,4.91679248204109,0.143782273345771,0.152420566943274
"1424",1996-01-01,"D16L","EMP D16",38.093,-121.6697,0.319215821236702,0.0138196135066315,0.0140454961344149
"1425",1996-01-01,"D24L","EMP D24",38.1547,-121.6814,34.7719617152141,0.899012546016711,1.07793081317164
"1426",1996-01-01,"D28AL","EMP D28A",37.9701,-121.5741,0.738609167388336,0.0222841785847781,0.0228968841890384
"1427",1996-01-01,"D4L","EMP D4",38.0581,-121.8193,2.69117667210891,0.116608304750144,0.130565421596038
"1428",1996-01-01,"D41C","EMP D41",38.016,-122.3647,20.4220991777776,6.58777714750904,8.16883967111105
"1429",1996-01-01,"D41AC","EMP D41A",38.0847,-122.3906,0.617822764719805,0.237271008454487,0.247129105887922
"1430",1996-01-01,"D7C","EMP D7",38.1171,-122.0395,0.846810191158957,0.218350922385994,0.153187963580655
"1431",1996-01-01,"P8R","EMP P8",37.9778,-121.3799,7.6329117125478,0.221114435061497,0.236620263088982
"1432",1996-01-01,"USGS 8.1","EMP USGS 8.1",38.0316,122.1403,37.4114650731777,8.1935693506103,10.101095569758
"1433",1996-02-01,"C9L","EMP C9",37.8271,-121.5522,4.18440924646361,0.168806308369424,0.184114006844399
"1434",1996-02-01,"D16L","EMP D16",38.093,-121.6697,0.0469199673496692,0.00181096137345331,0.0018298787266371
"1435",1996-02-01,"D24L","EMP D24",38.1547,-121.6814,3.39014300519372,0.111022066020752,0.11865500518178
"1436",1996-02-01,"D28AL","EMP D28A",37.9701,-121.5741,1.32970265167536,0.0559124136170932,0.058506916673716
"1437",1996-02-01,"D4L","EMP D4",38.0581,-121.8193,1.9186396329592,0.151707683599757,0.160829059761937
"1438",1996-02-01,"D41C","EMP D41",38.016,-122.3647,14.2809970542888,4.89761159924038,5.7123988217155
"1439",1996-02-01,"D41AC","EMP D41A",38.0847,-122.3906,1.37307023835203,0.519483491823949,0.549228095340812
"1440",1996-02-01,"D7C","EMP D7",38.1171,-122.0395,1.18731761645107,0.449254570858147,0.318201121208886
"1441",1996-02-01,"USGS 8.1","EMP USGS 8.1",38.0316,122.1403,15.6252421056687,3.68956544855853,4.21881536853054
"1442",1996-03-01,"C9L","EMP C9",37.8271,-121.5522,0.441563561109838,0.019602477839328,0.0216366144943821
"1443",1996-03-01,"D16L","EMP D16",38.093,-121.6697,2.13825615042822,0.0901684850606183,0.0940832706188417
"1444",1996-03-01,"D24L","EMP D24",38.1547,-121.6814,15.8359666772306,0.490586071971107,0.554258833703071
"1445",1996-03-01,"D28AL","EMP D28A",37.9701,-121.5741,4.81127388333229,0.22272846457809,0.235752420283282
"1446",1996-03-01,"D4L","EMP D4",38.0581,-121.8193,0.418946639522342,0.0435748490288311,0.0704
"1447",1996-03-01,"D41C","EMP D41",38.016,-122.3647,23.9401759183299,7.80096601009455,9.57607036733195
"1448",1996-03-01,"D41AC","EMP D41A",38.0847,-122.3906,0.689979153326398,0.261858354980308,0.275991661330559
"1449",1996-03-01,"D7C","EMP D7",38.1171,-122.0395,0.39271739627345,0.150361288131505,0.105248262201285
"1450",1996-03-01,"P8R","EMP P8",37.9778,-121.3799,5.52975562057639,0.253640516329911,0.270958025408243
"1451",1996-03-01,"USGS 8.1","EMP USGS 8.1",38.0316,122.1403,14.8685069601562,5.21011210987785,5.94740278406246
"1452",1996-04-01,"C9L","EMP C9",37.8271,-121.5522,2.27387532883257,0.187301630853014,0.195553278279601
"1453",1996-04-01,"D16L","EMP D16",38.093,-121.6697,1.5760710911045,0.103629430011887,0.108748905286211
"1454",1996-04-01,"D24L","EMP D24",38.1547,-121.6814,58.0937769020595,2.0025096136615,2.55612618369062
"1455",1996-04-01,"D28AL","EMP D28A",37.9701,-121.5741,16.7128116681248,1.30475261079879,1.43730180345873
"1456",1996-04-01,"D4L","EMP D4",38.0581,-121.8193,0.863865848266644,0.0446762142055036,0.0461641211417315
"1457",1996-04-01,"D41C","EMP D41",38.016,-122.3647,14.0045807022603,4.46829252440758,5.60183228090411
"1458",1996-04-01,"D41AC","EMP D41A",38.0847,-122.3906,0.922514098141515,0.339740227964952,0.369005639256606
"1459",1996-04-01,"D7C","EMP D7",38.1171,-122.0395,0.417352822771745,0.159589765078262,0.111850556502828
"1460",1996-04-01,"P8R","EMP P8",37.9778,-121.3799,14.5342000375258,1.04375827271851,1.11913340288949
"1461",1996-04-01,"USGS 8.1","EMP USGS 8.1",38.0316,122.1403,9.63744714366977,3.5145854322199,3.85497885746791
"1462",1996-05-01,"C9L","EMP C9",37.8271,-121.5522,7.07019874268247,0.704089456126329,0.756511265467024
"1463",1996-05-01,"D16L","EMP D16",38.093,-121.6697,18.6563810540298,1.20924023236389,1.43654134116029
"1464",1996-05-01,"D24L","EMP D24",38.1547,-121.6814,74.4769672664648,4.06186468252145,5.13891074138607
"1465",1996-05-01,"D28AL","EMP D28A",37.9701,-121.5741,5.72448981360071,0.576827586474404,0.612520410055276
"1466",1996-05-01,"D4L","EMP D4",38.0581,-121.8193,7.03431600939748,0.578213987359063,0.66501494710145
"1467",1996-05-01,"D41C","EMP D41",38.016,-122.3647,21.1605574229272,7.03039344150883,8.46422296917086
"1468",1996-05-01,"D41AC","EMP D41A",38.0847,-122.3906,4.48229297602604,1.59877673837033,1.79291719041042
"1469",1996-05-01,"D7C","EMP D7",38.1171,-122.0395,0.662150797273331,0.251841578788465,0.177456413669253
"1470",1996-05-01,"P8R","EMP P8",37.9778,-121.3799,12.3435154894743,1.12458939609455,1.18497748698953
"1471",1996-05-01,"USGS 8.1","EMP USGS 8.1",38.0316,122.1403,20.024117795077,6.98274496620656,8.00964711803078
"1472",1996-06-01,"C9L","EMP C9",37.8271,-121.5522,22.3906729095609,3.35113495508661,3.73924237589668
"1473",1996-06-01,"D28AL","EMP D28A",37.9701,-121.5741,11.4797195241985,1.75418064658142,1.91711316054115
"1474",1996-06-01,"P8R","EMP P8",37.9778,-121.3799,8.52831003849099,1.51740669188831,1.59479397719781
"1475",1996-07-01,"C9L","EMP C9",37.8271,-121.5522,34.8132720503016,5.05189055769931,5.81381643240037
"1476",1996-07-01,"D16L","EMP D16",38.093,-121.6697,0,0,0
"1477",1996-07-01,"D24L","EMP D24",38.1547,-121.6814,0,0,0
"1478",1996-07-01,"D28AL","EMP D28A",37.9701,-121.5741,60.4960811798192,7.96924942954419,10.1028455570298
"1479",1996-07-01,"D4L","EMP D4",38.0581,-121.8193,6.89033570403341,0.684398235577675,0.801004296807104
"1480",1996-07-01,"D41C","EMP D41",38.016,-122.3647,23.2854157824401,7.64460310556531,9.31416631297603
"1481",1996-07-01,"D41AC","EMP D41A",38.0847,-122.3906,7.09721998979836,2.45816513851131,2.83888799591934
"1482",1996-07-01,"D7C","EMP D7",38.1171,-122.0395,1.56574407203148,0.592629252321993,0.419619411304436
"1483",1996-07-01,"P8R","EMP P8",37.9778,-121.3799,5.77679559360932,1.00567876309012,1.08026077600494
"1484",1996-07-01,"USGS 8.1","EMP USGS 8.1",38.0316,122.1403,8.35611734974415,3.02699908215601,3.34244693989766
"1485",1996-08-01,"C9L","EMP C9",37.8271,-121.5522,29.1961022127334,4.46595374487342,4.87574906952648
"1486",1996-08-01,"D16L","EMP D16",38.093,-121.6697,2.98885181081768,0.36498506342075,0.40050614264957
"1487",1996-08-01,"D24L","EMP D24",38.1547,-121.6814,23.3498408290509,2.50395707789773,3.12887867109282
"1488",1996-08-01,"D28AL","EMP D28A",37.9701,-121.5741,60.1998318246553,7.78774691076447,10.0533719147174
"1489",1996-08-01,"D4L","EMP D4",38.0581,-121.8193,11.302460780545,1.15765214398793,1.46716347277605
"1490",1996-08-01,"D41C","EMP D41",38.016,-122.3647,31.0322562804275,9.73326809158158,12.412902512171
"1491",1996-08-01,"D41AC","EMP D41A",38.0847,-122.3906,11.3112981932545,3.83976300186737,4.5245192773018
"1492",1996-08-01,"D7C","EMP D7",38.1171,-122.0395,2.13954771200362,0.813174554982594,0.573398786816969
"1493",1996-08-01,"P8R","EMP P8",37.9778,-121.3799,7.22759073636337,1.25556543818815,1.35155946769995
"1494",1996-08-01,"USGS 8.1","EMP USGS 8.1",38.0316,122.1403,20.4920617673222,7.06423936712349,8.19682470692888
"1495",1996-09-01,"C9L","EMP C9",37.8271,-121.5522,60.7417459779423,5.56881091055488,6.49936681963983
"1496",1996-09-01,"D16L","EMP D16",38.093,-121.6697,4.78661219754877,0.429881518797551,0.459514770964682
"1497",1996-09-01,"D24L","EMP D24",38.1547,-121.6814,46.5486334525,3.77937016520118,4.46866881144001
"1498",1996-09-01,"D28AL","EMP D28A",37.9701,-121.5741,41.2664896430491,3.52736355367458,4.41551439180625
"1499",1996-09-01,"D4L","EMP D4",38.0581,-121.8193,8.2633139205466,0.57738961982415,0.70970983739515
"1500",1996-09-01,"D41C","EMP D41",38.016,-122.3647,26.3772828636862,8.67308974421107,10.5509131454745
"1501",1996-09-01,"D41AC","EMP D41A",38.0847,-122.3906,9.29878532548827,3.23967974407203,3.71951413019531
"1502",1996-09-01,"D7C","EMP D7",38.1171,-122.0395,3.43169993773622,1.27602719572419,0.919695583313307
"1503",1996-09-01,"P8R","EMP P8",37.9778,-121.3799,1.71629426313123,0.191112054973466,0.205955311575747
"1504",1996-09-01,"USGS 8.1","EMP USGS 8.1",38.0316,122.1403,4.97760935257008,1.84527540510503,1.99104374102803
"1505",1996-10-01,"C9L","EMP C9",37.8271,-121.5522,32.2808907344012,2.43300722293099,2.7761566031585
"1506",1996-10-01,"D16L","EMP D16",38.093,-121.6697,9.5327066619374,0.638871787595696,0.73401841296918
"1507",1996-10-01,"D24L","EMP D24",38.1547,-121.6814,27.2885974550535,1.8660831504977,2.10122200403912
"1508",1996-10-01,"D28AL","EMP D28A",37.9701,-121.5741,39.5757376521062,2.74337219708286,3.40351343808113
"1509",1996-10-01,"D4L","EMP D4",38.0581,-121.8193,1.15103379509823,0.140600700924236,0.152414691474486
"1510",1996-10-01,"D41C","EMP D41",38.016,-122.3647,8.95152809421627,3.14897406279364,3.58061123768651
"1511",1996-10-01,"D41AC","EMP D41A",38.0847,-122.3906,4.19274717999823,1.52865381924833,1.67709887199929
"1512",1996-10-01,"D7C","EMP D7",38.1171,-122.0395,1.64868123444431,0.62991186452492,0.441846570831076
"1513",1996-10-01,"P8R","EMP P8",37.9778,-121.3799,0.421932340849268,0.0347035150991267,0.036286181313037
"1514",1996-10-01,"USGS 8.1","EMP USGS 8.1",38.0316,122.1403,4.67126421060697,1.72773535450881,1.86850568424279
"1515",1996-11-01,"C9L","EMP C9",37.8271,-121.5522,43.5133156793069,1.78444866875767,2.13215246828604
"1516",1996-11-01,"D16L","EMP D16",38.093,-121.6697,18.5398113479009,0.723358601721923,0.908450756047146
"1517",1996-11-01,"D24L","EMP D24",38.1547,-121.6814,24.8470727936215,0.888478422555418,1.09327120291935
"1518",1996-11-01,"D28AL","EMP D28A",37.9701,-121.5741,8.30435283783085,0.369802797092013,0.406913289053712
"1519",1996-11-01,"D4L","EMP D4",38.0581,-121.8193,4.80301727430123,0.176447323256547,0.202296997084583
"1520",1996-11-01,"D41C","EMP D41",38.016,-122.3647,13.8784780839673,4.50779426731638,5.55139123358692
"1521",1996-11-01,"D41AC","EMP D41A",38.0847,-122.3906,1.68046786708058,0.632873229493533,0.67218714683223
"1522",1996-11-01,"D7C","EMP D7",38.1171,-122.0395,1.52785950854543,0.828143081842007,0.60280615827572
"1523",1996-11-01,"P8R","EMP P8",37.9778,-121.3799,5.50273884990441,0.255752624077168,0.269634203645316
"1524",1996-11-01,"USGS 8.1","EMP USGS 8.1",38.0316,122.1403,40.7387078203473,13.0237142418513,16.2954831281389
"1525",1996-12-01,"C9L","EMP C9",37.8271,-121.5522,33.4017094851269,1.13993518445868,1.30266666991995
"1526",1996-12-01,"D16L","EMP D16",38.093,-121.6697,26.4614274730449,0.726636540180812,1.03199567144875
"1527",1996-12-01,"D24L","EMP D24",38.1547,-121.6814,42.4522683091284,1.45389600485934,1.86789980560165
"1528",1996-12-01,"D28AL","EMP D28A",37.9701,-121.5741,3.56814035705961,0.132151551547114,0.139157473925325
"1529",1996-12-01,"D4L","EMP D4",38.0581,-121.8193,0.839052746920098,0,0
"1530",1996-12-01,"D41C","EMP D41",38.016,-122.3647,21.7717008285855,7.02581837151041,8.70868033143418
"1531",1996-12-01,"D41AC","EMP D41A",38.0847,-122.3906,1.2833000205472,0.477745878358915,0.513320008218881
"1532",1996-12-01,"D7C","EMP D7",38.1171,-122.0395,2.64124605281308,0.659116643563371,0.477801410953886
"1533",1996-12-01,"P8R","EMP P8",37.9778,-121.3799,6.916598384928,0.256000639809061,0.269747337012192
"1534",1996-12-01,"USGS 8.1","EMP USGS 8.1",38.0316,122.1403,15.5027307283542,5.4290524326603,6.20109229134167
"1535",1997-01-01,"D16L","EMP D16",38.093,-121.6697,46.3650464934881,1.44109491144612,1.80823681324604
"1536",1997-01-01,"D24L","EMP D24",38.1547,-121.6814,50.9955592805496,1.29083261207856,1.78484457481923
"1537",1997-01-01,"D28AL","EMP D28A",37.9701,-121.5741,3.2243744445933,0.1298424571589,0.141872475562105
"1538",1997-01-01,"D4L","EMP D4",38.0581,-121.8193,4.89418132371546,0.154591958353514,0.179765213479924
"1539",1997-01-01,"D7C","EMP D7",38.1171,-122.0395,0.27316604980746,0.0689985215376887,0.0494157384101695
"1540",1997-01-01,"P8R","EMP P8",37.9778,-121.3799,1.00218643814602,0.0365748599982714,0.0390852710876948
"1541",1997-01-01,"USGS 8.1","EMP USGS 8.1",38.0316,122.1403,2.67159799423327,0.68557882885408,0.721331458442983
"1542",1997-02-01,"C9L","EMP C9",37.8271,-121.5522,7.37435879553249,0.277257633753228,0.287599993025767
"1543",1997-02-01,"D16L","EMP D16",38.093,-121.6697,11.1535741204682,0.311313034414649,0.390375094216387
"1544",1997-02-01,"D24L","EMP D24",38.1547,-121.6814,19.9779130594668,0.502493197158109,0.61931530484347
"1545",1997-02-01,"D28AL","EMP D28A",37.9701,-121.5741,5.91462399533469,0.191909811510237,0.230670335818053
"1546",1997-02-01,"D4L","EMP D4",38.0581,-121.8193,6.48402908300674,0.184324721330035,0.226678686022588
"1547",1997-02-01,"D41C","EMP D41",38.016,-122.3647,1.60232645759251,0.600182166220547,0.640930583037003
"1548",1997-02-01,"D41AC","EMP D41A",38.0847,-122.3906,0.338589252673707,0.129800403987153,0.135435701069483
"1549",1997-02-01,"D7C","EMP D7",38.1171,-122.0395,0.504808938352444,0.188294945600765,0.135288795478455
"1550",1997-02-01,"P8R","EMP P8",37.9778,-121.3799,0.195733511131574,0.00716010788852674,0.00763360693413137
"1551",1997-02-01,"USGS 8.1","EMP USGS 8.1",38.0316,122.1403,0.914356988272408,0.353961016877006,0.365742795308963
"1552",1997-03-01,"C9L","EMP C9",37.8271,-121.5522,25.8080700631766,1.28838371151109,1.41944385347472
"1553",1997-03-01,"D16L","EMP D16",38.093,-121.6697,170.357972983259,4.00439285986224,7.4957508112634
"1554",1997-03-01,"D24L","EMP D24",38.1547,-121.6814,30.6782353001892,1.40046640415228,1.68730294151041
"1555",1997-03-01,"D28AL","EMP D28A",37.9701,-121.5741,7.31446938195372,0.35590610180131,0.402295816007454
"1556",1997-03-01,"D4L","EMP D4",38.0581,-121.8193,5.56816366508015,0.272390120413229,0.306249001579408
"1557",1997-03-01,"D41C","EMP D41",38.016,-122.3647,1.2796912167277,0.485904037186118,0.51187648669108
"1558",1997-03-01,"D41AC","EMP D41A",38.0847,-122.3906,0.21047807983704,0.0802456290050225,0.0841912319348159
"1559",1997-03-01,"D7C","EMP D7",38.1171,-122.0395,0.371110631508898,0.139826287031744,0.0994576492443846
"1560",1997-03-01,"P8R","EMP P8",37.9778,-121.3799,26.1605372884566,1.33796654742893,1.43882955086511
"1561",1997-04-01,"C9L","EMP C9",37.8271,-121.5522,33.7039751369665,2.14856339982439,2.32557428445069
"1562",1997-04-01,"D16L","EMP D16",38.093,-121.6697,0.746646996499647,0.0359355973967583,0.0410655848074806
"1563",1997-04-01,"D24L","EMP D24",38.1547,-121.6814,0.0848491810600719,0.00631365086820195,0.00653338694162554
"1564",1997-04-01,"D28AL","EMP D28A",37.9701,-121.5741,7.5305962939509,0.457232091519775,0.519611144282612
"1565",1997-04-01,"D4L","EMP D4",38.0581,-121.8193,12.9939253398908,0.990610670957825,1.16164456837361
"1566",1997-04-01,"D41C","EMP D41",38.016,-122.3647,0.670015570000315,0.257000107890654,0.268006228000126
"1567",1997-04-01,"D41AC","EMP D41A",38.0847,-122.3906,1.70453396978202,0.615774386625972,0.68181358791281
"1568",1997-04-01,"D7C","EMP D7",38.1171,-122.0395,0.335678486400991,0.12806857928907,0.0899618343554656
"1569",1997-04-01,"P8R","EMP P8",37.9778,-121.3799,1.01443534103575,0.0756346592371599,0.0781115212597526
"1570",1997-04-01,"USGS 8.1","EMP USGS 8.1",38.0316,122.1403,3.65086322595459,1.39881582900913,1.46034529038184
"1571",1997-05-01,"C9L","EMP C9",37.8271,-121.5522,27.5429067481313,3.2989279878118,3.69074950424959
"1572",1997-05-01,"D16L","EMP D16",38.093,-121.6697,28.6134704860139,2.35322866662464,2.4607584617972
"1573",1997-05-01,"D24L","EMP D24",38.1547,-121.6814,39.5839954509058,3.30204874151839,3.80006356328696
"1574",1997-05-01,"D28AL","EMP D28A",37.9701,-121.5741,0.0058193278003344,0.000773545516705821,0.00077978992524481
"1575",1997-05-01,"D4L","EMP D4",38.0581,-121.8193,15.1811251031282,1.42736153547007,1.79753067132694
"1576",1997-05-01,"D41C","EMP D41",38.016,-122.3647,0.665128302766052,0.251873485395986,0.266051321106421
"1577",1997-05-01,"D41AC","EMP D41A",38.0847,-122.3906,1.68055540789187,0.597408064329206,0.672222163156747
"1578",1997-05-01,"D7C","EMP D7",38.1171,-122.0395,0.886579023874338,0.326256116377571,0.237603178398323
"1579",1997-05-01,"P8R","EMP P8",37.9778,-121.3799,5.30930125492813,0.547047305847336,0.56809523427731
"1580",1997-05-01,"USGS 8.1","EMP USGS 8.1",38.0316,122.1403,23.7322511973461,8.43153680801209,9.49290047893846
"1581",1997-06-01,"C9L","EMP C9",37.8271,-121.5522,45.3636886146998,5.48554939107753,6.07873427436978
"1582",1997-06-01,"D16L","EMP D16",38.093,-121.6697,47.0991969381857,3.73536350829385,5.03961407238587
"1583",1997-06-01,"D24L","EMP D24",38.1547,-121.6814,22.8412141152836,2.19357377587479,2.44400991033535
"1584",1997-06-01,"D28AL","EMP D28A",37.9701,-121.5741,26.5799568573015,2.846936474643,3.5617142188784
"1585",1997-06-01,"D4L","EMP D4",38.0581,-121.8193,14.9464843847464,1.45233943510712,1.79357812616956
"1586",1997-06-01,"D41C","EMP D41",38.016,-122.3647,10.8400278707023,3.660426241433,4.33601114828093
"1587",1997-06-01,"D41AC","EMP D41A",38.0847,-122.3906,7.599813783051,2.67163392662254,3.0399255132204
"1588",1997-06-01,"D7C","EMP D7",38.1171,-122.0395,2.77389232685353,0.996778505528366,0.743403143596747
"1589",1997-06-01,"P8R","EMP P8",37.9778,-121.3799,9.81611075166049,1.39175686826823,1.46260050199741
"1590",1997-06-01,"USGS 8.1","EMP USGS 8.1",38.0316,122.1403,4.16590010709044,1.55143166866095,1.66636004283617
"1591",1997-07-01,"C9L","EMP C9",37.8271,-121.5522,18.3897972564015,0,0
"1592",1997-07-01,"D16L","EMP D16",38.093,-121.6697,66.7230875451142,7.8684504821142,11.1427556200341
"1593",1997-07-01,"D24L","EMP D24",38.1547,-121.6814,12.1789878101496,1.33762308132308,1.46147853721795
"1594",1997-07-01,"D28AL","EMP D28A",37.9701,-121.5741,0.778470493500062,0,0
"1595",1997-07-01,"D4L","EMP D4",38.0581,-121.8193,26.2160277744747,2.32872505703813,3.1117031549368
"1596",1997-07-01,"D41C","EMP D41",38.016,-122.3647,5.62019788930687,2.00287280238995,2.24807915572275
"1597",1997-07-01,"D41AC","EMP D41A",38.0847,-122.3906,6.9047235567248,2.39722617694834,2.76188942268992
"1598",1997-07-01,"D7C","EMP D7",38.1171,-122.0395,3.13273924670852,1.14280960791159,0.839574118117885
"1599",1997-07-01,"P8R","EMP P8",37.9778,-121.3799,9.48682719800837,1.47196667024829,1.5843001420674
"1600",1997-07-01,"USGS 8.1","EMP USGS 8.1",38.0316,122.1403,13.7092175705416,4.89364638108533,5.48368702821662
"1601",1997-08-01,"C9L","EMP C9",37.8271,-121.5522,0.868919846034963,0.137472105021081,0.145109614287839
"1602",1997-08-01,"D16L","EMP D16",38.093,-121.6697,8.86986987705349,1.30975812752126,1.48126826946793
"1603",1997-08-01,"D24L","EMP D24",38.1547,-121.6814,34.169399768017,3.58358122142131,4.10032797216205
"1604",1997-08-01,"D28AL","EMP D28A",37.9701,-121.5741,47.9388195251744,6.34125757591694,8.00578286070413
"1605",1997-08-01,"D4L","EMP D4",38.0581,-121.8193,11.8831875735534,1.22129215551417,1.48650502754008
"1606",1997-08-01,"D41C","EMP D41",38.016,-122.3647,32.9099179202909,9.32267187036917,13.1639671681164
"1607",1997-08-01,"D41AC","EMP D41A",38.0847,-122.3906,14.5603554657729,4.81092019587683,5.82414218630915
"1608",1997-08-01,"D7C","EMP D7",38.1171,-122.0395,4.71774563337236,1.69411904265891,1.26435582974379
"1609",1997-08-01,"P8R","EMP P8",37.9778,-121.3799,110.604129272719,16.5435327405708,20.6829721739985
"1610",1997-08-01,"USGS 8.1","EMP USGS 8.1",38.0316,122.1403,17.9534566363566,6.34461989614768,7.18138265454266
"1611",1997-09-01,"C9L","EMP C9",37.8271,-121.5522,78.2012903122258,9.37530329051816,11.6519922565216
"1612",1997-09-01,"D16L","EMP D16",38.093,-121.6697,16.944671473052,1.73962026343923,2.03336057676623
"1613",1997-09-01,"D24L","EMP D24",38.1547,-121.6814,29.9584023557099,3.24262557815164,3.59500828268518
"1614",1997-09-01,"D28AL","EMP D28A",37.9701,-121.5741,35.5531313123008,4.52373000961425,5.29741656553282
"1615",1997-09-01,"D4L","EMP D4",38.0581,-121.8193,11.102482940757,1.11360343315245,1.40023692521826
"1616",1997-09-01,"D41C","EMP D41",38.016,-122.3647,12.3859566127327,4.29600771145614,4.95438264509308
"1617",1997-09-01,"D41AC","EMP D41A",38.0847,-122.3906,9.94899500654203,3.44031050897117,3.97959800261681
"1618",1997-09-01,"D7C","EMP D7",38.1171,-122.0395,6.06033097919184,2.16283295835049,1.62416870242341
"1619",1997-09-01,"P8R","EMP P8",37.9778,-121.3799,4.24319833848414,0.676046557425556,0.708614122526852
"1620",1997-09-01,"USGS 8.1","EMP USGS 8.1",38.0316,122.1403,19.3735427748079,6.79943111465451,7.74941710992316
"1621",1997-10-01,"C9L","EMP C9",37.8271,-121.5522,84.250223475229,5.40753178557453,6.48726720759263
"1622",1997-10-01,"D16L","EMP D16",38.093,-121.6697,8.04044039928129,0.561382601519376,0.691477874338191
"1623",1997-10-01,"D24L","EMP D24",38.1547,-121.6814,2.57584211954521,0.205922776184279,0.221522422280888
"1624",1997-10-01,"D28AL","EMP D28A",37.9701,-121.5741,51.9033825401091,3.10302105577509,3.9965604555884
"1625",1997-10-01,"D4L","EMP D4",38.0581,-121.8193,5.09710205026236,0.480482486948881,0.578965569240745
"1626",1997-10-01,"D41C","EMP D41",38.016,-122.3647,17.1010000978867,5.8118695188401,6.84040003915466
"1627",1997-10-01,"D41AC","EMP D41A",38.0847,-122.3906,2.35086441859376,0.861958344034594,0.940345767437504
"1628",1997-10-01,"D7C","EMP D7",38.1171,-122.0395,9.8,3.34223005766435,2.62771650481449
"1629",1997-10-01,"P8R","EMP P8",37.9778,-121.3799,2.98368953988131,0.272013585236627,0.286434195828606
"1630",1997-10-01,"USGS 8.1","EMP USGS 8.1",38.0316,122.1403,4.46459475041564,1.6698748033999,1.78583790016625
"1631",1997-11-01,"C9L","EMP C9",37.8271,-121.5522,5.43722671934246,0.354814793851395,0.375168643634629
"1632",1997-11-01,"D16L","EMP D16",38.093,-121.6697,26.4532177903071,1.58677776282875,1.82527202753119
"1633",1997-11-01,"D24L","EMP D24",38.1547,-121.6814,21.5576900580831,1.18171137193845,1.31501909354307
"1634",1997-11-01,"D28AL","EMP D28A",37.9701,-121.5741,7.74429714754626,0.488936986235518,0.534356503180692
"1635",1997-11-01,"D4L","EMP D4",38.0581,-121.8193,8.13994714823275,0.459630175928191,0.560019549701572
"1636",1997-11-01,"D41C","EMP D41",38.016,-122.3647,1.37070403348809,0.527641861011311,0.548281613395237
"1637",1997-11-01,"D41AC","EMP D41A",38.0847,-122.3906,2.09075836488027,0.786000787663905,0.83630334595211
"1638",1997-11-01,"D7C","EMP D7",38.1171,-122.0395,7.14837196585432,1.72079123103096,1.29314048862305
"1639",1997-11-01,"P8R","EMP P8",37.9778,-121.3799,0.0208693233107716,0.00139385886504564,0.00143998330844324
"1640",1997-11-01,"USGS 8.1","EMP USGS 8.1",38.0316,122.1403,6.30606734173972,2.33899024106202,2.52242693669589
"1641",1997-12-01,"C9L","EMP C9",37.8271,-121.5522,5.33235765923051,0.177800100880904,0.186632518073068
"1642",1997-12-01,"D16L","EMP D16",38.093,-121.6697,23.8240306226401,0.790250606859717,0.929137194282965
"1643",1997-12-01,"D24L","EMP D24",38.1547,-121.6814,25.7525838737662,1.02525175691058,1.15886627431948
"1644",1997-12-01,"D28AL","EMP D28A",37.9701,-121.5741,3.04591751700089,0.10238156631421,0.106607113095031
"1645",1997-12-01,"D4L","EMP D4",38.0581,-121.8193,4.39072301218568,0.135679874667433,0.153675305426499
"1646",1997-12-01,"D41C","EMP D41",38.016,-122.3647,0.449664333721467,0.175690935510859,0.179865733488587
"1647",1997-12-01,"D41AC","EMP D41A",38.0847,-122.3906,1.16674419829373,0.439373200157943,0.466697679317494
"1648",1997-12-01,"D7C","EMP D7",38.1171,-122.0395,9.72705932468214,3.32216258784845,2.607104
"1649",1997-12-01,"P8R","EMP P8",37.9778,-121.3799,3.70912698293911,0.139613794861609,0.144655952334625
"1650",1997-12-01,"USGS 8.1","EMP USGS 8.1",38.0316,122.1403,23.8375598914151,8.17264393101626,9.53502395656603
"1651",1998-01-01,"C9L","EMP C9",37.8271,-121.5522,0.573619670774247,0.0172993196526472,0.0177822097940017
"1652",1998-01-01,"D16L","EMP D16",38.093,-121.6697,5.25422365737059,0.134749533536698,0.162880933378488
"1653",1998-01-01,"D24L","EMP D24",38.1547,-121.6814,43.495778221043,1.14810308003713,1.34836912485233
"1654",1998-01-01,"D28AL","EMP D28A",37.9701,-121.5741,35.0450846096187,0.905578495474764,1.08639762289818
"1655",1998-01-01,"D4L","EMP D4",38.0581,-121.8193,0.0330804089176939,0.00316583059142179,0.00322000637660432
"1656",1998-01-01,"D41C","EMP D41",38.016,-122.3647,0,0,0
"1657",1998-01-01,"D41AC","EMP D41A",38.0847,-122.3906,0.206844125082584,0.0801105296484872,0.0827376500330336
"1658",1998-01-01,"D7C","EMP D7",38.1171,-122.0395,1.67201898471108,0.420331417752427,0.302468234334235
"1659",1998-01-01,"P8R","EMP P8",37.9778,-121.3799,6.81037189797611,0.20315345998706,0.211121528837259
"1660",1998-01-01,"USGS 8.1","EMP USGS 8.1",38.0316,122.1403,8.97859464713053,2.16989836581934,2.42422055472524
"1661",1998-02-01,"D16L","EMP D16",38.093,-121.6697,6.63229986744638,0.208880334610561,0.232130495360623
"1662",1998-02-01,"D24L","EMP D24",38.1547,-121.6814,12.8696798750287,0.359489150978221,0.398960076125889
"1663",1998-02-01,"D28AL","EMP D28A",37.9701,-121.5741,16.2119550300137,0.509258065059259,0.567418426050479
"1664",1998-02-01,"D4L","EMP D4",38.0581,-121.8193,2.76342598150388,0.0767304341370297,0.0902167905244583
"1665",1998-02-01,"D41C","EMP D41",38.016,-122.3647,0,0,0
"1666",1998-02-01,"D41AC","EMP D41A",38.0847,-122.3906,0.341229815683979,0.132079882235791,0.136491926273592
"1667",1998-02-01,"D7C","EMP D7",38.1171,-122.0395,0.516030802333767,0.194599524864982,0.13829625502545
"1668",1998-02-01,"P8R","EMP P8",37.9778,-121.3799,2.40322083490319,0.0806982600297552,0.0841127292216115
"1669",1998-02-01,"USGS 8.1","EMP USGS 8.1",38.0316,122.1403,0.540048757585111,0.142340826779572,0.14581316454798
"1670",1998-03-01,"C9L","EMP C9",37.8271,-121.5522,32.3486734852514,1.28260706040084,1.42334163335106
"1671",1998-03-01,"D16L","EMP D16",38.093,-121.6697,88.134270078685,2.67515538074806,3.43723653306871
"1672",1998-03-01,"D24L","EMP D24",38.1547,-121.6814,57.9735246470359,2.17205656200228,2.84070270770476
"1673",1998-03-01,"D28AL","EMP D28A",37.9701,-121.5741,18.188302420844,0.712364030890518,0.800285306517136
"1674",1998-03-01,"D4L","EMP D4",38.0581,-121.8193,11.4695129164449,0.477104588912326,0.545117756416955
"1675",1998-03-01,"D41C","EMP D41",38.016,-122.3647,0,0,0
"1676",1998-03-01,"D41AC","EMP D41A",38.0847,-122.3906,0.324268016257895,0.12492998461146,0.129707206503158
"1677",1998-03-01,"D7C","EMP D7",38.1171,-122.0395,0.269388749496953,0.102504146318477,0.0721961848651834
"1678",1998-03-01,"P8R","EMP P8",37.9778,-121.3799,0.344217964742863,0.000994221684848966,0.00103265389422859
"1679",1998-03-01,"USGS 8.1","EMP USGS 8.1",38.0316,122.1403,0.190789623697907,0.0751753593870306,0.076315849479163
"1680",1998-04-01,"C9L","EMP C9",37.8271,-121.5522,122.599720148898,7.08216337638435,8.45938069027395
"1681",1998-04-01,"D24L","EMP D24",38.1547,-121.6814,50.4483142427632,1.54973568507185,1.96748425546776
"1682",1998-04-01,"D28AL","EMP D28A",37.9701,-121.5741,1.26177560495045,0.0834104646808786,0.0870625167415807
"1683",1998-04-01,"D4L","EMP D4",38.0581,-121.8193,28.7838461366462,1.48980924588521,1.93916629033088
"1684",1998-04-01,"D41C","EMP D41",38.016,-122.3647,0.0841379719529775,0.032777216691702,0.033655188781191
"1685",1998-04-01,"D41AC","EMP D41A",38.0847,-122.3906,0.1400291580826,0.0541716804368495,0.0560116632330402
"1686",1998-04-01,"D7C","EMP D7",38.1171,-122.0395,0.270819905839191,0.103330766310119,0.0725797347649032
"1687",1998-04-01,"P8R","EMP P8",37.9778,-121.3799,0.0802851349701424,0.00540551236732688,0.00553967431293983
"1688",1998-05-01,"C9L","EMP C9",37.8271,-121.5522,72.9849472207015,3.66465965717716,4.45208178046279
"1689",1998-05-01,"D16L","EMP D16",38.093,-121.6697,20.557039151466,1.1442864610535,1.41843570145115
"1690",1998-05-01,"D24L","EMP D24",38.1547,-121.6814,56.7500341029878,2.67833138736377,3.12125187566433
"1691",1998-05-01,"D28AL","EMP D28A",37.9701,-121.5741,4.73752686240263,0.267840108648774,0.288989138606561
"1692",1998-05-01,"D4L","EMP D4",38.0581,-121.8193,0.758602825750868,0.124452855861025,0.130204616006483
"1693",1998-05-01,"D41C","EMP D41",38.016,-122.3647,6.91123175350399,2.35590217647964,2.76449270140159
"1694",1998-05-01,"D41AC","EMP D41A",38.0847,-122.3906,0.990293995984285,0.373197513948154,0.396117598393714
"1695",1998-05-01,"D7C","EMP D7",38.1171,-122.0395,0.278375931260322,0.106096142024679,0.0746047495777662
"1696",1998-05-01,"P8R","EMP P8",37.9778,-121.3799,3.32391743562621,0.217439004397902,0.229350303058209
"1697",1998-05-01,"USGS 8.1","EMP USGS 8.1",38.0316,122.1403,0.572696709175806,0.223327321260146,0.229078683670322
"1698",1998-06-01,"C9L","EMP C9",37.8271,-121.5522,15.6099559442051,1.69466520380555,1.87319471330461
"1699",1998-06-01,"D16L","EMP D16",38.093,-121.6697,71.7056560791041,4.32887740902922,6.88374298359399
"1700",1998-06-01,"D24L","EMP D24",38.1547,-121.6814,47.1144760268888,2.80534361967147,3.25089884585533
"1701",1998-06-01,"D28AL","EMP D28A",37.9701,-121.5741,90.8762817593784,7.83205902227408,10.9051538111254
"1702",1998-06-01,"D4L","EMP D4",38.0581,-121.8193,16.3852130454112,1.18441310458813,1.43213262560766
"1703",1998-06-01,"D41C","EMP D41",38.016,-122.3647,0.993228465534794,0.373784792675223,0.397291386213917
"1704",1998-06-01,"D41AC","EMP D41A",38.0847,-122.3906,4.78493731454105,1.64791605196465,1.91397492581642
"1705",1998-06-01,"D7C","EMP D7",38.1171,-122.0395,0.605693192712169,0.230627997057055,0.162325775646861
"1706",1998-06-01,"P8R","EMP P8",37.9778,-121.3799,10.009963223348,0.998234832573781,1.07106606489824
"1707",1998-06-01,"USGS 8.1","EMP USGS 8.1",38.0316,122.1403,0.955434475786608,0.366599532340602,0.382173790314643
"1708",1998-07-01,"C9L","EMP C9",37.8271,-121.5522,109.730564621998,15.7571763657498,20.5196155843137
"1709",1998-07-01,"D16L","EMP D16",38.093,-121.6697,20.3354953664267,2.3192983180712,2.72495637910117
"1710",1998-07-01,"D24L","EMP D24",38.1547,-121.6814,3.11454948919377,0.398116106497024,0.417349631551965
"1711",1998-07-01,"D28AL","EMP D28A",37.9701,-121.5741,39.3982999389915,5.99955670732247,7.36748208859141
"1712",1998-07-01,"D4L","EMP D4",38.0581,-121.8193,22.5903520450747,2.43810310974518,2.99301663099717
"1713",1998-07-01,"D41C","EMP D41",38.016,-122.3647,1.81379608673858,0.665821345915179,0.725518434695432
"1714",1998-07-01,"D41AC","EMP D41A",38.0847,-122.3906,6.43433772994291,2.20520933367954,2.57373509197717
"1715",1998-07-01,"D7C","EMP D7",38.1171,-122.0395,1.34779025483894,0.505533423716093,0.361207788296837
"1716",1998-07-01,"P8R","EMP P8",37.9778,-121.3799,4.85714671759182,0.697774149982757,0.723714860921181
"1717",1998-07-01,"USGS 8.1","EMP USGS 8.1",38.0316,122.1403,0.790440632841451,0.304270637829124,0.316176253136581
"1718",1998-08-01,"C9L","EMP C9",37.8271,-121.5522,17.0313547445085,2.64487922183291,2.84423624233292
"1719",1998-08-01,"D16L","EMP D16",38.093,-121.6697,18.4057946319458,2.2221678426119,2.46637648068074
"1720",1998-08-01,"D24L","EMP D24",38.1547,-121.6814,0.352799336391789,0.0404432809845519,0.0423359203670147
"1721",1998-08-01,"D28AL","EMP D28A",37.9701,-121.5741,26.5178212345574,3.81306771991141,4.42847614617109
"1722",1998-08-01,"D4L","EMP D4",38.0581,-121.8193,0.915491014340652,0.151533491883069,0.160675795921647
"1723",1998-08-01,"D41C","EMP D41",38.016,-122.3647,35.3986941567034,10.0870696053379,14.1594776626814
"1724",1998-08-01,"D41AC","EMP D41A",38.0847,-122.3906,5.03886405863166,1.82136479901809,2.01554562345266
"1725",1998-08-01,"D7C","EMP D7",38.1171,-122.0395,1.05017993566085,0.400391792805226,0.281448222757109
"1726",1998-08-01,"P8R","EMP P8",37.9778,-121.3799,3.22658135751025,0.447342087219121,0.480760622269028
"1727",1998-08-01,"USGS 8.1","EMP USGS 8.1",38.0316,122.1403,1.94325496726837,0.73514406218521,0.777301986907346
"1728",1998-09-01,"C9L","EMP C9",37.8271,-121.5522,81.6317409437882,10.4157829346257,12.1631294006244
"1729",1998-09-01,"D16L","EMP D16",38.093,-121.6697,47.9723501359029,4.35777275172257,5.75668201630834
"1730",1998-09-01,"D24L","EMP D24",38.1547,-121.6814,15.0078066561964,1.65659309059258,1.80093679874357
"1731",1998-09-01,"D28AL","EMP D28A",37.9701,-121.5741,80.3121547107893,9.56502815619564,11.9665110519076
"1732",1998-09-01,"D4L","EMP D4",38.0581,-121.8193,12.8126532266092,1.23121647618211,1.53751838719311
"1733",1998-09-01,"D41C","EMP D41",38.016,-122.3647,8.40579666245846,2.89046065622863,3.36231866498338
"1734",1998-09-01,"D41AC","EMP D41A",38.0847,-122.3906,13.0514577294619,4.35118641260332,5.22058309178475
"1735",1998-09-01,"D7C","EMP D7",38.1171,-122.0395,1.87030021408373,0.710473065402222,0.501240457374439
"1736",1998-09-01,"P8R","EMP P8",37.9778,-121.3799,3.1971515142346,0.361539796735159,0.383658181708153
"1737",1998-09-01,"USGS 8.1","EMP USGS 8.1",38.0316,122.1403,2.58551362776863,0.967117815470996,1.03420545110745
"1738",1998-10-01,"C9L","EMP C9",37.8271,-121.5522,16.4455167900956,1.19815053250441,1.26630479283736
"1739",1998-10-01,"D16L","EMP D16",38.093,-121.6697,48.264045941329,1.79178766770424,3.3302191699517
"1740",1998-10-01,"D24L","EMP D24",38.1547,-121.6814,65.4902412446072,1.76882163612615,2.03019747858282
"1741",1998-10-01,"D28AL","EMP D28A",37.9701,-121.5741,26.1832271002416,1.77813986486227,2.01610848671861
"1742",1998-10-01,"D4L","EMP D4",38.0581,-121.8193,4.76878733910273,0.273132582741014,0.32807277446272
"1743",1998-10-01,"D41C","EMP D41",38.016,-122.3647,9.2468232757058,3.06014512415352,3.69872931028232
"1744",1998-10-01,"D41AC","EMP D41A",38.0847,-122.3906,20.2826254485918,6.44829795671052,8.11305017943672
"1745",1998-10-01,"D7C","EMP D7",38.1171,-122.0395,1.22071524677201,0.415207361747022,0.290513270963011
"1746",1998-10-01,"P8R","EMP P8",37.9778,-121.3799,3.39965469976234,0.195524169152394,0.207378936685503
"1747",1998-10-01,"USGS 8.1","EMP USGS 8.1",38.0316,122.1403,3.31582844939225,1.22806964707774,1.3263313797569
"1748",1998-11-01,"C9L","EMP C9",37.8271,-121.5522,16.175931581361,0.646263294206168,0.711740989579884
"1749",1998-11-01,"D16L","EMP D16",38.093,-121.6697,84.4038550606687,2.85682309633955,3.71376962266942
"1750",1998-11-01,"D24L","EMP D24",38.1547,-121.6814,11.9093580876106,0.432720246073231,0.464464965416815
"1751",1998-11-01,"D28AL","EMP D28A",37.9701,-121.5741,67.0254548053111,2.31233049189414,2.94912001143369
"1752",1998-11-01,"D4L","EMP D4",38.0581,-121.8193,9.53995534482818,0.407707739270759,0.473457811896581
"1753",1998-11-01,"D41C","EMP D41",38.016,-122.3647,11.0444885712616,3.71706909921005,4.41779542850463
"1754",1998-11-01,"D41AC","EMP D41A",38.0847,-122.3906,8.72008242631022,3.05141396029095,3.48803297052409
"1755",1998-11-01,"D7C","EMP D7",38.1171,-122.0395,0.929412615271256,0.357213115524341,0.249082580892697
"1756",1998-11-01,"P8R","EMP P8",37.9778,-121.3799,2.29513107450172,0.0861987579322362,0.0895101119055672
"1757",1998-11-01,"USGS 8.1","EMP USGS 8.1",38.0316,122.1403,0.603891647405477,0.233199124367411,0.241556658962191
"1758",1998-12-01,"C9L","EMP C9",37.8271,-121.5522,12.3945120715506,0.359790135761404,0.384229874218069
"1759",1998-12-01,"D16L","EMP D16",38.093,-121.6697,38.7509352206693,0.944980551780349,1.20127899184075
"1760",1998-12-01,"D24L","EMP D24",38.1547,-121.6814,27.213032674202,0.713316426090433,0.843604012900263
"1761",1998-12-01,"D28AL","EMP D28A",37.9701,-121.5741,70.037155770818,1.78485010115114,2.17115182889536
"1762",1998-12-01,"D4L","EMP D4",38.0581,-121.8193,11.0854527089699,0.279885698865331,0.343649033978068
"1763",1998-12-01,"D41C","EMP D41",38.016,-122.3647,1.57548941208772,0.598627186278477,0.630195764835089
"1764",1998-12-01,"D41AC","EMP D41A",38.0847,-122.3906,1.48049965470986,0.558113063150443,0.592199861883946
"1765",1998-12-01,"D7C","EMP D7",38.1171,-122.0395,0.377924241935965,0.0984813047922582,0.068366495366216
"1766",1998-12-01,"P8R","EMP P8",37.9778,-121.3799,4.14598230462317,0.122450125270629,0.128525451443318
"1767",1998-12-01,"USGS 8.1","EMP USGS 8.1",38.0316,122.1403,0.516417272078144,0.199158093561802,0.206566908831258
"1768",1999-01-01,"C9L","EMP C9",37.8271,-121.5522,0.0708308347088431,0.00211911251465821,0.00219575587597414
"1769",1999-01-01,"D16L","EMP D16",38.093,-121.6697,98.5334376871317,2.58057327182949,3.05453656830108
"1770",1999-01-01,"D24L","EMP D24",38.1547,-121.6814,17.9320245503056,0.488676843555714,0.555892761059475
"1771",1999-01-01,"D28AL","EMP D28A",37.9701,-121.5741,17.5867083609759,0.492766095688482,0.545187959190252
"1772",1999-01-01,"D4L","EMP D4",38.0581,-121.8193,12.8135880952763,0.325366380597816,0.397221230953566
"1773",1999-01-01,"D41C","EMP D41",38.016,-122.3647,0.854042320104185,0.220550074475838,0.23059142642813
"1774",1999-01-01,"D41AC","EMP D41A",38.0847,-122.3906,1.05792613111477,0.2672497540237,0.285640055400988
"1775",1999-01-01,"D7C","EMP D7",38.1171,-122.0395,0.214790724321555,0.055018429244242,0.0388556420297693
"1776",1999-01-01,"P8R","EMP P8",37.9778,-121.3799,10.2884747415255,0.303761077161119,0.31894271698729
"1777",1999-01-01,"USGS 8.1","EMP USGS 8.1",38.0316,122.1403,0.200281506954551,0.0779978728477779,0.0801126027818205
"1778",1999-02-01,"C9L","EMP C9",37.8271,-121.5522,26.9718938412184,0.765741432184096,0.836128709077771
"1779",1999-02-01,"D16L","EMP D16",38.093,-121.6697,118.622253339761,2.18010839654653,3.67728985353261
"1780",1999-02-01,"D24L","EMP D24",38.1547,-121.6814,8.71132084965866,0.239553417311381,0.270050946339419
"1781",1999-02-01,"D28AL","EMP D28A",37.9701,-121.5741,20.917410773723,0.582348963442063,0.648439733985414
"1782",1999-02-01,"D4L","EMP D4",38.0581,-121.8193,15.2095350365543,0.38563635641297,0.471495586133184
"1783",1999-02-01,"D41C","EMP D41",38.016,-122.3647,0.327454968785119,0.0859523371297446,0.088412841571982
"1784",1999-02-01,"D41AC","EMP D41A",38.0847,-122.3906,0.382181652938249,0.0987931580405655,0.103189046293327
"1785",1999-02-01,"D7C","EMP D7",38.1171,-122.0395,0.276190310669658,0.0722605611974589,0.0499628272001411
"1786",1999-02-01,"P8R","EMP P8",37.9778,-121.3799,7.59253212681375,0.251978392098488,0.265738624438481
"1787",1999-02-01,"USGS 8.1","EMP USGS 8.1",38.0316,122.1403,2.25469948841338,0.56834907882218,0.608768861871612
"1788",1999-03-01,"C9L","EMP C9",37.8271,-121.5522,14.7176343249113,0.534309468757002,0.57398773867154
"1789",1999-03-01,"D16L","EMP D16",38.093,-121.6697,40.5412555444595,1.03389875583165,1.25677892187825
"1790",1999-03-01,"D24L","EMP D24",38.1547,-121.6814,5.57558830855067,0.159281925863901,0.172843237565071
"1791",1999-03-01,"D28AL","EMP D28A",37.9701,-121.5741,24.3054487223906,0.868743261850108,0.947912500173234
"1792",1999-03-01,"D4L","EMP D4",38.0581,-121.8193,12.8555317009393,0.339249453475535,0.398521482729118
"1793",1999-03-01,"D41C","EMP D41",38.016,-122.3647,0.587770023180699,0.224219816459066,0.23510800927228
"1794",1999-03-01,"D41AC","EMP D41A",38.0847,-122.3906,0.39562767887863,0.152604811701174,0.158251071551452
"1795",1999-03-01,"D7C","EMP D7",38.1171,-122.0395,0.0477284946267537,0.012570992570059,0.00863408467797975
"1796",1999-03-01,"P8R","EMP P8",37.9778,-121.3799,4.82656592404413,0.162801949889747,0.168929807341545
"1797",1999-03-01,"USGS 8.1","EMP USGS 8.1",38.0316,122.1403,0.569559694029511,0.148370335091899,0.153781117387968
"1798",1999-04-01,"C9L","EMP C9",37.8271,-121.5522,72.5417383304844,2.55087847375315,2.82912779488889
"1799",1999-04-01,"D16L","EMP D16",38.093,-121.6697,87.5381992676405,2.3562698428196,3.41398977143798
"1800",1999-04-01,"D24L","EMP D24",38.1547,-121.6814,17.354221220508,0.566393633052337,0.676814627599813
"1801",1999-04-01,"D28AL","EMP D28A",37.9701,-121.5741,39.7095043446009,1.35621218054291,1.54867066943944
"1802",1999-04-01,"D4L","EMP D4",38.0581,-121.8193,22.5062873987853,0.740991836048649,0.877745208552628
"1803",1999-04-01,"D41C","EMP D41",38.016,-122.3647,0.106219932316674,0.0414639599790548,0.0424879729266698
"1804",1999-04-01,"D41AC","EMP D41A",38.0847,-122.3906,0.267650690088506,0.103054018135879,0.107060276035403
"1805",1999-04-01,"D7C","EMP D7",38.1171,-122.0395,0.127811484253875,0.0495171580994494,0.0342534777800386
"1806",1999-04-01,"P8R","EMP P8",37.9778,-121.3799,15.1339643935977,0.561122333113855,0.59022461135031
"1807",1999-04-01,"USGS 8.1","EMP USGS 8.1",38.0316,122.1403,0.844394751007921,0.322056146263103,0.337757900403169
"1808",1999-05-01,"C9L","EMP C9",37.8271,-121.5522,0.0934274094490439,0.00858614373878214,0.00896903130710821
"1809",1999-05-01,"D16L","EMP D16",38.093,-121.6697,119.855481320449,6.2538433325416,8.27002821111098
"1810",1999-05-01,"D24L","EMP D24",38.1547,-121.6814,16.8512209364116,0.856345458875346,0.926817151502636
"1811",1999-05-01,"D28AL","EMP D28A",37.9701,-121.5741,33.9081861207424,2.89023056939952,3.25518586759128
"1812",1999-05-01,"D4L","EMP D4",38.0581,-121.8193,4.59256444449288,0.297064642289354,0.316886946670008
"1813",1999-05-01,"D41C","EMP D41",38.016,-122.3647,0.481152820485943,0.18484542894901,0.192461128194377
"1814",1999-05-01,"D41AC","EMP D41A",38.0847,-122.3906,0.509234499801059,0.194587502344904,0.203693799920424
"1815",1999-05-01,"D7C","EMP D7",38.1171,-122.0395,0.525347006472421,0.204403899449411,0.140792997734609
"1816",1999-05-01,"P8R","EMP P8",37.9778,-121.3799,2.83387383282297,0.0848412264817218,0.0878500888175122
"1817",1999-05-01,"USGS 8.1","EMP USGS 8.1",38.0316,122.1403,3.10291162132371,1.15329304309993,1.24116464852948
"1818",1999-06-01,"C9L","EMP C9",37.8271,-121.5522,0.0208941212257161,0.00218554305995158,0.00223567097115162
"1819",1999-06-01,"D16L","EMP D16",38.093,-121.6697,46.4532275055974,3.20589465723044,3.99497756548137
"1820",1999-06-01,"D24L","EMP D24",38.1547,-121.6814,16.7784083733193,1.2063749919915,1.29193744474559
"1821",1999-06-01,"D28AL","EMP D28A",37.9701,-121.5741,42.7737805173655,3.90998433675236,4.5767945153581
"1822",1999-06-01,"D4L","EMP D4",38.0581,-121.8193,0.204856468108269,0.0151465988745555,0.0157739480443367
"1823",1999-06-01,"D41C","EMP D41",38.016,-122.3647,1.54621334561445,0.574413137134693,0.61848533824578
"1824",1999-06-01,"D41AC","EMP D41A",38.0847,-122.3906,3.3866519781029,1.23382801012087,1.35466079124116
"1825",1999-06-01,"D7C","EMP D7",38.1171,-122.0395,0.283449573125573,0.110711088673366,0.0759644855976537
"1826",1999-06-01,"P8R","EMP P8",37.9778,-121.3799,4.4717953798168,0.5795879664783,0.599220580895451
"1827",1999-06-01,"USGS 8.1","EMP USGS 8.1",38.0316,122.1403,13.9853091589603,4.89893743459392,5.59412366358413
"1828",1999-07-01,"C9L","EMP C9",37.8271,-121.5522,0.00712521747489585,0.00117450759572259,0.00118991131830761
"1829",1999-07-01,"D16L","EMP D16",38.093,-121.6697,70.1962016469646,7.27831511316282,8.42354419763576
"1830",1999-07-01,"D24L","EMP D24",38.1547,-121.6814,0.581248083544202,0.0506346459672827,0.0534748236860666
"1831",1999-07-01,"D28AL","EMP D28A",37.9701,-121.5741,6.05827331615728,0.91630046207541,1.01173164379827
"1832",1999-07-01,"D4L","EMP D4",38.0581,-121.8193,6.49992956647743,0.735112810762566,0.779991547977291
"1833",1999-07-01,"D41C","EMP D41",38.016,-122.3647,0.970334893585947,0.365002769143424,0.388133957434379
"1834",1999-07-01,"D41AC","EMP D41A",38.0847,-122.3906,5.53555071611046,1.8818729406638,2.21422028644418
"1835",1999-07-01,"D7C","EMP D7",38.1171,-122.0395,1.58019590470335,0.597402655861,0.423492502460499
"1836",1999-07-01,"P8R","EMP P8",37.9778,-121.3799,5.03364047002445,0.790923197754037,0.840617958494083
"1837",1999-07-01,"USGS 8.1","EMP USGS 8.1",38.0316,122.1403,8.08532535091783,2.84967511853363,3.23413014036713
"1838",1999-08-01,"C9L","EMP C9",37.8271,-121.5522,21.8235351312321,2.42510201574541,2.61882421574785
"1839",1999-08-01,"D16L","EMP D16",38.093,-121.6697,31.8253606479335,2.60998514318067,3.05523462220161
"1840",1999-08-01,"D24L","EMP D24",38.1547,-121.6814,0.463093155125894,0.0471224747270216,0.0495509675984707
"1841",1999-08-01,"D28AL","EMP D28A",37.9701,-121.5741,5.52614508600659,0.615052756999447,0.663137410320791
"1842",1999-08-01,"D4L","EMP D4",38.0581,-121.8193,0.420491137810058,0.0430173992218931,0.0449925517456762
"1843",1999-08-01,"D41C","EMP D41",38.016,-122.3647,0.00142134523003533,0.000566509597817651,0.000568538092014134
"1844",1999-08-01,"D41AC","EMP D41A",38.0847,-122.3906,4.53715095263357,1.64048453832006,1.81486038105343
"1845",1999-08-01,"D7C","EMP D7",38.1171,-122.0395,3.31893405763644,1.14302067848715,0.889474327446566
"1846",1999-08-01,"P8R","EMP P8",37.9778,-121.3799,6.45894048064714,0.91374313969615,0.962382131616424
"1847",1999-08-01,"USGS 8.1","EMP USGS 8.1",38.0316,122.1403,18.4127280090014,6.14941551727011,7.36509120360058
"1848",1999-09-01,"C9L","EMP C9",37.8271,-121.5522,0.000927363926955971,8.86194745951114e-05,8.90269369877733e-05
"1849",1999-09-01,"D16L","EMP D16",38.093,-121.6697,41.4326876589904,3.25684895708656,3.97753801526308
"1850",1999-09-01,"D24L","EMP D24",38.1547,-121.6814,46.2074075290906,3.74760407142771,4.4359111227927
"1851",1999-09-01,"D28AL","EMP D28A",37.9701,-121.5741,47.7977296734434,3.59868801858782,4.58858204865057
"1852",1999-09-01,"D4L","EMP D4",38.0581,-121.8193,6.02406185070944,0.421981471652999,0.462742564905328
"1853",1999-09-01,"D41C","EMP D41",38.016,-122.3647,0.271420838507603,0.106373320193973,0.108568335403041
"1854",1999-09-01,"D41AC","EMP D41A",38.0847,-122.3906,10.5770599993719,3.56152887232702,4.23082399974876
"1855",1999-09-01,"D7C","EMP D7",38.1171,-122.0395,3.71390174116727,1.29049068115078,0.995325666632828
"1856",1999-09-01,"P8R","EMP P8",37.9778,-121.3799,7.50643844454716,0.939627376759781,1.00586275156932
"1857",1999-09-01,"USGS 8.1","EMP USGS 8.1",38.0316,122.1403,23.003411602918,7.5584674734672,9.20136464116719
"1858",1999-10-01,"D16L","EMP D16",38.093,-121.6697,64.0519262368138,4.7517590977943,6.14898491873412
"1859",1999-10-01,"D24L","EMP D24",38.1547,-121.6814,13.52503340921,0.860788274537627,0.933227305235491
"1860",1999-10-01,"D28AL","EMP D28A",37.9701,-121.5741,38.11967966127,3.14460788852859,3.65948924748192
"1861",1999-10-01,"D4L","EMP D4",38.0581,-121.8193,10.1328043417549,0.695915031389323,0.870536007351747
"1862",1999-10-01,"D41C","EMP D41",38.016,-122.3647,0.237321422278656,0.093214883426538,0.0949285689114624
"1863",1999-10-01,"D41AC","EMP D41A",38.0847,-122.3906,5.61439425325926,2.00914105062004,2.2457577013037
"1864",1999-10-01,"D7C","EMP D7",38.1171,-122.0395,7.25,2.24922667845304,1.83242285646098
"1865",1999-10-01,"P8R","EMP P8",37.9778,-121.3799,1.88595478367448,0.192288178523068,0.201797161853169
"1866",1999-10-01,"USGS 8.1","EMP USGS 8.1",38.0316,122.1403,15.9521222339546,5.25065917106345,6.38084889358183
"1867",1999-11-01,"C9L","EMP C9",37.8271,-121.5522,0.0738338541680864,0.00439675428130716,0.00450386510425327
"1868",1999-11-01,"D16L","EMP D16",38.093,-121.6697,38.0637761163389,1.76596345919346,2.32189034309667
"1869",1999-11-01,"D24L","EMP D24",38.1547,-121.6814,0.4308801671343,0.0225102464865164,0.0236984091923865
"1870",1999-11-01,"D28AL","EMP D28A",37.9701,-121.5741,36.9511989594258,1.84919254913106,2.25402313652497
"1871",1999-11-01,"D4L","EMP D4",38.0581,-121.8193,0.797757784870759,0.0616594374062154,0.0638820105452089
"1872",1999-11-01,"D41C","EMP D41",38.016,-122.3647,0.252013609174829,0.0988119778532913,0.100805443669932
"1873",1999-11-01,"D41AC","EMP D41A",38.0847,-122.3906,5.33972956054636,1.92736920455859,2.13589182421855
"1874",1999-11-01,"D7C","EMP D7",38.1171,-122.0395,5.33115771650997,1.84254251504347,1.42875026802467
"1875",1999-11-01,"P8R","EMP P8",37.9778,-121.3799,1.71671904983735,0.114396582467376,0.118453614438777
"1876",1999-11-01,"USGS 8.1","EMP USGS 8.1",38.0316,122.1403,52.5036582265008,14.7080658753818,21.0014632906003
"1877",1999-12-01,"C9L","EMP C9",37.8271,-121.5522,0.0200420707250775,0.000611777246809136,0.000621304192477402
"1878",1999-12-01,"D16L","EMP D16",38.093,-121.6697,41.1556350724071,0.968605254833241,1.27582468724462
"1879",1999-12-01,"D24L","EMP D24",38.1547,-121.6814,171.414410545971,4.87310710487102,5.31384672692511
"1880",1999-12-01,"D28AL","EMP D28A",37.9701,-121.5741,62.271657580963,1.46748633274148,1.93042138500985
"1881",1999-12-01,"D4L","EMP D4",38.0581,-121.8193,1.13075876365909,0.0404184500549524,0.0422659412853886
"1882",1999-12-01,"D41C","EMP D41",38.016,-122.3647,0,0,0
"1883",1999-12-01,"D41AC","EMP D41A",38.0847,-122.3906,1.99985715908105,0.749503097044187,0.799942863632419
"1884",1999-12-01,"D7C","EMP D7",38.1171,-122.0395,1.31332085119294,0.326095816784589,0.237579741980802
"1885",1999-12-01,"P8R","EMP P8",37.9778,-121.3799,2.02162765632901,0.0605049164418683,0.0626704573461994
"1886",1999-12-01,"USGS 8.1","EMP USGS 8.1",38.0316,122.1403,7.37638964817985,1.71644792089899,1.99162520500856
"1887",2000-01-01,"C9L","EMP C9",37.8271,-121.5522,4.68457770348321,0.138385426459253,0.14522190880798
"1888",2000-01-01,"D16L","EMP D16",38.093,-121.6697,37.0495435150202,0.906314294689945,1.14853584896563
"1889",2000-01-01,"D24L","EMP D24",38.1547,-121.6814,4.17087237340007,0.121842264454544,0.129297043575402
"1890",2000-01-01,"D28AL","EMP D28A",37.9701,-121.5741,76.036102526337,1.71789348900123,2.35711917831645
"1891",2000-01-01,"D4L","EMP D4",38.0581,-121.8193,0.00342991118446623,0.00402447317014952,0.00408854097428785
"1892",2000-01-01,"D41C","EMP D41",38.016,-122.3647,0,0,0
"1893",2000-01-01,"D41AC","EMP D41A",38.0847,-122.3906,0.406053446319714,0.156919637925689,0.162421378527886
"1894",2000-01-01,"D7C","EMP D7",38.1171,-122.0395,2.79079163412307,0.680290968292123,0.504854206612863
"1895",2000-01-01,"P8R","EMP P8",37.9778,-121.3799,3.21115561711453,0.0965698201796168,0.0995458241305503
"1896",2000-01-01,"USGS 8.1","EMP USGS 8.1",38.0316,122.1403,14.8511892405287,3.24447188808746,4.00982109494274
"1897",2000-02-01,"C9L","EMP C9",37.8271,-121.5522,6.79661678159384,0.254374627988537,0.26506805448216
"1898",2000-02-01,"D16L","EMP D16",38.093,-121.6697,73.0501659445792,2.08261848936257,2.55675580806027
"1899",2000-02-01,"D24L","EMP D24",38.1547,-121.6814,15.0514689439383,0.417339156659609,0.466595537262087
"1900",2000-02-01,"D28AL","EMP D28A",37.9701,-121.5741,13.6990678748633,0.468447916819738,0.534263647119671
"1901",2000-02-01,"D4L","EMP D4",38.0581,-121.8193,6.93999814470466,0.2317297488495,0.266685121178393
"1902",2000-02-01,"D41C","EMP D41",38.016,-122.3647,0,0,0
"1903",2000-02-01,"D41AC","EMP D41A",38.0847,-122.3906,0.279962699293474,0.10910829831975,0.11198507971739
"1904",2000-02-01,"D7C","EMP D7",38.1171,-122.0395,0.438137577756396,0.165828134821682,0.117420870838714
"1905",2000-02-01,"P8R","EMP P8",37.9778,-121.3799,0.0835517091417052,0.00356353276612291,0.00367627520223503
"1906",2000-02-01,"USGS 8.1","EMP USGS 8.1",38.0316,122.1403,8.19689464501766,2.78653201542451,3.27875785800707
"1907",2000-03-01,"C9L","EMP C9",37.8271,-121.5522,0.145323624864778,0.0067728803878384,0.00712085761837414
"1908",2000-03-01,"D16L","EMP D16",38.093,-121.6697,18.9033714825157,0.63361460537998,0.737231487818112
"1909",2000-03-01,"D24L","EMP D24",38.1547,-121.6814,5.8350118960293,0.166522116551025,0.180885368776908
"1910",2000-03-01,"D28AL","EMP D28A",37.9701,-121.5741,59.8692802756317,2.32417024087339,2.93359473350595
"1911",2000-03-01,"D4L","EMP D4",38.0581,-121.8193,8.48020654217631,0.406850794735821,0.462211632221484
"1912",2000-03-01,"D41C","EMP D41",38.016,-122.3647,0,0,0
"1913",2000-03-01,"D41AC","EMP D41A",38.0847,-122.3906,0.260105119756921,0.101320269749332,0.104042047902768
"1914",2000-03-01,"D7C","EMP D7",38.1171,-122.0395,0.661521575560987,0.250835490482041,0.177287782250345
"1915",2000-03-01,"P8R","EMP P8",37.9778,-121.3799,0.0681716555679234,0.00289681826952056,0.00299955284498863
"1916",2000-03-01,"USGS 8.1","EMP USGS 8.1",38.0316,122.1403,7.23657935080179,2.38133155467453,2.89463174032071
"1917",2000-04-01,"C9L","EMP C9",37.8271,-121.5522,23.6956076875007,1.66066078565954,1.82456179193755
"1918",2000-04-01,"D16L","EMP D16",38.093,-121.6697,55.5619563464963,2.65941818003335,3.83377498790825
"1919",2000-04-01,"D24L","EMP D24",38.1547,-121.6814,39.4371446754773,1.92220353377238,2.16904295715125
"1920",2000-04-01,"D28AL","EMP D28A",37.9701,-121.5741,12.9624300237577,0.8781427749088,0.998107111829346
"1921",2000-04-01,"D4L","EMP D4",38.0581,-121.8193,51.2983845434774,2.77326861187609,3.50529682345921
"1922",2000-04-01,"D41C","EMP D41",38.016,-122.3647,0.0577502503035295,0.022667576299373,0.0231001001214118
"1923",2000-04-01,"D41AC","EMP D41A",38.0847,-122.3906,0.548982937698681,0.19797776839484,0.219593175079472
"1924",2000-04-01,"D7C","EMP D7",38.1171,-122.0395,1.08010456782571,0.411453413407781,0.289468024177291
"1925",2000-04-01,"P8R","EMP P8",37.9778,-121.3799,0.0565930893839313,0.00527144945225502,0.00543293658085741
"1926",2000-04-01,"USGS 8.1","EMP USGS 8.1",38.0316,122.1403,19.9089453592241,6.53945736247041,7.96357814368963
"1927",2000-05-01,"C9L","EMP C9",37.8271,-121.5522,0.0704140345191701,0.00588931356209435,0.00605560696864863
"1928",2000-05-01,"D16L","EMP D16",38.093,-121.6697,39.1669336277563,2.26185806129034,2.70251842031518
"1929",2000-05-01,"D24L","EMP D24",38.1547,-121.6814,115.368898935932,6.47027425503931,7.96045402657933
"1930",2000-05-01,"D28AL","EMP D28A",37.9701,-121.5741,6.35372552666511,0.503516406721403,0.546420395293199
"1931",2000-05-01,"D4L","EMP D4",38.0581,-121.8193,0.85047837557938,0.264809976661847,0.282722744770841
"1932",2000-05-01,"D41C","EMP D41",38.016,-122.3647,3.55337578479061,1.16281583425177,1.42135031391625
"1933",2000-05-01,"D41AC","EMP D41A",38.0847,-122.3906,2.79586015237324,0.865787811808564,1.11834406094929
"1934",2000-05-01,"D7C","EMP D7",38.1171,-122.0395,1.26462926475588,0.480529242419003,0.338920642954577
"1935",2000-05-01,"P8R","EMP P8",37.9778,-121.3799,2.60465132494815,0.172921715545159,0.179720941421422
"1936",2000-05-01,"USGS 8.1","EMP USGS 8.1",38.0316,122.1403,11.0806379737328,3.74670885485085,4.4322551894931
"1937",2000-06-01,"C9L","EMP C9",37.8271,-121.5522,0.0111810893758129,0.00117188880693877,0.00119637656321198
"1938",2000-06-01,"D16L","EMP D16",38.093,-121.6697,37.8547688875747,2.73440718451046,3.63405781320718
"1939",2000-06-01,"D24L","EMP D24",38.1547,-121.6814,50.6860346417101,4.38747860611616,5.42340570666298
"1940",2000-06-01,"D28AL","EMP D28A",37.9701,-121.5741,70.7126938371505,5.65026113363394,7.5662582405751
"1941",2000-06-01,"D4L","EMP D4",38.0581,-121.8193,0.00244480301271373,0.00799731149917925,0.00811735054461026
"1942",2000-06-01,"D41C","EMP D41",38.016,-122.3647,1.27806060968424,0.482557780298522,0.511224243873695
"1943",2000-06-01,"D41AC","EMP D41A",38.0847,-122.3906,13.4153631719233,4.19651810801736,5.36614526876933
"1944",2000-06-01,"D7C","EMP D7",38.1171,-122.0395,1.92954878071137,0.71915477675151,0.517119073230648
"1945",2000-06-01,"P8R","EMP P8",37.9778,-121.3799,0.10653472389789,0.0122876834150351,0.0127841668677468
"1946",2000-06-01,"USGS 8.1","EMP USGS 8.1",38.0316,122.1403,25.9424377204867,8.07123009090245,10.3769750881947
"1947",2000-07-01,"C9L","EMP C9",37.8271,-121.5522,3.9037705211178,0.506528528123374,0.523105249829785
"1948",2000-07-01,"D16L","EMP D16",38.093,-121.6697,61.4880136219507,5.73295247755572,7.37856163463409
"1949",2000-07-01,"D24L","EMP D24",38.1547,-121.6814,19.3267532617926,1.76234605929976,1.85536831313209
"1950",2000-07-01,"D28AL","EMP D28A",37.9701,-121.5741,35.9097386893395,3.84935558555663,4.8119049843715
"1951",2000-07-01,"D4L","EMP D4",38.0581,-121.8193,2.55142891121031,0.134963705395472,0.142501446749752
"1952",2000-07-01,"D41C","EMP D41",38.016,-122.3647,4.45816517103654,1.59734057592271,1.78326606841462
"1953",2000-07-01,"D41AC","EMP D41A",38.0847,-122.3906,14.4066781039919,4.42668718677836,5.76267124159675
"1954",2000-07-01,"D7C","EMP D7",38.1171,-122.0395,1.40637528405585,0.525925897754502,0.376908576126967
"1955",2000-07-01,"P8R","EMP P8",37.9778,-121.3799,3.87598284497932,0.609968888676258,0.647289135111546
"1956",2000-07-01,"USGS 8.1","EMP USGS 8.1",38.0316,122.1403,12.9220026791183,4.22937285854129,5.16880107164733
"1957",2000-08-01,"C9L","EMP C9",37.8271,-121.5522,0.691824767355775,0.109013693215408,0.115534736148414
"1958",2000-08-01,"D16L","EMP D16",38.093,-121.6697,37.9455302020344,4.15954252105359,5.08470104707261
"1959",2000-08-01,"D24L","EMP D24",38.1547,-121.6814,22.1463854271404,2.20243190681834,2.36966324070403
"1960",2000-08-01,"D28AL","EMP D28A",37.9701,-121.5741,4.27956897444936,0.667856535477326,0.714688018733043
"1961",2000-08-01,"D4L","EMP D4",38.0581,-121.8193,8.05406994568455,0.442617181435516,0.483244196741073
"1962",2000-08-01,"D41C","EMP D41",38.016,-122.3647,22.7238046749386,6.86288804873521,9.08952186997545
"1963",2000-08-01,"D41AC","EMP D41A",38.0847,-122.3906,16.0916646417524,4.95874610559613,6.43666585670095
"1964",2000-08-01,"D7C","EMP D7",38.1171,-122.0395,2.8669743338642,1.05109028488159,0.768349121475607
"1965",2000-08-01,"P8R","EMP P8",37.9778,-121.3799,0.124692701461882,0.0275179609517093,0.0290533994406185
"1966",2000-08-01,"USGS 8.1","EMP USGS 8.1",38.0316,122.1403,11.1183513010522,3.65659116956033,4.44734052042088
"1967",2000-09-01,"C9L","EMP C9",37.8271,-121.5522,0.0204856993917314,0.00192843936435166,0.00196662714160622
"1968",2000-09-01,"D16L","EMP D16",38.093,-121.6697,91.2242544330555,5.54725124702054,8.75752842557332
"1969",2000-09-01,"D24L","EMP D24",38.1547,-121.6814,6.97835362897035,0.495742856472511,0.537333229430717
"1970",2000-09-01,"D28AL","EMP D28A",37.9701,-121.5741,35.121629751567,2.7985013753861,3.37167645615043
"1971",2000-09-01,"D4L","EMP D4",38.0581,-121.8193,40.6389333854103,3.20199808082135,4.34572930966609
"1972",2000-09-01,"D41C","EMP D41",38.016,-122.3647,38.3080947807114,10.4923263564896,15.3232379122846
"1973",2000-09-01,"D41AC","EMP D41A",38.0847,-122.3906,24.1898707636007,7.51800235704491,9.67594830544027
"1974",2000-09-01,"D7C","EMP D7",38.1171,-122.0395,3.57360475763935,1.31079478071379,0.957726075047345
"1975",2000-09-01,"P8R","EMP P8",37.9778,-121.3799,0.0343914257389758,0.003533055240163,0.00367988255407041
"1976",2000-09-01,"USGS 8.1","EMP USGS 8.1",38.0316,122.1403,3.68568490513056,1.31531915001466,1.47427396205222
"1977",2000-10-01,"C9L","EMP C9",37.8271,-121.5522,17.73,2.01725506627624,2.1276
"1978",2000-10-01,"D16L","EMP D16",38.093,-121.6697,43.7088704625966,3.17918419944542,4.19605156440927
"1979",2000-10-01,"D24L","EMP D24",38.1547,-121.6814,7.1231379953829,0.510576703743378,0.548481625644484
"1980",2000-10-01,"D28AL","EMP D28A",37.9701,-121.5741,62.0527324812201,5.84952334248515,7.44632789774642
"1981",2000-10-01,"D4L","EMP D4",38.0581,-121.8193,3.65266125181659,0.32709309732409,0.362629265242925
"1982",2000-10-01,"D41C","EMP D41",38.016,-122.3647,81.9086833236184,18.8565437601747,32.7634733294474
"1983",2000-10-01,"D41AC","EMP D41A",38.0847,-122.3906,28.797965612559,9.20232410176811,11.5191862450236
"1984",2000-10-01,"D7C","EMP D7",38.1171,-122.0395,2.56,0.879965035175906,0.627159050217239
"1985",2000-10-01,"P8R","EMP P8",37.9778,-121.3799,0.0576622550365859,0.00748515943025731,0.00772674217490251
"1986",2000-10-01,"USGS 8.1","EMP USGS 8.1",38.0316,122.1403,20.1015758744919,6.34229044519738,8.04063034979678
"1987",2000-11-01,"C9L","EMP C9",37.8271,-121.5522,0.0122048986024482,0.000661703833854981,0.00067126942313465
"1988",2000-11-01,"D16L","EMP D16",38.093,-121.6697,63.5422304177364,2.20460419192285,3.4948226729755
"1989",2000-11-01,"D24L","EMP D24",38.1547,-121.6814,5.22309339882903,0.214978186783081,0.229816109548477
"1990",2000-11-01,"D28AL","EMP D28A",37.9701,-121.5741,31.392452337552,1.42366885942116,1.72658487856536
"1991",2000-11-01,"D4L","EMP D4",38.0581,-121.8193,0.63558925330178,0.0338538185381523,0.0348042279545771
"1992",2000-11-01,"D41C","EMP D41",38.016,-122.3647,8.24275989582975,2.86624763737688,3.2971039583319
"1993",2000-11-01,"D41AC","EMP D41A",38.0847,-122.3906,2.51332795979232,0.922909721304281,1.00533118391693
"1994",2000-11-01,"D7C","EMP D7",38.1171,-122.0395,5.37767029586217,1.97710069206637,1.44121563929106
"1995",2000-11-01,"P8R","EMP P8",37.9778,-121.3799,0.367411477043252,0.0194833123806237,0.0202076312373788
"1996",2000-11-01,"USGS 8.1","EMP USGS 8.1",38.0316,122.1403,31.9739453017193,9.76220456168142,12.7895781206877
"1997",2000-12-01,"C9L","EMP C9",37.8271,-121.5522,0.0457518697791525,0.00138717642644116,0.00141830796315373
"1998",2000-12-01,"D16L","EMP D16",38.093,-121.6697,65.0755074392286,1.58506024409988,2.01734073061609
"1999",2000-12-01,"D24L","EMP D24",38.1547,-121.6814,260.081632600674,7.52145656010023,8.06253061062088
"2000",2000-12-01,"D28AL","EMP D28A",37.9701,-121.5741,24.1335646312506,0.642361161434998,0.748140503568769
"2001",2000-12-01,"D4L","EMP D4",38.0581,-121.8193,0.342421587899153,0.0142026620643153,0.0146221252026207
"2002",2000-12-01,"D41C","EMP D41",38.016,-122.3647,4.39398844594259,1.58008438466959,1.75759537837703
"2003",2000-12-01,"D41AC","EMP D41A",38.0847,-122.3906,1.37055101275686,0.514695641217446,0.548220405102744
"2004",2000-12-01,"D7C","EMP D7",38.1171,-122.0395,3.39691198029783,0.855170138983353,0.614501377235878
"2005",2000-12-01,"P8R","EMP P8",37.9778,-121.3799,0.165275368608629,0.00491205598282401,0.00512353642686749
"2006",2000-12-01,"USGS 8.1","EMP USGS 8.1",38.0316,122.1403,15.5988678399971,5.10629036007138,6.23954713599884
"2007",2001-01-01,"C9L","EMP C9",37.8271,-121.5522,46.0652357243575,1.29892964374707,1.42802230745508
"2008",2001-01-01,"D16L","EMP D16",38.093,-121.6697,2.20001022193013,0.0637133592554039,0.0682003168798341
"2009",2001-01-01,"D24L","EMP D24",38.1547,-121.6814,6.01841036543429,0.172625798569124,0.186570721328463
"2010",2001-01-01,"D28AL","EMP D28A",37.9701,-121.5741,9.05141698157342,0.233247910439896,0.280593926428776
"2011",2001-01-01,"D4L","EMP D4",38.0581,-121.8193,0.0295838216680449,0.00885796979976977,0.00911775323211376
"2012",2001-01-01,"D41C","EMP D41",38.016,-122.3647,0,0,0
"2013",2001-01-01,"D41AC","EMP D41A",38.0847,-122.3906,0.369066710362126,0.142119173294064,0.147626684144851
"2014",2001-01-01,"D7C","EMP D7",38.1171,-122.0395,1.91342209067557,0.48403887289552,0.346138056203212
"2015",2001-01-01,"P8R","EMP P8",37.9778,-121.3799,2.24002438691829,0.0666696978512077,0.0694407559944668
"2016",2001-01-01,"USGS 8.1","EMP USGS 8.1",38.0316,122.1403,32.7423628486067,9.9726899910119,13.0969451394427
"2017",2001-02-01,"C9L","EMP C9",37.8271,-121.5522,4.02829815640801,0.120592415484105,0.124877242848648
"2018",2001-02-01,"D16L","EMP D16",38.093,-121.6697,0.328834629184718,0.00936124149870154,0.0101938735047263
"2019",2001-02-01,"D24L","EMP D24",38.1547,-121.6814,1.92856864625165,0.0559957190346308,0.0597856280338013
"2020",2001-02-01,"D28AL","EMP D28A",37.9701,-121.5741,4.64668828592364,0.128605892349889,0.144047336863633
"2021",2001-02-01,"D4L","EMP D4",38.0581,-121.8193,4.8686686704456,0.139336596764574,0.152347499561139
"2022",2001-02-01,"D41C","EMP D41",38.016,-122.3647,0,0,0
"2023",2001-02-01,"D41AC","EMP D41A",38.0847,-122.3906,0.218016215998458,0.0850210749147296,0.0872064863993832
"2024",2001-02-01,"D7C","EMP D7",38.1171,-122.0395,2.61016665010967,0.650775860282609,0.472179147004839
"2025",2001-02-01,"USGS 8.1","EMP USGS 8.1",38.0316,122.1403,1.4878760044017,0.374621360687874,0.40172652118846
"2026",2001-03-01,"C9L","EMP C9",37.8271,-121.5522,2.93864290506989,0.139930932948326,0.143993502348425
"2027",2001-03-01,"D16L","EMP D16",38.093,-121.6697,30.9218235057866,1.39376201686942,1.51516935178354
"2028",2001-03-01,"D24L","EMP D24",38.1547,-121.6814,4.18384312973745,0.120102908314918,0.129699137021861
"2029",2001-03-01,"D28AL","EMP D28A",37.9701,-121.5741,5.97186763132492,0.267018101315287,0.292621513934921
"2030",2001-03-01,"D4L","EMP D4",38.0581,-121.8193,0.292582195544648,0.0341360947177148,0.035166879584587
"2031",2001-03-01,"D41C","EMP D41",38.016,-122.3647,0.024124504362051,0.00952566388068142,0.00964980174482039
"2032",2001-03-01,"D41AC","EMP D41A",38.0847,-122.3906,0.223067772213569,0.0868447617874416,0.0892271088854275
"2033",2001-03-01,"D7C","EMP D7",38.1171,-122.0395,0.849567482264623,0.319516821079798,0.227684085246919
"2034",2001-03-01,"USGS 8.1","EMP USGS 8.1",38.0316,122.1403,3.78035311092989,0.941710454919144,1.02069533995107
"2035",2001-04-01,"C9L","EMP C9",37.8271,-121.5522,8.74695686820138,0.461921824762019,0.481082627751076
"2036",2001-04-01,"D16L","EMP D16",38.093,-121.6697,87.869519606942,3.24567604660453,4.83282357838181
"2037",2001-04-01,"D24L","EMP D24",38.1547,-121.6814,30.8865601892779,1.94178336592263,2.13117265306018
"2038",2001-04-01,"D28AL","EMP D28A",37.9701,-121.5741,18.786301969316,0.869495829018821,1.03324660831238
"2039",2001-04-01,"D4L","EMP D4",38.0581,-121.8193,3.26440412880801,0.226101087190572,0.249811953817885
"2040",2001-04-01,"D41C","EMP D41",38.016,-122.3647,0,NA,0
"2041",2001-04-01,"D41AC","EMP D41A",38.0847,-122.3906,0.049628459577719,0.0195258831172097,0.0198513838310876
"2042",2001-04-01,"D7C","EMP D7",38.1171,-122.0395,0.805227794240353,0.306969977376389,0.215801048856415
"2043",2001-04-01,"P8R","EMP P8",37.9778,-121.3799,0.0762394987751127,0.00401110591893367,0.0041931724326312
"2044",2001-04-01,"USGS 8.1","EMP USGS 8.1",38.0316,122.1403,12.5234903401251,4.34663670810359,5.00939613605005
"2045",2001-05-01,"C9L","EMP C9",37.8271,-121.5522,12.0971810689188,1.36710769737254,1.45166172827026
"2046",2001-05-01,"D16L","EMP D16",38.093,-121.6697,20.1620538064441,1.62132376651048,1.93555716541864
"2047",2001-05-01,"D24L","EMP D24",38.1547,-121.6814,2.54163871462799,0.14813584217865,0.155039961592307
"2048",2001-05-01,"D28AL","EMP D28A",37.9701,-121.5741,13.6519266984225,1.4482447605147,1.6382312038107
"2049",2001-05-01,"D4L","EMP D4",38.0581,-121.8193,23.427768923835,1.66883987755676,2.25193896491027
"2050",2001-05-01,"D41C","EMP D41",38.016,-122.3647,0.0245745272055066,0.00964396287185486,0.00982981088220265
"2051",2001-05-01,"D41AC","EMP D41A",38.0847,-122.3906,0.449862817023541,0.174202649535813,0.179945126809416
"2052",2001-05-01,"D7C","EMP D7",38.1171,-122.0395,1.15869283460756,0.427986797894332,0.310529679674827
"2053",2001-05-01,"P8R","EMP P8",37.9778,-121.3799,0.0612385680537617,0.00628936654598052,0.0065525267817525
"2054",2001-05-01,"USGS 8.1","EMP USGS 8.1",38.0316,122.1403,11.8137650640893,4.18470945922454,4.72550602563572
"2055",2001-06-01,"C9L","EMP C9",37.8271,-121.5522,144.631425159035,17.4451951948569,19.3806109713107
"2056",2001-06-01,"D16L","EMP D16",38.093,-121.6697,18.3559681810369,1.70668626104913,1.96408859537095
"2057",2001-06-01,"D24L","EMP D24",38.1547,-121.6814,12.0983425914202,1.20008126275068,1.29452265728196
"2058",2001-06-01,"D28AL","EMP D28A",37.9701,-121.5741,13.2449221463733,1.55201530443247,1.77481956761402
"2059",2001-06-01,"D4L","EMP D4",38.0581,-121.8193,2.94956553022001,0.359280212891111,0.391370957864223
"2060",2001-06-01,"D41C","EMP D41",38.016,-122.3647,0,0,0
"2061",2001-06-01,"D41AC","EMP D41A",38.0847,-122.3906,4.34509808302527,1.53882809074368,1.73803923321011
"2062",2001-06-01,"D7C","EMP D7",38.1171,-122.0395,2.41407465183128,0.858618116511905,0.646972006690782
"2063",2001-06-01,"P8R","EMP P8",37.9778,-121.3799,6.59673592649983,0.934045888713104,0.982913653048475
"2064",2001-06-01,"USGS 8.1","EMP USGS 8.1",38.0316,122.1403,7.50586311138707,2.65315286476264,3.00234524455483
"2065",2001-07-01,"C9L","EMP C9",37.8271,-121.5522,0.109335028099379,0.0138892970295808,0.0146508937653168
"2066",2001-07-01,"D16L","EMP D16",38.093,-121.6697,32.2379373377106,2.53969502664026,3.44945929513503
"2067",2001-07-01,"D24L","EMP D24",38.1547,-121.6814,24.5355593706504,3.02426772093925,3.28776495566715
"2068",2001-07-01,"D28AL","EMP D28A",37.9701,-121.5741,0.037366418707204,0.00491596091243494,0.00500710010676533
"2069",2001-07-01,"D4L","EMP D4",38.0581,-121.8193,0.0199007457595772,0.00663790720915319,0.00670860452570796
"2070",2001-07-01,"D41C","EMP D41",38.016,-122.3647,0,0,0
"2071",2001-07-01,"D41AC","EMP D41A",38.0847,-122.3906,5.77583148501853,2.11044889858835,2.31033259400741
"2072",2001-07-01,"D7C","EMP D7",38.1171,-122.0395,8.43650339107373,2.92295600172012,2.26098290880776
"2073",2001-07-01,"P8R","EMP P8",37.9778,-121.3799,1.55359654904429,0.274566438117727,0.290522554671282
"2074",2001-07-01,"USGS 8.1","EMP USGS 8.1",38.0316,122.1403,20.3858852302839,6.80013175671842,8.15435409211355
"2075",2001-08-01,"C9L","EMP C9",37.8271,-121.5522,2.0906048737703,0.299645223670045,0.311500126191775
"2076",2001-08-01,"D16L","EMP D16",38.093,-121.6697,44.2916975157944,3.22658947541837,5.31500370189533
"2077",2001-08-01,"D24L","EMP D24",38.1547,-121.6814,13.3487218325639,1.4619723861237,1.60184661990766
"2078",2001-08-01,"D28AL","EMP D28A",37.9701,-121.5741,5.24124269410744,0.727748606637952,0.780945161422009
"2079",2001-08-01,"D4L","EMP D4",38.0581,-121.8193,4.99662087723312,0.488034573506641,0.538150085163214
"2080",2001-08-01,"D41C","EMP D41",38.016,-122.3647,0.0519864846969421,0.0205889833950613,0.0207945938787768
"2081",2001-08-01,"D41AC","EMP D41A",38.0847,-122.3906,5.63831326674603,2.04560557951438,2.25532530669841
"2082",2001-08-01,"D7C","EMP D7",38.1171,-122.0395,5.92252790462709,2.07613047383106,1.58723747844006
"2083",2001-08-01,"P8R","EMP P8",37.9778,-121.3799,0.168047386464247,0.0299938038286747,0.0314248612688142
"2084",2001-09-01,"C9L","EMP C9",37.8271,-121.5522,1.84715445323372,0.211702703624504,0.221658534388046
"2085",2001-09-01,"D16L","EMP D16",38.093,-121.6697,46.9307369426529,3.86666708352067,5.02158885286386
"2086",2001-09-01,"D24L","EMP D24",38.1547,-121.6814,10.6023354500911,1.02837979880607,1.13444989315975
"2087",2001-09-01,"D28AL","EMP D28A",37.9701,-121.5741,6.47304984142622,0.728384230923063,0.776765980971146
"2088",2001-09-01,"D4L","EMP D4",38.0581,-121.8193,0.079450644062601,0.0080942856208709,0.0083029655554351
"2089",2001-09-01,"D41C","EMP D41",38.016,-122.3647,0,0,0
"2090",2001-09-01,"D41AC","EMP D41A",38.0847,-122.3906,10.5336236840994,3.71351412153649,4.21344947363974
"2091",2001-09-01,"D7C","EMP D7",38.1171,-122.0395,8.13891101416079,2.80019789859089,2.18122815179509
"2092",2001-09-01,"P8R","EMP P8",37.9778,-121.3799,0.0885690897170413,0.0126174611073292,0.0131967943678392
"2093",2001-09-01,"USGS 8.1","EMP USGS 8.1",38.0316,122.1403,9.52652605039562,3.39264225942898,3.81061042015825
"2094",2001-10-01,"C9L","EMP C9",37.8271,-121.5522,0.0247219599670059,0.00207368672780319,0.00212608855716251
"2095",2001-10-01,"D16L","EMP D16",38.093,-121.6697,25.2443287750337,1.78591606362095,2.1710122746529
"2096",2001-10-01,"D24L","EMP D24",38.1547,-121.6814,3.82814352947328,0.341589541389778,0.367501778829435
"2097",2001-10-01,"D28AL","EMP D28A",37.9701,-121.5741,0.443876813266791,0.0364088838653404,0.038173405940944
"2098",2001-10-01,"D4L","EMP D4",38.0581,-121.8193,0.0141701093485029,0.0236001775503365,0.0243536959713548
"2099",2001-10-01,"D41C","EMP D41",38.016,-122.3647,0,0,0
"2100",2001-10-01,"D41AC","EMP D41A",38.0847,-122.3906,10.9110447380108,3.89344352112144,4.3644178952043
"2101",2001-10-01,"D7C","EMP D7",38.1171,-122.0395,8.6,2.98426418803658,2.31413794800203
"2102",2001-10-01,"P8R","EMP P8",37.9778,-121.3799,0.0732231959109408,0.00752850226179721,0.00783488196247067
"2103",2001-10-01,"USGS 8.1","EMP USGS 8.1",38.0316,122.1403,4.57523352058192,1.67278052620379,1.83009340823277
"2104",2001-11-01,"C9L","EMP C9",37.8271,-121.5522,15.4456981454478,0.985930785140405,1.0657531720359
"2105",2001-11-01,"D16L","EMP D16",38.093,-121.6697,3.34061955652597,0.221924144335186,0.230502749400292
"2106",2001-11-01,"D24L","EMP D24",38.1547,-121.6814,2.71779824654323,0.0971904208561277,0.105994131615186
"2107",2001-11-01,"D28AL","EMP D28A",37.9701,-121.5741,0.822857822507154,0.0541785864124626,0.0567771897529937
"2108",2001-11-01,"D4L","EMP D4",38.0581,-121.8193,0.277953596050514,0.0258847023572807,0.0266426458678796
"2109",2001-11-01,"D41C","EMP D41",38.016,-122.3647,0,0,0
"2110",2001-11-01,"D41AC","EMP D41A",38.0847,-122.3906,0.908528912613044,0.347479830272765,0.363411565045218
"2111",2001-11-01,"D7C","EMP D7",38.1171,-122.0395,10.8710186058565,3.72835076623621,2.91343298636953
"2112",2001-11-01,"P8R","EMP P8",37.9778,-121.3799,0.0611310451067639,0.00402012534657983,0.00421804211236671
"2113",2001-11-01,"USGS 8.1","EMP USGS 8.1",38.0316,122.1403,4.52302133583212,1.63672922862865,1.80920853433285
"2114",2001-12-01,"C9L","EMP C9",37.8271,-121.5522,0.0734291139163777,0.00249470175351382,0.00257001898707322
"2115",2001-12-01,"D16L","EMP D16",38.093,-121.6697,0.38766599775151,0.0108861579206694,0.0120176459302968
"2116",2001-12-01,"D24L","EMP D24",38.1547,-121.6814,2.17538430198063,0.0726751133912866,0.0761384505693219
"2117",2001-12-01,"D28AL","EMP D28A",37.9701,-121.5741,8.59936993042207,0.279815944285469,0.300977947564772
"2118",2001-12-01,"D4L","EMP D4",38.0581,-121.8193,0.00687044345623598,0.00308009667248678,0.00313280833717721
"2119",2001-12-01,"D41C","EMP D41",38.016,-122.3647,0,0,0
"2120",2001-12-01,"D41AC","EMP D41A",38.0847,-122.3906,0.707695559356594,0.274368781284131,0.283078223742638
"2121",2001-12-01,"D7C","EMP D7",38.1171,-122.0395,0.838498010032559,0.311678748866496,0.224717466688726
"2122",2001-12-01,"P8R","EMP P8",37.9778,-121.3799,0.0795258881148505,0.00267233327116424,0.00278340608401977
"2123",2001-12-01,"USGS 8.1","EMP USGS 8.1",38.0316,122.1403,2.52052062959705,0.935339988521875,1.00820825183882
"2124",2002-01-01,"C9L","EMP C9",37.8271,-121.5522,0.114124353225147,0.00343034839178274,0.00353785494997956
"2125",2002-01-01,"D16L","EMP D16",38.093,-121.6697,14.6083225964838,0.487890286666659,0.511291290876931
"2126",2002-01-01,"D24L","EMP D24",38.1547,-121.6814,53.1793975209577,1.38269228225515,1.64856132314969
"2127",2002-01-01,"D28AL","EMP D28A",37.9701,-121.5741,7.94983242179237,0.228292338344393,0.246444805075563
"2128",2002-01-01,"D4L","EMP D4",38.0581,-121.8193,0.0180763595508395,0.00150321734402854,0.00152081575400009
"2129",2002-01-01,"D41C","EMP D41",38.016,-122.3647,0,0,0
"2130",2002-01-01,"D41AC","EMP D41A",38.0847,-122.3906,0.306776641059276,0.1196172728896,0.12271065642371
"2131",2002-01-01,"D7C","EMP D7",38.1171,-122.0395,1.35267470131306,0.506062701069013,0.3625168199519
"2132",2002-01-01,"P8R","EMP P8",37.9778,-121.3799,0.335652203060244,0.0122814723982552,0.0130904359193495
"2133",2002-01-01,"USGS 8.1","EMP USGS 8.1",38.0316,122.1403,0.638725095023672,0.241117629915672,0.255490038009469
"2134",2002-02-01,"C9L","EMP C9",37.8271,-121.5522,0.0142041397064444,0.000433746342835931,0.000440328330899775
"2135",2002-02-01,"D16L","EMP D16",38.093,-121.6697,1.29889351084553,0.0380317688965039,0.0402656988362114
"2136",2002-02-01,"D24L","EMP D24",38.1547,-121.6814,3.8719210054228,0.129410495652727,0.135517235189798
"2137",2002-02-01,"D28AL","EMP D28A",37.9701,-121.5741,0.273238870797184,0.00791533569736445,0.00847040499471271
"2138",2002-02-01,"D4L","EMP D4",38.0581,-121.8193,0.0112478084156228,0.00603530979122221,0.00614231665339494
"2139",2002-02-01,"D41C","EMP D41",38.016,-122.3647,0.209120506504035,0.0816021361041,0.083648202601614
"2140",2002-02-01,"D7C","EMP D7",38.1171,-122.0395,0.82924395455321,0.212770157870448,0.150010231378676
"2141",2002-02-01,"P8R","EMP P8",37.9778,-121.3799,0.268844451922453,0.00774819520322644,0.00833417800959605
"2142",2002-03-01,"C9L","EMP C9",37.8271,-121.5522,0.147604470436699,0.00697337429870484,0.00723261905139826
"2143",2002-03-01,"D16L","EMP D16",38.093,-121.6697,14.1366220281361,0.806746503753521,0.8623339437163
"2144",2002-03-01,"D24L","EMP D24",38.1547,-121.6814,17.2934517532489,0.564001005749252,0.605270811363713
"2145",2002-03-01,"D28AL","EMP D28A",37.9701,-121.5741,16.6023854737045,0.739046292985981,0.813516888211522
"2146",2002-03-01,"D4L","EMP D4",38.0581,-121.8193,NA,0.00507293567303788,0.00513
"2147",2002-03-01,"D41C","EMP D41",38.016,-122.3647,0,0,0
"2148",2002-03-01,"D41AC","EMP D41A",38.0847,-122.3906,0.158647197808297,0.0625162352630986,0.063458879123319
"2149",2002-03-01,"D7C","EMP D7",38.1171,-122.0395,0.355353416235448,0.137382283346643,0.0952347155511
"2150",2002-03-01,"P8R","EMP P8",37.9778,-121.3799,0.160485583235392,NA,NA
"2151",2002-03-01,"USGS 8.1","EMP USGS 8.1",38.0316,122.1403,0.814379580167236,0.311508863257037,0.325751832066894
"2152",2002-04-01,"C9L","EMP C9",37.8271,-121.5522,0.565869151652275,0.0242240736128593,0.0248982426727001
"2153",2002-04-01,"D16L","EMP D16",38.093,-121.6697,22.654062767337,1.13417815950903,1.38189782880756
"2154",2002-04-01,"D24L","EMP D24",38.1547,-121.6814,11.9184885565765,0.664687245190753,0.727027801951167
"2155",2002-04-01,"D28AL","EMP D28A",37.9701,-121.5741,0.78525714045129,0.0519441313503925,0.054182742691139
"2156",2002-04-01,"D4L","EMP D4",38.0581,-121.8193,0.00367883703963823,0.000129647809482541,0.000131635461360708
"2157",2002-04-01,"D41C","EMP D41",38.016,-122.3647,0.0138486438378594,0.00544366692320213,0.00553945753514376
"2158",2002-04-01,"D7C","EMP D7",38.1171,-122.0395,0.596369564044253,0.228306925511164,0.15982704316386
"2159",2002-04-01,"P8R","EMP P8",37.9778,-121.3799,0.12039632847118,NA,NA
"2160",2002-04-01,"USGS 8.1","EMP USGS 8.1",38.0316,122.1403,2.5624274168862,0.956221423413186,1.02497096675448
"2161",2002-05-01,"C9L","EMP C9",37.8271,-121.5522,0.016995350980219,0.0011530810848233,0.00117267921763511
"2162",2002-05-01,"D16L","EMP D16",38.093,-121.6697,29.8942623557731,1.5336076175171,1.82355000370216
"2163",2002-05-01,"D24L","EMP D24",38.1547,-121.6814,39.8710160355554,2.57077446567707,2.75110010645333
"2164",2002-05-01,"D28AL","EMP D28A",37.9701,-121.5741,16.2037837259618,1.00692809785236,1.11806107709137
"2165",2002-05-01,"D4L","EMP D4",38.0581,-121.8193,0.0399266202164426,0.0027577391048927,0.0027909438273664
"2166",2002-05-01,"D41C","EMP D41",38.016,-122.3647,0,0,0
"2167",2002-05-01,"D41AC","EMP D41A",38.0847,-122.3906,0.998495494686781,0.375935981196437,0.399398197874712
"2168",2002-05-01,"D7C","EMP D7",38.1171,-122.0395,0.632745503357282,0.235424478807291,0.169575794899752
"2169",2002-05-01,"P8R","EMP P8",37.9778,-121.3799,0.116600605292785,0.00892321514437865,0.00927051729228089
"2170",2002-05-01,"USGS 8.1","EMP USGS 8.1",38.0316,122.1403,1.35392471943674,0.51172288424138,0.541569887774696
"2171",2002-06-01,"C9L","EMP C9",37.8271,-121.5522,16.611074431177,1.04571443905938,1.14616413575121
"2172",2002-06-01,"D16L","EMP D16",38.093,-121.6697,6.92762737454946,0.65314942651231,0.741256129076792
"2173",2002-06-01,"D24L","EMP D24",38.1547,-121.6814,27.3866418450831,2.79693821868636,2.9303706774239
"2174",2002-06-01,"D28AL","EMP D28A",37.9701,-121.5741,15.0122769805055,2.01238175947753,2.23682927009531
"2175",2002-06-01,"D4L","EMP D4",38.0581,-121.8193,2.85564534588847,0.16284309713943,0.171338720753308
"2176",2002-06-01,"D41C","EMP D41",38.016,-122.3647,0,0,0
"2177",2002-06-01,"D41AC","EMP D41A",38.0847,-122.3906,4.89437886624967,1.71042030212777,1.95775154649987
"2178",2002-06-01,"D7C","EMP D7",38.1171,-122.0395,1.94003582475602,0.687939506726667,0.519929601034614
"2179",2002-06-01,"P8R","EMP P8",37.9778,-121.3799,1.94185614478315,0.00681427981921379,0.00711263692285987
"2180",2002-06-01,"USGS 8.1","EMP USGS 8.1",38.0316,122.1403,2.67175625895841,0.974703653137558,1.06870250358336
"2181",2002-07-01,"C9L","EMP C9",37.8271,-121.5522,44.1685774071307,5.50649868845169,5.91858937255551
"2182",2002-07-01,"D16L","EMP D16",38.093,-121.6697,12.1515562005805,1.37461011892292,1.62830853087778
"2183",2002-07-01,"D24L","EMP D24",38.1547,-121.6814,42.4414099640626,4.2440741336455,4.5412308661547
"2184",2002-07-01,"D28AL","EMP D28A",37.9701,-121.5741,17.5029155281353,2.58417917146471,2.92298689319859
"2185",2002-07-01,"D4L","EMP D4",38.0581,-121.8193,2.24488096276891,0.226893171852755,0.242940224205639
"2186",2002-07-01,"D41C","EMP D41",38.016,-122.3647,0,0,0
"2187",2002-07-01,"D41AC","EMP D41A",38.0847,-122.3906,9.8123203809195,3.39771776743902,3.9249281523678
"2188",2002-07-01,"D7C","EMP D7",38.1171,-122.0395,3.47007582248871,1.23750101559733,0.929980320426975
"2189",2002-07-01,"P8R","EMP P8",37.9778,-121.3799,0.140121557460354,0.273723908460998,0.28933656557269
"2190",2002-07-01,"USGS 8.1","EMP USGS 8.1",38.0316,122.1403,5.43357266284764,1.89804374933288,2.17342906513905
"2191",2002-08-01,"C9L","EMP C9",37.8271,-121.5522,1.60971664776195,0.255307000021588,0.268822680176245
"2192",2002-08-01,"D16L","EMP D16",38.093,-121.6697,3.11416559633214,0.333390766484455,0.373699871559857
"2193",2002-08-01,"D24L","EMP D24",38.1547,-121.6814,10.1173873132914,0.944627149579868,1.08256044252218
"2194",2002-08-01,"D28AL","EMP D28A",37.9701,-121.5741,36.9097362430941,4.61261962311369,5.49955070022102
"2195",2002-08-01,"D4L","EMP D4",38.0581,-121.8193,0.0129157300100307,0.00135514789554172,0.00138198311107329
"2196",2002-08-01,"D41C","EMP D41",38.016,-122.3647,0,0,0
"2197",2002-08-01,"D41AC","EMP D41A",38.0847,-122.3906,8.13996425574129,2.9061542666441,3.25598570229652
"2198",2002-08-01,"D7C","EMP D7",38.1171,-122.0395,6.59421370391773,2.25262197482373,1.76724927264995
"2199",2002-08-01,"P8R","EMP P8",37.9778,-121.3799,0.617113112274116,0.0277848549375011,0.0292854055092139
"2200",2002-08-01,"USGS 8.1","EMP USGS 8.1",38.0316,122.1403,0.595573175556441,0.230560408896384,0.238229270222576
"2201",2002-09-01,"C9L","EMP C9",37.8271,-121.5522,14.5667902562783,2.01750279934508,2.17045174818547
"2202",2002-09-01,"D16L","EMP D16",38.093,-121.6697,27.0325478562656,2.76398307111352,3.24390574275187
"2203",2002-09-01,"D24L","EMP D24",38.1547,-121.6814,9.71721368982689,0.831277404175017,0.932852514223381
"2204",2002-09-01,"D28AL","EMP D28A",37.9701,-121.5741,6.93093797724777,0.850199373033533,0.928745688951201
"2205",2002-09-01,"D4L","EMP D4",38.0581,-121.8193,0.482621364206355,0.0302062188163196,0.0312294061171606
"2206",2002-09-01,"D41C","EMP D41",38.016,-122.3647,0,0,0
"2207",2002-09-01,"D41AC","EMP D41A",38.0847,-122.3906,20.7278582281686,6.94376288644205,8.29114329126745
"2208",2002-09-01,"D7C","EMP D7",38.1171,-122.0395,9.38266687710629,3.16639014618829,2.51455472306449
"2209",2002-09-01,"P8R","EMP P8",37.9778,-121.3799,0.129766724948099,0.110301280149845,0.11540015199526
"2210",2002-09-01,"USGS 8.1","EMP USGS 8.1",38.0316,122.1403,21.967455172508,7.1683377331727,8.7869820690032
"2211",2002-10-01,"C9L","EMP C9",37.8271,-121.5522,0.260679600374836,0.0337135020507003,0.0349310664502281
"2212",2002-10-01,"D16L","EMP D16",38.093,-121.6697,6.06465575080782,0.526384993232544,0.582206952077551
"2213",2002-10-01,"D24L","EMP D24",38.1547,-121.6814,3.00070000414591,0.214129892142299,0.231053900319235
"2214",2002-10-01,"D28AL","EMP D28A",37.9701,-121.5741,3.37631889076252,0.305071007567908,0.324126613513202
"2215",2002-10-01,"D4L","EMP D4",38.0581,-121.8193,0.0296226932801565,0.00270857542936825,0.0027479681770794
"2216",2002-10-01,"D41C","EMP D41",38.016,-122.3647,0,0,0
"2217",2002-10-01,"D41AC","EMP D41A",38.0847,-122.3906,3.18421895928923,1.2089929468781,1.27368758371569
"2218",2002-10-01,"D7C","EMP D7",38.1171,-122.0395,10.7,3.60432625493603,2.86546723143204
"2219",2002-10-01,"P8R","EMP P8",37.9778,-121.3799,0.0575434514713911,0.0185503478782227,0.0193352420172668
"2220",2002-10-01,"USGS 8.1","EMP USGS 8.1",38.0316,122.1403,12.7899096575423,4.32302568390022,5.11596386301693
"2221",2002-11-01,"C9L","EMP C9",37.8271,-121.5522,0.00789842893782639,0.000740328170849556,0.000758249178031333
"2222",2002-11-01,"D16L","EMP D16",38.093,-121.6697,11.8632490865873,0.597018969818307,0.652478699762302
"2223",2002-11-01,"D24L","EMP D24",38.1547,-121.6814,3.08327479461608,0.139634571621174,0.151080464936188
"2224",2002-11-01,"D28AL","EMP D28A",37.9701,-121.5741,9.92277819766045,0.354425504822406,0.386988349708758
"2225",2002-11-01,"D4L","EMP D4",38.0581,-121.8193,0.663003389633967,0.0452063501525488,0.0467672798223075
"2226",2002-11-01,"D41C","EMP D41",38.016,-122.3647,0,0,0
"2227",2002-11-01,"D41AC","EMP D41A",38.0847,-122.3906,1.14161945339618,0.442296552152756,0.456647781358474
"2228",2002-11-01,"D7C","EMP D7",38.1171,-122.0395,11.5251332702983,3.90004055337287,3.08873571643995
"2229",2002-11-01,"P8R","EMP P8",37.9778,-121.3799,0.0992974467824116,0.00531263632898026,0.00552417134125355
"2230",2002-11-01,"USGS 8.1","EMP USGS 8.1",38.0316,122.1403,43.1405413658617,12.3200193335396,17.2562165463447
"2231",2002-12-01,"D16L","EMP D16",38.093,-121.6697,14.6417857510436,0.523508791963125,0.571029644290701
"2232",2002-12-01,"D24L","EMP D24",38.1547,-121.6814,1.97060084702112,0.0640310473549898,0.0689710296457393
"2233",2002-12-01,"D28AL","EMP D28A",37.9701,-121.5741,2.620685067641,0.0969635130231696,0.102206717637999
"2234",2002-12-01,"D4L","EMP D4",38.0581,-121.8193,0.0191344815294815,0.0205884721850438,0.0212535249243643
"2235",2002-12-01,"D41C","EMP D41",38.016,-122.3647,0,0,0
"2236",2002-12-01,"D41AC","EMP D41A",38.0847,-122.3906,0.00502233057949382,0.00200065569106256,0.00200893223179753
"2237",2002-12-01,"D7C","EMP D7",38.1171,-122.0395,3.30253049064272,1.18548123764718,0.885078171492248
"2238",2002-12-01,"P8R","EMP P8",37.9778,-121.3799,0.0602239405311945,0.00523966133329726,0.00546135957303264
"2239",2002-12-01,"USGS 8.1","EMP USGS 8.1",38.0316,122.1403,44.741558016931,12.8783906567299,17.8966232067724
"2240",2003-01-01,"D41AC","EMP D41A",38.0847,-122.3906,0,0,0
"2241",2003-01-01,"D7C","EMP D7",38.1171,-122.0395,2.14015443366712,0.536042528278578,0.387153937050382
"2242",2003-01-01,"P8R","EMP P8",37.9778,-121.3799,NA,0.00222421064098483,0.00234873368071659
"2243",2003-01-01,"USGS 8.1","EMP USGS 8.1",38.0316,122.1403,51.345788245651,9.71832806417272,13.8633628263258
"2244",2003-02-01,"D41AC","EMP D41A",38.0847,-122.3906,0,0,0
"2245",2003-02-01,"D7C","EMP D7",38.1171,-122.0395,1.14533561221408,0.427160744376995,0.306949944073372
"2246",2003-02-01,"USGS 8.1","EMP USGS 8.1",38.0316,122.1403,23.8024404258315,7.71539713641648,9.52097617033261
"2247",2003-03-01,"D41AC","EMP D41A",38.0847,-122.3906,0.0692221669344575,0.027323978353199,0.027688866773783
"2248",2003-03-01,"D7C","EMP D7",38.1171,-122.0395,0.831193858005044,0.310083524922945,0.222759953945352
"2249",2003-03-01,"USGS 8.1","EMP USGS 8.1",38.0316,122.1403,12.0726474101116,4.10097334546536,4.82905896404466
"2250",2003-04-01,"D41AC","EMP D41A",38.0847,-122.3906,0.2,0.0752331383909327,0.08
"2251",2003-04-01,"D7C","EMP D7",38.1171,-122.0395,0.882285607660246,0.32144446227035,0.236452542852946
"2252",2003-04-01,"USGS 8.1","EMP USGS 8.1",38.0316,122.1403,19.5124215226823,6.48639249066051,7.80496860907291
"2253",2003-05-01,"D41AC","EMP D41A",38.0847,-122.3906,4.4,1.5197251377676,1.76
"2254",2003-05-01,"D7C","EMP D7",38.1171,-122.0395,2.58987395769158,0.789134991678722,0.694086220661344
"2255",2003-05-01,"USGS 8.1","EMP USGS 8.1",38.0316,122.1403,12.4273554315404,4.34032261536325,4.97094217261615
"2256",2003-06-01,"D41AC","EMP D41A",38.0847,-122.3906,5.4,1.78055125626773,2.16
"2257",2003-06-01,"D7C","EMP D7",38.1171,-122.0395,3.43552702366732,0.838573737824845,0.920721242342841
"2258",2003-06-01,"USGS 8.1","EMP USGS 8.1",38.0316,122.1403,13.7678451769635,4.62843332190338,5.50713807078539
"2259",2003-07-01,"D41AC","EMP D41A",38.0847,-122.3906,5.6,1.71213245317106,2.24
"2260",2003-07-01,"D7C","EMP D7",38.1171,-122.0395,3.97502970493284,1.44156232339285,1.065307960922
"2261",2003-07-01,"USGS 8.1","EMP USGS 8.1",38.0316,122.1403,16.6656888702004,5.49803342637181,6.66627554808017
"2262",2003-08-01,"D41AC","EMP D41A",38.0847,-122.3906,14,4.27655992504383,5.6
"2263",2003-08-01,"D7C","EMP D7",38.1171,-122.0395,4.79993720804256,1.71845982191673,1.28638317175541
"2264",2003-08-01,"USGS 8.1","EMP USGS 8.1",38.0316,122.1403,34.7942933344093,10.43124022867,13.9177173337637
"2265",2003-09-01,"D41AC","EMP D41A",38.0847,-122.3906,13,3.8720629364311,5.2
"2266",2003-09-01,"D7C","EMP D7",38.1171,-122.0395,6.62009133358846,2.35488142749397,1.77418447740171
"2267",2003-09-01,"USGS 8.1","EMP USGS 8.1",38.0316,122.1403,46.3984365293939,13.6641830107655,18.5593746117576
"2268",2003-10-01,"D41AC","EMP D41A",38.0847,-122.3906,7,2.52804518022289,2.8
"2269",2003-10-01,"D7C","EMP D7",38.1171,-122.0395,11.7878141588828,3.95308199695434,3.15913419458058
"2270",2003-10-01,"USGS 8.1","EMP USGS 8.1",38.0316,122.1403,33.3127788793664,10.0721059478987,13.3251115517466
"2271",2004-01-01,"D41AC","EMP D41A",38.0847,-122.3906,0.4,0.155610794331545,0.16
"2272",2004-01-01,"D7C","EMP D7",38.1171,-122.0395,2.85,0.691058240392824,0.515565
"2273",2004-01-01,"USGS 8.1","EMP USGS 8.1",38.0316,122.1403,15.1728328749138,3.29223910451569,4.09666487622674
"2274",2004-04-01,"D41AC","EMP D41A",38.0847,-122.3906,0.1,0.0369778418307441,0.04
"2275",2004-04-01,"D7C","EMP D7",38.1171,-122.0395,0.7,0.261851506729208,0.1876
"2276",2004-04-01,"USGS 8.1","EMP USGS 8.1",38.0316,122.1403,24.4760726039318,5.61811638154986,6.60853960306159
"2277",2004-07-01,"C9L","EMP C9",37.8271,-121.5522,1.08057557185695,0.146415919613867,0.161005760206685
"2278",2004-07-01,"D16L","EMP D16",38.093,-121.6697,0.0129297908064708,0.00153115900684674,0.00155157489677649
"2279",2004-07-01,"D24L","EMP D24",38.1547,-121.6814,11.61,1.29091131672244,1.3932
"2280",2004-07-01,"D28AL","EMP D28A",37.9701,-121.5741,0.74,0.105361467599609,0.11026
"2281",2004-07-01,"D4L","EMP D4",38.0581,-121.8193,0.832222353180699,0.00310876071124615,0.001645
"2282",2004-07-01,"D41C","EMP D41",38.016,-122.3647,0,0,0
"2283",2004-07-01,"D41AC","EMP D41A",38.0847,-122.3906,1.12787065609215,0.427367039712974,0.451148262436858
"2284",2004-07-01,"D7C","EMP D7",38.1171,-122.0395,3.72506642305048,1.30399855716008,0.998317801377528
"2285",2004-07-01,"P8R","EMP P8",37.9778,-121.3799,0.208935694003404,0.0368184831008196,0.0390709747786366
"2286",2004-07-01,"USGS 8.1","EMP USGS 8.1",38.0316,122.1403,9.96654989897343,3.57772617890914,3.98661995958937
"2287",2004-10-01,"C9L","EMP C9",37.8271,-121.5522,9.29828398052715,0.678517887577809,0.715967866500591
"2288",2004-10-01,"D16L","EMP D16",38.093,-121.6697,3.74729903867584,0.27043077831432,0.288542025978039
"2289",2004-10-01,"D24L","EMP D24",38.1547,-121.6814,10.86,1.03076085224206,1.16202
"2290",2004-10-01,"D28AL","EMP D28A",37.9701,-121.5741,7.66,0.553575537004076,0.58982
"2291",2004-10-01,"D4L","EMP D4",38.0581,-121.8193,9.1561700742969,0.664404596412037,0.410025
"2292",2004-10-01,"D41C","EMP D41",38.016,-122.3647,0,0,0
"2293",2004-10-01,"D41AC","EMP D41A",38.0847,-122.3906,2.94130113744958,1.10862518120744,1.17652045497983
"2294",2004-10-01,"D7C","EMP D7",38.1171,-122.0395,11.0733513093935,3.84608870405262,2.96765815091746
"2295",2004-10-01,"P8R","EMP P8",37.9778,-121.3799,0.0837392335999788,0.00693108331191645,0.00720157408959817
"2296",2004-10-01,"USGS 8.1","EMP USGS 8.1",38.0316,122.1403,10.3769688793561,3.72679454190614,4.15078755174244
"2297",2005-01-01,"C9L","EMP C9",37.8271,-121.5522,0.0166824344059894,0.000508956146470635,0.000517155466585671
"2298",2005-01-01,"D16L","EMP D16",38.093,-121.6697,1.91769498715141,0.0559493869044917,0.0594485446016939
"2299",2005-01-01,"D24L","EMP D24",38.1547,-121.6814,1.38,0.0409473088443322,0.04278
"2300",2005-01-01,"D28AL","EMP D28A",37.9701,-121.5741,6.67,0.194302116193267,0.20677
"2301",2005-01-01,"D4L","EMP D4",38.0581,-121.8193,16.720351002193,0.809142092555001,0.90864
"2302",2005-01-01,"D41C","EMP D41",38.016,-122.3647,0,0,0
"2303",2005-01-01,"D41AC","EMP D41A",38.0847,-122.3906,0.166603268083494,0.0652554235248313,0.0666413072333974
"2304",2005-01-01,"D7C","EMP D7",38.1171,-122.0395,1.80452236522839,0.554701837570387,0.411321785598903
"2305",2005-01-01,"P8R","EMP P8",37.9778,-121.3799,0.0927206282574891,0.00271936485767577,0.00287433947598216
"2306",2005-01-01,"USGS 8.1","EMP USGS 8.1",38.0316,122.1403,1.5835457264767,0.407177945854661,0.42755734614871
"2307",2005-04-01,"D16L","EMP D16",38.093,-121.6697,0.0144025593745333,0.000782818039424304,0.000792140765599331
"2308",2005-04-01,"D24L","EMP D24",38.1547,-121.6814,9.01112320248373,0.422329093148536,0.495611776136605
"2309",2005-04-01,"D28AL","EMP D28A",37.9701,-121.5741,1.54,0.081387842807161,0.0847
"2310",2005-04-01,"D4L","EMP D4",38.0581,-121.8193,7.65878877409403,0.830065010879627,0.46543
"2311",2005-04-01,"D41C","EMP D41",38.016,-122.3647,0,NA,0
"2312",2005-04-01,"D41AC","EMP D41A",38.0847,-122.3906,0.141974453382074,0.05474421248253,0.0567897813528295
"2313",2005-04-01,"D7C","EMP D7",38.1171,-122.0395,0.394375487336697,0.228286487349461,0.161936117983706
"2314",2005-04-01,"P8R","EMP P8",37.9778,-121.3799,0.611503103599666,0.0287681023585359,0.0299636520763836
"2315",2005-04-01,"USGS 8.1","EMP USGS 8.1",38.0316,122.1403,6.95080395836153,2.51047248314814,2.78032158334461
"2316",2005-07-01,"C9L","EMP C9",37.8271,-121.5522,0.670658128813512,0.108100826531501,0.111999907511856
"2317",2005-07-01,"D16L","EMP D16",38.093,-121.6697,1.54090234394052,0.198622775669157,0.20648091408803
"2318",2005-07-01,"D24L","EMP D24",38.1547,-121.6814,9.15,0.634098734213959,0.70455
"2319",2005-07-01,"D28AL","EMP D28A",37.9701,-121.5741,2.5,0.393254255885375,0.4175
"2320",2005-07-01,"D4L","EMP D4",38.0581,-121.8193,10.7296591376916,1.22837160964887,1.43369
"2321",2005-07-01,"D41C","EMP D41",38.016,-122.3647,0.190654321856388,0.0750645099529963,0.0762617287425553
"2322",2005-07-01,"D41AC","EMP D41A",38.0847,-122.3906,1.78466423787874,0.670497654412045,0.713865695151497
"2323",2005-07-01,"D7C","EMP D7",38.1171,-122.0395,2.24160226007185,0.96168383961893,0.710217867255342
"2324",2005-07-01,"P8R","EMP P8",37.9778,-121.3799,1.88120847100563,0.269116089698863,0.280300062179838
"2325",2005-07-01,"USGS 8.1","EMP USGS 8.1",38.0316,122.1403,20.5524113939936,6.86663788940964,8.22096455759744
"2326",2005-10-01,"C9L","EMP C9",37.8271,-121.5522,13.7377093683207,1.00030267747531,1.05780362136069
"2327",2005-10-01,"D16L","EMP D16",38.093,-121.6697,1.25156730047351,0.0928782852026471,0.0963706821364601
"2328",2005-10-01,"D24L","EMP D24",38.1547,-121.6814,8.6320756712138,0.523761749248341,0.595613221313752
"2329",2005-10-01,"D28AL","EMP D28A",37.9701,-121.5741,1.84,0.135610442194132,0.14168
"2330",2005-10-01,"D4L","EMP D4",38.0581,-121.8193,4.68278094691311,0.368571079553874,0.40436
"2331",2005-10-01,"D41C","EMP D41",38.016,-122.3647,0.101388985050011,0.0400121220237461,0.0405555940200043
"2332",2005-10-01,"D41AC","EMP D41A",38.0847,-122.3906,0.909479942366998,0.344503715808254,0.363791976946799
"2333",2005-10-01,"D7C","EMP D7",38.1171,-122.0395,8.94303830000987,3.78367430700987,3.02439715811007
"2334",2005-10-01,"P8R","EMP P8",37.9778,-121.3799,0.0781982397657968,0.00586865302266093,0.00602126446196635
"2335",2005-10-01,"USGS 8.1","EMP USGS 8.1",38.0316,122.1403,17.1217957912525,5.64727545030043,6.848718316501
"2336",2005-11-01,"C9L","EMP C9",37.8271,-121.5522,0.104073816057275,0.00550802458110017,0.00572405988315012
"2337",2005-11-01,"D16L","EMP D16",38.093,-121.6697,0.0080829922255478,0.000440495167110645,0.000444564572405129
"2338",2005-11-01,"D24L","EMP D24",38.1547,-121.6814,4.48,0.195610613613262,0.21952
"2339",2005-11-01,"D28AL","EMP D28A",37.9701,-121.5741,0.31,0.0165124684975801,0.01705
"2340",2005-11-01,"D4L","EMP D4",38.0581,-121.8193,4.70987388351289,0.223893164496139,0.253075
"2341",2005-11-01,"D41C","EMP D41",38.016,-122.3647,0,0,0
"2342",2005-11-01,"D41AC","EMP D41A",38.0847,-122.3906,1.05032867794941,0.400774919243682,0.420131471179766
"2343",2005-11-01,"D7C","EMP D7",38.1171,-122.0395,7.71228581708595,3.93273737475205,3.11359520528758
"2344",2005-11-01,"P8R","EMP P8",37.9778,-121.3799,3.47234643591264,0.162303857507562,0.170144975359719
"2345",2005-11-01,"USGS 8.1","EMP USGS 8.1",38.0316,122.1403,34.2157759942437,10.416403193293,13.6863103976975
"2346",2005-12-01,"C9L","EMP C9",37.8271,-121.5522,1.5715224322046,0.046410765459488,0.0487171953983426
"2347",2005-12-01,"D16L","EMP D16",38.093,-121.6697,0.631821266818117,0.0188821122492001,0.0195864592713616
"2348",2005-12-01,"D24L","EMP D24",38.1547,-121.6814,3.91,0.141517309315208,0.1564
"2349",2005-12-01,"D28AL","EMP D28A",37.9701,-121.5741,2.65,0.0783156625003594,0.08215
"2350",2005-12-01,"D4L","EMP D4",38.0581,-121.8193,6.49032401480678,0.176193880782705,0.199645
"2351",2005-12-01,"D41C","EMP D41",38.016,-122.3647,0,0,0
"2352",2005-12-01,"D41AC","EMP D41A",38.0847,-122.3906,0.601567149371272,0.231698089571297,0.240626859748509
"2353",2005-12-01,"D7C","EMP D7",38.1171,-122.0395,9.26069142783809,4.51745561724848,3.55114006299392
"2354",2005-12-01,"P8R","EMP P8",37.9778,-121.3799,1.48054292583355,0.043341308521056,0.0458968307008401
"2355",2005-12-01,"USGS 8.1","EMP USGS 8.1",38.0316,122.1403,8.60410127920649,3.01831932567016,3.4416405116826
"2356",2006-01-01,"C9L","EMP C9",37.8271,-121.5522,2.04054578712161,0.0604055071923341,0.0632569194007698
"2357",2006-01-01,"D16L","EMP D16",38.093,-121.6697,0.0207616598165241,0.000635817840459569,0.000643611454312247
"2358",2006-01-01,"D24L","EMP D24",38.1547,-121.6814,2.99991073109332,0.0859145790540151,0.0929972326638929
"2359",2006-01-01,"D28AL","EMP D28A",37.9701,-121.5741,0.144887443356034,0.00428086475600235,0.00449151074403706
"2360",2006-01-01,"D4L","EMP D4",38.0581,-121.8193,3.34277613827975,0.0649645282611337,0.0739411446202304
"2361",2006-01-01,"D41C","EMP D41",38.016,-122.3647,0,0,0
"2362",2006-01-01,"D41AC","EMP D41A",38.0847,-122.3906,0.238155296249414,0.0929240522911904,0.0952621184997654
"2363",2006-01-01,"D7C","EMP D7",38.1171,-122.0395,0.398337712433462,0.109330546266094,0.0789015841435402
"2364",2006-01-01,"P8R","EMP P8",37.9778,-121.3799,0.187001798891005,0.00551005759149391,0.00579705576562114
"2365",2006-01-01,"USGS 8.1","EMP USGS 8.1",38.0316,122.1403,4.74954321822716,1.16401031529967,1.28237666892133
"2366",2006-02-01,"C9L","EMP C9",37.8271,-121.5522,1.1671149483269,0.0383198805709362,0.0408490231914416
"2367",2006-02-01,"D16L","EMP D16",38.093,-121.6697,0.350446823771454,0.0119528704531429,0.0122656388320009
"2368",2006-02-01,"D24L","EMP D24",38.1547,-121.6814,10.5328096114479,0.348414302481567,0.368648336400678
"2369",2006-02-01,"D28AL","EMP D28A",37.9701,-121.5741,0.531823884932223,0.0177462325183877,0.0186138359726278
"2370",2006-02-01,"D4L","EMP D4",38.0581,-121.8193,2.52699264574537,0.211408865247871,0.226526334763719
"2371",2006-02-01,"D41C","EMP D41",38.016,-122.3647,0,0,0
"2372",2006-02-01,"D41AC","EMP D41A",38.0847,-122.3906,0.168460707861702,0.0656532502898302,0.067384283144681
"2373",2006-02-01,"D7C","EMP D7",38.1171,-122.0395,0.0872634732711641,0.0212093540113699,0.0146556146398059
"2374",2006-02-01,"P8R","EMP P8",37.9778,-121.3799,0.177338256320201,0.00653458550153997,0.00691619199648785
"2375",2006-02-01,"USGS 8.1","EMP USGS 8.1",38.0316,122.1403,1.32323243864999,0.507518949195538,0.529292975459998
"2376",2006-03-01,"C9L","EMP C9",37.8271,-121.5522,12.1027728751162,0.42739427061281,0.472008142129531
"2377",2006-03-01,"D16L","EMP D16",38.093,-121.6697,2.14397219896172,0.0713570032900364,0.0750390269636602
"2378",2006-03-01,"D24L","EMP D24",38.1547,-121.6814,1.9541865599943,0.058550417129048,0.0605797833598233
"2379",2006-03-01,"D28AL","EMP D28A",37.9701,-121.5741,0.331737399079554,0.0120358362446234,0.0129377585641026
"2380",2006-03-01,"D4L","EMP D4",38.0581,-121.8193,5.75494633361004,0.315329002975968,0.357259781628817
"2381",2006-03-01,"D41C","EMP D41",38.016,-122.3647,0,0,0
"2382",2006-03-01,"P8R","EMP P8",37.9778,-121.3799,0.322774453969485,0.0106269313258619,0.011297105888932
"2383",2006-03-01,"USGS 8.1","EMP USGS 8.1",38.0316,122.1403,3.51768455198584,1.31191290058602,1.40707382079434
"2384",2006-04-01,"C9L","EMP C9",37.8271,-121.5522,4.80293508589796,0.269992649898248,0.292979040239776
"2385",2006-04-01,"D16L","EMP D16",38.093,-121.6697,2.50887633930424,0.116114543800871,0.122934940625908
"2386",2006-04-01,"D24L","EMP D24",38.1547,-121.6814,4.38977894477694,0.146639057256273,0.153642263067193
"2387",2006-04-01,"D28AL","EMP D28A",37.9701,-121.5741,0.413923292640083,0.023237741750292,0.025249320851045
"2388",2006-04-01,"D4L","EMP D4",38.0581,-121.8193,5.19940890569022,0.490704960644738,0.276596146188207
"2389",2006-04-01,"D41C","EMP D41",38.016,-122.3647,1.83442459233204,0.655229038523018,0.733769836932814
"2390",2006-04-01,"D41AC","EMP D41A",38.0847,-122.3906,0.362146232742579,0.139621609800219,0.144858493097032
"2391",2006-04-01,"D7C","EMP D7",38.1171,-122.0395,0.390660611821967,0.148194531576664,0.104697043968287
"2392",2006-04-01,"P8R","EMP P8",37.9778,-121.3799,5.25696688054379,0.27137901217088,0.289133178429909
"2393",2006-04-01,"USGS 8.1","EMP USGS 8.1",38.0316,122.1403,2.53186003013975,0.948858694114907,1.0127440120559
"2394",2006-05-01,"C9L","EMP C9",37.8271,-121.5522,12.2011267916344,1.08508713997715,1.1713081719969
"2395",2006-05-01,"D16L","EMP D16",38.093,-121.6697,0.0558973008158734,0.00527682727059879,0.00536614087832385
"2396",2006-05-01,"D24L","EMP D24",38.1547,-121.6814,37.260699695146,2.12370281444344,2.57098827896507
"2397",2006-05-01,"D28AL","EMP D28A",37.9701,-121.5741,0.708326810355472,0.0616669323377332,0.0679993737941253
"2398",2006-05-01,"D4L","EMP D4",38.0581,-121.8193,28.8501362273054,1.96865744495721,2.48427569593215
"2399",2006-05-01,"D41C","EMP D41",38.016,-122.3647,8.79488200873272,3.03684685237427,3.51795280349309
"2400",2006-05-01,"D41AC","EMP D41A",38.0847,-122.3906,1.34331273716206,0.508087359348535,0.537325094864823
"2401",2006-05-01,"D7C","EMP D7",38.1171,-122.0395,0.946944428033458,0.360244735727605,0.253781106712967
"2402",2006-05-01,"P8R","EMP P8",37.9778,-121.3799,0.0602365297718092,0.00555197685445574,0.00578270685809368
"2403",2006-05-01,"USGS 8.1","EMP USGS 8.1",38.0316,122.1403,0.687223892213999,0.267088167369013,0.2748895568856
"2404",2006-06-01,"C9L","EMP C9",37.8271,-121.5522,2.81617232897754,0.386412670389645,0.419609677017653
"2405",2006-06-01,"D16L","EMP D16",38.093,-121.6697,0.000347485232523133,4.63477458533642e-05,4.65630211580998e-05
"2406",2006-06-01,"D24L","EMP D24",38.1547,-121.6814,10.3417560768254,0.788146627732748,0.848023998299681
"2407",2006-06-01,"D28AL","EMP D28A",37.9701,-121.5741,7.70412421111218,0.931335344512456,1.14791450745571
"2408",2006-06-01,"D4L","EMP D4",38.0581,-121.8193,5.40524309398539,0.624784801296986,0.729217339735483
"2409",2006-06-01,"D41C","EMP D41",38.016,-122.3647,20.4885800981159,6.69864917995804,8.19543203924636
"2410",2006-06-01,"D41AC","EMP D41A",38.0847,-122.3906,1.47149765159493,0.557803125789113,0.588599060637972
"2411",2006-06-01,"D7C","EMP D7",38.1171,-122.0395,0.719448631008997,0.273474433991042,0.192812233110411
"2412",2006-06-01,"P8R","EMP P8",37.9778,-121.3799,0.0484725346597477,0.00565995720241974,0.00581670415916972
"2413",2006-07-01,"C9L","EMP C9",37.8271,-121.5522,5.51621643041128,0.858927183152623,0.921208143878683
"2414",2006-07-01,"D16L","EMP D16",38.093,-121.6697,0.636669713522491,0.0821900001952841,0.0853137416120139
"2415",2006-07-01,"D24L","EMP D24",38.1547,-121.6814,15.5167517267681,1.34149101232177,1.47409141404297
"2416",2006-07-01,"D28AL","EMP D28A",37.9701,-121.5741,0.630927242310199,0.100482800120452,0.105364849465803
"2417",2006-07-01,"D4L","EMP D4",38.0581,-121.8193,13.7570050637748,1.61414116084641,2.07830259056117
"2418",2006-07-01,"D41C","EMP D41",38.016,-122.3647,42.6859461735987,12.9010325620116,17.0743784694395
"2419",2006-07-01,"D41AC","EMP D41A",38.0847,-122.3906,3.39379275445196,1.26243959143527,1.35751710178078
"2420",2006-07-01,"D7C","EMP D7",38.1171,-122.0395,2.93030653061564,1.0868298664116,0.785322150204991
"2421",2006-07-01,"P8R","EMP P8",37.9778,-121.3799,1.57863181629694,0.226603760178384,0.235216140628245
"2422",2006-07-01,"USGS 8.1","EMP USGS 8.1",38.0316,122.1403,0.940880190511665,0.365284850563369,0.376352076204666
"2423",2006-08-01,"C9L","EMP C9",37.8271,-121.5522,0.019587462585862,0.00259293675159076,0.00262471998650551
"2424",2006-08-01,"D16L","EMP D16",38.093,-121.6697,0.344845142574876,0.0402691303408065,0.0413814171089851
"2425",2006-08-01,"D24L","EMP D24",38.1547,-121.6814,37.5717246805432,3.66961295809214,4.02017454081812
"2426",2006-08-01,"D28AL","EMP D28A",37.9701,-121.5741,0.631626615826802,0.0802805495059602,0.0846379665207915
"2427",2006-08-01,"D4L","EMP D4",38.0581,-121.8193,11.4335035733105,0.503947301703358,0.611692441172114
"2428",2006-08-01,"D41C","EMP D41",38.016,-122.3647,39.2371217847903,12.1193550724299,15.6948487139161
"2429",2006-08-01,"D41AC","EMP D41A",38.0847,-122.3906,3.90495367424228,1.44859472836724,1.56198146969691
"2430",2006-08-01,"D7C","EMP D7",38.1171,-122.0395,3.31367285442556,1.07967240580631,0.88806432498605
"2431",2006-08-01,"P8R","EMP P8",37.9778,-121.3799,1.04044392855025,0.12947929746186,0.139419486425734
"2432",2006-08-01,"USGS 8.1","EMP USGS 8.1",38.0316,122.1403,1.36259335501149,0.507536744883594,0.545037342004595
"2433",2006-09-01,"C9L","EMP C9",37.8271,-121.5522,0.229648352731758,0.0270858754658271,0.027557802327811
"2434",2006-09-01,"D16L","EMP D16",38.093,-121.6697,0.0550464525605505,0.00649328148687532,0.00660557430726606
"2435",2006-09-01,"D24L","EMP D24",38.1547,-121.6814,9.26733622380996,0.77959962760427,0.889664277485756
"2436",2006-09-01,"D28AL","EMP D28A",37.9701,-121.5741,23.6971966921542,2.40453732506168,2.84366360305851
"2437",2006-09-01,"D4L","EMP D4",38.0581,-121.8193,1.73750087471256,0.167129385054067,0.185912593594244
"2438",2006-09-01,"D41C","EMP D41",38.016,-122.3647,25.5277020394976,8.40263181054183,10.211080815799
"2439",2006-09-01,"D41AC","EMP D41A",38.0847,-122.3906,3.89285975725019,1.44751287410707,1.55714390290008
"2440",2006-09-01,"D7C","EMP D7",38.1171,-122.0395,4.24528098717251,1.33105276231287,1.13773530456223
"2441",2006-09-01,"P8R","EMP P8",37.9778,-121.3799,0.0259331566465165,0.00340391487895816,0.00347504299063321
"2442",2006-09-01,"USGS 8.1","EMP USGS 8.1",38.0316,122.1403,4.03741319789729,1.4127525364655,1.61496527915891
"2443",2006-10-01,"C9L","EMP C9",37.8271,-121.5522,0.00863874356991345,0.000654754239939392,0.000665183254883336
"2444",2006-10-01,"D16L","EMP D16",38.093,-121.6697,0.00331137670430904,0.000252954728268179,0.000254976006231796
"2445",2006-10-01,"D24L","EMP D24",38.1547,-121.6814,17.0593260759394,0.975535478737743,1.04061889063231
"2446",2006-10-01,"D28AL","EMP D28A",37.9701,-121.5741,0.71410908774253,0.0532068653598683,0.0549863997561748
"2447",2006-10-01,"D4L","EMP D4",38.0581,-121.8193,2.08334095959987,0.194656666430998,0.224412725050069
"2448",2006-10-01,"D41C","EMP D41",38.016,-122.3647,10.7520365013585,3.78513969620295,4.30081460054339
"2449",2006-10-01,"D41AC","EMP D41A",38.0847,-122.3906,6.75308962580026,2.45786473973447,2.70123585032011
"2450",2006-10-01,"D7C","EMP D7",38.1171,-122.0395,5.26601459621795,1.64849379895645,1.41129191178641
"2451",2006-10-01,"P8R","EMP P8",37.9778,-121.3799,0.306325215970784,0.0256340584956125,0.0263439685734874
"2452",2006-10-01,"USGS 8.1","EMP USGS 8.1",38.0316,122.1403,1.18828840558682,0.437810070542057,0.475315362234727
"2453",2006-11-01,"C9L","EMP C9",37.8271,-121.5522,0.00109411458597863,7.50664315616974e-05,7.54939064325254e-05
"2454",2006-11-01,"D16L","EMP D16",38.093,-121.6697,2.05730816527396,0.120762226999678,0.125495798081712
"2455",2006-11-01,"D24L","EMP D24",38.1547,-121.6814,11.9837726985563,0.514544720068978,0.587204862229261
"2456",2006-11-01,"D28AL","EMP D28A",37.9701,-121.5741,11.4701154798077,0.710236432578981,0.791437968106731
"2457",2006-11-01,"D4L","EMP D4",38.0581,-121.8193,0.328502316145437,0,0
"2458",2006-11-01,"D41C","EMP D41",38.016,-122.3647,9.05231342070291,2.176312797718,2.44412462358979
"2459",2006-11-01,"D41AC","EMP D41A",38.0847,-122.3906,3.30235242868144,1.20392737062356,1.32094097147258
"2460",2006-11-01,"D7C","EMP D7",38.1171,-122.0395,7.09004514002231,2.3051748659488,1.90013209752598
"2461",2006-11-01,"P8R","EMP P8",37.9778,-121.3799,0.0674116250354956,0.00393028600150389,0.00411210912716523
"2462",2006-11-01,"USGS 8.1","EMP USGS 8.1",38.0316,122.1403,8.4747406754985,2.70645865627806,3.3898962701994
"2463",2006-12-01,"C9L","EMP C9",37.8271,-121.5522,0.0070089712576294,0.000215031879951237,0.000217278108986511
"2464",2006-12-01,"D16L","EMP D16",38.093,-121.6697,0.0130934461848777,0.000450643197996351,0.000458270616470718
"2465",2006-12-01,"D24L","EMP D24",38.1547,-121.6814,57.44329726874,1.67824313581866,1.78074221533094
"2466",2006-12-01,"D28AL","EMP D28A",37.9701,-121.5741,1.47509191676273,0.0435328054754712,0.0457278494196448
"2467",2006-12-01,"D4L","EMP D4",38.0581,-121.8193,9.52109611405109,0.956107326906036,1.08890969105206
"2468",2006-12-01,"D41C","EMP D41",38.016,-122.3647,9.15487363181676,3.27902788893501,3.6619494527267
"2469",2006-12-01,"D41AC","EMP D41A",38.0847,-122.3906,0.799113625057108,0.303042748208915,0.319645450022843
"2470",2006-12-01,"D7C","EMP D7",38.1171,-122.0395,8.06505202279988,2.62534890203801,2.16143394211037
"2471",2006-12-01,"P8R","EMP P8",37.9778,-121.3799,0.333647102892136,0.00988605959230315,0.0103430601896562
"2472",2006-12-01,"USGS 8.1","EMP USGS 8.1",38.0316,122.1403,18.7744917628078,5.54351450559949,7.50979670512312
"2473",2007-01-01,"C9L","EMP C9",37.8271,-121.5522,6.34840189428011,0.188307908937699,0.196800458722683
"2474",2007-01-01,"D16L","EMP D16",38.093,-121.6697,3.02330616986822,0.08821964799964,0.0937224912659147
"2475",2007-01-01,"D24L","EMP D24",38.1547,-121.6814,46.5073121757043,1.17073947841466,1.44172667744683
"2476",2007-01-01,"D28AL","EMP D28A",37.9701,-121.5741,0.365878877182471,0.0107262296976413,0.0113422451926566
"2477",2007-01-01,"D4L","EMP D4",38.0581,-121.8193,7.79262253124421,0.252199469959948,0.293555736750215
"2478",2007-01-01,"D41C","EMP D41",38.016,-122.3647,0.459607840540659,0.179245495777324,0.183843136216264
"2479",2007-01-01,"D41AC","EMP D41A",38.0847,-122.3906,0.627532431183737,0.160440073882364,0.169433756419609
"2480",2007-01-01,"D6R","EMP D6",38.0577,-122.1149,7.80873927845051,1.67270689733728,2.10835960518164
"2481",2007-01-01,"D7C","EMP D7",38.1171,-122.0395,1.44912081545014,0.349953983121358,0.26214595551493
"2482",2007-01-01,"P8R","EMP P8",37.9778,-121.3799,3.82167387051443,0.111743025581347,0.118471889985947
"2483",2007-01-01,"USGS 8.1","EMP USGS 8.1",38.0316,122.1403,7.80895624784883,1.73010113691519,2.10841818691918
"2484",2007-02-01,"C9L","EMP C9",37.8271,-121.5522,0.0524123159067379,0.00154283695789578,0.00162478179310887
"2485",2007-02-01,"D16L","EMP D16",38.093,-121.6697,0.402807936997686,0.0120123822347333,0.0124870460469283
"2486",2007-02-01,"D24L","EMP D24",38.1547,-121.6814,8.18907253000699,0.240113659780367,0.253861248430217
"2487",2007-02-01,"D28AL","EMP D28A",37.9701,-121.5741,2.33275557433411,0.0676230224601105,0.0723154228043573
"2488",2007-02-01,"D4L","EMP D4",38.0581,-121.8193,3.16559111794674,0.170484631020079,0.186419042738948
"2489",2007-02-01,"D41C","EMP D41",38.016,-122.3647,1.26314154073422,0.484270701385333,0.505256616293689
"2490",2007-02-01,"D41AC","EMP D41A",38.0847,-122.3906,0.220312662319645,0.085001871515317,0.0881250649278582
"2491",2007-02-01,"D6R","EMP D6",38.0577,-122.1149,9.80404073211882,3.27208072533886,3.92161629284753
"2492",2007-02-01,"D7C","EMP D7",38.1171,-122.0395,0.821158272502557,0.299308296832005,0.220070417030685
"2493",2007-02-01,"P8R","EMP P8",37.9778,-121.3799,0.0988989101439156,0.00292807479770448,0.00306586621446138
"2494",2007-02-01,"USGS 8.1","EMP USGS 8.1",38.0316,122.1403,9.60328860454866,1.98448170356961,2.59288792322814
"2495",2007-03-01,"C9L","EMP C9",37.8271,-121.5522,0.312360304772159,0.0115815483915331,0.0121820518861142
"2496",2007-03-01,"D16L","EMP D16",38.093,-121.6697,0.0533575927903609,0.002050951245683,0.00208094611882408
"2497",2007-03-01,"D24L","EMP D24",38.1547,-121.6814,34.5172003032212,1.09614790713455,1.20810201061274
"2498",2007-03-01,"D28AL","EMP D28A",37.9701,-121.5741,10.2930130896855,0.365521575551276,0.401427510497734
"2499",2007-03-01,"D4L","EMP D4",38.0581,-121.8193,6.17055158411625,0.259684948514746,0.302357027621696
"2500",2007-03-01,"D41C","EMP D41",38.016,-122.3647,0.415237230717173,0.162163948644675,0.166094892286869
"2501",2007-03-01,"D41AC","EMP D41A",38.0847,-122.3906,0.223220900786651,0.0864275813150492,0.0892883603146605
"2502",2007-03-01,"D6R","EMP D6",38.0577,-122.1149,14.3409239235182,4.67259650811157,5.73636956940726
"2503",2007-03-01,"D7C","EMP D7",38.1171,-122.0395,0.49403480484143,0.183618167905079,0.132401327697503
"2504",2007-03-01,"P8R","EMP P8",37.9778,-121.3799,0.0561649566482505,0.00266391189988744,0.00275208287576428
"2505",2007-03-01,"USGS 8.1","EMP USGS 8.1",38.0316,122.1403,26.7062891733168,7.2895850954453,10.6825156693267
"2506",2007-04-01,"C9L","EMP C9",37.8271,-121.5522,2.31667810850557,0.15262556474671,0.159850789486884
"2507",2007-04-01,"D16L","EMP D16",38.093,-121.6697,0.19729580171917,0.011711172622043,0.0120350439048694
"2508",2007-04-01,"D24L","EMP D24",38.1547,-121.6814,96.1125671619505,3.93457174973186,5.28619119390727
"2509",2007-04-01,"D28AL","EMP D28A",37.9701,-121.5741,5.96547373308135,0.379315361769851,0.411617687582613
"2510",2007-04-01,"D4L","EMP D4",38.0581,-121.8193,8.8036408602671,0.421149572565264,0.524190556127571
"2511",2007-04-01,"D41C","EMP D41",38.016,-122.3647,0.000737524770287808,0.000294062595515616,0.000295009908115123
"2512",2007-04-01,"D41AC","EMP D41A",38.0847,-122.3906,0.107035335363046,0.0416167680104175,0.0428141341452182
"2513",2007-04-01,"D6R","EMP D6",38.0577,-122.1149,21.2332950184367,6.80073183820859,8.49331800737468
"2514",2007-04-01,"D7C","EMP D7",38.1171,-122.0395,0.925261904241112,0.341417337038106,0.247970190336618
"2515",2007-04-01,"P8R","EMP P8",37.9778,-121.3799,6.3445136231228,0.469676572300012,0.488527548980456
"2516",2007-04-01,"USGS 8.1","EMP USGS 8.1",38.0316,122.1403,70.5623364629645,17.805822006381,28.2249345851858
"2517",2007-05-01,"C9L","EMP C9",37.8271,-121.5522,1.10774976976437,0.0910987295641543,0.0952664801997355
"2518",2007-05-01,"D16L","EMP D16",38.093,-121.6697,0.209076616807107,0.0158011786497249,0.0160988994941472
"2519",2007-05-01,"D24L","EMP D24",38.1547,-121.6814,21.6773934494415,1.37831078067394,1.49574014801146
"2520",2007-05-01,"D28AL","EMP D28A",37.9701,-121.5741,13.9115609397905,1.02626016500968,1.19639424082198
"2521",2007-05-01,"D4L","EMP D4",38.0581,-121.8193,19.3302457394557,1.1579181027061,1.62058005742961
"2522",2007-05-01,"D41C","EMP D41",38.016,-122.3647,0.0152858761470099,0.00607732838234033,0.00611435045880396
"2523",2007-05-01,"D41AC","EMP D41A",38.0847,-122.3906,1.3839370445443,0.515412133787211,0.553574817817719
"2524",2007-05-01,"D6R","EMP D6",38.0577,-122.1149,20.4681823950959,6.57852235728113,8.18727295803835
"2525",2007-05-01,"D7C","EMP D7",38.1171,-122.0395,0.647693639421148,0.238949421601019,0.173581895364868
"2526",2007-05-01,"P8R","EMP P8",37.9778,-121.3799,1.89274486419113,0.125902921696198,0.130599395629188
"2527",2007-06-01,"C9L","EMP C9",37.8271,-121.5522,0.141898562211253,0.0131952040594493,0.0136222619722803
"2528",2007-06-01,"D16L","EMP D16",38.093,-121.6697,1.89689315671879,0.154772258868428,0.163132811477816
"2529",2007-06-01,"D24L","EMP D24",38.1547,-121.6814,43.5031280504601,3.21365410015417,3.56725650013773
"2530",2007-06-01,"D28AL","EMP D28A",37.9701,-121.5741,2.14716852244399,0.199266617244379,0.206128178154623
"2531",2007-06-01,"D4L","EMP D4",38.0581,-121.8193,6.26904575131005,0.413675404203604,0.502937898730506
"2532",2007-06-01,"D41C","EMP D41",38.016,-122.3647,0.0828028255746148,0.0327868856729376,0.0331211302298459
"2533",2007-06-01,"D41AC","EMP D41A",38.0847,-122.3906,3.19610785789475,1.18286740412249,1.2784431431579
"2534",2007-06-01,"D6R","EMP D6",38.0577,-122.1149,13.020324490969,4.31074460930337,5.20812979638758
"2535",2007-06-01,"D7C","EMP D7",38.1171,-122.0395,1.3262704336438,0.471154763481548,0.355440476216537
"2536",2007-06-01,"P8R","EMP P8",37.9778,-121.3799,2.00893863263077,0.201494063021129,0.214956433691493
"2537",2007-07-01,"C9L","EMP C9",37.8271,-121.5522,5.54387563686905,0.636160831790873,0.665265076424286
"2538",2007-07-01,"D16L","EMP D16",38.093,-121.6697,0.0342562474346707,0.00405023050697821,0.00411074969216049
"2539",2007-07-01,"D24L","EMP D24",38.1547,-121.6814,48.1779397129257,3.96373300632859,4.57690427272794
"2540",2007-07-01,"D28AL","EMP D28A",37.9701,-121.5741,3.05483977337618,0.343542899215668,0.366580772805141
"2541",2007-07-01,"D4L","EMP D4",38.0581,-121.8193,8.15601177661487,0.825338751472219,1.00028500535124
"2542",2007-07-01,"D41C","EMP D41",38.016,-122.3647,0.120886257750101,0.0477568602204668,0.0483545031000405
"2543",2007-07-01,"D41AC","EMP D41A",38.0847,-122.3906,3.54924579864264,1.32833443591626,1.41969831945705
"2544",2007-07-01,"D6R","EMP D6",38.0577,-122.1149,38.8946992800131,12.0131214416791,15.5578797120052
"2545",2007-07-01,"D7C","EMP D7",38.1171,-122.0395,2.27784343748874,0.797132278069631,0.610462041246982
"2546",2007-07-01,"P8R","EMP P8",37.9778,-121.3799,2.2890717917953,0.361352661385801,0.382274989229816
"2547",2007-07-01,"USGS 8.1","EMP USGS 8.1",38.0316,122.1403,51.5089452361734,14.8650921501961,20.6035780944694
"2548",2007-08-01,"C9L","EMP C9",37.8271,-121.5522,0.588585311252439,0.0756615777498033,0.0788704317078269
"2549",2007-08-01,"D24L","EMP D24",38.1547,-121.6814,46.5019011350859,4.39977950630951,4.97570342145419
"2550",2007-08-01,"D28AL","EMP D28A",37.9701,-121.5741,8.49311645020894,1.01340339739742,1.138077604328
"2551",2007-08-01,"D4L","EMP D4",38.0581,-121.8193,3.31122998453606,0.371739379923959,0.425809903658476
"2552",2007-08-01,"D41C","EMP D41",38.016,-122.3647,0.111074094823774,0.0439857789531602,0.0444296379295098
"2553",2007-08-01,"D41AC","EMP D41A",38.0847,-122.3906,0.308086972170886,0.121224354385358,0.123234788868354
"2554",2007-08-01,"D6R","EMP D6",38.0577,-122.1149,15.6549849369626,5.27446666083886,6.26199397478502
"2555",2007-08-01,"D7C","EMP D7",38.1171,-122.0395,3.4894352619896,1.15924764554022,0.935168650213213
"2556",2007-08-01,"P8R","EMP P8",37.9778,-121.3799,1.35910258945942,0.194919776272879,0.202506285829453
"2557",2007-08-01,"USGS 8.1","EMP USGS 8.1",38.0316,122.1403,31.927851062027,9.80454369064886,12.7711404248108
"2558",2007-09-01,"C9L","EMP C9",37.8271,-121.5522,0.258031525288535,0.0265968523770119,0.0276093732058732
"2559",2007-09-01,"D16L","EMP D16",38.093,-121.6697,0.00612913838855393,0.000650360118732113,0.000655817807575271
"2560",2007-09-01,"D24L","EMP D24",38.1547,-121.6814,22.8679631247662,1.77475088290508,2.19532445997755
"2561",2007-09-01,"D28AL","EMP D28A",37.9701,-121.5741,2.97039383116678,0.301208660648554,0.317832139934846
"2562",2007-09-01,"D4L","EMP D4",38.0581,-121.8193,4.30144342680857,0.340138615199209,0.399241708289245
"2563",2007-09-01,"D41C","EMP D41",38.016,-122.3647,0,0,0
"2564",2007-09-01,"D41AC","EMP D41A",38.0847,-122.3906,0.00473788613567927,0.00187944157794374,0.00189515445427171
"2565",2007-09-01,"D6R","EMP D6",38.0577,-122.1149,6.77361196977006,2.31639578630497,2.70944478790803
"2566",2007-09-01,"D7C","EMP D7",38.1171,-122.0395,5.81714015386852,1.9336885302065,1.55899356123676
"2567",2007-09-01,"P8R","EMP P8",37.9778,-121.3799,1.02934331946344,0.145844467851584,0.153372154600053
"2568",2007-09-01,"USGS 8.1","EMP USGS 8.1",38.0316,122.1403,31.0805983020858,9.53058094126862,12.4322393208343
"2569",2007-10-01,"C9L","EMP C9",37.8271,-121.5522,2.94268060775748,0.217810467793182,0.226586406797326
"2570",2007-10-01,"D16L","EMP D16",38.093,-121.6697,0.0421644428693319,0.00286255783372947,0.0029093465579839
"2571",2007-10-01,"D24L","EMP D24",38.1547,-121.6814,42.8738941821186,1.98812969446248,2.61530754510924
"2572",2007-10-01,"D28AL","EMP D28A",37.9701,-121.5741,14.7270554983923,0.987178594154528,1.1339832733762
"2573",2007-10-01,"D4L","EMP D4",38.0581,-121.8193,5.24265130316897,0.436505331825415,0.501411249198374
"2574",2007-10-01,"D41C","EMP D41",38.016,-122.3647,0,0,0
"2575",2007-10-01,"D41AC","EMP D41A",38.0847,-122.3906,0,0,0
"2576",2007-10-01,"D6R","EMP D6",38.0577,-122.1149,2.23691786624557,0.812960630201288,0.894767146498227
"2577",2007-10-01,"D7C","EMP D7",38.1171,-122.0395,8.1,2.6323370850046,2.17981547720441
"2578",2007-10-01,"P8R","EMP P8",37.9778,-121.3799,1.98511552448527,0.146870763570124,0.152853895385366
"2579",2007-10-01,"USGS 8.1","EMP USGS 8.1",38.0316,122.1403,29.6405725215554,9.36793626526553,11.8562290086222
"2580",2007-11-01,"C9L","EMP C9",37.8271,-121.5522,0.135189208547057,0.00721486236209574,0.00743540647008812
"2581",2007-11-01,"D16L","EMP D16",38.093,-121.6697,13.8911069598085,0.703654856726067,0.847357524548319
"2582",2007-11-01,"D24L","EMP D24",38.1547,-121.6814,7.6962059465046,0.381107038487082,0.423291327057753
"2583",2007-11-01,"D28AL","EMP D28A",37.9701,-121.5741,1.74651471566161,0.0910843065878263,0.0960583093613888
"2584",2007-11-01,"D4L","EMP D4",38.0581,-121.8193,3.20815957439111,0.167931989026915,0.195598656737163
"2585",2007-11-01,"D41C","EMP D41",38.016,-122.3647,0,0,0
"2586",2007-11-01,"D41AC","EMP D41A",38.0847,-122.3906,0,0,0
"2587",2007-11-01,"D6R","EMP D6",38.0577,-122.1149,8.17070395684205,2.65306102154464,3.26828158273682
"2588",2007-11-01,"D7C","EMP D7",38.1171,-122.0395,4.44596123030201,1.51658173048649,1.19151760972094
"2589",2007-11-01,"P8R","EMP P8",37.9778,-121.3799,1.88052761361118,0.109594924797722,0.114712184430282
"2590",2007-11-01,"USGS 8.1","EMP USGS 8.1",38.0316,122.1403,65.7825029125859,18.1312442948537,26.3130011650344
"2591",2007-12-01,"C9L","EMP C9",37.8271,-121.5522,0.270736797643608,0.0080366157995409,0.00839284072695185
"2592",2007-12-01,"D16L","EMP D16",38.093,-121.6697,1.75528584346899,0.051788575612684,0.0544138611475387
"2593",2007-12-01,"D24L","EMP D24",38.1547,-121.6814,59.8226248440203,1.26795392593623,1.85450137016463
"2594",2007-12-01,"D28AL","EMP D28A",37.9701,-121.5741,1.80733220821217,0.0536498455493737,0.0560272984545773
"2595",2007-12-01,"D4L","EMP D4",38.0581,-121.8193,8.26120659290854,0.251503658772539,0.301154175494601
"2596",2007-12-01,"D41C","EMP D41",38.016,-122.3647,0,0,0
"2597",2007-12-01,"D41AC","EMP D41A",38.0847,-122.3906,0,0,0
"2598",2007-12-01,"D6R","EMP D6",38.0577,-122.1149,3.77422109261986,1.35043928734313,1.50968843704794
"2599",2007-12-01,"D7C","EMP D7",38.1171,-122.0395,1.57681848423353,0.376408894505779,0.285246463797845
"2600",2007-12-01,"P8R","EMP P8",37.9778,-121.3799,0.0922390419081977,0.00274492224595888,0.00285941029915413
"2601",2007-12-01,"USGS 8.1","EMP USGS 8.1",38.0316,122.1403,39.819424775992,12.0718891705993,15.9277699103968
"2602",2008-01-01,"C9L","EMP C9",37.8271,-121.5522,0.493159987533082,0.0145911153633486,0.0152879596135255
"2603",2008-01-01,"D16L","EMP D16",38.093,-121.6697,0.00503597095073052,0.000154815916030539,0.000156115099472646
"2604",2008-01-01,"D24L","EMP D24",38.1547,-121.6814,5.41610693176744,0.150198076227014,0.167899314884791
"2605",2008-01-01,"D28AL","EMP D28A",37.9701,-121.5741,20.8029644097374,0.564301042346405,0.64489189670186
"2606",2008-01-01,"D4L","EMP D4",38.0581,-121.8193,8.42273163123917,0.199182281353445,0.2541792914035
"2607",2008-01-01,"D41C","EMP D41",38.016,-122.3647,0,0,0
"2608",2008-01-01,"D41AC","EMP D41A",38.0847,-122.3906,0,0,0
"2609",2008-01-01,"D6R","EMP D6",38.0577,-122.1149,0.823683188698,0.210678810244187,0.22239446094846
"2610",2008-01-01,"D7C","EMP D7",38.1171,-122.0395,1.16473752174606,0.281741234062301,0.210701017683862
"2611",2008-01-01,"P8R","EMP P8",37.9778,-121.3799,1.58625187232648,0.0462566861134498,0.0491738080421208
"2612",2008-02-01,"C9L","EMP C9",37.8271,-121.5522,2.93238701568477,0.0868693343860121,0.0909039974862278
"2613",2008-02-01,"D16L","EMP D16",38.093,-121.6697,0.499274025102519,0.0149917479615898,0.0154774947781781
"2614",2008-02-01,"D24L","EMP D24",38.1547,-121.6814,9.84654303535249,0.28701333822747,0.305242834095927
"2615",2008-02-01,"D28AL","EMP D28A",37.9701,-121.5741,15.7057949696362,0.400546986332591,0.486879644058721
"2616",2008-02-01,"D4L","EMP D4",38.0581,-121.8193,8.29009370001974,0.200456373935276,0.252563714373036
"2617",2008-02-01,"D41C","EMP D41",38.016,-122.3647,0,0,0
"2618",2008-02-01,"D41AC","EMP D41A",38.0847,-122.3906,0.000234360168789275,9.34737181197364e-05,9.37440675157102e-05
"2619",2008-02-01,"D6R","EMP D6",38.0577,-122.1149,12.8892099078059,4.32299235910446,5.15568396312238
"2620",2008-02-01,"D7C","EMP D7",38.1171,-122.0395,0.912997598547414,0.325885112631891,0.244683356410707
"2621",2008-02-01,"P8R","EMP P8",37.9778,-121.3799,0.382041008122371,0.0107908043404276,0.0118432712517935
"2622",2008-03-01,"C9L","EMP C9",37.8271,-121.5522,3.64094937322384,0.168013677235917,0.178406519287968
"2623",2008-03-01,"D16L","EMP D16",38.093,-121.6697,0.255726924261446,0.0123035694464062,0.0125306192888108
"2624",2008-03-01,"D24L","EMP D24",38.1547,-121.6814,50.1068582361406,1.86341969773601,2.20470176239019
"2625",2008-03-01,"D28AL","EMP D28A",37.9701,-121.5741,11.5459660314932,0.475143606175207,0.565752335543165
"2626",2008-03-01,"D4L","EMP D4",38.0581,-121.8193,4.73980202095386,0.203374564327678,0.23674428047528
"2627",2008-03-01,"D41C","EMP D41",38.016,-122.3647,0,0,0
"2628",2008-03-01,"D41AC","EMP D41A",38.0847,-122.3906,0.00511344074648327,0.00203526427590641,0.00204537629859331
"2629",2008-03-01,"D6R","EMP D6",38.0577,-122.1149,1.09492433420657,0.417773585817868,0.437969733682628
"2630",2008-03-01,"D7C","EMP D7",38.1171,-122.0395,0.274746091930133,0.1029719866227,0.0736319526372756
"2631",2008-03-01,"P8R","EMP P8",37.9778,-121.3799,0.646802218128749,0.0338054744614615,0.0355741219970812
"2632",2008-04-01,"C9L","EMP C9",37.8271,-121.5522,0.448529239615475,0.0235731311635885,0.0246691081788511
"2633",2008-04-01,"D16L","EMP D16",38.093,-121.6697,1.83973453381668,0.0953514314545015,0.101185399359917
"2634",2008-04-01,"D24L","EMP D24",38.1547,-121.6814,52.9327656454991,2.62045655804129,3.07010040743895
"2635",2008-04-01,"D28AL","EMP D28A",37.9701,-121.5741,2.33073858687448,0.120643968922256,0.128190622278096
"2636",2008-04-01,"D4L","EMP D4",38.0581,-121.8193,7.92620953609847,0.451747095541567,0.544486865672599
"2637",2008-04-01,"D41C","EMP D41",38.016,-122.3647,0,0,0
"2638",2008-04-01,"D41AC","EMP D41A",38.0847,-122.3906,0.00986243983184831,0.00391509554159045,0.00394497593273933
"2639",2008-04-01,"D6R","EMP D6",38.0577,-122.1149,2.19172750606528,0.823985161811324,0.876691002426112
"2640",2008-04-01,"D7C","EMP D7",38.1171,-122.0395,0.348508350013076,0.130945569604791,0.0934002378035043
"2641",2008-04-01,"P8R","EMP P8",37.9778,-121.3799,1.29174135809423,0.0745596854651438,0.078796222843748
"2642",2008-05-01,"C9L","EMP C9",37.8271,-121.5522,40.6655063339154,2.96453610672746,3.49723354471673
"2643",2008-05-01,"D16L","EMP D16",38.093,-121.6697,0.0207159222600506,0.00157890153574727,0.0015951260140239
"2644",2008-05-01,"D24L","EMP D24",38.1547,-121.6814,38.475079442061,2.54856202237083,2.96258111703869
"2645",2008-05-01,"D28AL","EMP D28A",37.9701,-121.5741,10.031165452375,0.770510183758519,0.862680228904248
"2646",2008-05-01,"D4L","EMP D4",38.0581,-121.8193,12.4764021731345,0.730298401217002,0.921026352527953
"2647",2008-05-01,"D41C","EMP D41",38.016,-122.3647,0,0,0
"2648",2008-05-01,"D41AC","EMP D41A",38.0847,-122.3906,0.025165350475688,0.00999978627907,0.0100661401902752
"2649",2008-05-01,"D6R","EMP D6",38.0577,-122.1149,3.26380679925407,1.21673329986757,1.30552271970163
"2650",2008-05-01,"D7C","EMP D7",38.1171,-122.0395,1.15259889983857,0.389694386922184,0.308896505156737
"2651",2008-05-01,"P8R","EMP P8",37.9778,-121.3799,0.915264165359928,0.0748931881314593,0.0787127182209538
"2652",2008-06-01,"C9L","EMP C9",37.8271,-121.5522,11.0229924816965,1.06928238742418,1.17946019554153
"2653",2008-06-01,"D16L","EMP D16",38.093,-121.6697,1.37280087095576,0.125623191713374,0.131788883611753
"2654",2008-06-01,"D24L","EMP D24",38.1547,-121.6814,25.8451424584116,2.43812291029181,2.76543024305004
"2655",2008-06-01,"D28AL","EMP D28A",37.9701,-121.5741,11.0599047304245,1.01169904147034,1.18340980615542
"2656",2008-06-01,"D4L","EMP D4",38.0581,-121.8193,11.0474939235215,0.835631368028401,1.06119350013891
"2657",2008-06-01,"D41C","EMP D41",38.016,-122.3647,0,0,0
"2658",2008-06-01,"D41AC","EMP D41A",38.0847,-122.3906,0.00252170644913511,0.00100452693800172,0.00100868257965404
"2659",2008-06-01,"D6R","EMP D6",38.0577,-122.1149,16.3013784816173,5.4511314648711,6.52055139264691
"2660",2008-06-01,"D7C","EMP D7",38.1171,-122.0395,5.02576558592092,1.52594723709467,1.34690517702681
"2661",2008-06-01,"P8R","EMP P8",37.9778,-121.3799,0.806112488425363,0.0825939470772794,0.0862540362615139
"2662",2008-07-01,"C9L","EMP C9",37.8271,-121.5522,23.2443749671051,3.08761412613736,3.46341187009867
"2663",2008-07-01,"D16L","EMP D16",38.093,-121.6697,0.00304399383893604,0.000404661656331942,0.000407895174417429
"2664",2008-07-01,"D24L","EMP D24",38.1547,-121.6814,71.9027462698979,5.69418416388093,8.62832955238774
"2665",2008-07-01,"D28AL","EMP D28A",37.9701,-121.5741,2.20211551245089,0.307319876007105,0.328115211355183
"2666",2008-07-01,"D4L","EMP D4",38.0581,-121.8193,13.6284335386623,1.29611357433204,1.6305662476447
"2667",2008-07-01,"D41C","EMP D41",38.016,-122.3647,0,0,0
"2668",2008-07-01,"D41AC","EMP D41A",38.0847,-122.3906,0.00151415434826931,0.000601772032684977,0.000605661739307725
"2669",2008-07-01,"D6R","EMP D6",38.0577,-122.1149,34.0604091997122,10.5858668721545,13.6241636798849
"2670",2008-07-01,"D7C","EMP D7",38.1171,-122.0395,9.67962513361296,2.91614861644886,2.59413953580827
"2671",2008-07-01,"P8R","EMP P8",37.9778,-121.3799,2.78249291207415,0.436194766245021,0.464676316316383
"2672",2008-08-01,"C9L","EMP C9",37.8271,-121.5522,3.81759102938708,0.488548892854575,0.511557197937869
"2673",2008-08-01,"D16L","EMP D16",38.093,-121.6697,5.51133864462251,0.581602765507863,0.661360637354701
"2674",2008-08-01,"D24L","EMP D24",38.1547,-121.6814,36.9938948788663,3.93132154015338,4.43926738546395
"2675",2008-08-01,"D28AL","EMP D28A",37.9701,-121.5741,4.08621116683886,0.510820177944083,0.547552296356408
"2676",2008-08-01,"D4L","EMP D4",38.0581,-121.8193,3.99650127079094,0.389384807878992,0.45207428856088
"2677",2008-08-01,"D41C","EMP D41",38.016,-122.3647,0,0,0
"2678",2008-08-01,"D41AC","EMP D41A",38.0847,-122.3906,0,0,0
"2679",2008-08-01,"D6R","EMP D6",38.0577,-122.1149,11.3193039243734,3.44043752494431,4.52772156974935
"2680",2008-08-01,"D7C","EMP D7",38.1171,-122.0395,16.1670538456885,4.66842183848416,4.33277043064452
"2681",2008-08-01,"P8R","EMP P8",37.9778,-121.3799,1.35617502568565,0.242389169940585,0.253604729803216
"2682",2008-09-01,"C9L","EMP C9",37.8271,-121.5522,0.345953689377646,0.0447907174949567,0.0463577943766046
"2683",2008-09-01,"D16L","EMP D16",38.093,-121.6697,0.00437524800026211,0.000579926383263034,0.000586283232035123
"2684",2008-09-01,"D24L","EMP D24",38.1547,-121.6814,19.4973387687895,1.67113268944743,1.87174452180379
"2685",2008-09-01,"D28AL","EMP D28A",37.9701,-121.5741,0.431956811769584,0.0558671447297131,0.0578822127771242
"2686",2008-09-01,"D4L","EMP D4",38.0581,-121.8193,8.89485562846423,0.907087239498115,1.1119746871344
"2687",2008-09-01,"D41C","EMP D41",38.016,-122.3647,0,0,0
"2688",2008-09-01,"D41AC","EMP D41A",38.0847,-122.3906,0.00151415434826931,0.000601772032684977,0.000605661739307725
"2689",2008-09-01,"D6R","EMP D6",38.0577,-122.1149,21.5800215610692,6.46784020149712,8.63200862442768
"2690",2008-09-01,"D7C","EMP D7",38.1171,-122.0395,22.4723711502739,6.28615336637422,6.0225954682734
"2691",2008-09-01,"P8R","EMP P8",37.9778,-121.3799,0.898816986092648,0.140123251776784,0.150102436677472
"2692",2008-10-01,"C9L","EMP C9",37.8271,-121.5522,5.13188561650335,0.521896555593154,0.549111760965859
"2693",2008-10-01,"D16L","EMP D16",38.093,-121.6697,0.0514014242669679,0.00540841164092913,0.00549995239656556
"2694",2008-10-01,"D24L","EMP D24",38.1547,-121.6814,21.7576688629525,1.08610575510451,1.3272178006401
"2695",2008-10-01,"D28AL","EMP D28A",37.9701,-121.5741,4.59116913431769,0.447318782429438,0.491255097371993
"2696",2008-10-01,"D4L","EMP D4",38.0581,-121.8193,11.110993013874,0.916681833755127,1.08696544819245
"2697",2008-10-01,"D41C","EMP D41",38.016,-122.3647,0,0,0
"2698",2008-10-01,"D41AC","EMP D41A",38.0847,-122.3906,0.00400297808524448,0.00159327519336905,0.00160119123409779
"2699",2008-10-01,"D6R","EMP D6",38.0577,-122.1149,15.3198274717417,4.42184445685746,6.1279309886967
"2700",2008-10-01,"D7C","EMP D7",38.1171,-122.0395,24.9,6.6045544619343,6.33538813230396
"2701",2008-10-01,"P8R","EMP P8",37.9778,-121.3799,1.40793445503842,0.164248531755449,0.168952134604611
"2702",2008-11-01,"C9L","EMP C9",37.8271,-121.5522,5.06677755581311,0.26218136430581,0.278672765569721
"2703",2008-11-01,"D16L","EMP D16",38.093,-121.6697,0.0379704236000507,0.00227764526642147,0.00231619583960309
"2704",2008-11-01,"D24L","EMP D24",38.1547,-121.6814,40.1019437390207,1.58165790337934,2.20560690564614
"2705",2008-11-01,"D28AL","EMP D28A",37.9701,-121.5741,0.220827989561656,0.0115190917993623,0.0121455394258911
"2706",2008-11-01,"D4L","EMP D4",38.0581,-121.8193,7.17488963046047,0.343056161494838,0.42323296871611
"2707",2008-11-01,"D41C","EMP D41",38.016,-122.3647,0,0,0
"2708",2008-11-01,"D41AC","EMP D41A",38.0847,-122.3906,0.0864221973089966,0.0342413145194326,0.0345688789235986
"2709",2008-11-01,"D6R","EMP D6",38.0577,-122.1149,26.5899103732981,8.05432672056549,10.6359641493193
"2710",2008-11-01,"D7C","EMP D7",38.1171,-122.0395,13.9545226383589,4.24778296558099,3.73981206708019
"2711",2008-11-01,"P8R","EMP P8",37.9778,-121.3799,5.48479649365272,0.317383937817297,0.334572586112816
"2712",2008-12-01,"C9L","EMP C9",37.8271,-121.5522,3.23428240446785,0.136023156233562,0.142308425796585
"2713",2008-12-01,"D16L","EMP D16",38.093,-121.6697,0.60218877729285,0.0254591661776153,0.0264963062008854
"2714",2008-12-01,"D24L","EMP D24",38.1547,-121.6814,10.1842300343832,0.264226088857218,0.315711131065878
"2715",2008-12-01,"D28AL","EMP D28A",37.9701,-121.5741,0.491308791744722,0.0206078968347377,0.0216175868367678
"2716",2008-12-01,"D4L","EMP D4",38.0581,-121.8193,4.87740120889711,0.398196446575732,0.44072472701636
"2717",2008-12-01,"D41C","EMP D41",38.016,-122.3647,0,0,0
"2718",2008-12-01,"D41AC","EMP D41A",38.0847,-122.3906,0,0,0
"2719",2008-12-01,"D6R","EMP D6",38.0577,-122.1149,19.8087418456757,5.77578402569846,7.9234967382703
"2720",2008-12-01,"D7C","EMP D7",38.1171,-122.0395,3.18946903797954,1.06702447219667,0.854777702178517
"2721",2008-12-01,"P8R","EMP P8",37.9778,-121.3799,0.563291019607,0.0237328409805912,0.024784804862708
"2722",2009-01-01,"C9L","EMP C9",37.8271,-121.5522,6.65530340808927,0.196471651534535,0.206314405650767
"2723",2009-01-01,"D16L","EMP D16",38.093,-121.6697,2.05061320346331,0.0606893963344541,0.0635690093073627
"2724",2009-01-01,"D24L","EMP D24",38.1547,-121.6814,54.8797999632866,1.14639850480952,1.70127379886189
"2725",2009-01-01,"D28AL","EMP D28A",37.9701,-121.5741,0.294701897733419,0.0087617725072477,0.00913575882973598
"2726",2009-01-01,"D4L","EMP D4",38.0581,-121.8193,6.39102039493511,0.191367122615478,0.223568755723686
"2727",2009-01-01,"D41C","EMP D41",38.016,-122.3647,0,0,0
"2728",2009-01-01,"D41AC","EMP D41A",38.0847,-122.3906,0,0,0
"2729",2009-01-01,"D6R","EMP D6",38.0577,-122.1149,12.7679690833921,3.92660459009704,5.10718763335683
"2730",2009-01-01,"D7C","EMP D7",38.1171,-122.0395,1.98211613113436,0.466831502997722,0.358564808122205
"2731",2009-01-01,"P8R","EMP P8",37.9778,-121.3799,9.17936791380922,0.264133239059599,0.284560405328086
"2732",2009-02-01,"C9L","EMP C9",37.8271,-121.5522,0.0250571358132917,0.000763002132539301,0.000776771210212043
"2733",2009-02-01,"D16L","EMP D16",38.093,-121.6697,0.208807292637637,0.00636298653239437,0.00647302607176674
"2734",2009-02-01,"D24L","EMP D24",38.1547,-121.6814,28.7436887985628,0.800801740671024,0.891054352755446
"2735",2009-02-01,"D28AL","EMP D28A",37.9701,-121.5741,11.4687238251784,0.301458045719756,0.355530438580532
"2736",2009-02-01,"D4L","EMP D4",38.0581,-121.8193,5.63844056711345,0.215567755186783,0.248788220974166
"2737",2009-02-01,"D41C","EMP D41",38.016,-122.3647,0,0,0
"2738",2009-02-01,"D41AC","EMP D41A",38.0847,-122.3906,0,0,0
"2739",2009-02-01,"D6R","EMP D6",38.0577,-122.1149,8.51415299998999,2.90308130675954,3.405661199996
"2740",2009-02-01,"D7C","EMP D7",38.1171,-122.0395,2.21997026262,0.789457431481899,0.594952030382159
"2741",2009-02-01,"P8R","EMP P8",37.9778,-121.3799,3.75458687044361,0.125218279745846,0.131410540465526
"2742",2009-03-01,"C9L","EMP C9",37.8271,-121.5522,5.91927968239584,0.271761273432912,0.290044704437396
"2743",2009-03-01,"D16L","EMP D16",38.093,-121.6697,1.10106136717575,0.0515838887517519,0.0539520069916119
"2744",2009-03-01,"D24L","EMP D24",38.1547,-121.6814,36.8694243884716,1.23203313206121,1.43790755115039
"2745",2009-03-01,"D28AL","EMP D28A",37.9701,-121.5741,3.20167880699667,0.145102192524336,0.156882261542837
"2746",2009-03-01,"D4L","EMP D4",38.0581,-121.8193,7.37019955408929,0.304594067972336,0.361803770389919
"2747",2009-03-01,"D41C","EMP D41",38.016,-122.3647,0.50330173575599,0.193806357384062,0.201320694302396
"2748",2009-03-01,"D41AC","EMP D41A",38.0847,-122.3906,0,0,0
"2749",2009-03-01,"D6R","EMP D6",38.0577,-122.1149,4.64703976055674,1.6453490455193,1.85881590422269
"2750",2009-03-01,"D7C","EMP D7",38.1171,-122.0395,0.459045054600146,0.174325554639524,0.123024074632839
"2751",2009-03-01,"P8R","EMP P8",37.9778,-121.3799,0.571680337741104,0.0298269352290678,0.0314424185757607
"2752",2009-04-01,"C9L","EMP C9",37.8271,-121.5522,1.42421879313936,0.074913567224361,0.0783320336226651
"2753",2009-04-01,"D16L","EMP D16",38.093,-121.6697,1.32399771050902,0.0689052385697888,0.0728198740779963
"2754",2009-04-01,"D24L","EMP D24",38.1547,-121.6814,61.5600134278182,2.4959000913048,3.01644065796309
"2755",2009-04-01,"D28AL","EMP D28A",37.9701,-121.5741,7.71805217115973,0.368983223812936,0.424492869413785
"2756",2009-04-01,"D4L","EMP D4",38.0581,-121.8193,4.45117536204263,0.219792631872591,0.250607353076792
"2757",2009-04-01,"D41C","EMP D41",38.016,-122.3647,0,0,0
"2758",2009-04-01,"D41AC","EMP D41A",38.0847,-122.3906,0,0,0
"2759",2009-04-01,"D6R","EMP D6",38.0577,-122.1149,14.1122871031112,4.71847523535733,5.64491484124447
"2760",2009-04-01,"D7C","EMP D7",38.1171,-122.0395,1.40467544308461,0.516887799235587,0.376453018746674
"2761",2009-04-01,"P8R","EMP P8",37.9778,-121.3799,0.667778234719575,0.0393269165131958,0.0407344723178941
"2762",2009-05-01,"C9L","EMP C9",37.8271,-121.5522,3.60661635090295,0.326946265750738,0.346235169686684
"2763",2009-05-01,"D16L","EMP D16",38.093,-121.6697,2.48898252038092,0.201385217952569,0.214052496752759
"2764",2009-05-01,"D24L","EMP D24",38.1547,-121.6814,53.8620888360723,4.25591196765623,5.17076052826294
"2765",2009-05-01,"D28AL","EMP D28A",37.9701,-121.5741,3.53236598096565,0.309996717328409,0.339107134172702
"2766",2009-05-01,"D4L","EMP D4",38.0581,-121.8193,14.0552292269637,1.07677068475789,1.37422925193978
"2767",2009-05-01,"D41C","EMP D41",38.016,-122.3647,0,0,0
"2768",2009-05-01,"D41AC","EMP D41A",38.0847,-122.3906,0.0178107936788061,0.00703243347597649,0.00712431747152246
"2769",2009-05-01,"D6R","EMP D6",38.0577,-122.1149,16.7616039215876,5.72023461208145,6.70464156863503
"2770",2009-05-01,"D7C","EMP D7",38.1171,-122.0395,0.365134253747091,0.137448312099025,0.0978559800042205
"2771",2009-05-01,"P8R","EMP P8",37.9778,-121.3799,0.434018926531504,0.0437180730930052,0.0464400251388709
"2772",2009-06-01,"C9L","EMP C9",37.8271,-121.5522,38.4682287576391,3.92470445024161,4.61618745091669
"2773",2009-06-01,"D16L","EMP D16",38.093,-121.6697,1.49318210262984,0.136187990598156,0.143345481852465
"2774",2009-06-01,"D24L","EMP D24",38.1547,-121.6814,33.1328669957134,3.00764382346116,3.54521676854133
"2775",2009-06-01,"D28AL","EMP D28A",37.9701,-121.5741,1.1813307096787,0.134487413312662,0.141759685161444
"2776",2009-06-01,"D4L","EMP D4",38.0581,-121.8193,7.30883634665115,0.619537780679474,0.7464537698417
"2777",2009-06-01,"D41C","EMP D41",38.016,-122.3647,0,0,0
"2778",2009-06-01,"D41AC","EMP D41A",38.0847,-122.3906,0,0,0
"2779",2009-06-01,"D6R","EMP D6",38.0577,-122.1149,21.8140317098828,7.39074079261058,8.7256126839531
"2780",2009-06-01,"D7C","EMP D7",38.1171,-122.0395,4.48966647205292,1.32751045853957,1.20323061451018
"2781",2009-06-01,"P8R","EMP P8",37.9778,-121.3799,13.2297900492119,1.60562219951294,1.7727918665944
"2782",2009-07-01,"C9L","EMP C9",37.8271,-121.5522,9.35565426879148,1.04747547499455,1.12267851225498
"2783",2009-07-01,"D16L","EMP D16",38.093,-121.6697,1.06979959629168,0.122482027209145,0.128375951555001
"2784",2009-07-01,"D24L","EMP D24",38.1547,-121.6814,29.7739789201327,2.69475060723445,3.57287747041593
"2785",2009-07-01,"D28AL","EMP D28A",37.9701,-121.5741,2.78928735761566,0.307708250673761,0.334714482913879
"2786",2009-07-01,"D4L","EMP D4",38.0581,-121.8193,6.03561361561793,0.621736381740042,0.728056983562067
"2787",2009-07-01,"D41C","EMP D41",38.016,-122.3647,0,0,0
"2788",2009-07-01,"D41AC","EMP D41A",38.0847,-122.3906,0.135038258326746,0.0534367095816136,0.0540153033306986
"2789",2009-07-01,"D6R","EMP D6",38.0577,-122.1149,20.4381618322988,6.94768466406272,8.17526473291951
"2790",2009-07-01,"D7C","EMP D7",38.1171,-122.0395,5.91650868041433,1.70193379690281,1.58562432635104
"2791",2009-07-01,"P8R","EMP P8",37.9778,-121.3799,0.600127635096948,0.0934332147100755,0.10022131506119
"2792",2009-08-01,"C9L","EMP C9",37.8271,-121.5522,4.29883613703124,0.553053713999925,0.576044042362187
"2793",2009-08-01,"D16L","EMP D16",38.093,-121.6697,0.0134409015536823,0.00158500673951248,0.00161290818644187
"2794",2009-08-01,"D24L","EMP D24",38.1547,-121.6814,69.4329417140716,5.98200267745817,7.42932476340566
"2795",2009-08-01,"D28AL","EMP D28A",37.9701,-121.5741,7.69255572970045,0.935975419633059,1.03080246777986
"2796",2009-08-01,"D4L","EMP D4",38.0581,-121.8193,5.22166032882929,0.545884511142473,0.641205319260915
"2797",2009-08-01,"D41C","EMP D41",38.016,-122.3647,0,0,0
"2798",2009-08-01,"D41AC","EMP D41A",38.0847,-122.3906,0,0,0
"2799",2009-08-01,"D6R","EMP D6",38.0577,-122.1149,16.0784225904115,4.74499184003801,6.43136903616459
"2800",2009-08-01,"D7C","EMP D7",38.1171,-122.0395,7.84621702707131,2.36800268097222,2.10278616325511
"2801",2009-08-01,"P8R","EMP P8",37.9778,-121.3799,3.42817555869554,0.589576075633139,0.641068829476065
"2802",2009-09-01,"C9L","EMP C9",37.8271,-121.5522,14.0067743253733,1.55040956422335,1.6808129190448
"2803",2009-09-01,"D16L","EMP D16",38.093,-121.6697,0.0833636777763421,0.00982631638507376,0.010003641333161
"2804",2009-09-01,"D24L","EMP D24",38.1547,-121.6814,30.0376140098755,3.07525519103076,3.60451368118506
"2805",2009-09-01,"D28AL","EMP D28A",37.9701,-121.5741,3.20499831874572,0.342502165951142,0.384599798249486
"2806",2009-09-01,"D4L","EMP D4",38.0581,-121.8193,4.25212422175492,0.439406702976062,0.510166438576724
"2807",2009-09-01,"D41C","EMP D41",38.016,-122.3647,0,0,0
"2808",2009-09-01,"D41AC","EMP D41A",38.0847,-122.3906,0,0,0
"2809",2009-09-01,"D6R","EMP D6",38.0577,-122.1149,22.4492955459229,6.4274462859532,8.97971821836914
"2810",2009-09-01,"D7C","EMP D7",38.1171,-122.0395,11.6769403654186,3.3102372870753,3.12942001793218
"2811",2009-09-01,"P8R","EMP P8",37.9778,-121.3799,0.689439116854124,0.0996440962923591,0.102726428411265
"2812",2009-10-01,"C9L","EMP C9",37.8271,-121.5522,10.6205284664071,0.770979480870532,0.817780691913348
"2813",2009-10-01,"D16L","EMP D16",38.093,-121.6697,2.18347381705595,0.173017484275216,0.187778748266812
"2814",2009-10-01,"D24L","EMP D24",38.1547,-121.6814,17.0266781367456,0.714731971682997,0.93646729752101
"2815",2009-10-01,"D28AL","EMP D28A",37.9701,-121.5741,8.07267711434541,0.549094648750745,0.621596137804596
"2816",2009-10-01,"D4L","EMP D4",38.0581,-121.8193,3.13099669489083,0.210195517208251,0.240370772053933
"2817",2009-10-01,"D41C","EMP D41",38.016,-122.3647,0,0,0
"2818",2009-10-01,"D41AC","EMP D41A",38.0847,-122.3906,0.000683523800063612,0.000272395749379227,0.000273409520025445
"2819",2009-10-01,"D6R","EMP D6",38.0577,-122.1149,8.35546898056428,2.66495451493627,3.34218759222571
"2820",2009-10-01,"D7C","EMP D7",38.1171,-122.0395,6.11,1.87,1.63
"2821",2009-10-01,"P8R","EMP P8",37.9778,-121.3799,17.5938415018501,1.35478266915198,1.51307036915911
"2822",2009-11-01,"C9L","EMP C9",37.8271,-121.5522,0.372495215309357,0.0216979663230256,0.0227222081338708
"2823",2009-11-01,"D16L","EMP D16",38.093,-121.6697,0.0682258910415212,0.00408055505621411,0.00416177935353279
"2824",2009-11-01,"D24L","EMP D24",38.1547,-121.6814,36.2854123940983,1.14658664937577,1.59655814534032
"2825",2009-11-01,"D28AL","EMP D28A",37.9701,-121.5741,6.68647985256408,0.365480212266043,0.407875271006409
"2826",2009-11-01,"D4L","EMP D4",38.0581,-121.8193,4.36251539346979,0.227354301073284,0.265552320079046
"2827",2009-11-01,"D41C","EMP D41",38.016,-122.3647,0,0,0
"2828",2009-11-01,"D41AC","EMP D41A",38.0847,-122.3906,0,0,0
"2829",2009-11-01,"D6R","EMP D6",38.0577,-122.1149,14.4541574613976,4.86843905416561,5.78166298455906
"2830",2009-11-01,"D7C","EMP D7",38.1171,-122.0395,3.40462914142135,1.1375022438672,0.912440609900921
"2831",2009-11-01,"P8R","EMP P8",37.9778,-121.3799,0.0292948980924506,0.00158567407177403,0.00161121939508478
"2832",2009-12-01,"C9L","EMP C9",37.8271,-121.5522,6.89276518565185,0.199901838391496,0.213675720755207
"2833",2009-12-01,"D16L","EMP D16",38.093,-121.6697,1.53276410744173,0.0435011333330573,0.0475156873306937
"2834",2009-12-01,"D24L","EMP D24",38.1547,-121.6814,16.0526623167783,0.410813123819053,0.497632531820128
"2835",2009-12-01,"D28AL","EMP D28A",37.9701,-121.5741,11.4282298709004,0.306009979916567,0.354275125997912
"2836",2009-12-01,"D4L","EMP D4",38.0581,-121.8193,3.92340554365813,0.107328626780852,0.125481286142091
"2837",2009-12-01,"D41C","EMP D41",38.016,-122.3647,0,0,0
"2838",2009-12-01,"D41AC","EMP D41A",38.0847,-122.3906,0,0,0
"2839",2009-12-01,"D6R","EMP D6",38.0577,-122.1149,13.5528948810926,2.98908791080655,3.65928161789501
"2840",2009-12-01,"D7C","EMP D7",38.1171,-122.0395,1.3963316782953,0.32881717241817,0.252596400603619
"2841",2009-12-01,"P8R","EMP P8",37.9778,-121.3799,0.0129999599619962,0.000396348455036766,0.000402998758821882
"2842",2010-01-01,"C9L","EMP C9",37.8271,-121.5522,5.91455294042258,0.0321929388501869,0.0339539098662886
"2843",2010-01-01,"D16L","EMP D16",38.093,-121.6697,0.0371394046014792,0.00113280574704934,0.00115132154264586
"2844",2010-01-01,"D24L","EMP D24",38.1547,-121.6814,35.2837741641605,0.797460684242932,1.09379699908897
"2845",2010-01-01,"D28AL","EMP D28A",37.9701,-121.5741,0.434389209594406,0.0130178093227535,0.0134660654974266
"2846",2010-01-01,"D4L","EMP D4",38.0581,-121.8193,4.23582094894877,0.112972244462876,0.131264644431136
"2847",2010-01-01,"D41C","EMP D41",38.016,-122.3647,0,0,0
"2848",2010-01-01,"D41AC","EMP D41A",38.0847,-122.3906,0,0,0
"2849",2010-01-01,"D6R","EMP D6",38.0577,-122.1149,1.86791059909659,0.681702290000909,0.747164239638635
"2850",2010-01-01,"D7C","EMP D7",38.1171,-122.0395,1.61883898653331,0.379298463936482,0.292847972663876
"2851",2010-01-01,"P8R","EMP P8",37.9778,-121.3799,0.0675382199704042,0.00205417528900063,0.00209368481908253
"2852",2010-02-01,"C9L","EMP C9",37.8271,-121.5522,7.59643315102412,0.0199930305742332,0.0210906868565558
"2853",2010-02-01,"D16L","EMP D16",38.093,-121.6697,4.73160831101043,0.12933096612686,0.146679857641323
"2854",2010-02-01,"D24L","EMP D24",38.1547,-121.6814,17.7029698419769,0.545062057214511,0.690415823837099
"2855",2010-02-01,"D28AL","EMP D28A",37.9701,-121.5741,1.09284096752365,0.0310913969167984,0.0338780699932331
"2856",2010-02-01,"D4L","EMP D4",38.0581,-121.8193,2.15085760264679,0.0679498999259222,0.0762982634785732
"2857",2010-02-01,"D41C","EMP D41",38.016,-122.3647,0,0,0
"2858",2010-02-01,"D41AC","EMP D41A",38.0847,-122.3906,0,0,0
"2859",2010-02-01,"D6R","EMP D6",38.0577,-122.1149,3.66071014485669,1.3147373299961,1.46428405794268
"2860",2010-02-01,"D7C","EMP D7",38.1171,-122.0395,0.347395996415259,0.12949697437296,0.0931021270392895
"2861",2010-02-01,"P8R","EMP P8",37.9778,-121.3799,6.97010213733213,0.20958829791541,0.216073166257296
"2862",2010-03-01,"C9L","EMP C9",37.8271,-121.5522,10.8889348872593,0.0727379755386643,0.078181478533211
"2863",2010-03-01,"D16L","EMP D16",38.093,-121.6697,4.34343530169228,0.151322124166688,0.169393976765999
"2864",2010-03-01,"D24L","EMP D24",38.1547,-121.6814,32.3019965656855,1.36814592614045,1.7766098111127
"2865",2010-03-01,"D28AL","EMP D28A",37.9701,-121.5741,1.56778463388821,0.0637085369942387,0.0689825238910813
"2866",2010-03-01,"D4L","EMP D4",38.0581,-121.8193,3.04982574253437,0.111759181112531,0.123595309409658
"2867",2010-03-01,"D41C","EMP D41",38.016,-122.3647,0,0,0
"2868",2010-03-01,"D41AC","EMP D41A",38.0847,-122.3906,0,0,0
"2869",2010-03-01,"D6R","EMP D6",38.0577,-122.1149,5.17307899354184,1.79416169945704,2.06923159741674
"2870",2010-03-01,"D7C","EMP D7",38.1171,-122.0395,0.281408322189586,0.106357015224146,0.0754174303468091
"2871",2010-03-01,"P8R","EMP P8",37.9778,-121.3799,0.0933360951224093,0.00397124737581237,0.00410678818538601
"2872",2010-04-01,"C9L","EMP C9",37.8271,-121.5522,2.8074323124848,0.114964153972185,0.122833148823795
"2873",2010-04-01,"D16L","EMP D16",38.093,-121.6697,0.0112597581275185,0.0005452348446936,0.000551728148248408
"2874",2010-04-01,"D24L","EMP D24",38.1547,-121.6814,51.1521506895434,1.71676082505826,2.50645538378763
"2875",2010-04-01,"D28AL","EMP D28A",37.9701,-121.5741,1.81862276849502,0.0797761273906394,0.089112515656256
"2876",2010-04-01,"D4L","EMP D4",38.0581,-121.8193,3.92595930173665,0.196154178401801,0.219780411881272
"2877",2010-04-01,"D41C","EMP D41",38.016,-122.3647,0,0,0
"2878",2010-04-01,"D41AC","EMP D41A",38.0847,-122.3906,0.00353709467834419,0.0013917564113822,0.00141483787133768
"2879",2010-04-01,"D6R","EMP D6",38.0577,-122.1149,12.9185746795636,4.33049848305667,5.16742987182542
"2880",2010-04-01,"D7C","EMP D7",38.1171,-122.0395,0.433238666868764,0.164767615786558,0.116107962720829
"2881",2010-04-01,"P8R","EMP P8",37.9778,-121.3799,0.0564045247626461,0.00300444496214249,0.00310224886194553
"2882",2010-05-01,"C9L","EMP C9",37.8271,-121.5522,10.9064290613969,0.215099306826897,0.229920343854817
"2883",2010-05-01,"D16L","EMP D16",38.093,-121.6697,3.53071283149518,0.218954935524259,0.243619185373167
"2884",2010-05-01,"D24L","EMP D24",38.1547,-121.6814,43.2750506032029,2.14975821382117,2.985978491621
"2885",2010-05-01,"D28AL","EMP D28A",37.9701,-121.5741,9.52752538115387,0.594133121105886,0.733619454348848
"2886",2010-05-01,"D4L","EMP D4",38.0581,-121.8193,8.10339686644989,0.447081447481032,0.531187603225286
"2887",2010-05-01,"D41C","EMP D41",38.016,-122.3647,0,0,0
"2888",2010-05-01,"D41AC","EMP D41A",38.0847,-122.3906,0.350510277916362,0.130771113654313,0.140204111166545
"2889",2010-05-01,"D6R","EMP D6",38.0577,-122.1149,24.9949864518436,8.35297904585944,9.99799458073745
"2890",2010-05-01,"D7C","EMP D7",38.1171,-122.0395,1.23558651755737,0.429534231477477,0.331137186705375
"2891",2010-05-01,"P8R","EMP P8",37.9778,-121.3799,0.0329780503213176,0.00248060978467995,0.00253930987474145
"2892",2010-06-01,"C9L","EMP C9",37.8271,-121.5522,10.949970623446,0.196619831695037,0.210167573196224
"2893",2010-06-01,"D16L","EMP D16",38.093,-121.6697,0.0250922736252236,0.00213253872991316,0.00215793553176923
"2894",2010-06-01,"D24L","EMP D24",38.1547,-121.6814,25.4563436526435,1.6871671078836,2.18924555412734
"2895",2010-06-01,"D28AL","EMP D28A",37.9701,-121.5741,11.9343565009635,0.960988359866079,1.14569822409249
"2896",2010-06-01,"D4L","EMP D4",38.0581,-121.8193,7.90565798649059,0.616033144348958,0.708235156324561
"2897",2010-06-01,"D41C","EMP D41",38.016,-122.3647,0,0,0
"2898",2010-06-01,"D41AC","EMP D41A",38.0847,-122.3906,2.77573066696613,0.978104055126983,1.11029226678645
"2899",2010-06-01,"D6R","EMP D6",38.0577,-122.1149,13.3977448162663,4.58652797909489,5.35909792650654
"2900",2010-06-01,"D7C","EMP D7",38.1171,-122.0395,3.35830043737995,1.11550133717243,0.900024517217826
"2901",2010-06-01,"P8R","EMP P8",37.9778,-121.3799,0.225175169394472,0.0209457942812537,0.0216168162618693
"2902",2010-07-01,"C9L","EMP C9",37.8271,-121.5522,4.91197236658848,0.904873470884991,0.971311153805272
"2903",2010-07-01,"D16L","EMP D16",38.093,-121.6697,0.610777266150408,0.0708013438062177,0.073293271938049
"2904",2010-07-01,"D24L","EMP D24",38.1547,-121.6814,60.9239888230115,4.31894483238794,6.51886680406223
"2905",2010-07-01,"D28AL","EMP D28A",37.9701,-121.5741,5.4606180144907,0.715470416364613,0.813632084159115
"2906",2010-07-01,"D4L","EMP D4",38.0581,-121.8193,7.53578486444808,0.749900246940522,0.870888449941767
"2907",2010-07-01,"D41C","EMP D41",38.016,-122.3647,0,0,0
"2908",2010-07-01,"D41AC","EMP D41A",38.0847,-122.3906,9.4535142611816,3.13813474971183,3.78140570447264
"2909",2010-07-01,"D6R","EMP D6",38.0577,-122.1149,31.5157106488894,10.1111172316509,12.6062842595558
"2910",2010-07-01,"D7C","EMP D7",38.1171,-122.0395,4.35119093230543,1.40874321992906,1.16611916985785
"2911",2010-07-01,"P8R","EMP P8",37.9778,-121.3799,0.039602523562886,0.00574800174053689,0.00590077601087001
"2912",2010-08-01,"C9L","EMP C9",37.8271,-121.5522,1.64471802382248,0.569399848863297,0.594019017008476
"2913",2010-08-01,"D16L","EMP D16",38.093,-121.6697,2.76068504148472,0.266263311213579,0.295393299438865
"2914",2010-08-01,"D24L","EMP D24",38.1547,-121.6814,46.2631633184172,3.38836566826877,4.95015847507064
"2915",2010-08-01,"D28AL","EMP D28A",37.9701,-121.5741,1.92505423345017,0.22254826221466,0.23100650801402
"2916",2010-08-01,"D4L","EMP D4",38.0581,-121.8193,5.49028858302073,0.472175863214992,0.541212833941015
"2917",2010-08-01,"D41C","EMP D41",38.016,-122.3647,0,0,0
"2918",2010-08-01,"D41AC","EMP D41A",38.0847,-122.3906,12.1650206613605,4.02111641099332,4.8660082645442
"2919",2010-08-01,"D6R","EMP D6",38.0577,-122.1149,27.4194852613138,8.94376244894198,10.9677941045255
"2920",2010-08-01,"D7C","EMP D7",38.1171,-122.0395,6.14797712346854,1.94145553617333,1.64765786908957
"2921",2010-08-01,"P8R","EMP P8",37.9778,-121.3799,0.179474941224877,0.0315686618237404,0.0335618140090519
"2922",2010-09-01,"C9L","EMP C9",37.8271,-121.5522,7.92888015725808,0.369744646423615,0.394711423210766
"2923",2010-09-01,"D16L","EMP D16",38.093,-121.6697,0.0812557776908082,0.00851750245189286,0.00869436821291647
"2924",2010-09-01,"D24L","EMP D24",38.1547,-121.6814,38.2472309312757,2.44586227849805,3.28926186008971
"2925",2010-09-01,"D28AL","EMP D28A",37.9701,-121.5741,12.3950172739902,1.21034272215764,1.48740207287882
"2926",2010-09-01,"D4L","EMP D4",38.0581,-121.8193,5.48341821254242,0.478798248133892,0.543495692862944
"2927",2010-09-01,"D41C","EMP D41",38.016,-122.3647,0,0,0
"2928",2010-09-01,"D41AC","EMP D41A",38.0847,-122.3906,14.742032145047,4.76072634079751,5.8968128580188
"2929",2010-09-01,"D6R","EMP D6",38.0577,-122.1149,10.1787182256345,3.28067899451108,4.07148729025382
"2930",2010-09-01,"D7C","EMP D7",38.1171,-122.0395,8.08882244455678,2.54876708743644,2.16780441514122
"2931",2010-09-01,"P8R","EMP P8",37.9778,-121.3799,0.148405067200529,0.0187136147914475,0.0198862790048708
"2932",2010-10-01,"C9L","EMP C9",37.8271,-121.5522,10.8774694749055,0.122426137275461,0.129775493146209
"2933",2010-10-01,"D16L","EMP D16",38.093,-121.6697,0.334447625396253,0.0314000460677093,0.0321069720380403
"2934",2010-10-01,"D24L","EMP D24",38.1547,-121.6814,22.1611156328909,1.06569359927737,1.35182805360634
"2935",2010-10-01,"D28AL","EMP D28A",37.9701,-121.5741,0.245297269985051,0.0228336196652644,0.0235485379185649
"2936",2010-10-01,"D4L","EMP D4",38.0581,-121.8193,2.83037051649158,0.22399259084318,0.251948678112086
"2937",2010-10-01,"D41C","EMP D41",38.016,-122.3647,0,0,0
"2938",2010-10-01,"D41AC","EMP D41A",38.0847,-122.3906,13.5459856861247,4.50289745203911,5.41839427444989
"2939",2010-10-01,"D6R","EMP D6",38.0577,-122.1149,19.1665504235137,5.98614188139639,7.66662016940547
"2940",2010-10-01,"D7C","EMP D7",38.1171,-122.0395,15.4,4.81239481111754,4.13476516673995
"2941",2010-10-01,"P8R","EMP P8",37.9778,-121.3799,0.0302299877484807,0.00315912127951207,0.00323460868908743
"2942",2010-11-01,"C9L","EMP C9",37.8271,-121.5522,4.58279510031702,0.122340016790859,0.129621195399497
"2943",2010-11-01,"D16L","EMP D16",38.093,-121.6697,1.04681770118927,0.0585395239971625,0.0638558797725452
"2944",2010-11-01,"D24L","EMP D24",38.1547,-121.6814,35.0167708318993,1.18092439676158,1.64578822909927
"2945",2010-11-01,"D28AL","EMP D28A",37.9701,-121.5741,0.430023975988808,0.0230871454856815,0.0236513186793844
"2946",2010-11-01,"D4L","EMP D4",38.0581,-121.8193,3.42274583207487,0.211341935045499,0.235806801350158
"2947",2010-11-01,"D41C","EMP D41",38.016,-122.3647,0,0,0
"2948",2010-11-01,"D41AC","EMP D41A",38.0847,-122.3906,2.86076774228028,1.06447911402815,1.14430709691211
"2949",2010-11-01,"D6R","EMP D6",38.0577,-122.1149,12.962391019553,4.15393987401684,5.18495640782118
"2950",2010-11-01,"D7C","EMP D7",38.1171,-122.0395,18.0544087177708,5.62627298005282,4.83858153636258
"2951",2010-11-01,"P8R","EMP P8",37.9778,-121.3799,0.0138888965790307,0.000838036574047293,0.000847222691320875
"2952",2010-12-01,"C9L","EMP C9",37.8271,-121.5522,2.3215407638846,0.118646987849876,0.122926457568519
"2953",2010-12-01,"D16L","EMP D16",38.093,-121.6697,0.675358729405896,0.0252368240695568,0.0263389904468299
"2954",2010-12-01,"D24L","EMP D24",38.1547,-121.6814,57.0477466142229,1.35961187479232,1.9966711314978
"2955",2010-12-01,"D28AL","EMP D28A",37.9701,-121.5741,2.41676235359457,0.086027130229156,0.0942537317901881
"2956",2010-12-01,"D4L","EMP D4",38.0581,-121.8193,3.94911813811467,0.198791324289772,0.219090078544134
"2957",2010-12-01,"D41C","EMP D41",38.016,-122.3647,0,0,0
"2958",2010-12-01,"D41AC","EMP D41A",38.0847,-122.3906,1.54216724304403,0.586710714714971,0.61686689721761
"2959",2010-12-01,"D6R","EMP D6",38.0577,-122.1149,4.46090037744616,1.61373834480809,1.78436015097846
"2960",2010-12-01,"D7C","EMP D7",38.1171,-122.0395,3.36522736072827,1.1650450483519,0.901880932675176
"2961",2010-12-01,"P8R","EMP P8",37.9778,-121.3799,0.640106088717593,0.0243408858819381,0.0249641374599861
"2962",2011-01-01,"C9L","EMP C9",37.8271,-121.5522,6.93032094578345,0.0487819589128929,0.049209461975516
"2963",2011-01-01,"D16L","EMP D16",38.093,-121.6697,4.74108412198506,0.129510471134133,0.146973607781537
"2964",2011-01-01,"D24L","EMP D24",38.1547,-121.6814,51.2065161035546,1.10091637538618,1.58740199921019
"2965",2011-01-01,"D28AL","EMP D28A",37.9701,-121.5741,5.33774771169385,0.150653655000692,0.165470179062509
"2966",2011-01-01,"D4L","EMP D4",38.0581,-121.8193,3.51093108932073,0.135659460733697,0.149415099131895
"2967",2011-01-01,"D41C","EMP D41",38.016,-122.3647,0,0,0
"2968",2011-01-01,"D41AC","EMP D41A",38.0847,-122.3906,0.788185435929949,0.302414519407028,0.31527417437198
"2969",2011-01-01,"D6R","EMP D6",38.0577,-122.1149,5.17848233915662,1.22520662433671,1.39819023157229
"2970",2011-01-01,"D7C","EMP D7",38.1171,-122.0395,0.925703704994972,0.230552860555077,0.16745980023359
"2971",2011-01-01,"P8R","EMP P8",37.9778,-121.3799,1.76437587348586,0.0534191968751999,0.0546956520780618
"2972",2011-02-01,"C9L","EMP C9",37.8271,-121.5522,1.83325199390894,0.0388102845827954,0.0390163105155443
"2973",2011-02-01,"D16L","EMP D16",38.093,-121.6697,0.373363092172569,0.0113121047110463,0.0115742558573496
"2974",2011-02-01,"D24L","EMP D24",38.1547,-121.6814,38.4861703524487,0.865040286382476,1.19307128092591
"2975",2011-02-01,"D28AL","EMP D28A",37.9701,-121.5741,2.3409916906946,0.0677392965236754,0.0725707424115325
"2976",2011-02-01,"D4L","EMP D4",38.0581,-121.8193,4.1592168703448,0.124673285990114,0.141069549110861
"2977",2011-02-01,"D41C","EMP D41",38.016,-122.3647,0,0,0
"2978",2011-02-01,"D41AC","EMP D41A",38.0847,-122.3906,0.413431682520193,0.160208151063173,0.165372673008077
"2979",2011-02-01,"D6R","EMP D6",38.0577,-122.1149,11.1739648530621,3.82148231837061,4.46958594122484
"2980",2011-02-01,"D7C","EMP D7",38.1171,-122.0395,0.521052687111146,0.194430384239011,0.139642120145787
"2981",2011-02-01,"P8R","EMP P8",37.9778,-121.3799,4.1825272553261,0.141830222114385,0.146388453936413
"2982",2011-03-01,"C9L","EMP C9",37.8271,-121.5522,3.29277440388882,0.0885315798940486,0.0896047184627533
"2983",2011-03-01,"D16L","EMP D16",38.093,-121.6697,0.00848579070552199,0.000327050926969268,0.000330945837515358
"2984",2011-03-01,"D24L","EMP D24",38.1547,-121.6814,58.1736261597454,1.70634658015253,2.03607691559109
"2985",2011-03-01,"D28AL","EMP D28A",37.9701,-121.5741,3.77179303416806,0.152801448337794,0.165958893503395
"2986",2011-03-01,"D4L","EMP D4",38.0581,-121.8193,8.45788990597888,0.33090084113773,0.38660816859869
"2987",2011-03-01,"D41C","EMP D41",38.016,-122.3647,0,0,0
"2988",2011-03-01,"D41AC","EMP D41A",38.0847,-122.3906,0.346310999786723,0.133761169584926,0.138524399914689
"2989",2011-03-01,"D6R","EMP D6",38.0577,-122.1149,21.3627574830697,6.96070879576136,8.54510299322789
"2990",2011-03-01,"D7C","EMP D7",38.1171,-122.0395,0.36354000975026,0.137709010567558,0.0974287226130697
"2991",2011-03-01,"P8R","EMP P8",37.9778,-121.3799,5.12438932799685,0.215110493531897,0.225473130431861
"2992",2011-04-01,"C9L","EMP C9",37.8271,-121.5522,16.0632414396226,0.165381041153771,0.169456015070667
"2993",2011-04-01,"D16L","EMP D16",38.093,-121.6697,1.17993995540476,0.0609087928427595,0.0648966975472615
"2994",2011-04-01,"D24L","EMP D24",38.1547,-121.6814,56.0076801870624,2.54022627053043,3.08042241028843
"2995",2011-04-01,"D28AL","EMP D28A",37.9701,-121.5741,1.97632843872574,0.100657345706499,0.108698064129916
"2996",2011-04-01,"D4L","EMP D4",38.0581,-121.8193,8.59774291617128,0.388131509254929,0.445763367164323
"2997",2011-04-01,"D41C","EMP D41",38.016,-122.3647,0.0385666780185456,0.0153059150195284,0.0154266712074183
"2998",2011-04-01,"D41AC","EMP D41A",38.0847,-122.3906,0.0637107382987391,0.0246916231196316,0.0254842953194956
"2999",2011-04-01,"D6R","EMP D6",38.0577,-122.1149,15.5636084287333,5.25951953290927,6.22544337149332
"3000",2011-04-01,"D7C","EMP D7",38.1171,-122.0395,0.300595263232951,0.11553164732971,0.080559530546431
"3001",2011-04-01,"P8R","EMP P8",37.9778,-121.3799,0.111501472015887,0.0059589560699407,0.00613258096087379
"3002",2011-05-01,"C9L","EMP C9",37.8271,-121.5522,5.79053829352186,0.459473652578735,0.464842818589648
"3003",2011-05-01,"D16L","EMP D16",38.093,-121.6697,3.62391549793103,0.247601255390495,0.279041493340689
"3004",2011-05-01,"D24L","EMP D24",38.1547,-121.6814,93.8091042126573,5.07537134016144,6.09759177382273
"3005",2011-05-01,"D28AL","EMP D28A",37.9701,-121.5741,3.94983853087904,0.274324455705877,0.304137566877687
"3006",2011-05-01,"D4L","EMP D4",38.0581,-121.8193,10.1255944704271,0.606763589579257,0.700790616203905
"3007",2011-05-01,"D41C","EMP D41",38.016,-122.3647,0,0,0
"3008",2011-05-01,"D41AC","EMP D41A",38.0847,-122.3906,0.221371996585156,0.0843217667713895,0.0885487986340624
"3009",2011-05-01,"D6R","EMP D6",38.0577,-122.1149,5.2034664774188,1.86769761267985,2.08138659096752
"3010",2011-05-01,"D7C","EMP D7",38.1171,-122.0395,0.382461010614084,0.145941702767565,0.102499550844574
"3011",2011-05-01,"P8R","EMP P8",37.9778,-121.3799,0.0408033039201242,0.00303560756529046,0.00314185440184957
"3012",2011-06-01,"C9L","EMP C9",37.8271,-121.5522,7.04131181961789,0.537869166199229,0.545688419566933
"3013",2011-06-01,"D16L","EMP D16",38.093,-121.6697,1.50226678279836,0.0956143807294502,0.103656408013087
"3014",2011-06-01,"D24L","EMP D24",38.1547,-121.6814,92.037176516602,5.96315052092678,7.08686259177835
"3015",2011-06-01,"D28AL","EMP D28A",37.9701,-121.5741,2.06717223211736,0.149259675876752,0.159172261873037
"3016",2011-06-01,"D4L","EMP D4",38.0581,-121.8193,6.59755057661345,0.415124787622524,0.475112159807106
"3017",2011-06-01,"D41C","EMP D41",38.016,-122.3647,0,0,0
"3018",2011-06-01,"D41AC","EMP D41A",38.0847,-122.3906,1.84789543524621,0.656424514671302,0.739158174098485
"3019",2011-06-01,"D6R","EMP D6",38.0577,-122.1149,6.69695052129696,2.44585566205492,2.67878020851878
"3020",2011-06-01,"D7C","EMP D7",38.1171,-122.0395,1.03578329660603,0.396150274496351,0.277589923490415
"3021",2011-06-01,"P8R","EMP P8",37.9778,-121.3799,2.78462727103146,0.1619542219143,0.169862263532919
"3022",2011-07-01,"C9L","EMP C9",37.8271,-121.5522,5.25989271279685,1.83452524046404,1.87846852729566
"3023",2011-07-01,"D16L","EMP D16",38.093,-121.6697,0.017305195400461,0.00229160503152389,0.00231889618366177
"3024",2011-07-01,"D24L","EMP D24",38.1547,-121.6814,118.347520574934,7.39356591252488,11.3613619751936
"3025",2011-07-01,"D28AL","EMP D28A",37.9701,-121.5741,2.57816659792985,0.406786548908368,0.430553821854284
"3026",2011-07-01,"D4L","EMP D4",38.0581,-121.8193,13.9200803405993,1.56419314799988,1.89643781893591
"3027",2011-07-01,"D41C","EMP D41",38.016,-122.3647,0,0,0
"3028",2011-07-01,"D41AC","EMP D41A",38.0847,-122.3906,8.5980634181575,2.76299100824469,3.439225367263
"3029",2011-07-01,"D6R","EMP D6",38.0577,-122.1149,20.4712554343082,7.21243007671229,8.18850217372328
"3030",2011-07-01,"D7C","EMP D7",38.1171,-122.0395,1.19401229783639,0.455182906844074,0.319995295820152
"3031",2011-07-01,"P8R","EMP P8",37.9778,-121.3799,2.48264925320813,0.354067626291873,0.369914738728011
"3032",2011-08-01,"C9L","EMP C9",37.8271,-121.5522,7.49798695988953,1.07932679507742,1.09097751459716
"3033",2011-08-01,"D16L","EMP D16",38.093,-121.6697,0.169429467803679,0.02218718642951,0.0227035486856929
"3034",2011-08-01,"D24L","EMP D24",38.1547,-121.6814,60.4454745468398,6.13052060397264,7.25345694562078
"3035",2011-08-01,"D28AL","EMP D28A",37.9701,-121.5741,5.6980948576018,0.765118238433438,0.849016133782669
"3036",2011-08-01,"D4L","EMP D4",38.0581,-121.8193,6.80669575767912,0.632825592770915,0.716793106644861
"3037",2011-08-01,"D41C","EMP D41",38.016,-122.3647,0,0,0
"3038",2011-08-01,"D41AC","EMP D41A",38.0847,-122.3906,6.80000562029503,2.20363764029951,2.72000224811801
"3039",2011-08-01,"D6R","EMP D6",38.0577,-122.1149,14.3976058876955,5.16316087162849,5.75904235507818
"3040",2011-08-01,"D7C","EMP D7",38.1171,-122.0395,1.62997647435197,0.619676479823244,0.436833695126327
"3041",2011-08-01,"P8R","EMP P8",37.9778,-121.3799,0.53613712111006,0.0621405753741444,0.0643364545332071
"3042",2011-09-01,"C9L","EMP C9",37.8271,-121.5522,24.0980266233825,1.02335017983295,1.08401410754732
"3043",2011-09-01,"D16L","EMP D16",38.093,-121.6697,0.0894746230270573,0.010496314598528,0.0107369547632469
"3044",2011-09-01,"D24L","EMP D24",38.1547,-121.6814,90.5047413090003,5.84352947769787,8.68845516566403
"3045",2011-09-01,"D28AL","EMP D28A",37.9701,-121.5741,1.29593046775868,0.168057651901707,0.173654682679662
"3046",2011-09-01,"D4L","EMP D4",38.0581,-121.8193,12.3204725863086,1.16452138899712,1.48045671035703
"3047",2011-09-01,"D41C","EMP D41",38.016,-122.3647,0.0535271345258169,0.0210280541494335,0.0214108538103267
"3048",2011-09-01,"D41AC","EMP D41A",38.0847,-122.3906,17.4006073659733,5.35075376685863,6.96024294638931
"3049",2011-09-01,"D6R","EMP D6",38.0577,-122.1149,29.9441333475844,10.2706821955174,11.9776533390337
"3050",2011-09-01,"D7C","EMP D7",38.1171,-122.0395,2.40468639635648,0.862610781803359,0.644455954223537
"3051",2011-09-01,"P8R","EMP P8",37.9778,-121.3799,0.0694325189084393,0.00799060559406819,0.00833190226901271
"3052",2011-10-01,"C9L","EMP C9",37.8271,-121.5522,12.642283477356,0.786987747200584,0.802393897810096
"3053",2011-10-01,"D16L","EMP D16",38.093,-121.6697,2.47233242044396,0.198892882682605,0.212620588158181
"3054",2011-10-01,"D24L","EMP D24",38.1547,-121.6814,80.6212892322547,3.90381279268682,6.20783927088361
"3055",2011-10-01,"D28AL","EMP D28A",37.9701,-121.5741,13.1453188112217,1.08831305808051,1.26195060587729
"3056",2011-10-01,"D4L","EMP D4",38.0581,-121.8193,3.10842240367791,0.249734295421422,0.2793243267163
"3057",2011-10-01,"D41C","EMP D41",38.016,-122.3647,0,0,0
"3058",2011-10-01,"D41AC","EMP D41A",38.0847,-122.3906,14.9080375641557,4.67368592609113,5.96321502566228
"3059",2011-10-01,"D6R","EMP D6",38.0577,-122.1149,13.5773826664978,4.69308749348954,5.43095306659912
"3060",2011-10-01,"D7C","EMP D7",38.1171,-122.0395,5,1.71744246603568,1.34
"3061",2011-10-01,"P8R","EMP P8",37.9778,-121.3799,0.0676386922234476,0.00500315374809489,0.00520817930120547
"3062",2011-11-01,"C9L","EMP C9",37.8271,-121.5522,5.63408713144765,0.134912547408917,0.137059712971414
"3063",2011-11-01,"D16L","EMP D16",38.093,-121.6697,3.09996508206967,0.142757942793832,0.151898289021414
"3064",2011-11-01,"D24L","EMP D24",38.1547,-121.6814,55.5631120780709,1.41271535977862,2.16696137104476
"3065",2011-11-01,"D28AL","EMP D28A",37.9701,-121.5741,1.1969976642962,0.0564797961408675,0.058652885550514
"3066",2011-11-01,"D4L","EMP D4",38.0581,-121.8193,7.34446886530936,0.513173418355394,0.619541668398128
"3067",2011-11-01,"D41C","EMP D41",38.016,-122.3647,0.0166332826021451,0.00445926149725222,0.00449098630257917
"3068",2011-11-01,"D41AC","EMP D41A",38.0847,-122.3906,11.9105209994915,3.89731117123427,4.76420839979658
"3069",2011-11-01,"D6R","EMP D6",38.0577,-122.1149,41.9198474607907,13.3903400159372,16.7679389843163
"3070",2011-11-01,"D7C","EMP D7",38.1171,-122.0395,5.0665983517385,1.74120677676084,1.35784835826592
"3071",2011-11-01,"P8R","EMP P8",37.9778,-121.3799,1.75006584592059,0.0806818981620215,0.0857532264501089
"3072",2011-12-01,"C9L","EMP C9",37.8271,-121.5522,8.06145659868522,0.0876528672877238,0.0921257109953118
"3073",2011-12-01,"D16L","EMP D16",38.093,-121.6697,2.69033625636975,0.0748518845611617,0.0834004239474623
"3074",2011-12-01,"D24L","EMP D24",38.1547,-121.6814,95.8644235122912,1.88907248821438,2.97179712888103
"3075",2011-12-01,"D28AL","EMP D28A",37.9701,-121.5741,1.72517304354615,0.0509581073857608,0.0534803643499308
"3076",2011-12-01,"D4L","EMP D4",38.0581,-121.8193,6.87668605818666,0.46753186112784,0.564093298597525
"3077",2011-12-01,"D41C","EMP D41",38.016,-122.3647,0,0,0
"3078",2011-12-01,"D41AC","EMP D41A",38.0847,-122.3906,8.81463911955951,2.00666801971901,2.37995256228107
"3079",2011-12-01,"D6R","EMP D6",38.0577,-122.1149,29.4675703981872,6.36682791807597,7.95624400751055
"3080",2011-12-01,"D7C","EMP D7",38.1171,-122.0395,4.92418723300611,1.18228229810645,0.890785470450806
"3081",2011-12-01,"P8R","EMP P8",37.9778,-121.3799,1.04417944289872,0.0310498845973566,0.0323695627298604
"3082",2012-01-01,"C9L","EMP C9",37.8271,-121.5522,12.0762385108235,0.343401934205766,0.374363393835528
"3083",2012-01-01,"D16L","EMP D16",38.093,-121.6697,4.22880260636502,0.115396381775524,0.131092880797316
"3084",2012-01-01,"D24L","EMP D24",38.1547,-121.6814,91.5823452740332,1.81789410653419,2.83905270349503
"3085",2012-01-01,"D28AL","EMP D28A",37.9701,-121.5741,11.6707304029058,0.312010816268793,0.361792642490079
"3086",2012-01-01,"D4L","EMP D4",38.0581,-121.8193,6.50475642180282,0.180861082761321,0.212277036968821
"3087",2012-01-01,"D41C","EMP D41",38.016,-122.3647,0.0531881576337491,0.0210659983721331,0.0212752630534996
"3088",2012-01-01,"D41AC","EMP D41A",38.0847,-122.3906,3.68570026465536,0.888621995846809,0.995139071456948
"3089",2012-01-01,"D6R","EMP D6",38.0577,-122.1149,12.3599936340728,2.8008672124182,3.33719828119967
"3090",2012-01-01,"D7C","EMP D7",38.1171,-122.0395,3.24958899255319,0.779137125764982,0.587850648752872
"3091",2012-01-01,"P8R","EMP P8",37.9778,-121.3799,0.578075907733484,0.0170636524818881,0.017920353139738
"3092",2012-02-01,"C9L","EMP C9",37.8271,-121.5522,3.24797628652713,0.107386311736946,0.11367917002845
"3093",2012-02-01,"D16L","EMP D16",38.093,-121.6697,0.344786008797968,0.0117124531668852,0.0120675103079289
"3094",2012-02-01,"D24L","EMP D24",38.1547,-121.6814,108.47050800354,2.10700073243264,3.36258574810972
"3095",2012-02-01,"D28AL","EMP D28A",37.9701,-121.5741,3.05528306993628,0.0983992106787142,0.10693490744777
"3096",2012-02-01,"D4L","EMP D4",38.0581,-121.8193,5.9694483222389,0.190624318327671,0.222930691278361
"3097",2012-02-01,"D41C","EMP D41",38.016,-122.3647,0,0,0
"3098",2012-02-01,"D41AC","EMP D41A",38.0847,-122.3906,2.17852348947699,0.800920939485291,0.871409395790795
"3099",2012-02-01,"D6R","EMP D6",38.0577,-122.1149,18.8105718160659,6.21684150287327,7.52422872642637
"3100",2012-02-01,"D7C","EMP D7",38.1171,-122.0395,2.07750875561013,0.734405215924216,0.556772346503515
"3101",2012-02-01,"P8R","EMP P8",37.9778,-121.3799,1.56546579693805,0.0587715066670794,0.0610531660805841
"3102",2012-03-01,"C9L","EMP C9",37.8271,-121.5522,9.85043485000684,0.394238211547353,0.433419133400301
"3103",2012-03-01,"D16L","EMP D16",38.093,-121.6697,2.54736983813115,0.103001711400679,0.112084272877771
"3104",2012-03-01,"D24L","EMP D24",38.1547,-121.6814,90.6059781227463,2.60773115215974,3.17120923429612
"3105",2012-03-01,"D28AL","EMP D28A",37.9701,-121.5741,0.650794359046856,0.0277433189882441,0.0286349517980617
"3106",2012-03-01,"D4L","EMP D4",38.0581,-121.8193,9.71744865697411,0.302050942667999,0.397142517025155
"3107",2012-03-01,"D41C","EMP D41",38.016,-122.3647,0,0,0
"3108",2012-03-01,"D41AC","EMP D41A",38.0847,-122.3906,0.816116343766212,0.307079725860561,0.326446537506485
"3109",2012-03-01,"D6R","EMP D6",38.0577,-122.1149,61.4956126499659,17.5308791456107,24.5982450599863
"3110",2012-03-01,"D7C","EMP D7",38.1171,-122.0395,1.06664050645784,0.379970148151028,0.285859655730702
"3111",2012-03-01,"P8R","EMP P8",37.9778,-121.3799,5.84671691301482,0.241639851866634,0.257255544172652
"3112",2012-04-01,"C9L","EMP C9",37.8271,-121.5522,9.74345312707622,0.487445680521318,0.535889921989192
"3113",2012-04-01,"D16L","EMP D16",38.093,-121.6697,2.23812930660131,0.114025107346951,0.123097111863072
"3114",2012-04-01,"D24L","EMP D24",38.1547,-121.6814,132.716813401561,5.27631475500036,6.50312385667649
"3115",2012-04-01,"D28AL","EMP D28A",37.9701,-121.5741,4.67500879523477,0.235638633803838,0.257125483737912
"3116",2012-04-01,"D4L","EMP D4",38.0581,-121.8193,6.91517988968112,0.285115824293727,2.63995582544287
"3117",2012-04-01,"D41C","EMP D41",38.016,-122.3647,0,0,0
"3118",2012-04-01,"D41AC","EMP D41A",38.0847,-122.3906,0.293950655462282,0.111843465885389,0.117580262184913
"3119",2012-04-01,"D6R","EMP D6",38.0577,-122.1149,36.6475474256916,12.0726128067018,14.6590189702766
"3120",2012-04-01,"D7C","EMP D7",38.1171,-122.0395,0.790872505850847,0.290346326662545,0.211953831568027
"3121",2012-04-01,"P8R","EMP P8",37.9778,-121.3799,0.739381361744643,0.042850227988124,0.0451022630664232
"3122",2012-05-01,"C9L","EMP C9",37.8271,-121.5522,17.6437913696651,1.70875377570041,1.88788567655416
"3123",2012-05-01,"D16L","EMP D16",38.093,-121.6697,2.16118997812028,0.17486330708102,0.185862338118344
"3124",2012-05-01,"D24L","EMP D24",38.1547,-121.6814,144.498819673,9.58477171842278,12.426898491878
"3125",2012-05-01,"D28AL","EMP D28A",37.9701,-121.5741,5.87261482150187,0.561021698232499,0.6283697859007
"3126",2012-05-01,"D4L","EMP D4",38.0581,-121.8193,5.60125170834716,0.502767486927225,0.578643517028615
"3127",2012-05-01,"D41C","EMP D41",38.016,-122.3647,0,0,0
"3128",2012-05-01,"D41AC","EMP D41A",38.0847,-122.3906,7.27910112212076,2.38632846323286,2.9116404488483
"3129",2012-05-01,"D6R","EMP D6",38.0577,-122.1149,41.2622059288592,12.9272451138445,16.5048823715437
"3130",2012-05-01,"D7C","EMP D7",38.1171,-122.0395,0.711387230150959,0.266097893136941,0.190651777680457
"3131",2012-05-01,"P8R","EMP P8",37.9778,-121.3799,2.63344009932687,0.241286843323692,0.252810249535379
"3132",2012-06-01,"C9L","EMP C9",37.8271,-121.5522,68.0477812647796,5.45152620391484,6.53258700141884
"3133",2012-06-01,"D16L","EMP D16",38.093,-121.6697,0.20370103103684,0.0210321518882812,0.0217960103209419
"3134",2012-06-01,"D24L","EMP D24",38.1547,-121.6814,173.062489355419,16.1139099118985,20.7674987226503
"3135",2012-06-01,"D28AL","EMP D28A",37.9701,-121.5741,0.95501213308534,0.0881920128301312,0.0916811647761926
"3136",2012-06-01,"D4L","EMP D4",38.0581,-121.8193,4.19401670392985,4.3573212413777,4.72869512047831
"3137",2012-06-01,"D41C","EMP D41",38.016,-122.3647,0,0,0
"3138",2012-06-01,"D41AC","EMP D41A",38.0847,-122.3906,10.0363130691975,3.2500863205891,4.014525227679
"3139",2012-06-01,"D6R","EMP D6",38.0577,-122.1149,28.7385401831313,9.2446202579614,11.4954160732525
"3140",2012-06-01,"D7C","EMP D7",38.1171,-122.0395,2.15177818949277,0.765566038494613,0.576676554784062
"3141",2012-06-01,"P8R","EMP P8",37.9778,-121.3799,0.305229963479374,0.0395125276252775,0.0409008151062362
"3142",2012-07-01,"C9L","EMP C9",37.8271,-121.5522,25.9316197426677,3.36005783422037,3.86381134165749
"3143",2012-07-01,"D16L","EMP D16",38.093,-121.6697,0.930804493688125,0.119420692799335,0.124727802154209
"3144",2012-07-01,"D24L","EMP D24",38.1547,-121.6814,144.841494238148,8.67337459279112,15.4980398834819
"3145",2012-07-01,"D28AL","EMP D28A",37.9701,-121.5741,0.000117065977518082,1.73744022677101e-05,1.74428306501943e-05
"3146",2012-07-01,"D4L","EMP D4",38.0581,-121.8193,2.2049982667682,0.238339545695384,0.264599792012184
"3147",2012-07-01,"D41C","EMP D41",38.016,-122.3647,0,0,0
"3148",2012-07-01,"D41AC","EMP D41A",38.0847,-122.3906,13.0498988412932,4.30406702638632,5.21995953651729
"3149",2012-07-01,"D6R","EMP D6",38.0577,-122.1149,16.7785200999687,5.63080864155804,6.71140803998748
"3150",2012-07-01,"D7C","EMP D7",38.1171,-122.0395,4.05756533814349,1.38552577554303,1.08742751062246
"3151",2012-07-01,"P8R","EMP P8",37.9778,-121.3799,0.432874133558451,0.0695883822602618,0.0722899803042612
"3152",2012-08-01,"C9L","EMP C9",37.8271,-121.5522,3.72975422150681,0.413842245324269,0.447570506580817
"3153",2012-08-01,"D16L","EMP D16",38.093,-121.6697,0.32896572613524,0.0378698054407103,0.0394758871362288
"3154",2012-08-01,"D24L","EMP D24",38.1547,-121.6814,111.651528265414,8.3110017326699,10.7185467134798
"3155",2012-08-01,"D28AL","EMP D28A",37.9701,-121.5741,0.123430635720139,0.0145810738981448,0.0148116762864166
"3156",2012-08-01,"D4L","EMP D4",38.0581,-121.8193,5.26920336559238,0.53386118729794,0.632304403871086
"3157",2012-08-01,"D41C","EMP D41",38.016,-122.3647,0,0,0
"3158",2012-08-01,"D41AC","EMP D41A",38.0847,-122.3906,23.1108156188969,7.54645072503242,9.24432624755874
"3159",2012-08-01,"D6R","EMP D6",38.0577,-122.1149,16.0311929538429,5.38344143371049,6.41247718153714
"3160",2012-08-01,"D7C","EMP D7",38.1171,-122.0395,4.64302052572606,1.57829789010775,1.24432950089458
"3161",2012-08-01,"P8R","EMP P8",37.9778,-121.3799,4.30697947412304,0.692385409053102,0.719265572178547
"3162",2012-09-01,"C9L","EMP C9",37.8271,-121.5522,5.13963046579042,0.616087358093337,0.688710482415916
"3163",2012-09-01,"D16L","EMP D16",38.093,-121.6697,1.67024728101111,0.183266900539061,0.200429673721333
"3164",2012-09-01,"D24L","EMP D24",38.1547,-121.6814,116.816735464799,7.11679916094457,11.2144066046207
"3165",2012-09-01,"D28AL","EMP D28A",37.9701,-121.5741,0.429912541980901,0.0560708678997544,0.0576082806254408
"3166",2012-09-01,"D4L","EMP D4",38.0581,-121.8193,5.30181884237118,0.856550797324025,1.01745227817135
"3167",2012-09-01,"D41C","EMP D41",38.016,-122.3647,0,0,0
"3168",2012-09-01,"D41AC","EMP D41A",38.0847,-122.3906,13.2373377234612,4.6398911557711,5.29493508938449
"3169",2012-09-01,"D6R","EMP D6",38.0577,-122.1149,5.52964711732701,1.91676342552491,2.2118588469308
"3170",2012-09-01,"D7C","EMP D7",38.1171,-122.0395,6.05642903815196,2.03056748779181,1.62312298222473
"3171",2012-09-01,"P8R","EMP P8",37.9778,-121.3799,0.922297529180796,0.130953023231141,0.137422331847939
"3172",2012-10-01,"C9L","EMP C9",37.8271,-121.5522,0.806377345291468,0.0824461951411353,0.0862823759461871
"3173",2012-10-01,"D16L","EMP D16",38.093,-121.6697,2.15670443647728,0.21708096266924,0.230767374703069
"3174",2012-10-01,"D24L","EMP D24",38.1547,-121.6814,129.284166654933,7.01134615663788,12.4112799988736
"3175",2012-10-01,"D28AL","EMP D28A",37.9701,-121.5741,2.48308343112037,0.250207628841394,0.26568992712988
"3176",2012-10-01,"D4L","EMP D4",38.0581,-121.8193,5.62977573676999,0.812220726017009,0.966185680819915
"3177",2012-10-01,"D41C","EMP D41",38.016,-122.3647,0,0,0
"3178",2012-10-01,"D41AC","EMP D41A",38.0847,-122.3906,3.77223386963333,1.40780507399593,1.50889354785333
"3179",2012-10-01,"D6R","EMP D6",38.0577,-122.1149,6.80958559641128,2.35560039446562,2.72383423856451
"3180",2012-10-01,"D7C","EMP D7",38.1171,-122.0395,4.7,1.5987487954728,1.2596
"3181",2012-10-01,"P8R","EMP P8",37.9778,-121.3799,3.32500554966603,0.412757240347953,0.445550743655249
"3182",2012-11-01,"C9L","EMP C9",37.8271,-121.5522,9.29277586447996,0.645718394433014,0.715543741564957
"3183",2012-11-01,"D16L","EMP D16",38.093,-121.6697,0.205664783316068,0.0151577675050285,0.0158361883153373
"3184",2012-11-01,"D24L","EMP D24",38.1547,-121.6814,31.7389876770773,1.34905390929316,1.74564432223925
"3185",2012-11-01,"D28AL","EMP D28A",37.9701,-121.5741,2.8242483807976,0.205151677655384,0.217467125321416
"3186",2012-11-01,"D4L","EMP D4",38.0581,-121.8193,3.66687619319187,0.245504747754418,0.281870250967296
"3187",2012-11-01,"D41C","EMP D41",38.016,-122.3647,0,0,0
"3188",2012-11-01,"D41AC","EMP D41A",38.0847,-122.3906,1.73857443468116,0.661217543707846,0.695429773872463
"3189",2012-11-01,"D6R","EMP D6",38.0577,-122.1149,2.41330510209586,0.905585540253037,0.965322040838343
"3190",2012-11-01,"D7C","EMP D7",38.1171,-122.0395,7.14383585367297,2.37446818217318,1.91454800878436
"3191",2012-11-01,"P8R","EMP P8",37.9778,-121.3799,1.3748450395604,0.101838948389621,0.105863068046151
"3192",2012-12-01,"C9L","EMP C9",37.8271,-121.5522,2.22152179266132,0.0925442467167814,0.0977469588770983
"3193",2012-12-01,"D16L","EMP D16",38.093,-121.6697,1.4025182768101,0.0638838825324066,0.0687233955636951
"3194",2012-12-01,"D24L","EMP D24",38.1547,-121.6814,114.035796025651,3.22935605737572,5.58775400525692
"3195",2012-12-01,"D28AL","EMP D28A",37.9701,-121.5741,0.830981089861293,0.0345107061554613,0.0365631679538969
"3196",2012-12-01,"D4L","EMP D4",38.0581,-121.8193,6.72848336205772,0.249721407416469,0.299662087878493
"3197",2012-12-01,"D41C","EMP D41",38.016,-122.3647,0,0,0
"3198",2012-12-01,"D41AC","EMP D41A",38.0847,-122.3906,0.531442849631186,0.205193573166807,0.212577139852474
"3199",2012-12-01,"D6R","EMP D6",38.0577,-122.1149,9.90093023071876,3.3594388082335,3.96037209228751
"3200",2012-12-01,"D7C","EMP D7",38.1171,-122.0395,1.60753138931358,0.581636409407304,0.430818412336041
"3201",2012-12-01,"P8R","EMP P8",37.9778,-121.3799,1.04393885805885,0.0486753181164608,0.0511530040448836
"3202",2013-01-01,"D16L","EMP D16",38.093,-121.6697,4.12781830335559,0.113567880751622,0.127962367404023
"3203",2013-01-01,"D24L","EMP D24",38.1547,-121.6814,98.9545544587845,1.84961219024788,3.06759118822232
"3204",2013-01-01,"D28AL","EMP D28A",37.9701,-121.5741,0.0111731327527402,0.000339479393832563,0.000346367115334946
"3205",2013-01-01,"D4L","EMP D4",38.0581,-121.8193,4.86355317482482,0.136667804451841,0.157787384143089
"3206",2013-01-01,"D41C","EMP D41",38.016,-122.3647,0,0,0
"3207",2013-01-01,"D41AC","EMP D41A",38.0847,-122.3906,0.305293611215366,0.0792419805334924,0.0824292750281487
"3208",2013-01-01,"D6R","EMP D6",38.0577,-122.1149,5.09534181074457,1.81323173800143,2.03813672429783
"3209",2013-01-01,"D7C","EMP D7",38.1171,-122.0395,0.371333192629723,0.0941886438702043,0.0671741745467168
"3210",2013-01-01,"P8R","EMP P8",37.9778,-121.3799,0.498859405969726,0.0149197548635286,0.0154646415850615
"3211",2013-02-01,"C9L","EMP C9",37.8271,-121.5522,17.3626839773973,0.531873349408661,0.607693939208904
"3212",2013-02-01,"D16L","EMP D16",38.093,-121.6697,0.585767061870676,0.0173362042717259,0.018158778917991
"3213",2013-02-01,"D24L","EMP D24",38.1547,-121.6814,118.439739185315,2.13375956246793,3.67163191474475
"3214",2013-02-01,"D28AL","EMP D28A",37.9701,-121.5741,0.0455951565406687,0.00153342621210737,0.0015958304789234
"3215",2013-02-01,"D4L","EMP D4",38.0581,-121.8193,4.86108020977113,0.138278153766077,0.161249180122285
"3216",2013-02-01,"D41C","EMP D41",38.016,-122.3647,0,0,0
"3217",2013-02-01,"D41AC","EMP D41A",38.0847,-122.3906,0.178044883412024,0.068325234741952,0.0712179533648098
"3218",2013-02-01,"D6R","EMP D6",38.0577,-122.1149,4.06052861210267,1.49092920293357,1.62421144484107
"3219",2013-02-01,"D7C","EMP D7",38.1171,-122.0395,0.222156337397798,0.0849962793442581,0.05953789842261
"3220",2013-02-01,"P8R","EMP P8",37.9778,-121.3799,1.49846429801589,0.0495365468255401,0.0524462504305562
"3221",2013-03-01,"C9L","EMP C9",37.8271,-121.5522,12.8440708118796,0.681339183840602,0.783488319524657
"3222",2013-03-01,"D16L","EMP D16",38.093,-121.6697,3.17791049202146,0.158792328470187,0.17478507706118
"3223",2013-03-01,"D24L","EMP D24",38.1547,-121.6814,158.316738822558,3.23001539120509,5.54108585878951
"3224",2013-03-01,"D28AL","EMP D28A",37.9701,-121.5741,0.00172554169435311,0.000104284762120961,0.00010525804335554
"3225",2013-03-01,"D4L","EMP D4",38.0581,-121.8193,8.56879156519413,0.395273277739191,0.472990264900153
"3226",2013-03-01,"D41C","EMP D41",38.016,-122.3647,0.00185951572867762,0.000741083513384296,0.00074380629147105
"3227",2013-03-01,"D41AC","EMP D41A",38.0847,-122.3906,0.342808867877559,0.131694913375679,0.137123547151024
"3228",2013-03-01,"D6R","EMP D6",38.0577,-122.1149,8.9775617235984,3.18371331597408,3.59102468943936
"3229",2013-03-01,"D7C","EMP D7",38.1171,-122.0395,0.14295346846654,0.0555177627505685,0.0383115295490327
"3230",2013-03-01,"P8R","EMP P8",37.9778,-121.3799,0.415871519662244,0.0244743317671662,0.0253681626993969
"3231",2013-04-01,"C9L","EMP C9",37.8271,-121.5522,3.5738857949173,0.205206919877557,0.218007033489955
"3232",2013-04-01,"D16L","EMP D16",38.093,-121.6697,0.930791831353552,0.0543689808621511,0.0567783017125667
"3233",2013-04-01,"D24L","EMP D24",38.1547,-121.6814,169.321130043819,3.39554714314278,5.92623955153366
"3234",2013-04-01,"D28AL","EMP D28A",37.9701,-121.5741,10.6025580093163,0.563027455434951,0.646756038568295
"3235",2013-04-01,"D4L","EMP D4",38.0581,-121.8193,9.08156767398543,0.534786167948756,0.634087041599792
"3236",2013-04-01,"D41C","EMP D41",38.016,-122.3647,0,0,0
"3237",2013-04-01,"D41AC","EMP D41A",38.0847,-122.3906,0.100926905573478,0.0391072325047363,0.0403707622293912
"3238",2013-04-01,"D6R","EMP D6",38.0577,-122.1149,14.1221155671011,4.95538775321995,5.64884622684046
"3239",2013-04-01,"D7C","EMP D7",38.1171,-122.0395,0.229478529065399,0.0896916943710707,0.0615002457895268
"3240",2013-04-01,"P8R","EMP P8",37.9778,-121.3799,4.68714956857395,0.306639950525673,0.323413320231603
"3241",2013-05-01,"C9L","EMP C9",37.8271,-121.5522,7.52407973181888,0.821671050254138,0.902889567818265
"3242",2013-05-01,"D16L","EMP D16",38.093,-121.6697,0.193404857321769,0.02016402804263,0.0206943197334293
"3243",2013-05-01,"D24L","EMP D24",38.1547,-121.6814,73.6540997711168,2.05991540088448,3.09347219038691
"3244",2013-05-01,"D28AL","EMP D28A",37.9701,-121.5741,2.25897722620364,0.25142122571008,0.271077267144437
"3245",2013-05-01,"D4L","EMP D4",38.0581,-121.8193,7.40013565847596,0.614083036870854,0.727357897031337
"3246",2013-05-01,"D41C","EMP D41",38.016,-122.3647,0,0,0
"3247",2013-05-01,"D41AC","EMP D41A",38.0847,-122.3906,0.0786268514639295,0.0306771182758959,0.0314507405855718
"3248",2013-05-01,"D6R","EMP D6",38.0577,-122.1149,17.8509678462682,6.09139544242498,7.14038713850728
"3249",2013-05-01,"D7C","EMP D7",38.1171,-122.0395,1.14156164274795,0.30159558945064,0.305938520256451
"3250",2013-05-01,"P8R","EMP P8",37.9778,-121.3799,0.237708335042145,0.0248188023584271,0.0254347918495095
"3251",2013-06-01,"C9L","EMP C9",37.8271,-121.5522,23.3220122418854,2.57044524789008,2.79864146902625
"3252",2013-06-01,"D16L","EMP D16",38.093,-121.6697,0.265419600206768,0.0274343174225383,0.0283998972221241
"3253",2013-06-01,"D24L","EMP D24",38.1547,-121.6814,103.533846011441,3.19827722084236,5.07315845456062
"3254",2013-06-01,"D28AL","EMP D28A",37.9701,-121.5741,4.03446701824366,0.446311893348196,0.484136042189239
"3255",2013-06-01,"D4L","EMP D4",38.0581,-121.8193,5.43590168049354,0.516033758308247,0.591420831631343
"3256",2013-06-01,"D41C","EMP D41",38.016,-122.3647,0,0,0
"3257",2013-06-01,"D41AC","EMP D41A",38.0847,-122.3906,0.0816715449462433,0.0320392006084045,0.0326686179784973
"3258",2013-06-01,"D6R","EMP D6",38.0577,-122.1149,11.8472359379375,4.13161841990716,4.73889437517501
"3259",2013-06-01,"D7C","EMP D7",38.1171,-122.0395,2.7938771171987,0.857995121553355,0.748759067409251
"3260",2013-06-01,"P8R","EMP P8",37.9778,-121.3799,1.94098018963548,0.280381258478314,0.289206048255686
"3261",2013-07-01,"C9L","EMP C9",37.8271,-121.5522,2.11433971217364,0.305227032446378,0.315036617113872
"3262",2013-07-01,"D16L","EMP D16",38.093,-121.6697,0.370755116710959,0.0478895915701015,0.0496811856392685
"3263",2013-07-01,"D24L","EMP D24",38.1547,-121.6814,117.888975787006,4.57903226425661,7.19122752300735
"3264",2013-07-01,"D28AL","EMP D28A",37.9701,-121.5741,0.0194272206092531,0.00276816570211237,0.00289465587077871
"3265",2013-07-01,"D4L","EMP D4",38.0581,-121.8193,7.95705121982912,0.791424322402549,0.923011742887463
"3266",2013-07-01,"D41C","EMP D41",38.016,-122.3647,0,0,0
"3267",2013-07-01,"D41AC","EMP D41A",38.0847,-122.3906,6.70785820095252,2.40200988329099,2.68314328038101
"3268",2013-07-01,"D6R","EMP D6",38.0577,-122.1149,23.5267668772733,7.64131343563279,9.41070675090933
"3269",2013-07-01,"D7C","EMP D7",38.1171,-122.0395,2.600307800937,0.816905816393528,0.696882490651117
"3270",2013-07-01,"P8R","EMP P8",37.9778,-121.3799,2.5050820475115,0.451910728476571,0.468450342884651
"3271",2013-08-01,"D28AL","EMP D28A",37.9701,-121.5741,NA,0,0
"3272",2013-08-01,"D4L","EMP D4",38.0581,-121.8193,0,0.17167350524495,0.175695225369152
"3273",2013-08-01,"D41C","EMP D41",38.016,-122.3647,0,0,0
"3274",2013-08-01,"D7C","EMP D7",38.1171,-122.0395,0,0,0
"3275",2013-09-01,"C9L","EMP C9",37.8271,-121.5522,1.34431444366322,0.137637283241309,0.143841645471964
"3276",2013-09-01,"D16L","EMP D16",38.093,-121.6697,0.41883320684102,0.0432131775142514,0.0448151531319892
"3277",2013-09-01,"D24L","EMP D24",38.1547,-121.6814,84.702514143972,4.85538560391453,7.28441621638159
"3278",2013-09-01,"D28AL","EMP D28A",37.9701,-121.5741,0.0209844472524711,0.00217413781736356,0.0022453358560144
"3279",2013-09-01,"D4L","EMP D4",38.0581,-121.8193,7.95249115398972,0.644195451229329,0.7759969999266
"3280",2013-09-01,"D41C","EMP D41",38.016,-122.3647,0,0,0
"3281",2013-09-01,"D41AC","EMP D41A",38.0847,-122.3906,5.21102473840844,1.93345543982844,2.08440989536338
"3282",2013-09-01,"D6R","EMP D6",38.0577,-122.1149,16.4944099374013,5.01478095605954,6.59776397496052
"3283",2013-09-01,"D7C","EMP D7",38.1171,-122.0395,6.79835090724416,1.32621079256249,1.82195804314143
"3284",2013-09-01,"P8R","EMP P8",37.9778,-121.3799,0.811645073703517,0.103468970626155,0.108760439876271
"3285",2013-10-01,"C9L","EMP C9",37.8271,-121.5522,0.0105487208616953,0.000799921793351602,0.000812251506350536
"3286",2013-10-01,"D16L","EMP D16",38.093,-121.6697,0.971591409115736,0.0712050747148095,0.0748125385019116
"3287",2013-10-01,"D24L","EMP D24",38.1547,-121.6814,35.6314504825509,1.31798046511747,1.74594107364499
"3288",2013-10-01,"D28AL","EMP D28A",37.9701,-121.5741,0.00118857330022054,9.07285477739546e-05,9.15201441169813e-05
"3289",2013-10-01,"D4L","EMP D4",38.0581,-121.8193,9.67492430621509,1.02633089266718,1.32190352532112
"3290",2013-10-01,"D41C","EMP D41",38.016,-122.3647,0,0,0
"3291",2013-10-01,"D41AC","EMP D41A",38.0847,-122.3906,0.055756806588539,0.0218014054015781,0.0223027226354156
"3292",2013-10-01,"D6R","EMP D6",38.0577,-122.1149,6.77404295868353,2.11603912554693,2.70961718347341
"3293",2013-10-01,"D7C","EMP D7",38.1171,-122.0395,10.7,2.02717179760084,2.8676
"3294",2013-10-01,"P8R","EMP P8",37.9778,-121.3799,0.023430667853993,0.00198178519634654,0.0020150374354434
"3295",2013-11-01,"C9L","EMP C9",37.8271,-121.5522,2.83706754745212,0.131744813272773,0.139016309825154
"3296",2013-11-01,"D16L","EMP D16",38.093,-121.6697,3.11958288835613,0.155172228212471,0.171577058859587
"3297",2013-11-01,"D24L","EMP D24",38.1547,-121.6814,75.8933354837367,1.89480020503972,2.95984008386573
"3298",2013-11-01,"D28AL","EMP D28A",37.9701,-121.5741,9.87215031425402,0.420152247931084,0.483735365398447
"3299",2013-11-01,"D4L","EMP D4",38.0581,-121.8193,5.6919174882631,0.650748470028087,0.715532448415422
"3300",2013-11-01,"D41C","EMP D41",38.016,-122.3647,0,0,0
"3301",2013-11-01,"D41AC","EMP D41A",38.0847,-122.3906,0.00240167625295986,0.000954793411442952,0.000960670501183944
"3302",2013-11-01,"D6R","EMP D6",38.0577,-122.1149,5.8829803250925,2.01090773579122,2.353192130037
"3303",2013-11-01,"D7C","EMP D7",38.1171,-122.0395,3.17793976158934,0.695824952752865,0.851687856105943
"3304",2013-11-01,"P8R","EMP P8",37.9778,-121.3799,1.35756343555776,0.0718755954755994,0.074665988955677
"3305",2013-12-01,"C9L","EMP C9",37.8271,-121.5522,1.98648543323303,0.0585928316243756,0.0615810484302239
"3306",2013-12-01,"D16L","EMP D16",38.093,-121.6697,1.1776722904486,0.0346349887604061,0.0365078410039065
"3307",2013-12-01,"D24L","EMP D24",38.1547,-121.6814,122.745850755354,2.59057513891319,4.7870881794588
"3308",2013-12-01,"D28AL","EMP D28A",37.9701,-121.5741,0.023286260447773,0.000704391452201707,0.000721874073880962
"3309",2013-12-01,"D4L","EMP D4",38.0581,-121.8193,2.60940102260495,0.476870718869678,0.515262943577331
"3310",2013-12-01,"D41C","EMP D41",38.016,-122.3647,0,0,0
"3311",2013-12-01,"D41AC","EMP D41A",38.0847,-122.3906,0.0186308928886867,0.00497438532397718,0.00503034107994541
"3312",2013-12-01,"D6R","EMP D6",38.0577,-122.1149,5.62873619462481,1.28383909401889,1.5197587725487
"3313",2013-12-01,"D7C","EMP D7",38.1171,-122.0395,2.26036630537839,0.351390103193397,0.408900264642951
"3314",2013-12-01,"P8R","EMP P8",37.9778,-121.3799,1.64076957182103,0.0489453249110337,0.0508638567264519
"3315",2014-01-01,"C9L","EMP C9",37.8271,-121.5522,0.0175212465098445,0.000531199465167568,0.000543158641805181
"3316",2014-01-01,"D16L","EMP D16",38.093,-121.6697,0.335370853224123,0.00998954830826056,0.0103964964499478
"3317",2014-01-01,"D24L","EMP D24",38.1547,-121.6814,121.85008613707,2.07870023181737,3.77735267024916
"3318",2014-01-01,"D28AL","EMP D28A",37.9701,-121.5741,0.012695266944886,0.000383853344634227,0.000393553275291465
"3319",2014-01-01,"D4L","EMP D4",38.0581,-121.8193,2.39034553979775,0.0960347375016973,0.104571798116413
"3320",2014-01-01,"D41C","EMP D41",38.016,-122.3647,0,0,0
"3321",2014-01-01,"D41AC","EMP D41A",38.0847,-122.3906,0.0319593032161078,0.00851800574290806,0.0086290118683491
"3322",2014-01-01,"D6R","EMP D6",38.0577,-122.1149,3.51958503474614,1.23823704690421,1.40783401389846
"3323",2014-01-01,"D7C","EMP D7",38.1171,-122.0395,1.60886314934382,0.393182655320788,0.434393050322831
"3324",2014-01-01,"P8R","EMP P8",37.9778,-121.3799,0.597434723077463,0.0178706214261617,0.0185204764154014
"3325",2014-02-01,"C9L","EMP C9",37.8271,-121.5522,0.0119492387486514,0.000459621604554641,0.000466020311197404
"3326",2014-02-01,"D16L","EMP D16",38.093,-121.6697,3.33378021096705,0.0925356679265303,0.103347186539979
"3327",2014-02-01,"D24L","EMP D24",38.1547,-121.6814,127.536867588153,2.36672953461202,3.95364289523274
"3328",2014-02-01,"D28AL","EMP D28A",37.9701,-121.5741,0.0171756080301943,0.000657974947982018,0.000669848713177578
"3329",2014-02-01,"D4L","EMP D4",38.0581,-121.8193,5.42946550380691,0.187632432575286,0.215752672370845
"3330",2014-02-01,"D41C","EMP D41",38.016,-122.3647,0,0,0
"3331",2014-02-01,"D41AC","EMP D41A",38.0847,-122.3906,0.017565126042741,0.0069646457913315,0.00702605041709641
"3332",2014-02-01,"D6R","EMP D6",38.0577,-122.1149,1.15517791296777,0.421020621400541,0.462071165187106
"3333",2014-02-01,"D7C","EMP D7",38.1171,-122.0395,1.1380260079428,0.421103234011384,0.455210403177122
"3334",2014-02-01,"P8R","EMP P8",37.9778,-121.3799,0.36589987611423,0.0137950745862623,0.014270095168455
"3335",2014-03-01,"C9L","EMP C9",37.8271,-121.5522,0.613739550972014,0.0319243443643874,0.0337556753034607
"3336",2014-03-01,"D16L","EMP D16",38.093,-121.6697,10.1555291910605,0.471648273932681,0.55855410550833
"3337",2014-03-01,"D24L","EMP D24",38.1547,-121.6814,105.036146335247,2.29768968530442,4.09640970707463
"3338",2014-03-01,"D28AL","EMP D28A",37.9701,-121.5741,0.980073320077767,0.0487231154157686,0.0539040326042772
"3339",2014-03-01,"D4L","EMP D4",38.0581,-121.8193,4.37777739299135,0.500887373488375,0.533132717023939
"3340",2014-03-01,"D41C","EMP D41",38.016,-122.3647,0,0,0
"3341",2014-03-01,"D41AC","EMP D41A",38.0847,-122.3906,0.0507105529362463,0.0199947318649124,0.0202842211744985
"3342",2014-03-01,"D6R","EMP D6",38.0577,-122.1149,5.33045074763668,1.80839308526591,2.13218029905467
"3343",2014-03-01,"D7C","EMP D7",38.1171,-122.0395,0.709784877200647,0.268517985528391,0.283913950880259
"3344",2014-03-01,"P8R","EMP P8",37.9778,-121.3799,0.720135245752628,0.0380753677055969,0.0396074385163946
"3345",2014-04-01,"C9L","EMP C9",37.8271,-121.5522,0.677081193150425,0.0447389790750792,0.0467186023273793
"3346",2014-04-01,"D16L","EMP D16",38.093,-121.6697,2.04643101928452,0.116670321979047,0.124832292176356
"3347",2014-04-01,"D24L","EMP D24",38.1547,-121.6814,113.682508718236,3.75692750569282,6.93463303181241
"3348",2014-04-01,"D28AL","EMP D28A",37.9701,-121.5741,0.50291138468555,0.032570084454971,0.0347008855433029
"3349",2014-04-01,"D4L","EMP D4",38.0581,-121.8193,3.99405051813114,0.259873256170144,0.290283795367216
"3350",2014-04-01,"D41C","EMP D41",38.016,-122.3647,0,0,0
"3351",2014-04-01,"D41AC","EMP D41A",38.0847,-122.3906,0.148369620720527,0.054975881582391,0.0593478482882107
"3352",2014-04-01,"D6R","EMP D6",38.0577,-122.1149,5.43041383343752,1.90541242954073,2.17216553337501
"3353",2014-04-01,"D7C","EMP D7",38.1171,-122.0395,1.3610097136983,0.459307670426439,0.54440388547932
"3354",2014-04-01,"P8R","EMP P8",37.9778,-121.3799,0.694801219368885,0.0512294969306718,0.0534996938914041
"3355",2014-05-01,"C9L","EMP C9",37.8271,-121.5522,1.85447219314042,0.166130699912837,0.178029330541481
"3356",2014-05-01,"D16L","EMP D16",38.093,-121.6697,1.3262707211624,0.107084139590008,0.114059282019967
"3357",2014-05-01,"D24L","EMP D24",38.1547,-121.6814,95.5201209043792,4.8548051415882,8.21473039777661
"3358",2014-05-01,"D28AL","EMP D28A",37.9701,-121.5741,0.413587133551241,0.0377054373456991,0.0397043648209191
"3359",2014-05-01,"D4L","EMP D4",38.0581,-121.8193,1.67548995192083,0.183490419344722,0.195161044879107
"3360",2014-05-01,"D41C","EMP D41",38.016,-122.3647,0,0,0
"3361",2014-05-01,"D41AC","EMP D41A",38.0847,-122.3906,0.587821406261881,0.226491371511777,0.235128562504752
"3362",2014-05-01,"D6R","EMP D6",38.0577,-122.1149,7.80306768347413,2.6842666456441,3.12122707338965
"3363",2014-05-01,"D7C","EMP D7",38.1171,-122.0395,3.26810773750838,1.04502859707088,1.30724309500335
"3364",2014-05-01,"P8R","EMP P8",37.9778,-121.3799,0.211518139327167,0.0171407499215767,0.0181905599821364
"3365",2014-06-01,"C9L","EMP C9",37.8271,-121.5522,2.38053035153333,0.306273580945537,0.318991067105467
"3366",2014-06-01,"D16L","EMP D16",38.093,-121.6697,0.273983888239229,0.0283772395215347,0.0293162760415976
"3367",2014-06-01,"D24L","EMP D24",38.1547,-121.6814,69.081438229487,4.55251540281069,7.39171389055511
"3368",2014-06-01,"D28AL","EMP D28A",37.9701,-121.5741,0.270266142968828,0.0350553891011177,0.0362156631578229
"3369",2014-06-01,"D4L","EMP D4",38.0581,-121.8193,2.23752860043056,0.230957807836965,0.252182658333631
"3370",2014-06-01,"D41C","EMP D41",38.016,-122.3647,0,0,0
"3371",2014-06-01,"D41AC","EMP D41A",38.0847,-122.3906,0,0,0
"3372",2014-06-01,"D6R","EMP D6",38.0577,-122.1149,5.62970803711632,1.95373855448742,2.25188321484653
"3373",2014-06-01,"D7C","EMP D7",38.1171,-122.0395,4.18103667078974,1.26853184859415,1.6724146683159
"3374",2014-06-01,"P8R","EMP P8",37.9778,-121.3799,0.100689193729165,0.0144039218184769,0.0150026898656456
"3375",2014-07-01,"C9L","EMP C9",37.8271,-121.5522,0.742765350668957,0.120414783420886,0.124041813561716
"3376",2014-07-01,"D16L","EMP D16",38.093,-121.6697,0.225390068362104,0.0294761699258771,0.0302022691605219
"3377",2014-07-01,"D24L","EMP D24",38.1547,-121.6814,78.6061540928744,6.23296295999566,10.5332246484452
"3378",2014-07-01,"D28AL","EMP D28A",37.9701,-121.5741,0.580726411966494,0.0892422021966918,0.0969813107984045
"3379",2014-07-01,"D4L","EMP D4",38.0581,-121.8193,1.8859997846972,0.378817493028743,0.40546133067848
"3380",2014-07-01,"D41C","EMP D41",38.016,-122.3647,0,0,0
"3381",2014-07-01,"D41AC","EMP D41A",38.0847,-122.3906,0.00423969549706792,0.001684986857616,0.00169587819882717
"3382",2014-07-01,"D6R","EMP D6",38.0577,-122.1149,7.57155650593105,2.44072022488522,3.02862260237242
"3383",2014-07-01,"D7C","EMP D7",38.1171,-122.0395,4.33195862533571,1.39241218085165,1.73278345013429
"3384",2014-07-01,"P8R","EMP P8",37.9778,-121.3799,0.20746340288845,0.0345123712336165,0.0346463882823712
"3385",2014-08-01,"C9L","EMP C9",37.8271,-121.5522,0.00174607943872317,0.000257249134826657,0.000260165836369753
"3386",2014-08-01,"D16L","EMP D16",38.093,-121.6697,1.08867965109652,0.13854722501519,0.145883073246934
"3387",2014-08-01,"D24L","EMP D24",38.1547,-121.6814,55.026805664749,4.76441292114154,7.37359195907636
"3388",2014-08-01,"D28AL","EMP D28A",37.9701,-121.5741,0.837947319229362,0.115800870728718,0.124854150565175
"3389",2014-08-01,"D4L","EMP D4",38.0581,-121.8193,4.39383749929264,0.507471793541156,0.565817082945362
"3390",2014-08-01,"D41C","EMP D41",38.016,-122.3647,0,0,0
"3391",2014-08-01,"D41AC","EMP D41A",38.0847,-122.3906,0.0633023003684001,0.0251018504297101,0.02532092014736
"3392",2014-08-01,"D6R","EMP D6",38.0577,-122.1149,8.14110409155702,2.49837160913445,3.25644163662281
"3393",2014-08-01,"D7C","EMP D7",38.1171,-122.0395,4.13239510736592,1.37715413003011,1.65295804294637
"3394",2014-08-01,"P8R","EMP P8",37.9778,-121.3799,0.13408409068302,0.024144743448041,0.0250737249577247
"3395",2014-09-01,"C9L","EMP C9",37.8271,-121.5522,0.943905625231763,0.136118271602795,0.140641938159533
"3396",2014-09-01,"D16L","EMP D16",38.093,-121.6697,0.274142441390004,0.0319689488418264,0.0328970929668005
"3397",2014-09-01,"D24L","EMP D24",38.1547,-121.6814,73.0376442931993,5.393552695658,8.76451731518392
"3398",2014-09-01,"D28AL","EMP D28A",37.9701,-121.5741,8.12639614940491,1.03284650211046,1.21083302626133
"3399",2014-09-01,"D4L","EMP D4",38.0581,-121.8193,5.01955357116873,0.771587351817521,0.853582276594428
"3400",2014-09-01,"D41C","EMP D41",38.016,-122.3647,0,0,0
"3401",2014-09-01,"D41AC","EMP D41A",38.0847,-122.3906,0.0872391367858424,0.0345003647224125,0.0348956547143369
"3402",2014-09-01,"D6R","EMP D6",38.0577,-122.1149,7.89775975354324,2.41621645422878,3.1591039014173
"3403",2014-09-01,"D7C","EMP D7",38.1171,-122.0395,10.7141792214071,3.38130823743897,4.28567168856283
"3404",2014-09-01,"P8R","EMP P8",37.9778,-121.3799,0.749113506913992,0.121400290467903,0.125101955654637
"3405",2014-10-01,"D16L","EMP D16",38.093,-121.6697,2.8299648424662,0.276137688587913,0.302806238143883
"3406",2014-10-01,"D24L","EMP D24",38.1547,-121.6814,51.7931158669308,3.68789613295752,5.5418633977616
"3407",2014-10-01,"D28AL","EMP D28A",37.9701,-121.5741,2.38811582124084,0.255708662381009,0.2865738985489
"3408",2014-10-01,"D4L","EMP D4",38.0581,-121.8193,1.8518047697117,0.216451219589974,0.23835550425785
"3409",2014-10-01,"D41C","EMP D41",38.016,-122.3647,0,0,0
"3410",2014-10-01,"D41AC","EMP D41A",38.0847,-122.3906,0,0,0
"3411",2014-10-01,"D6R","EMP D6",38.0577,-122.1149,4.39896935791645,1.49175675481476,1.75958774316658
"3412",2014-10-01,"D7C","EMP D7",38.1171,-122.0395,8.59590760809672,2.71238413578246,3.43836304323869
"3413",2014-10-01,"P8R","EMP P8",37.9778,-121.3799,0.950812463705909,0.123662025673177,0.127408870136592
"3414",2014-11-01,"D16L","EMP D16",38.093,-121.6697,4.81157679386943,0.297935722022471,0.331998798776991
"3415",2014-11-01,"D24L","EMP D24",38.1547,-121.6814,29.2480538498641,1.48728376041679,2.01811571564063
"3416",2014-11-01,"D28AL","EMP D28A",37.9701,-121.5741,1.07646976302795,0.0782261265513172,0.082888171753152
"3417",2014-11-01,"D4L","EMP D4",38.0581,-121.8193,1.16619315111189,0.197326278275802,0.207450546593545
"3418",2014-11-01,"D41C","EMP D41",38.016,-122.3647,0,0,0
"3419",2014-11-01,"D41AC","EMP D41A",38.0847,-122.3906,0,0,0
"3420",2014-11-01,"D6R","EMP D6",38.0577,-122.1149,5.12056142772443,1.70351227022317,2.04822457108977
"3421",2014-11-01,"D7C","EMP D7",38.1171,-122.0395,3.97573843628088,1.37164248325003,1.59029537451235
"3422",2014-11-01,"P8R","EMP P8",37.9778,-121.3799,0.999707340700783,0.0299656944664043,0.0309909275617243
"3423",2014-12-01,"D16L","EMP D16",38.093,-121.6697,0.75744026790633,0.0223106332579967,0.0234806483050962
"3424",2014-12-01,"D24L","EMP D24",38.1547,-121.6814,50.0870168885024,1.26702660695754,1.95339365865159
"3425",2014-12-01,"D28AL","EMP D28A",37.9701,-121.5741,2.6197640836054,0.0749816700061134,0.0812126865917674
"3426",2014-12-01,"D4L","EMP D4",38.0581,-121.8193,1.69322444381208,0.096707791857796,0.102721894018925
"3427",2014-12-01,"D41C","EMP D41",38.016,-122.3647,0,0,0
"3428",2014-12-01,"D41AC","EMP D41A",38.0847,-122.3906,0,0,0
"3429",2014-12-01,"D6R","EMP D6",38.0577,-122.1149,4.67951584736794,1.58440048698399,1.87180633894718
"3430",2014-12-01,"D7C","EMP D7",38.1171,-122.0395,3.16238603478893,0.751346070883482,0.853844229393012
"3431",2014-12-01,"P8R","EMP P8",37.9778,-121.3799,2.19626901119756,0.0646684862279751,0.0680843393471244
"3432",2015-01-01,"C9L","EMP C9",37.8271,-121.5522,0.00610186771130963,0.000187658382689645,0.000189157899050599
"3433",2015-01-01,"D16L","EMP D16",38.093,-121.6697,0.403320793325603,0.0120271143223398,0.0125029445930937
"3434",2015-01-01,"D24L","EMP D24",38.1547,-121.6814,23.7295426567195,0.563334094207079,0.735615822358304
"3435",2015-01-01,"D28AL","EMP D28A",37.9701,-121.5741,4.87263294778008,0.138905401396501,0.151051621381183
"3436",2015-01-01,"D4L","EMP D4",38.0581,-121.8193,1.20358318300681,0.0631944154766831,0.0664732361831694
"3437",2015-01-01,"D41C","EMP D41",38.016,-122.3647,0,0,0
"3438",2015-01-01,"D41AC","EMP D41A",38.0847,-122.3906,0.0307702061576879,0.0122211368583057,0.0123080824630752
"3439",2015-01-01,"D6R","EMP D6",38.0577,-122.1149,4.04920582595743,0.922577175482433,1.09328557300851
"3440",2015-01-01,"D7C","EMP D7",38.1171,-122.0395,0.534319272184034,0.135824016935967,0.144266203489689
"3441",2015-01-01,"P8R","EMP P8",37.9778,-121.3799,1.69145421240152,0.0497794624570281,0.0524350805844472
"3442",2015-02-01,"C9L","EMP C9",37.8271,-121.5522,0.0246944453817089,0.000755517231787611,0.000765527806832976
"3443",2015-02-01,"D16L","EMP D16",38.093,-121.6697,0.372227171290308,0.0110268959852239,0.0115390423099996
"3444",2015-02-01,"D24L","EMP D24",38.1547,-121.6814,40.9933030177287,0.843670525114524,1.27079239354959
"3445",2015-02-01,"D28AL","EMP D28A",37.9701,-121.5741,2.28420604959683,0.0666020784871518,0.0708103875375017
"3446",2015-02-01,"D4L","EMP D4",38.0581,-121.8193,0.719348495611813,0.0717388117061912,0.0743307126461077
"3447",2015-02-01,"D41C","EMP D41",38.016,-122.3647,0,0,0
"3448",2015-02-01,"D41AC","EMP D41A",38.0847,-122.3906,0,0,0
"3449",2015-02-01,"D6R","EMP D6",38.0577,-122.1149,1.80052189775693,0.645071446451235,0.72020875910277
"3450",2015-02-01,"D7C","EMP D7",38.1171,-122.0395,0.597255260871417,0.224387065591249,0.238902104348567
"3451",2015-02-01,"P8R","EMP P8",37.9778,-121.3799,0.222999631775509,0.0120564786993211,0.012264979747653
"3452",2015-03-01,"C9L","EMP C9",37.8271,-121.5522,0.124811762021164,0.00744455913766197,0.00761351748329102
"3453",2015-03-01,"D16L","EMP D16",38.093,-121.6697,2.14281344843485,0.106965880106318,0.117854739663917
"3454",2015-03-01,"D24L","EMP D24",38.1547,-121.6814,46.7665155097334,1.89368703692525,2.85275744609374
"3455",2015-03-01,"D28AL","EMP D28A",37.9701,-121.5741,0.0637726379433972,0.00382593579786439,0.00389013091454723
"3456",2015-03-01,"D4L","EMP D4",38.0581,-121.8193,1.12874724804991,0.0706035882889093,0.0741851730940496
"3457",2015-03-01,"D41C","EMP D41",38.016,-122.3647,0,0,0
"3458",2015-03-01,"D41AC","EMP D41A",38.0847,-122.3906,0,0,0
"3459",2015-03-01,"D6R","EMP D6",38.0577,-122.1149,4.82811320701727,1.66714884967255,1.93124528280691
"3460",2015-03-01,"D7C","EMP D7",38.1171,-122.0395,0.459416101827755,0.174872600630661,0.183766440731102
"3461",2015-03-01,"P8R","EMP P8",37.9778,-121.3799,1.10366795186355,0.0646958672156991,0.0673237450636766
"3462",2015-04-01,"C9L","EMP C9",37.8271,-121.5522,0.00205727977078531,0.000124783471452121,0.000125494066017904
"3463",2015-04-01,"D16L","EMP D16",38.093,-121.6697,0.55312908387098,0.0367518599406357,0.0381659067870977
"3464",2015-04-01,"D24L","EMP D24",38.1547,-121.6814,40.7999336157306,2.11962658665183,3.14159488841126
"3465",2015-04-01,"D28AL","EMP D28A",37.9701,-121.5741,5.98880755976208,0.331191603278787,0.365317261145487
"3466",2015-04-01,"D4L","EMP D4",38.0581,-121.8193,0.708067559073149,0.0640651135295663,0.0679158726366705
"3467",2015-04-01,"D41C","EMP D41",38.016,-122.3647,0,0,0
"3468",2015-04-01,"D41AC","EMP D41A",38.0847,-122.3906,0,0,0
"3469",2015-04-01,"D6R","EMP D6",38.0577,-122.1149,3.30290341383102,1.16832991214818,1.32116136553241
"3470",2015-04-01,"D7C","EMP D7",38.1171,-122.0395,0.220956706901362,0.0827505884818115,0.0883826827605448
"3471",2015-04-01,"P8R","EMP P8",37.9778,-121.3799,0.757799416882704,0.0505133541182358,0.0522881597649066
"3472",2015-05-01,"C9L","EMP C9",37.8271,-121.5522,2.49720656325698e-06,2.66459890071102e-07,2.67201102268496e-07
"3473",2015-05-01,"D16L","EMP D16",38.093,-121.6697,0.733719722287402,0.0601477919057,0.0630998961167166
"3474",2015-05-01,"D24L","EMP D24",38.1547,-121.6814,52.3266946144528,2.68859932446653,4.02915548531286
"3475",2015-05-01,"D28AL","EMP D28A",37.9701,-121.5741,6.17072022088689,0.554187762169624,0.660267063634898
"3476",2015-05-01,"D4L","EMP D4",38.0581,-121.8193,0.961239266607201,0.0865692250615853,0.0912109873191414
"3477",2015-05-01,"D41C","EMP D41",38.016,-122.3647,0,0,0
"3478",2015-05-01,"D41AC","EMP D41A",38.0847,-122.3906,0.0372894139035469,0.0147959360661022,0.0149157655614187
"3479",2015-05-01,"D6R","EMP D6",38.0577,-122.1149,7.53738870924282,2.54779020665616,3.01495548369713
"3480",2015-05-01,"D7C","EMP D7",38.1171,-122.0395,1.74244496255468,0.618124665522549,0.696977985021872
"3481",2015-05-01,"P8R","EMP P8",37.9778,-121.3799,3.15150579711199,0.228973005625139,0.242665946377623
"3482",2015-06-01,"C9L","EMP C9",37.8271,-121.5522,1.06162218043808,0.1543816383928,0.158181704885274
"3483",2015-06-01,"D16L","EMP D16",38.093,-121.6697,1.95559726637447,0.215022210545101,0.234671671964936
"3484",2015-06-01,"D24L","EMP D24",38.1547,-121.6814,37.4090844322329,2.84884845791153,4.00277203424892
"3485",2015-06-01,"D28AL","EMP D28A",37.9701,-121.5741,2.5267741175089,0.34785933397802,0.376489343508826
"3486",2015-06-01,"D4L","EMP D4",38.0581,-121.8193,1.95231076734687,0.243333139199657,0.262530186900079
"3487",2015-06-01,"D41C","EMP D41",38.016,-122.3647,0,0,0
"3488",2015-06-01,"D41AC","EMP D41A",38.0847,-122.3906,0.00286398112898976,0.00114150507790496,0.0011455924515959
"3489",2015-06-01,"D6R","EMP D6",38.0577,-122.1149,6.95608015829995,2.22146387936965,2.78243206331998
"3490",2015-06-01,"D7C","EMP D7",38.1171,-122.0395,3.85596879739571,1.2936606203601,1.54238751895829
"3491",2015-06-01,"P8R","EMP P8",37.9778,-121.3799,1.21637935897831,0.12484638662173,0.130152591410679
"3492",2015-07-01,"C9L","EMP C9",37.8271,-121.5522,0.00429060242541836,0.000624669885351122,0.000639299761387336
"3493",2015-07-01,"D16L","EMP D16",38.093,-121.6697,0.676363952751264,0.0861982424495482,0.0906327696686694
"3494",2015-07-01,"D24L","EMP D24",38.1547,-121.6814,22.8113134143367,2.30554484859195,3.05671599752111
"3495",2015-07-01,"D28AL","EMP D28A",37.9701,-121.5741,0.318299399142472,0.0456251404674871,0.0474266104722283
"3496",2015-07-01,"D4L","EMP D4",38.0581,-121.8193,1.13886279305663,0.17486832705441,0.184557530960577
"3497",2015-07-01,"D41C","EMP D41",38.016,-122.3647,0,0,0
"3498",2015-07-01,"D41AC","EMP D41A",38.0847,-122.3906,0,0,0
"3499",2015-07-01,"D6R","EMP D6",38.0577,-122.1149,13.6294852340661,4.18759463099463,5.45179409362646
"3500",2015-07-01,"D7C","EMP D7",38.1171,-122.0395,8.28433623372049,2.67395757093136,3.3137344934882
"3501",2015-07-01,"P8R","EMP P8",37.9778,-121.3799,0.576598244836164,0.0808469688399839,0.0859131384805884
"3502",2015-08-01,"C9L","EMP C9",37.8271,-121.5522,1.13785610630771,0.181729274051516,0.190021969753387
"3503",2015-08-01,"D16L","EMP D16",38.093,-121.6697,2.75590844749301,0.336868254383858,0.369291731964063
"3504",2015-08-01,"D24L","EMP D24",38.1547,-121.6814,22.0496735030646,2.28884060722527,2.95465624941066
"3505",2015-08-01,"D28AL","EMP D28A",37.9701,-121.5741,8.31553189699903,1.26012616284663,1.38869382679884
"3506",2015-08-01,"D4L","EMP D4",38.0581,-121.8193,4.58666184135512,0.870071809164714,0.965884801044
"3507",2015-08-01,"D41C","EMP D41",38.016,-122.3647,0,0,0
"3508",2015-08-01,"D41AC","EMP D41A",38.0847,-122.3906,0,0,0
"3509",2015-08-01,"D6R","EMP D6",38.0577,-122.1149,16.8717810658689,4.89878228048254,6.74871242634754
"3510",2015-08-01,"D7C","EMP D7",38.1171,-122.0395,20.5367213466253,6.48449680562782,8.21468853865013
"3511",2015-08-01,"P8R","EMP P8",37.9778,-121.3799,0.239866389936003,0.030179412631466,0.0321420962514244
"3512",2015-09-01,"C9L","EMP C9",37.8271,-121.5522,0.29129778978965,0.0417952757950136,0.0434033706786579
"3513",2015-09-01,"D16L","EMP D16",38.093,-121.6697,0.434895485946547,0.0501401396014032,0.0521874583135856
"3514",2015-09-01,"D24L","EMP D24",38.1547,-121.6814,19.9154789897434,1.85858296955879,2.38985747876921
"3515",2015-09-01,"D28AL","EMP D28A",37.9701,-121.5741,0.982370967160163,0.141496127376376,0.146373274106864
"3516",2015-09-01,"D4L","EMP D4",38.0581,-121.8193,0.789932579967528,0.144289372083033,0.154819260482657
"3517",2015-09-01,"D41C","EMP D41",38.016,-122.3647,0,0,0
"3518",2015-09-01,"D41AC","EMP D41A",38.0847,-122.3906,0,0,0
"3519",2015-09-01,"D6R","EMP D6",38.0577,-122.1149,10.1460602808764,3.24396758934224,4.05842411235054
"3520",2015-09-01,"D7C","EMP D7",38.1171,-122.0395,18.5868854508982,5.82281040864313,7.43475418035927
"3521",2015-09-01,"P8R","EMP P8",37.9778,-121.3799,0.0899005265351488,0.0104877250745575,0.0107880631842179
"3522",2015-10-01,"C9L","EMP C9",37.8271,-121.5522,0.0013900308896683,0.000147858082041217,0.000148733305194508
"3523",2015-10-01,"D16L","EMP D16",38.093,-121.6697,0.746147235801997,0.0756970831933757,0.0798377542308136
"3524",2015-10-01,"D24L","EMP D24",38.1547,-121.6814,31.2990944875661,2.11564289503439,3.00471307080635
"3525",2015-10-01,"D28AL","EMP D28A",37.9701,-121.5741,0.000201543608241266,2.14805657401293e-05,2.15651660818155e-05
"3526",2015-10-01,"D4L","EMP D4",38.0581,-121.8193,0.824188528954522,0.118813598662684,0.126281359340735
"3527",2015-10-01,"D41C","EMP D41",38.016,-122.3647,0,0,0
"3528",2015-10-01,"D41AC","EMP D41A",38.0847,-122.3906,0,0,0
"3529",2015-10-01,"D6R","EMP D6",38.0577,-122.1149,11.2613450676667,3.5205659155787,4.50453802706669
"3530",2015-10-01,"D7C","EMP D7",38.1171,-122.0395,7.20529233424822,2.198512300026,2.88211693369929
"3531",2015-10-01,"P8R","EMP P8",37.9778,-121.3799,7.09710875607045,0.782068045188881,0.851653050728454
"3532",2015-11-01,"C9L","EMP C9",37.8271,-121.5522,0.0120887028840828,0.000585226077359967,0.000592346441320058
"3533",2015-11-01,"D16L","EMP D16",38.093,-121.6697,0.427519334160757,0.0201736379598852,0.0209484473738771
"3534",2015-11-01,"D24L","EMP D24",38.1547,-121.6814,18.8593245149219,0.722824962598349,0.924106901231173
"3535",2015-11-01,"D28AL","EMP D28A",37.9701,-121.5741,0.66,0.0314697084273728,0.03234
"3536",2015-11-01,"D4L","EMP D4",38.0581,-121.8193,0.900276794268388,0.0651590419905297,0.0685808546211542
"3537",2015-11-01,"D41C","EMP D41",38.016,-122.3647,0,0,0
"3538",2015-11-01,"D41AC","EMP D41A",38.0847,-122.3906,0,0,0
"3539",2015-11-01,"D6R","EMP D6",38.0577,-122.1149,7.18243117818265,2.38620360682467,2.87297247127306
"3540",2015-11-01,"D7C","EMP D7",38.1171,-122.0395,4.36927944873322,1.52523156541481,1.74771177949329
"3541",2015-11-01,"P8R","EMP P8",37.9778,-121.3799,2.45868262915634,0.284701938052267,0.295041915498761
"3542",2015-12-01,"C9L","EMP C9",37.8271,-121.5522,0,0,0
"3543",2015-12-01,"D16L","EMP D16",38.093,-121.6697,1.01432930732997,0.00954773750032746,0.0101432930732997
"3544",2015-12-01,"D24L","EMP D24",38.1547,-121.6814,17.4603009793854,0.437760772917029,0.541269330360948
"3545",2015-12-01,"D28AL","EMP D28A",37.9701,-121.5741,0.36,0.0137242615012831,0.01404
"3546",2015-12-01,"D4L","EMP D4",38.0581,-121.8193,0.568379232538386,0.0867177906863924,0.0899708985239625
"3547",2015-12-01,"D41C","EMP D41",38.016,-122.3647,0,0,0
"3548",2015-12-01,"D41AC","EMP D41A",38.0847,-122.3906,0.0499861629150602,0.0198161189077841,0.0199944651660241
"3549",2015-12-01,"D6R","EMP D6",38.0577,-122.1149,15.5779280945054,3.23376767310351,4.20604058551645
"3550",2015-12-01,"D7C","EMP D7",38.1171,-122.0395,3.36169029854634,0.802156818558492,0.907656380607513
"3551",2015-12-01,"P8R","EMP P8",37.9778,-121.3799,2.2447415269705,0.0836593450304353,0.0875449195518497
"3552",2016-01-01,"C9L","EMP C9",37.8271,-121.5522,0.393931268850197,0.0118685338713619,0.0122118693343561
"3553",2016-01-01,"D16L","EMP D16",38.093,-121.6697,1.21042196162814,0.0360027707815952,0.0375230808104724
"3554",2016-01-01,"D24L","EMP D24",38.1547,-121.6814,33.0166753495197,0.794850355686811,1.02351693583511
"3555",2016-01-01,"D28AL","EMP D28A",37.9701,-121.5741,3.19379854535175,0.0907760028259845,0.0990077549059043
"3556",2016-01-01,"D4L","EMP D4",38.0581,-121.8193,0.793081968633862,0.0777987428087903,0.0807491839041979
"3557",2016-01-01,"D41C","EMP D41",38.016,-122.3647,0,0,0
"3558",2016-01-01,"D41AC","EMP D41A",38.0847,-122.3906,0,0,0
"3559",2016-01-01,"D6R","EMP D6",38.0577,-122.1149,6.19532525643209,1.41417015384803,1.67273781923667
"3560",2016-01-01,"D7C","EMP D7",38.1171,-122.0395,2.56040915329553,0.639985196357682,0.691310471389793
"3561",2016-01-01,"P8R","EMP P8",37.9778,-121.3799,0.82114621230566,0.0246629002697088,0.0254555325814755
"3562",2016-02-01,"C9L","EMP C9",37.8271,-121.5522,0.73107813381838,0.0217623138247092,0.0226634221483698
"3563",2016-02-01,"D16L","EMP D16",38.093,-121.6697,0.000867922445110535,2.67532462031812e-05,2.69055957984266e-05
"3564",2016-02-01,"D24L","EMP D24",38.1547,-121.6814,14.1294122478687,0.406752140680883,0.494529428675404
"3565",2016-02-01,"D28AL","EMP D28A",37.9701,-121.5741,1.01434835828914,0.0375277082430287,0.0395595859732765
"3566",2016-02-01,"D4L","EMP D4",38.0581,-121.8193,0.854696684469179,0.0663797874898172,0.069080603006355
"3567",2016-02-01,"D41C","EMP D41",38.016,-122.3647,0,0,0
"3568",2016-02-01,"D41AC","EMP D41A",38.0847,-122.3906,0,0,0
"3569",2016-02-01,"D6R","EMP D6",38.0577,-122.1149,4.21193327353323,1.46765271443974,1.68477330941329
"3570",2016-02-01,"D7C","EMP D7",38.1171,-122.0395,0.750547647229268,0.279951848570554,0.300219058891707
"3571",2016-02-01,"P8R","EMP P8",37.9778,-121.3799,3.18217947567326,0.0930246526123564,0.098647563745871
"3572",2016-03-01,"C9L","EMP C9",37.8271,-121.5522,0.427613716767091,0.0229036591793644,0.02351875442219
"3573",2016-03-01,"D16L","EMP D16",38.093,-121.6697,0.717033336468342,0.0380836644292985,0.0394368335057588
"3574",2016-03-01,"D24L","EMP D24",38.1547,-121.6814,10.1647646949818,0.386898978443729,0.447249646579199
"3575",2016-03-01,"D28AL","EMP D28A",37.9701,-121.5741,0.0125118161193098,0.000679816948338684,0.000688149886562041
"3576",2016-03-01,"D4L","EMP D4",38.0581,-121.8193,1.18442587160705,0.228207141840897,0.239984314132711
"3577",2016-03-01,"D41C","EMP D41",38.016,-122.3647,0,0,0
"3578",2016-03-01,"D41AC","EMP D41A",38.0847,-122.3906,0,0,0
"3579",2016-03-01,"D6R","EMP D6",38.0577,-122.1149,4.75650596863297,1.68417457796943,1.90260238745319
"3580",2016-03-01,"D7C","EMP D7",38.1171,-122.0395,0.947299195474002,0.356188780641344,0.378919678189601
"3581",2016-03-01,"P8R","EMP P8",37.9778,-121.3799,2.79977396714612,0.148676152122699,0.153987568193037
"3582",2016-04-01,"C9L","EMP C9",37.8271,-121.5522,0,0,0
"3583",2016-04-01,"D16L","EMP D16",38.093,-121.6697,0.288571554051642,0.0190782345796019,0.0199114372295633
"3584",2016-04-01,"D24L","EMP D24",38.1547,-121.6814,26.4028664731931,1.45930291970773,1.82179778665032
"3585",2016-04-01,"D28AL","EMP D28A",37.9701,-121.5741,0,0,0
"3586",2016-04-01,"D4L","EMP D4",38.0581,-121.8193,0.241083954686275,0.0285949969081349,0.0294782697611653
"3587",2016-04-01,"D41C","EMP D41",38.016,-122.3647,0.05,0.019800196896921,0.02
"3588",2016-04-01,"D41AC","EMP D41A",38.0847,-122.3906,0.029871276037554,0.0116284920305322,0.0119485104150216
"3589",2016-04-01,"D6R","EMP D6",38.0577,-122.1149,2.99184168379141,1.09112536113799,1.19673667351656
"3590",2016-04-01,"D7C","EMP D7",38.1171,-122.0395,0.306822256423869,0.117365916335857,0.122728902569548
"3591",2016-04-01,"P8R","EMP P8",37.9778,-121.3799,1.0665019689837,0.0797044511662598,0.0821206516117446
"3592",2016-05-01,"C9L","EMP C9",37.8271,-121.5522,0,0,0
"3593",2016-05-01,"D16L","EMP D16",38.093,-121.6697,0.552616813315986,0.0462133159344162,0.0475250459451748
"3594",2016-05-01,"D24L","EMP D24",38.1547,-121.6814,28.4778822729358,2.18789448465162,2.73387669820184
"3595",2016-05-01,"D28AL","EMP D28A",37.9701,-121.5741,7.89240954389144,0.680925532301916,0.757671316213578
"3596",2016-05-01,"D4L","EMP D4",38.0581,-121.8193,0.159441636693219,0.0288304011510055,0.0163004898840968
"3597",2016-05-01,"D41C","EMP D41",38.016,-122.3647,0,0,0
"3598",2016-05-01,"D41AC","EMP D41A",38.0847,-122.3906,3.92280919427403,1.34864810704337,1.56912367770961
"3599",2016-05-01,"D6R","EMP D6",38.0577,-122.1149,5.50978151647895,1.92715223147423,2.20391260659158
"3600",2016-05-01,"D7C","EMP D7",38.1171,-122.0395,1.08406100288706,0.411114798524056,0.433624401154826
"3601",2016-05-01,"P8R","EMP P8",37.9778,-121.3799,5.35585978131228,0.43347956992219,0.460603941192856
"3602",2016-06-01,"C9L","EMP C9",37.8271,-121.5522,0,0,0
"3603",2016-06-01,"D16L","EMP D16",38.093,-121.6697,0.920717982089296,0.0930785347712579,0.0985168240835547
"3604",2016-06-01,"D24L","EMP D24",38.1547,-121.6814,41.2509068318915,4.12540523944792,5.52762151547346
"3605",2016-06-01,"D28AL","EMP D28A",37.9701,-121.5741,0.00118601248929906,0.000157282694141779,0.000158925673566074
"3606",2016-06-01,"D4L","EMP D4",38.0581,-121.8193,0.129630562710992,0.0190225690903473,0.0193795540896484
"3607",2016-06-01,"D41C","EMP D41",38.016,-122.3647,0,0,0
"3608",2016-06-01,"D41AC","EMP D41A",38.0847,-122.3906,8.63924138104552,2.92821487066143,3.45569655241821
"3609",2016-06-01,"D6R","EMP D6",38.0577,-122.1149,7.78322285211468,2.64005164059523,3.11328914084587
"3610",2016-06-01,"D7C","EMP D7",38.1171,-122.0395,1.82579780468598,0.656196268835196,0.730319121874391
"3611",2016-06-01,"P8R","EMP P8",37.9778,-121.3799,5.65300255126153,0.638848278542545,0.678360306151383
"3612",2016-07-01,"C9L","EMP C9",37.8271,-121.5522,0,0,0
"3613",2016-07-01,"D16L","EMP D16",38.093,-121.6697,1.69188492223934,0.190296448513792,0.203026190668721
"3614",2016-07-01,"D24L","EMP D24",38.1547,-121.6814,23.2657457061659,2.2731576205819,2.79188948473991
"3615",2016-07-01,"D28AL","EMP D28A",37.9701,-121.5741,0.632225777808816,0.0887881704321325,0.0942016408935136
"3616",2016-07-01,"D4L","EMP D4",38.0581,-121.8193,0.012633144994267,0.000233247265674134,0.00468029195414625
"3617",2016-07-01,"D41C","EMP D41",38.016,-122.3647,0,0,0
"3618",2016-07-01,"D41AC","EMP D41A",38.0847,-122.3906,6.16668022509865,2.14591205885127,2.46667209003946
"3619",2016-07-01,"D6R","EMP D6",38.0577,-122.1149,9.60030449362044,3.19533132036388,3.84012179744818
"3620",2016-07-01,"D7C","EMP D7",38.1171,-122.0395,2.25533532301956,0.805056826133598,0.902134129207824
"3621",2016-07-01,"P8R","EMP P8",37.9778,-121.3799,1.21013732544987,0.158226896328139,0.162158401610283
"3622",2016-08-01,"C9L","EMP C9",37.8271,-121.5522,0,0,0
"3623",2016-08-01,"D16L","EMP D16",38.093,-121.6697,0.977302344900952,0.112269761880547,0.117276281388114
"3624",2016-08-01,"D24L","EMP D24",38.1547,-121.6814,26.3562461096645,2.14478059765623,2.8201183337341
"3625",2016-08-01,"D28AL","EMP D28A",37.9701,-121.5741,0.0527307197655145,0.00686656178687904,0.00706591644857894
"3626",2016-08-01,"D4L","EMP D4",38.0581,-121.8193,0.517868853772128,0.0613718776226678,0.0628194723381217
"3627",2016-08-01,"D41C","EMP D41",38.016,-122.3647,0,0,0
"3628",2016-08-01,"D41AC","EMP D41A",38.0847,-122.3906,12.0383059572393,4.09376784286263,4.81532238289573
"3629",2016-08-01,"D6R","EMP D6",38.0577,-122.1149,9.22058766430621,2.9333911781814,3.68823506572248
"3630",2016-08-01,"D7C","EMP D7",38.1171,-122.0395,4.3,1.46357239955106,1.72
"3631",2016-08-01,"P8R","EMP P8",37.9778,-121.3799,0.126146014195173,0.0165736636786206,0.0169035659021532
"3632",2016-09-01,"C9L","EMP C9",37.8271,-121.5522,5.00374276738807,0.560404486647787,0.600449132086569
"3633",2016-09-01,"D16L","EMP D16",38.093,-121.6697,0.78649974861521,0.0801865074695957,0.0841554731018275
"3634",2016-09-01,"D24L","EMP D24",38.1547,-121.6814,36.4933294407215,2.97390740211486,3.9047862501572
"3635",2016-09-01,"D28AL","EMP D28A",37.9701,-121.5741,1.01194240347089,0.11816910117535,0.121433088416507
"3636",2016-09-01,"D4L","EMP D4",38.0581,-121.8193,0.210066893668164,0.0253739210296869,0.0260578595892028
"3637",2016-09-01,"D41C","EMP D41",38.016,-122.3647,0,0,0
"3638",2016-09-01,"D41AC","EMP D41A",38.0847,-122.3906,7.15541388111988,2.55210021748409,2.86216555244795
"3639",2016-09-01,"D6R","EMP D6",38.0577,-122.1149,8.06830097469075,2.64779769335167,3.2273203898763
"3640",2016-09-01,"D7C","EMP D7",38.1171,-122.0395,3.17138483677255,1.07257478155597,1.26855393470902
"3641",2016-09-01,"P8R","EMP P8",37.9778,-121.3799,0.000940791287554155,0.000112378251923673,0.000112894954506499
"3642",2016-10-01,"C9L","EMP C9",37.8271,-121.5522,0.4822314723242,0.0325524066119356,0.0333091354199641
"3643",2016-10-01,"D16L","EMP D16",38.093,-121.6697,0.713877976119628,0.0462468040885956,0.0492575803522544
"3644",2016-10-01,"D24L","EMP D24",38.1547,-121.6814,25.2051336770558,1.35231912876387,1.73915422371685
"3645",2016-10-01,"D28AL","EMP D28A",37.9701,-121.5741,1.36063121721293,0.0606092342279532,0.0667344340153479
"3646",2016-10-01,"D4L","EMP D4",38.0581,-121.8193,0.370663075127759,0.0610512189751329,0.0622052300511035
"3647",2016-10-01,"D41C","EMP D41",38.016,-122.3647,0,0,0
"3648",2016-10-01,"D41AC","EMP D41A",38.0847,-122.3906,5.78198464412908,2.0954708687759,2.31279385765163
"3649",2016-10-01,"D6R","EMP D6",38.0577,-122.1149,8.70039704018163,2.80256478885647,3.48015881607265
"3650",2016-10-01,"D7C","EMP D7",38.1171,-122.0395,11.5101118045854,3.8394630475092,4.60404472183416
"3651",2016-10-01,"P8R","EMP P8",37.9778,-121.3799,1.13761029088382,0.0834055907128871,0.0859999484361086
"3652",2016-11-01,"D4L","EMP D4",38.0581,-121.8193,1.04759890656371,0.0946578003162805,0.0979695626254859
"3653",2016-11-01,"D41C","EMP D41",38.016,-122.3647,0,0,0
"3654",2016-11-01,"D41AC","EMP D41A",38.0847,-122.3906,4.83205714975584,1.76995558449067,1.93282285990233
"3655",2016-12-01,"C9L","EMP C9",37.8271,-121.5522,2.15293585556292,0.0628771738247757,0.0667410115224506
"3656",2016-12-01,"D16L","EMP D16",38.093,-121.6697,1.27576436632786,0.037226624431767,0.0395486953561637
"3657",2016-12-01,"D24L","EMP D24",38.1547,-121.6814,18.8703866189515,0.46258787204074,0.584981985187498
"3658",2016-12-01,"D28AL","EMP D28A",37.9701,-121.5741,0.124703846043796,0.00371575085853497,0.00386581922735768
"3659",2016-12-01,"D4L","EMP D4",38.0581,-121.8193,0.471535310119964,0.0561785971966018,0.0572141240479857
"3660",2016-12-01,"D41C","EMP D41",38.016,-122.3647,0,0,0
"3661",2016-12-01,"D41AC","EMP D41A",38.0847,-122.3906,1.09501878987076,0.418666351354286,0.438007515948302
"3662",2016-12-01,"D6R","EMP D6",38.0577,-122.1149,12.8627058333191,2.69473713457315,3.47293057499616
"3663",2016-12-01,"D7C","EMP D7",38.1171,-122.0395,4.44084679884641,1.07275790592412,1.19902863568853
"3664",2016-12-01,"P8R","EMP P8",37.9778,-121.3799,5.60348512756631,0.163713318559773,0.173708038954555
"3665",2017-01-01,"C9L","EMP C9",37.8271,-121.5522,0.00717221830578538,0.000220303547820132,0.000222338767479347
"3666",2017-01-01,"D16L","EMP D16",38.093,-121.6697,0.241665057573923,0.0071893885379247,0.0074916167847916
"3667",2017-01-01,"D24L","EMP D24",38.1547,-121.6814,0.147251048420719,0.00445503958527956,0.0045647825010423
"3668",2017-01-01,"D28AL","EMP D28A",37.9701,-121.5741,0.00625755614090638,0.000190545667931579,0.000193984240368098
"3669",2017-01-01,"D4L","EMP D4",38.0581,-121.8193,0.219271173841934,0.0253640204387132,0.0256854640997778
"3670",2017-01-01,"D41C","EMP D41",38.016,-122.3647,0,0,0
"3671",2017-01-01,"D41AC","EMP D41A",38.0847,-122.3906,0.473759882614557,0.18375681801285,0.189503953045823
"3672",2017-01-01,"D6R","EMP D6",38.0577,-122.1149,5.61881885554585,1.31075705421147,1.51708109099738
"3673",2017-01-01,"D7C","EMP D7",38.1171,-122.0395,0.148147303592591,0.0577052298131254,0.0592589214370365
"3674",2017-01-01,"P8R","EMP P8",37.9778,-121.3799,0.0123433809329073,0.00037872877064749,0.000382644808920126
"3675",2017-02-01,"C9L","EMP C9",37.8271,-121.5522,0.240982679404256,0.00734346738669992,0.00747046306153194
"3676",2017-02-01,"D16L","EMP D16",38.093,-121.6697,0.663558931163777,0.0194943591535391,0.0205703268660771
"3677",2017-02-01,"D24L","EMP D24",38.1547,-121.6814,0,0,0
"3678",2017-02-01,"D28AL","EMP D28A",37.9701,-121.5741,0.101061346790313,0.00368884458864805,0.00394139252482219
"3679",2017-02-01,"D4L","EMP D4",38.0581,-121.8193,0.326765409179064,0.0110274197557695,0.0114367893212672
"3680",2017-02-01,"D41C","EMP D41",38.016,-122.3647,0,0,0
"3681",2017-02-01,"D41AC","EMP D41A",38.0847,-122.3906,0.193930508386672,0.0760116968148156,0.0775722033546687
"3682",2017-02-01,"D6R","EMP D6",38.0577,-122.1149,3.45452793331273,1.23932978285989,1.38181117332509
"3683",2017-02-01,"D7C","EMP D7",38.1171,-122.0395,0.0729765659763268,0.0286753226167236,0.0291906263905307
"3684",2017-02-01,"P8R","EMP P8",37.9778,-121.3799,0.00163306076781371,5.03908292452681e-05,5.06248838022249e-05
"3685",2017-03-01,"C9L","EMP C9",37.8271,-121.5522,0,0,0
"3686",2017-03-01,"D16L","EMP D16",38.093,-121.6697,0.0536207973735442,0.00205943776164276,0.00209121109756822
"3687",2017-03-01,"D24L","EMP D24",38.1547,-121.6814,0.0130288111793832,0.000565846587179417,0.000573267691892861
"3688",2017-03-01,"D28AL","EMP D28A",37.9701,-121.5741,0.0218844038698654,0.000919494643871145,0.000941029366404211
"3689",2017-03-01,"D4L","EMP D4",38.0581,-121.8193,0.565141390104019,0.0296659847712675,0.0310827764557211
"3690",2017-03-01,"D41C","EMP D41",38.016,-122.3647,0,0,0
"3691",2017-03-01,"D41AC","EMP D41A",38.0847,-122.3906,0.0791770465031062,0.0310836600736858,0.0316708186012425
"3692",2017-03-01,"D6R","EMP D6",38.0577,-122.1149,2.02484266130962,0.758978435031827,0.809937064523849
"3693",2017-03-01,"D7C","EMP D7",38.1171,-122.0395,0.550408292379651,0.214857107414925,0.22016331695186
"3694",2017-03-01,"P8R","EMP P8",37.9778,-121.3799,0.122471276103015,0.0037501689381792,0.00379660955919346
"3695",2017-04-01,"C9L","EMP C9",37.8271,-121.5522,0.51162579561754,0.030280772744914,0.0312091735326699
"3696",2017-04-01,"D16L","EMP D16",38.093,-121.6697,0.00249996293374092,0.000121634360859719,0.000124998146687046
"3697",2017-04-01,"D24L","EMP D24",38.1547,-121.6814,0.013685991589203,0.000660433892287757,0.000670613587870945
"3698",2017-04-01,"D28AL","EMP D28A",37.9701,-121.5741,1.29,0.0741530318466773,0.07869
"3699",2017-04-01,"D4L","EMP D4",38.0581,-121.8193,0.412199691439741,0.0385144047657879,0.039252009877076
"3700",2017-04-01,"D41C","EMP D41",38.016,-122.3647,0.00181745462306177,0.000722938503226688,0.000726981849224708
"3701",2017-04-01,"D41AC","EMP D41A",38.0847,-122.3906,0.293101512706853,0.113633473844356,0.117240605082741
"3702",2017-04-01,"D6R","EMP D6",38.0577,-122.1149,1.59484532737866,0.604592573947689,0.637938130951465
"3703",2017-04-01,"D7C","EMP D7",38.1171,-122.0395,0.225837585341171,0.088659035123727,0.0903350341364683
"3704",2017-04-01,"P8R","EMP P8",37.9778,-121.3799,1.35868758595535,0.0804510548493024,0.0828799427432763
"3705",2017-05-01,"C9L","EMP C9",37.8271,-121.5522,0.102252428750816,0.00762924937461181,0.00787343701381285
"3706",2017-05-01,"D16L","EMP D16",38.093,-121.6697,0.402552595608888,0.0269285724792014,0.0277761290970133
"3707",2017-05-01,"D24L","EMP D24",38.1547,-121.6814,0.0519121320869017,0.00350307061836478,0.00358193711399621
"3708",2017-05-01,"D28AL","EMP D28A",37.9701,-121.5741,1.82,0.123732372232933,0.14014
"3709",2017-05-01,"D4L","EMP D4",38.0581,-121.8193,0.800923803755866,0.0528085344689221,0.0552637424591547
"3710",2017-05-01,"D41C","EMP D41",38.016,-122.3647,2.49307033262631,0.911563977886261,0.997228133050524
"3711",2017-05-01,"D41AC","EMP D41A",38.0847,-122.3906,0.348713199868844,0.135175320221888,0.139485279947537
"3712",2017-05-01,"D6R","EMP D6",38.0577,-122.1149,2.09236585049214,0.788929620670548,0.836946340196854
"3713",2017-05-01,"D7C","EMP D7",38.1171,-122.0395,0.212232914428134,0.083610965295316,0.0848931657712535
"3714",2017-05-01,"P8R","EMP P8",37.9778,-121.3799,1.67471324361224,0.124343330838961,0.128952919758143
"3715",2017-06-01,"C9L","EMP C9",37.8271,-121.5522,0.442656387452235,0.0516057009965585,0.0529811071788035
"3716",2017-06-01,"D16L","EMP D16",38.093,-121.6697,0.0400686718782613,0.00378968372749873,0.00384659250031308
"3717",2017-06-01,"D24L","EMP D24",38.1547,-121.6814,0.22839880563411,0.0296696226368322,0.0306054399549707
"3718",2017-06-01,"D28AL","EMP D28A",37.9701,-121.5741,6.46,0.791000667158102,0.96254
"3719",2017-06-01,"D4L","EMP D4",38.0581,-121.8193,3.99118932216352,0.348528658970072,0.383973669087658
"3720",2017-06-01,"D41C","EMP D41",38.016,-122.3647,15.5887716296411,4.90309317541046,6.23550865185644
"3721",2017-06-01,"D41AC","EMP D41A",38.0847,-122.3906,2.44862398251953,0.913085488415075,0.979449593007814
"3722",2017-06-01,"D6R","EMP D6",38.0577,-122.1149,2.24407550120951,0.853064782885728,0.897630200483803
"3723",2017-06-01,"D7C","EMP D7",38.1171,-122.0395,0.273898431945651,0.107644370213486,0.109559372778261
"3724",2017-06-01,"P8R","EMP P8",37.9778,-121.3799,0.891981016489755,0.0927490865781383,0.0960134133479902
"3725",2017-07-01,"C9L","EMP C9",37.8271,-121.5522,0.0290845544835114,0.00345464726950557,0.00349014653802137
"3726",2017-07-01,"D16L","EMP D16",38.093,-121.6697,0.437734473229701,0.0630647663241834,0.0652224365112254
"3727",2017-07-01,"D24L","EMP D24",38.1547,-121.6814,0.920997083978767,0.115248141061394,0.123413609253155
"3728",2017-07-01,"D28AL","EMP D28A",37.9701,-121.5741,1.22,0.220802008915978,0.22814
"3729",2017-07-01,"D4L","EMP D4",38.0581,-121.8193,8.03654077805683,0.85656112359437,0.982545384556065
"3730",2017-07-01,"D41C","EMP D41",38.016,-122.3647,22.0774003583586,6.94670238465439,8.83096014334345
"3731",2017-07-01,"D41AC","EMP D41A",38.0847,-122.3906,4.34766564869829,1.6004329409193,1.73906625947932
"3732",2017-07-01,"D6R","EMP D6",38.0577,-122.1149,2.27428173612401,0.866105609087171,0.909712694449605
"3733",2017-07-01,"D7C","EMP D7",38.1171,-122.0395,0.187953962257776,0.0743931196667971,0.0751815849031105
"3734",2017-07-01,"P8R","EMP P8",37.9778,-121.3799,0.373581908399513,0.0438427732889012,0.0448298290079415
"3735",2017-08-01,"D16L","EMP D16",38.093,-121.6697,2.35616293081776,0.288622567498395,0.315725832729579
"3736",2017-08-01,"D24L","EMP D24",38.1547,-121.6814,2.84486963079284,0.315986546933394,0.341384355695141
"3737",2017-08-01,"D28AL","EMP D28A",37.9701,-121.5741,0.02,0.00289931061863541,0.00298
"3738",2017-08-01,"D4L","EMP D4",38.0581,-121.8193,4.18827441315501,0.397904089651545,0.448145362207586
"3739",2017-08-01,"D41C","EMP D41",38.016,-122.3647,33.5589702777292,10.2305073083453,13.4235881110917
"3740",2017-08-01,"D41AC","EMP D41A",38.0847,-122.3906,17.5905581783046,6.32592195476897,7.03622327132184
"3741",2017-08-01,"D6R","EMP D6",38.0577,-122.1149,3.95885161846619,1.43384403462942,1.58354064738648
"3742",2017-08-01,"D7C","EMP D7",38.1171,-122.0395,0.772525515580327,0.275141976433778,0.309010206232131
"3743",2017-09-01,"C9L","EMP C9",37.8271,-121.5522,0.7600736069111,0.0713075266256558,0.0729670662634656
"3744",2017-09-01,"D16L","EMP D16",38.093,-121.6697,0.862544121894751,0.10836162362813,0.115580912333897
"3745",2017-09-01,"D24L","EMP D24",38.1547,-121.6814,4.33518645995366,0.372027843616214,0.416177900155552
"3746",2017-09-01,"D28AL","EMP D28A",37.9701,-121.5741,3.31,0.328849470452185,0.35417
"3747",2017-09-01,"D4L","EMP D4",38.0581,-121.8193,1.32350027077065,0.168351038699006,0.182401626431854
"3748",2017-09-01,"D41C","EMP D41",38.016,-122.3647,531.673133863863,163.92404489977,212.669253545545
"3749",2017-09-01,"D41AC","EMP D41A",38.0847,-122.3906,7.68265867336005,2.79182658618238,3.07306346934402
"3750",2017-09-01,"D6R","EMP D6",38.0577,-122.1149,4.80783472187743,1.55039189189468,1.92313388875097
"3751",2017-09-01,"D7C","EMP D7",38.1171,-122.0395,4.88280328907691,1.66945701965964,1.95312131563076
"3752",2017-09-01,"P8R","EMP P8",37.9778,-121.3799,0.0340403943377651,0.00398854969818829,0.00408484732053181
"3753",2017-10-01,"C9L","EMP C9",37.8271,-121.5522,0.203814692281695,0.0172039128153029,0.0175280635362258
"3754",2017-10-01,"D16L","EMP D16",38.093,-121.6697,0.387271625586247,0.0283567081158293,0.029819915170141
"3755",2017-10-01,"D24L","EMP D24",38.1547,-121.6814,2.59897895251226,0.139147393268375,0.158537716103248
"3756",2017-10-01,"D28AL","EMP D28A",37.9701,-121.5741,0.43,0.0309833750884236,0.03311
"3757",2017-10-01,"D4L","EMP D4",38.0581,-121.8193,1.8257693658498,0.123976914321843,0.140584241170435
"3758",2017-10-01,"D41C","EMP D41",38.016,-122.3647,85.5227336796286,22.1077611047122,34.2090934718514
"3759",2017-10-01,"D41AC","EMP D41A",38.0847,-122.3906,8.29345663461565,2.98763220153716,3.31738265384626
"3760",2017-10-01,"D6R","EMP D6",38.0577,-122.1149,8.05277006555556,2.62815059340584,3.22110802622222
"3761",2017-10-01,"D7C","EMP D7",38.1171,-122.0395,5.52654144428559,1.90821344092561,2.21061657771424
"3762",2017-10-01,"P8R","EMP P8",37.9778,-121.3799,0.820072155317098,0.0611103236538881,0.0631455559594166
"3763",2017-11-01,"C9L","EMP C9",37.8271,-121.5522,0.000243163809975494,1.86624026142159e-05,1.8723613368113e-05
"3764",2017-11-01,"D16L","EMP D16",38.093,-121.6697,0.822200082982581,0.043270474230293,0.045221004564042
"3765",2017-11-01,"D24L","EMP D24",38.1547,-121.6814,2.94105070197906,0.135743560271363,0.161757788608848
"3766",2017-11-01,"D28AL","EMP D28A",37.9701,-121.5741,0.234998392558217,0.0138572640672469,0.0143349019460512
"3767",2017-11-01,"D4L","EMP D4",38.0581,-121.8193,4.71354394194937,0.233626822901682,0.263544916807215
"3768",2017-11-01,"D41C","EMP D41",38.016,-122.3647,6.03,2.21205814782572,2.412
"3769",2017-11-01,"D41AC","EMP D41A",38.0847,-122.3906,5.98959592980901,2.14104064680602,2.3958383719236
"3770",2017-11-01,"D6R","EMP D6",38.0577,-122.1149,8.70902236909621,2.87826676052193,3.48360894763848
"3771",2017-11-01,"D7C","EMP D7",38.1171,-122.0395,7.22849584145276,2.48664333196753,2.8913983365811
"3772",2017-11-01,"P8R","EMP P8",37.9778,-121.3799,1.5689186714217,0.0737695236641289,0.0768770148996634
"3773",2017-12-01,"C9L","EMP C9",37.8271,-121.5522,0,0,0
"3774",2017-12-01,"D16L","EMP D16",38.093,-121.6697,2.62196120178046,0.0743166739146042,0.0812807972551943
"3775",2017-12-01,"D24L","EMP D24",38.1547,-121.6814,7.70998328631321,0.210567387656631,0.269849415020962
"3776",2017-12-01,"D28AL","EMP D28A",37.9701,-121.5741,1.33,0.0389498896695507,0.04123
"3777",2017-12-01,"D4L","EMP D4",38.0581,-121.8193,2.77346925393681,0.0964702281716336,0.108165300903536
"3778",2017-12-01,"D41C","EMP D41",38.016,-122.3647,0.129432983068778,0.0511332966656295,0.0517731932275112
"3779",2017-12-01,"D41AC","EMP D41A",38.0847,-122.3906,4.69632659860434,1.73169380708525,1.87853063944174
"3780",2017-12-01,"D6R","EMP D6",38.0577,-122.1149,16.4902392342336,4.83322164815436,6.59609569369345
"3781",2017-12-01,"D7C","EMP D7",38.1171,-122.0395,10.965068210893,3.79396064866635,4.38602728435721
"3782",2017-12-01,"P8R","EMP P8",37.9778,-121.3799,0.0465596157715629,0.00141240644576291,0.00144334808891845
"3783",2018-01-01,"C9L","EMP C9",37.8271,-121.5522,0.360493115939855,0.01372830456675,0.0140592315216544
"3784",2018-01-01,"D16L","EMP D16",38.093,-121.6697,1.11828587691621,0.0415491491381495,0.0436131491997321
"3785",2018-01-01,"D24L","EMP D24",38.1547,-121.6814,8.28815844739928,0.228370527575957,0.290085545658975
"3786",2018-01-01,"D28AL","EMP D28A",37.9701,-121.5741,0.397287911643216,0.0135579244717684,0.0139050769075126
"3787",2018-01-01,"D4L","EMP D4",38.0581,-121.8193,0.488225568854977,0.0160975533594487,0.0170878949099242
"3788",2018-01-01,"D41C","EMP D41",38.016,-122.3647,0,0,0
"3789",2018-01-01,"D41AC","EMP D41A",38.0847,-122.3906,2.09750133632999,0.776060515031487,0.839000534531994
"3790",2018-01-01,"D6R","EMP D6",38.0577,-122.1149,23.8596736168605,5.99404306461538,9.54386944674421
"3791",2018-01-01,"D7C","EMP D7",38.1171,-122.0395,3.13,1.14810345458254,1.252
"3792",2018-01-01,"P8R","EMP P8",37.9778,-121.3799,1.60411651412235,0.0607570417251084,0.0625605440507717
"3793",2018-02-01,"C9L","EMP C9",37.8271,-121.5522,0.000147373695937258,5.7287843204129e-06,5.74757414155305e-06
"3794",2018-02-01,"D16L","EMP D16",38.093,-121.6697,0.138707618691161,0.00529482216420623,0.00540959712895527
"3795",2018-02-01,"D24L","EMP D24",38.1547,-121.6814,7.19583700303919,0.221309119612894,0.280637643118529
"3796",2018-02-01,"D28AL","EMP D28A",37.9701,-121.5741,0.908907673226794,0.0334210571183664,0.035447399255845
"3797",2018-02-01,"D4L","EMP D4",38.0581,-121.8193,2.62921635689263,0.115662177899875,0.128354270788184
"3798",2018-02-01,"D41C","EMP D41",38.016,-122.3647,0,0,0
"3799",2018-02-01,"D41AC","EMP D41A",38.0847,-122.3906,1.09625401033281,0.417561363250175,0.438501604133124
"3800",2018-02-01,"D6R","EMP D6",38.0577,-122.1149,21.8612336942715,5.78369366587092,8.7444934777086
"3801",2018-02-01,"D7C","EMP D7",38.1171,-122.0395,2.43,0.89641645250453,0.972
"3802",2018-02-01,"P8R","EMP P8",37.9778,-121.3799,2.52226878555891,0.0743526583609691,0.0781903323523262
"3803",2018-03-01,"C9L","EMP C9",37.8271,-121.5522,0.000118696967350482,5.19852055424889e-06,5.22266656342119e-06
"3804",2018-03-01,"D16L","EMP D16",38.093,-121.6697,1.91986760689328,0.0800930423433659,0.0844741747033045
"3805",2018-03-01,"D24L","EMP D24",38.1547,-121.6814,9.95365682751264,0.319216394662828,0.388192616272993
"3806",2018-03-01,"D28AL","EMP D28A",37.9701,-121.5741,0.00628251440790271,0.000303573441805393,0.000307843205987233
"3807",2018-03-01,"D4L","EMP D4",38.0581,-121.8193,0.584501686509693,0.0240127433408059,0.0257180742064265
"3808",2018-03-01,"D41C","EMP D41",38.016,-122.3647,0,0,0
"3809",2018-03-01,"D41AC","EMP D41A",38.0847,-122.3906,0.506920101289552,0.194679527053962,0.202768040515821
"3810",2018-03-01,"D6R","EMP D6",38.0577,-122.1149,18.7831600183153,5.2681770733105,7.5132640073261
"3811",2018-03-01,"D7C","EMP D7",38.1171,-122.0395,1.35,0.506020570476831,0.54
"3812",2018-03-01,"P8R","EMP P8",37.9778,-121.3799,0.163560588597984,0.00863926788651963,0.00899583237288913
"3813",2018-04-01,"C9L","EMP C9",37.8271,-121.5522,0.196295607810159,0.0105953566236389,0.0107962584295587
"3814",2018-04-01,"D16L","EMP D16",38.093,-121.6697,0.877004081199589,0.0450594376538376,0.0482352244659774
"3815",2018-04-01,"D24L","EMP D24",38.1547,-121.6814,17.2507709637658,0.646661416928293,0.847056314501082
"3816",2018-04-01,"D28AL","EMP D28A",37.9701,-121.5741,1.32852993068081,0.0869970084074038,0.0916685652169759
"3817",2018-04-01,"D4L","EMP D4",38.0581,-121.8193,1.13407017043886,0.0574287755816543,0.0623738593741375
"3818",2018-04-01,"D41C","EMP D41",38.016,-122.3647,0,0,0
"3819",2018-04-01,"D41AC","EMP D41A",38.0847,-122.3906,0.267946104167863,0.102207198667726,0.107178441667145
"3820",2018-04-01,"D6R","EMP D6",38.0577,-122.1149,24.6172430439906,6.84150673289064,9.84689721759625
"3821",2018-04-01,"D7C","EMP D7",38.1171,-122.0395,0.6,0.226406674579044,0.24
"3822",2018-04-01,"P8R","EMP P8",37.9778,-121.3799,1.29015873769536,0.0950770040612911,0.0993422228025429
"3823",2018-05-01,"C9L","EMP C9",37.8271,-121.5522,0.000511908303256389,4.36504341558483e-05,4.38511339503701e-05
"3824",2018-05-01,"D16L","EMP D16",38.093,-121.6697,0.583496340734126,0.0485219775775877,0.0499835146926064
"3825",2018-05-01,"D24L","EMP D24",38.1547,-121.6814,22.4599931210948,1.54640412891862,2.15047921388084
"3826",2018-05-01,"D28AL","EMP D28A",37.9701,-121.5741,3.35147085067203,0.297569287092955,0.321741201664515
"3827",2018-05-01,"D4L","EMP D4",38.0581,-121.8193,1.75363693057306,0.117500169002054,0.135030043654125
"3828",2018-05-01,"D41C","EMP D41",38.016,-122.3647,0,0,0
"3829",2018-05-01,"D41AC","EMP D41A",38.0847,-122.3906,3.4177354107375,1.20182814166077,1.367094164295
"3830",2018-05-01,"D6R","EMP D6",38.0577,-122.1149,17.2948788304852,5.277407615601,6.91795153219409
"3831",2018-05-01,"D7C","EMP D7",38.1171,-122.0395,1.34,0.501730113261792,0.536
"3832",2018-05-01,"P8R","EMP P8",37.9778,-121.3799,4.20490473891081,0.240627054279876,0.256499189073559
"3833",2018-06-01,"C9L","EMP C9",37.8271,-121.5522,0.000891396018359062,0.000106134783321829,0.000106627756548509
"3834",2018-06-01,"D16L","EMP D16",38.093,-121.6697,0.0312723228259741,0.00369415945767509,0.00374075894026619
"3835",2018-06-01,"D24L","EMP D24",38.1547,-121.6814,23.5904627537443,1.94813599326871,2.82186375927887
"3836",2018-06-01,"D28AL","EMP D28A",37.9701,-121.5741,0.00273705960448188,0.000324019963915561,0.000328447152537825
"3837",2018-06-01,"D4L","EMP D4",38.0581,-121.8193,1.70467959091887,0.146106530634145,0.163649240728211
"3838",2018-06-01,"D41C","EMP D41",38.016,-122.3647,0,0,0
"3839",2018-06-01,"D41AC","EMP D41A",38.0847,-122.3906,6.74469108551036,2.31606014787197,2.69787643420415
"3840",2018-06-01,"D6R","EMP D6",38.0577,-122.1149,18.1697666386145,5.52372754569724,7.26790665544579
"3841",2018-06-01,"D7C","EMP D7",38.1171,-122.0395,1.58,0.589394527292377,0.632
"3842",2018-06-01,"P8R","EMP P8",37.9778,-121.3799,2.29873791701019,0.323121515046432,0.342511949634518
"3843",2018-07-01,"C9L","EMP C9",37.8271,-121.5522,0.196994203571973,0.0289658177473621,0.0294392662287924
"3844",2018-07-01,"D16L","EMP D16",38.093,-121.6697,0.0264136279907896,0.00388472995364242,0.00394731323251873
"3845",2018-07-01,"D24L","EMP D24",38.1547,-121.6814,30.7016719131199,2.83639600437031,4.11402403635807
"3846",2018-07-01,"D28AL","EMP D28A",37.9701,-121.5741,0.00240040614589232,0.00035501372428346,0.000358722207581784
"3847",2018-07-01,"D4L","EMP D4",38.0581,-121.8193,6.21749370819182,0.621919099881815,0.746099244983018
"3848",2018-07-01,"D41C","EMP D41",38.016,-122.3647,0,0,0
"3849",2018-07-01,"D41AC","EMP D41A",38.0847,-122.3906,11.4975196388988,3.85607065337242,4.59900785555953
"3850",2018-07-01,"D6R","EMP D6",38.0577,-122.1149,25.0815605553397,7.13477354983102,10.0326242221359
"3851",2018-07-01,"D7C","EMP D7",38.1171,-122.0395,2.63,0.94103572667448,1.052
"3852",2018-07-01,"P8R","EMP P8",37.9778,-121.3799,0.321333218335471,0.0591939702116667,0.0671586426321134
"3853",2018-08-01,"C9L","EMP C9",37.8271,-121.5522,0.00841758596525701,0.00111607868685026,0.00112544459048098
"3854",2018-08-01,"D16L","EMP D16",38.093,-121.6697,0.380199830555247,0.0489159401811651,0.0508333201901698
"3855",2018-08-01,"D24L","EMP D24",38.1547,-121.6814,33.5392985175225,2.68471596909321,4.01193193987728
"3856",2018-08-01,"D28AL","EMP D28A",37.9701,-121.5741,0.000541696465696336,8.98020143142194e-05,9.0463309771288e-05
"3857",2018-08-01,"D4L","EMP D4",38.0581,-121.8193,3.51014911066274,0.647298111321512,0.376195212054947
"3858",2018-08-01,"D41C","EMP D41",38.016,-122.3647,0,0,0
"3859",2018-08-01,"D41AC","EMP D41A",38.0847,-122.3906,19.7652838853165,6.29419615249354,7.9061135541266
"3860",2018-08-01,"D6R","EMP D6",38.0577,-122.1149,11.3315485971537,3.63621551159405,4.53261943886147
"3861",2018-08-01,"D7C","EMP D7",38.1171,-122.0395,2.43,0.884677714168261,0.972
"3862",2018-08-01,"P8R","EMP P8",37.9778,-121.3799,1.98678749034066,0.348580185164596,0.371529260693704
"3863",2018-09-01,"C9L","EMP C9",37.8271,-121.5522,0.321761051965519,0.0337802080534876,0.0344346821966009
"3864",2018-09-01,"D16L","EMP D16",38.093,-121.6697,0.0257921250382804,0.00271649540890109,0.00276025834526223
"3865",2018-09-01,"D24L","EMP D24",38.1547,-121.6814,32.3400502070837,2.23778660718903,3.46038537215796
"3866",2018-09-01,"D28AL","EMP D28A",37.9701,-121.5741,0.00294837254729668,0.000345875118140827,0.000353804705675602
"3867",2018-09-01,"D4L","EMP D4",38.0581,-121.8193,7.49568969508874,1.36200961783897,0.805273817300253
"3868",2018-09-01,"D41C","EMP D41",38.016,-122.3647,0,0,0
"3869",2018-09-01,"D41AC","EMP D41A",38.0847,-122.3906,19.1786261885711,6.16517625773715,7.67145047542845
"3870",2018-09-01,"D6R","EMP D6",38.0577,-122.1149,13.8644892734937,4.29776678468767,5.54579570939747
"3871",2018-09-01,"D7C","EMP D7",38.1171,-122.0395,3.64,1.30824239684023,1.456
"3872",2018-09-01,"P8R","EMP P8",37.9778,-121.3799,0.921527723097342,0.133032156856623,0.137307630741504
"3873",2018-10-01,"C9L","EMP C9",37.8271,-121.5522,1.06244451539662,0.124028148806419,0.127493341847594
"3874",2018-10-01,"D16L","EMP D16",38.093,-121.6697,0.133221390215112,0.0124198820478936,0.0127555618097154
"3875",2018-10-01,"D24L","EMP D24",38.1547,-121.6814,21.411403285347,1.37529376437818,1.83414550527595
"3876",2018-10-01,"D28AL","EMP D28A",37.9701,-121.5741,0.497868769786204,0.050688817640147,0.0532719583671238
"3877",2018-10-01,"D4L","EMP D4",38.0581,-121.8193,4.77961247812128,0.361233967870036,0.418594298631101
"3878",2018-10-01,"D41C","EMP D41",38.016,-122.3647,0,0,0
"3879",2018-10-01,"D41AC","EMP D41A",38.0847,-122.3906,7.36481136469144,2.60736741425448,2.94592454587658
"3880",2018-10-01,"D6R","EMP D6",38.0577,-122.1149,13.5030709276993,4.12675070194189,5.40122837107971
"3881",2018-10-01,"D7C","EMP D7",38.1171,-122.0395,3.94,1.41138825228022,1.576
"3882",2018-10-01,"P8R","EMP P8",37.9778,-121.3799,1.97205240610879,0.182632799154919,0.189317030986444
"3883",2018-11-01,"C9L","EMP C9",37.8271,-121.5522,0.00853315078750921,0.000576623766983753,0.000585091949741429
"3884",2018-11-01,"D16L","EMP D16",38.093,-121.6697,0.239022357137071,0.0158488676553071,0.0163890291466351
"3885",2018-11-01,"D24L","EMP D24",38.1547,-121.6814,18.9527599482871,0.802547759665617,1.16265319341183
"3886",2018-11-01,"D28AL","EMP D28A",37.9701,-121.5741,0.00749237239684675,0.000503139818344797,0.000516973695382426
"3887",2018-11-01,"D4L","EMP D4",38.0581,-121.8193,8.03567360210357,0.502638604829086,0.574834751719477
"3888",2018-11-01,"D41C","EMP D41",38.016,-122.3647,0,0,0
"3889",2018-11-01,"D41AC","EMP D41A",38.0847,-122.3906,4.76443097981084,1.7560214600094,1.90577239192433
"3890",2018-11-01,"D6R","EMP D6",38.0577,-122.1149,9.33567818034519,3.09247278893569,3.73427127213807
"3891",2018-11-01,"D7C","EMP D7",38.1171,-122.0395,8.16,2.7870107837548,3.264
"3892",2018-11-01,"P8R","EMP P8",37.9778,-121.3799,0.853555087565653,0.0451130839569473,0.0469455298161109
"3893",2018-12-01,"C9L","EMP C9",37.8271,-121.5522,0.259380284982748,0.00993253627411519,0.0101158311143272
"3894",2018-12-01,"D16L","EMP D16",38.093,-121.6697,0.0837758645670981,0.00320381540162799,0.00326725871811682
"3895",2018-12-01,"D24L","EMP D24",38.1547,-121.6814,74.6262290828005,1.39712339961259,2.61191801789802
"3896",2018-12-01,"D28AL","EMP D28A",37.9701,-121.5741,1.66568814530122,0.0621255838219949,0.0649618376667476
"3897",2018-12-01,"D4L","EMP D4",38.0581,-121.8193,0.443052635267656,0.0336408914000216,0.0345501243838042
"3898",2018-12-01,"D41C","EMP D41",38.016,-122.3647,0,0,0
"3899",2018-12-01,"D41AC","EMP D41A",38.0847,-122.3906,2.64874423859949,0.997779714770152,1.05949769543979
"3900",2018-12-01,"D6R","EMP D6",38.0577,-122.1149,10.3075519904828,3.07524757454461,4.12302079619311
"3901",2018-12-01,"D7C","EMP D7",38.1171,-122.0395,8.9,3.09559616883458,3.56
"3902",2018-12-01,"P8R","EMP P8",37.9778,-121.3799,1.05775283127466,0.0396376268896388,0.0412523604197117
"3903",2019-01-01,"C9L","EMP C9",37.8271,-121.5522,0.00700473910563594,0.000268719381198779,0.000273184825119802
"3904",2019-01-01,"D16L","EMP D16",38.093,-121.6697,0.352159291737847,0.0133899175601514,0.013734212377776
"3905",2019-01-01,"D24L","EMP D24",38.1547,-121.6814,22.9635411790973,0.605385923542427,0.895578105984794
"3906",2019-01-01,"D28AL","EMP D28A",37.9701,-121.5741,0.674064708609491,0.0256614431529278,0.0262885236357701
"3907",2019-01-01,"D4L","EMP D4",38.0581,-121.8193,2.38188719614085,0.102783027113203,0.111004091450289
"3908",2019-01-01,"D41C","EMP D41",38.016,-122.3647,0,0,0
"3909",2019-01-01,"D41AC","EMP D41A",38.0847,-122.3906,1.28410624512561,0.484782188051292,0.513642498050244
"3910",2019-01-01,"D6R","EMP D6",38.0577,-122.1149,6.80447782971241,2.28420877923019,2.72179113188496
"3911",2019-01-01,"D7C","EMP D7",38.1171,-122.0395,2.55,0.928821385852164,1.02
"3912",2019-01-01,"P8R","EMP P8",37.9778,-121.3799,1.42596331193024,0.0428175340596629,0.0442048626698375
"3913",2019-02-01,"C9L","EMP C9",37.8271,-121.5522,0.00024632316072702,8.59312605911279e-06,8.62131062544568e-06
"3914",2019-02-01,"D16L","EMP D16",38.093,-121.6697,0.725176774698218,0.0241703129481016,0.0253811871144376
"3915",2019-02-01,"D24L","EMP D24",38.1547,-121.6814,25.8057191526888,0.705607003055234,1.00642304695486
"3916",2019-02-01,"D28AL","EMP D28A",37.9701,-121.5741,0.00293183399136089,0.000101040725649136,0.000102614189697631
"3917",2019-02-01,"D4L","EMP D4",38.0581,-121.8193,1.71014147424835,0.110672704988956,0.119568160266193
"3918",2019-02-01,"D41C","EMP D41",38.016,-122.3647,0,0,0
"3919",2019-02-01,"D41AC","EMP D41A",38.0847,-122.3906,0.522823253829661,0.200524221590739,0.209129301531865
"3920",2019-02-01,"D6R","EMP D6",38.0577,-122.1149,5.50248107805369,1.84864786143925,2.20099243122148
"3921",2019-02-01,"D7C","EMP D7",38.1171,-122.0395,0.35,0.132111006086959,0.14
"3922",2019-02-01,"P8R","EMP P8",37.9778,-121.3799,0.765533749883248,0.0255053759637792,0.0267936812459137
"3923",2019-03-01,"C9L","EMP C9",37.8271,-121.5522,0.00300876696784167,0.000130950337682582,0.000132385746585034
"3924",2019-03-01,"D16L","EMP D16",38.093,-121.6697,0.305111679494795,0.0129252797950904,0.013424913897771
"3925",2019-03-01,"D24L","EMP D24",38.1547,-121.6814,56.0013373472675,1.21763684104663,2.18405215654343
"3926",2019-03-01,"D28AL","EMP D28A",37.9701,-121.5741,0.318948547542555,0.01366958497706,0.0140337360918724
"3927",2019-03-01,"D4L","EMP D4",38.0581,-121.8193,0.223044179269882,0.035430626772323,0.0360577252690326
"3928",2019-03-01,"D41C","EMP D41",38.016,-122.3647,0,0,0
"3929",2019-03-01,"D41AC","EMP D41A",38.0847,-122.3906,0.190716795434435,0.0732566572634376,0.0762867181737741
"3930",2019-03-01,"D6R","EMP D6",38.0577,-122.1149,2.86184544550728,1.04634745830942,1.14473817820291
"3931",2019-03-01,"D7C","EMP D7",38.1171,-122.0395,0.29,0.110800409499201,0.116
"3932",2019-03-01,"P8R","EMP P8",37.9778,-121.3799,13.105266667499,0.532825745081747,0.576631733369956
"3933",2019-04-01,"C9L","EMP C9",37.8271,-121.5522,7.19662070246486,0.336554285123191,0.352634414420778
"3934",2019-04-01,"D16L","EMP D16",38.093,-121.6697,0.207258246058732,0.00986904996565207,0.0101556540568779
"3935",2019-04-01,"D24L","EMP D24",38.1547,-121.6814,73.3972035290841,2.24951143807302,3.60398760418415
"3936",2019-04-01,"D28AL","EMP D28A",37.9701,-121.5741,0.0240463008294979,0.00114769471013451,0.0011782687406454
"3937",2019-04-01,"D4L","EMP D4",38.0581,-121.8193,0.538447629117228,0.0695018588518043,0.071486141618132
"3938",2019-04-01,"D41C","EMP D41",38.016,-122.3647,2.69182920670797e-05,1.07442667198979e-05,1.07673168268319e-05
"3939",2019-04-01,"D41AC","EMP D41A",38.0847,-122.3906,0.160848915290191,0.0611994852752249,0.0643395661160764
"3940",2019-04-01,"D6R","EMP D6",38.0577,-122.1149,1.93807529318456,0.720579612130464,0.775230117273824
"3941",2019-04-01,"D7C","EMP D7",38.1171,-122.0395,0.16,0.0608358353398093,0.064
"3942",2019-04-01,"P8R","EMP P8",37.9778,-121.3799,1.35748138155048,0.0716179858312701,0.0746614759852762
"3943",2019-05-01,"C9L","EMP C9",37.8271,-121.5522,0.00427231377445014,0.000292429031312855,0.000294789650437059
"3944",2019-05-01,"D16L","EMP D16",38.093,-121.6697,1.18068054190102,0.0807889927197267,0.0814669573911706
"3945",2019-05-01,"D24L","EMP D24",38.1547,-121.6814,54.1401142443877,1.94822489302919,2.97770628344132
"3946",2019-05-01,"D28AL","EMP D28A",37.9701,-121.5741,2.94368406793732,0.188573621204006,0.203114200687675
"3947",2019-05-01,"D4L","EMP D4",38.0581,-121.8193,0.284830469893942,0.0309563315160132,0.0316365987516917
"3948",2019-05-01,"D41C","EMP D41",38.016,-122.3647,17.7209037738107,5.66899016021782,7.08836150952429
"3949",2019-05-01,"D41AC","EMP D41A",38.0847,-122.3906,2.30981496805567,0.843534945500853,0.923925987222268
"3950",2019-05-01,"D6R","EMP D6",38.0577,-122.1149,4.42821296124171,1.6024816952623,1.77128518449668
"3951",2019-05-01,"D7C","EMP D7",38.1171,-122.0395,1.15,0.432353230027361,0.46
"3952",2019-05-01,"P8R","EMP P8",37.9778,-121.3799,9.58863741713677,0.683140183113114,0.738325081119531
"3953",2019-06-01,"C9L","EMP C9",37.8271,-121.5522,0.0294319955379294,0.00348093133399708,0.00353183946455153
"3954",2019-06-01,"D16L","EMP D16",38.093,-121.6697,0.0626068153958677,0.00741922897153397,0.00751281784750413
"3955",2019-06-01,"D24L","EMP D24",38.1547,-121.6814,22.7782648842544,2.2220837506366,2.72470959332622
"3956",2019-06-01,"D28AL","EMP D28A",37.9701,-121.5741,0.339683485799497,0.0398010801908379,0.0407620182959397
"3957",2019-06-01,"D4L","EMP D4",38.0581,-121.8193,6.69026371681266,0.63966000870777,0.768945641161608
"3958",2019-06-01,"D41C","EMP D41",38.016,-122.3647,27.5564283859664,8.18819101473104,11.0225713543866
"3959",2019-06-01,"D41AC","EMP D41A",38.0847,-122.3906,6.44417860871342,2.28519247082131,2.57767144348537
"3960",2019-06-01,"D6R","EMP D6",38.0577,-122.1149,16.4514580130308,5.47764240601323,6.58058320521231
"3961",2019-06-01,"D7C","EMP D7",38.1171,-122.0395,2.51,0.941712267235508,1.004
"3962",2019-06-01,"P8R","EMP P8",37.9778,-121.3799,6.23685609340075,0.359209548513575,0.380448221697446
"3963",2019-07-01,"C9L","EMP C9",37.8271,-121.5522,0.00718421125491785,0.000955760506196226,0.000962684308158992
"3964",2019-07-01,"D16L","EMP D16",38.093,-121.6697,0.52934516534613,0.0751824135510866,0.0788724296365734
"3965",2019-07-01,"D24L","EMP D24",38.1547,-121.6814,66.6193628329207,5.99569481272667,7.96893081779968
"3966",2019-07-01,"D28AL","EMP D28A",37.9701,-121.5741,0.0107878818139437,0.001545887921239,0.00160739439027761
"3967",2019-07-01,"D4L","EMP D4",38.0581,-121.8193,8.63063721285345,0.87622006710398,1.04871552375592
"3968",2019-07-01,"D41C","EMP D41",38.016,-122.3647,47.8907710506008,13.5630501306598,19.1563084202403
"3969",2019-07-01,"D41AC","EMP D41A",38.0847,-122.3906,7.95431286556996,2.78586329650378,3.18172514622798
"3970",2019-07-01,"D6R","EMP D6",38.0577,-122.1149,13.0022443622332,4.43141316492189,5.20089774489327
"3971",2019-07-01,"D7C","EMP D7",38.1171,-122.0395,2.59,0.963195141462125,1.036
"3972",2019-07-01,"P8R","EMP P8",37.9778,-121.3799,12.4333151477388,1.71260581522329,1.85256395701308
"3973",2019-08-01,"C9L","EMP C9",37.8271,-121.5522,0.000562192068964935,8.32923002013869e-05,8.37666182757754e-05
"3974",2019-08-01,"D16L","EMP D16",38.093,-121.6697,0.252239222430581,0.0361547846235852,0.0375836441421566
"3975",2019-08-01,"D24L","EMP D24",38.1547,-121.6814,47.6909903030979,4.55439970152032,6.39059270061512
"3976",2019-08-01,"D28AL","EMP D28A",37.9701,-121.5741,0.00769607231962047,0.00112834943053531,0.00114671477562345
"3977",2019-08-01,"D4L","EMP D4",38.0581,-121.8193,5.21575616473553,0.650438961700483,0.725092306866076
"3978",2019-08-01,"D41C","EMP D41",38.016,-122.3647,39.3264351045065,11.7551582839049,15.7305740418026
"3979",2019-08-01,"D41AC","EMP D41A",38.0847,-122.3906,12.7130299316066,4.41062162125437,5.08521197264266
"3980",2019-08-01,"D6R","EMP D6",38.0577,-122.1149,16.6024778632122,5.53879300128637,6.64099114528489
"3981",2019-08-01,"D7C","EMP D7",38.1171,-122.0395,7.81,2.64154090936709,3.124
"3982",2019-08-01,"P8R","EMP P8",37.9778,-121.3799,2.95905788950139,0.339246675651031,0.355086946740167
"3983",2019-09-01,"C9L","EMP C9",37.8271,-121.5522,0.000567850493100023,6.75526697499546e-05,6.81420591720027e-05
"3984",2019-09-01,"D16L","EMP D16",38.093,-121.6697,0.55646547240645,0.064623616856573,0.066775856688774
"3985",2019-09-01,"D24L","EMP D24",38.1547,-121.6814,52.9176284406693,3.67944479260831,5.066709477424
"3986",2019-09-01,"D28AL","EMP D28A",37.9701,-121.5741,0.00418579148527912,0.000494419792266608,0.000502294978233494
"3987",2019-09-01,"D4L","EMP D4",38.0581,-121.8193,6.00679584820446,0.587135452714775,0.684549427811111
"3988",2019-09-01,"D41C","EMP D41",38.016,-122.3647,42.2119355788565,13.1148658019665,16.8847742315426
"3989",2019-09-01,"D41AC","EMP D41A",38.0847,-122.3906,12.9849293668216,4.46165547361528,5.19397174672864
"3990",2019-09-01,"D6R","EMP D6",38.0577,-122.1149,20.824361245195,6.20572879887267,8.329744498078
"3991",2019-09-01,"D7C","EMP D7",38.1171,-122.0395,8.88,2.9077811717116,3.552
"3992",2019-09-01,"P8R","EMP P8",37.9778,-121.3799,1.45081761539228,0.163207713213537,0.174098113847074
"3993",2019-10-01,"C9L","EMP C9",37.8271,-121.5522,0.000571048480777667,3.91447189125333e-05,3.9402345173659e-05
"3994",2019-10-01,"D16L","EMP D16",38.093,-121.6697,0.482816030848426,0.0322176062040574,0.0333143061285414
"3995",2019-10-01,"D24L","EMP D24",38.1547,-121.6814,25.837868305251,1.47485440376087,1.78281291306232
"3996",2019-10-01,"D28AL","EMP D28A",37.9701,-121.5741,0.140817924816721,0.00950335256176149,0.00971643681235376
"3997",2019-10-01,"D4L","EMP D4",38.0581,-121.8193,4.52856964168718,0.287377309126174,0.325060921267383
"3998",2019-10-01,"D41C","EMP D41",38.016,-122.3647,19.4656530986043,6.56391047320839,7.78626123944173
"3999",2019-10-01,"D41AC","EMP D41A",38.0847,-122.3906,10.1855096928513,3.57382633527085,4.07420387714052
"4000",2019-10-01,"D6R","EMP D6",38.0577,-122.1149,17.2552018515486,5.24483921033843,6.90208074061944
"4001",2019-10-01,"D7C","EMP D7",38.1171,-122.0395,8.16,2.75877328534291,3.264
"4002",2019-10-01,"P8R","EMP P8",37.9778,-121.3799,2.64234329716027,0.181413223840402,0.203460433881341
"4003",2019-11-01,"C9L","EMP C9",37.8271,-121.5522,0.0060315850876882,0.000327826935552604,0.000331737179822851
"4004",2019-11-01,"D16L","EMP D16",38.093,-121.6697,0.784653427519393,0.0406020402253973,0.0431559385135666
"4005",2019-11-01,"D24L","EMP D24",38.1547,-121.6814,56.853987602678,1.77578695401045,2.79167402457367
"4006",2019-11-01,"D28AL","EMP D28A",37.9701,-121.5741,0.0541245077690513,0.00284921611484464,0.00297684792729782
"4007",2019-11-01,"D4L","EMP D4",38.0581,-121.8193,6.73646970218167,0.316723782306518,0.380935518675311
"4008",2019-11-01,"D41C","EMP D41",38.016,-122.3647,0,0,0
"4009",2019-11-01,"D41AC","EMP D41A",38.0847,-122.3906,7.26043021455698,2.60008806302187,2.90417208582279
"4010",2019-11-01,"D6R","EMP D6",38.0577,-122.1149,26.5595705092759,6.98296929794957,10.6238282037104
"4011",2019-11-01,"D7C","EMP D7",38.1171,-122.0395,8.59,2.85999382994185,3.436
"4012",2019-11-01,"P8R","EMP P8",37.9778,-121.3799,3.02972407800734,0.133995923251508,0.14845647982236
"4013",2019-12-01,"C9L","EMP C9",37.8271,-121.5522,0.0438935141947615,0.00167514948834731,0.0017118470535957
"4014",2019-12-01,"D16L","EMP D16",38.093,-121.6697,0.0816538327074966,0.00311931828648489,0.00318449947559237
"4015",2019-12-01,"D24L","EMP D24",38.1547,-121.6814,89.1856598004135,1.89134143670942,3.47824073221613
"4016",2019-12-01,"D28AL","EMP D28A",37.9701,-121.5741,0.0567768344634064,0.00212074906648837,0.00221429654407285
"4017",2019-12-01,"D4L","EMP D4",38.0581,-121.8193,7.47796621725354,0.567297923209575,0.627855065830724
"4018",2019-12-01,"D41C","EMP D41",38.016,-122.3647,0,0,0
"4019",2019-12-01,"D41AC","EMP D41A",38.0847,-122.3906,4.44688075494398,1.63602810023143,1.77875230197759
"4020",2019-12-01,"D6R","EMP D6",38.0577,-122.1149,21.2265982122301,6.30380875086995,8.49063928489204
"4021",2019-12-01,"D7C","EMP D7",38.1171,-122.0395,9.09,3.12499203765769,3.636
"4022",2019-12-01,"P8R","EMP P8",37.9778,-121.3799,2.83166213281404,0.0790001492238475,0.0877815261172353
"4023",2021-04-01,"C9L","EMP C9",37.8271721,-121.5522898,0.0298831411711175,0.00178033857181744,0.00183338801362597
"4024",2022-04-01,"C9L","EMP C9",37.8271721,-121.5522898,0.185112644366041,0.0134026876859465,0.0141796285584387
"4025",2023-04-01,"C9L","EMP C9",37.8271721,-121.5522898,0.278798918772914,0.0146191330167495,0.0153031998724986
"4026",2021-08-01,"C9L","EMP C9",37.8271721,-121.5522898,-0.00098558527340407,-0.000182257256531192,-0.000184010112502984
"4027",2022-08-01,"C9L","EMP C9",37.8271721,-121.5522898,0.50228499136021,0.0787328991376805,0.083899758489819
"4028",2023-08-01,"C9L","EMP C9",37.8271721,-121.5522898,4.43505142126672,0.684697604197145,0.740813979184495
"4029",2021-12-01,"C9L","EMP C9",37.8271721,-121.5522898,0.054735143319856,0.00206839957458221,0.00215152549861015
"4030",2022-12-01,"C9L","EMP C9",37.8271721,-121.5522898,2.79485695528709,0.0804300933865995,0.087935830822136
"4031",2023-12-01,"C9L","EMP C9",37.8271721,-121.5522898,0.436755536845419,0.0142655915343713,0.0153596627961799
"4032",2020-02-01,"C9L","EMP C9",37.8271721,-121.5522898,0.01832434124476,0.000557973890441,0.00057654692079251
"4033",2022-02-01,"C9L","EMP C9",37.8271721,-121.5522898,0.098207350823431,0.00297156015708824,0.00308994167703739
"4034",2023-02-01,"C9L","EMP C9",37.8271721,-121.5522898,0.378357628876489,0.0111618736007324,0.0119044348156022
"4035",2020-01-01,"C9L","EMP C9",37.8271721,-121.5522898,0.0291553182719887,0.000886282327778045,0.00091732678135142
"4036",2023-01-01,"C9L","EMP C9",37.8271721,-121.5522898,0.22420876118721,0.00754115870259095,0.00788489366994245
"4037",2020-07-01,"C9L","EMP C9",37.8271721,-121.5522898,0.221850910048329,0.0354934493044601,0.0370571251261081
"4038",2021-07-01,"C9L","EMP C9",37.8271721,-121.5522898,0.39582240687224,0.062007474086657,0.0661166567042095
"4039",2022-07-01,"C9L","EMP C9",37.8271721,-121.5522898,0.165089945173851,0.0297110430088399,0.0308225175480045
"4040",2023-07-01,"C9L","EMP C9",37.8271721,-121.5522898,1.92069641536478,0.263277183802105,0.287033283677062
"4041",2020-06-01,"C9L","EMP C9",37.8271721,-121.5522898,0.455937599174764,0.0559679135957545,0.0609595799444215
"4042",2021-06-01,"C9L","EMP C9",37.8271721,-121.5522898,0.49005795776041,0.062841321177392,0.06552152598857
"4043",2023-06-01,"C9L","EMP C9",37.8271721,-121.5522898,0.0398218747157048,0.00362877216824729,0.00381095341029295
"4044",2020-03-01,"C9L","EMP C9",37.8271721,-121.5522898,0.0140472849464648,0.000605224732644345,0.00061717681911089
"4045",2021-03-01,"C9L","EMP C9",37.8271721,-121.5522898,0.91707730790929,0.0368985726223141,0.0402924022635902
"4046",2022-03-01,"C9L","EMP C9",37.8271721,-121.5522898,0.141209382821685,0.00667313102589215,0.00693454138596405
"4047",2023-03-01,"C9L","EMP C9",37.8271721,-121.5522898,0.139083271527003,0.00416079993828055,0.0043760389997961
"4048",2021-05-01,"C9L","EMP C9",37.8271721,-121.5522898,0.0092194258574792,0.00077597945152052,0.00079010479598597
"4049",2022-05-01,"C9L","EMP C9",37.8271721,-121.5522898,0.177471846569384,0.0180437096184119,0.0189929346579696
"4050",2023-05-01,"C9L","EMP C9",37.8271721,-121.5522898,0.251996967146493,0.0147332206977021,0.0154604971542622
"4051",2020-11-01,"C9L","EMP C9",37.8271721,-121.5522898,0.186330920462598,0.0121389421874535,0.0127823011437342
"4052",2021-11-01,"C9L","EMP C9",37.8271721,-121.5522898,0.135083116445928,0.00804830116472725,0.0082876082242175
"4053",2022-11-01,"C9L","EMP C9",37.8271721,-121.5522898,0.31234699728915,0.0146018324288474,0.0153388049448409
"4054",2023-11-01,"C9L","EMP C9",37.8271721,-121.5522898,0.083176551456031,0.00316056126669174,0.00326949854316344
"4055",2020-10-01,"C9L","EMP C9",37.8271721,-121.5522898,0.0392147439459311,0.00512424295323395,0.00524307344447745
"4056",2022-10-01,"C9L","EMP C9",37.8271721,-121.5522898,-0.00065829856680165,-7.8214499681102e-05,-7.87449100865115e-05
"4057",2023-10-01,"C9L","EMP C9",37.8271721,-121.5522898,1.65185409650442,0.163979814526778,0.17678047265453
"4058",2020-09-01,"C9L","EMP C9",37.8271721,-121.5522898,0.823414705235865,0.100656200934397,0.110091851696569
"4059",2021-09-01,"C9L","EMP C9",37.8271721,-121.5522898,0.0358629432713483,0.0057714195861409,0.0059904084950896
"4060",2022-09-01,"C9L","EMP C9",37.8271721,-121.5522898,0.105169126162662,0.0149620150216839,0.0157167157612375
"4061",2023-09-01,"C9L","EMP C9",37.8271721,-121.5522898,0.41522872262863,0.059956283282657,0.062052733987371
"4062",2021-04-01,"D16L","EMP D16",38.093031,-121.6697445,0.358771872610591,0.0187516562677784,0.0196928944321425
"4063",2023-04-01,"D16L","EMP D16",38.093031,-121.6697445,0.199581956002556,0.010558932384214,0.0109550014651924
"4064",2020-08-01,"D16L","EMP D16",38.093031,-121.6697445,0.154903150583857,0.0224563873998292,0.0231490825975028
"4065",2021-08-01,"D16L","EMP D16",38.093031,-121.6697445,0.170990000393524,0.0217559873937763,0.0228616341743957
"4066",2022-08-01,"D16L","EMP D16",38.093031,-121.6697445,0.0281215602626068,0.00406363100819547,0.0042025505539174
"4067",2023-08-01,"D16L","EMP D16",38.093031,-121.6697445,0.0106996481415549,0.00156207146858815,0.00159897999272124
"4068",2021-12-01,"D16L","EMP D16",38.093031,-121.6697445,0.312509970697875,0.0122817281348854,0.0137303336830432
"4069",2022-12-01,"D16L","EMP D16",38.093031,-121.6697445,0.0505891682056385,0.00153039225045134,0.0015917095607874
"4070",2023-12-01,"D16L","EMP D16",38.093031,-121.6697445,0.0791839986713075,0.00299682485456305,0.00311255953469714
"4071",2020-02-01,"D16L","EMP D16",38.093031,-121.6697445,0.724015763711855,0.0215104612207272,0.0227800308670127
"4072",2022-02-01,"D16L","EMP D16",38.093031,-121.6697445,0.392242097757575,0.0116430083728924,0.0123412880521417
"4073",2023-02-01,"D16L","EMP D16",38.093031,-121.6697445,0.0241440452985386,0.000741659750770815,0.00075965486488241
"4074",2020-01-01,"D16L","EMP D16",38.093031,-121.6697445,0.172285012225728,0.00459595460922509,0.00484972159903104
"4075",2022-01-01,"D16L","EMP D16",38.093031,-121.6697445,-0.00831745905417285,-0.000230699108900234,-0.000234131572462196
"4076",2023-01-01,"D16L","EMP D16",38.093031,-121.6697445,-0.00360930959251197,-0.000111820799001736,-0.000113561317373125
"4077",2020-07-01,"D16L","EMP D16",38.093031,-121.6697445,0.106581050995593,0.0138223034835756,0.0142500555130482
"4078",2021-07-01,"D16L","EMP D16",38.093031,-121.6697445,0.146541434561813,0.0187875848926446,0.0195928221570446
"4079",2022-07-01,"D16L","EMP D16",38.093031,-121.6697445,0.111278190446779,0.0158367804778128,0.0166296683588666
"4080",2023-07-01,"D16L","EMP D16",38.093031,-121.6697445,0.119475564619035,0.0135653712541607,0.0142915282941758
"4081",2020-06-01,"D16L","EMP D16",38.093031,-121.6697445,0.647783064551415,0.072337280767093,0.077487057918866
"4082",2021-06-01,"D16L","EMP D16",38.093031,-121.6697445,0.0193564823037952,0.00226680209666282,0.00231539993472712
"4083",2022-06-01,"D16L","EMP D16",38.093031,-121.6697445,0.385962666080847,0.0435882320458326,0.046168405902734
"4084",2023-06-01,"D16L","EMP D16",38.093031,-121.6697445,0.419806718426624,0.0378773332004124,0.0401755029534279
"4085",2020-03-01,"D16L","EMP D16",38.093031,-121.6697445,0.635382630159198,0.0270013230307284,0.0285015068715556
"4086",2021-03-01,"D16L","EMP D16",38.093031,-121.6697445,0.13581274503612,0.0051745637338624,0.00533851866019415
"4087",2022-03-01,"D16L","EMP D16",38.093031,-121.6697445,-0.00351677915600595,-0.000152279342065145,-0.000154512034267908
"4088",2023-03-01,"D16L","EMP D16",38.093031,-121.6697445,0.0074710298559917,0.000229515368655271,0.000235064344255904
"4089",2021-05-01,"D16L","EMP D16",38.093031,-121.6697445,0.31831609929399,0.0261794416301337,0.0272796897094949
"4090",2022-05-01,"D16L","EMP D16",38.093031,-121.6697445,-0.00213476079824533,-0.000181376398804205,-0.000182949000409625
"4091",2023-05-01,"D16L","EMP D16",38.093031,-121.6697445,0.295757135422987,0.0190238766149926,0.0202889394900169
"4092",2020-11-01,"D16L","EMP D16",38.093031,-121.6697445,0.059302533824165,0.00439504162312367,0.00454257409093105
"4093",2021-11-01,"D16L","EMP D16",38.093031,-121.6697445,0.0735378141934925,0.00421318147922324,0.00451168591409366
"4094",2022-11-01,"D16L","EMP D16",38.093031,-121.6697445,0.00385126396336355,0.000165595425350025,0.00016920784703405
"4095",2023-11-01,"D16L","EMP D16",38.093031,-121.6697445,0.102256005328058,0.0068020425239721,0.0070147619655048
"4096",2020-10-01,"D16L","EMP D16",38.093031,-121.6697445,0.068272212613339,0.00790506894672325,0.0081666427890985
"4097",2022-10-01,"D16L","EMP D16",38.093031,-121.6697445,0.176852254069186,0.0162762065383305,0.0169247607144211
"4098",2023-10-01,"D16L","EMP D16",38.093031,-121.6697445,0.0456189920501026,0.0042373743286727,0.00436573753919482
"4099",2020-09-01,"D16L","EMP D16",38.093031,-121.6697445,0.217236110564086,0.0249563268824941,0.0259855312719625
"4100",2021-09-01,"D16L","EMP D16",38.093031,-121.6697445,0.0414313379012722,0.0053251766902253,0.0055394355709384
"4101",2022-09-01,"D16L","EMP D16",38.093031,-121.6697445,0.011729925163801,0.00152990252173689,0.00156830959337205
"4102",2023-09-01,"D16L","EMP D16",38.093031,-121.6697445,0.0091643275546973,0.00119301451540027,0.00122528512502277
"4103",2021-04-01,"D24L","EMP D24",38.1547193,-121.6814495,16.4756054301829,0.716249372507945,1.0108099861377
"4104",2022-04-01,"D24L","EMP D24",38.1547193,-121.6814495,2.63324164199932,0.147967318906818,0.201706309777148
"4105",2023-04-01,"D24L","EMP D24",38.1547193,-121.6814495,12.9657075477067,0.520194586372065,0.71168430266594
"4106",2020-08-01,"D24L","EMP D24",38.1547193,-121.6814495,34.5763148516186,2.60859235147548,5.16716390467525
"4107",2021-08-01,"D24L","EMP D24",38.1547193,-121.6814495,25.0855647044071,1.93839719200326,3.35397977665603
"4108",2022-08-01,"D24L","EMP D24",38.1547193,-121.6814495,8.90689824410855,0.836801786182295,1.33106733054343
"4109",2023-08-01,"D24L","EMP D24",38.1547193,-121.6814495,16.6235502261803,1.75915519619512,2.22259502354513
"4110",2021-12-01,"D24L","EMP D24",38.1547193,-121.6814495,6.6320360782994,0.191391930609786,0.260691648266635
"4111",2022-12-01,"D24L","EMP D24",38.1547193,-121.6814495,3.17510950986164,0.0862745020198675,0.099899886530067
"4112",2023-12-01,"D24L","EMP D24",38.1547193,-121.6814495,6.18983905206505,0.177205282796789,0.217682049983936
"4113",2020-02-01,"D24L","EMP D24",38.1547193,-121.6814495,16.4819147960865,0.455353024841365,0.647870048361345
"4114",2022-02-01,"D24L","EMP D24",38.1547193,-121.6814495,4.63800966308354,0.116185452006822,0.145927766468624
"4115",2023-02-01,"D24L","EMP D24",38.1547193,-121.6814495,4.04376660437151,0.108056263827023,0.127230832094478
"4116",2020-01-01,"D24L","EMP D24",38.1547193,-121.6814495,48.0008845456893,0.61410840064306,1.35119662207657
"4117",2022-01-01,"D24L","EMP D24",38.1547193,-121.6814495,0.499944807439623,0.0129151387357136,0.0140731518060704
"4118",2023-01-01,"D24L","EMP D24",38.1547193,-121.6814495,6.8726838144523,0.168515829497979,0.216238315903231
"4119",2020-07-01,"D24L","EMP D24",38.1547193,-121.6814495,44.1654849918746,3.47960780979682,6.6001915143889
"4120",2021-07-01,"D24L","EMP D24",38.1547193,-121.6814495,10.7831239889697,1.24166273050611,1.80117167345644
"4121",2022-07-01,"D24L","EMP D24",38.1547193,-121.6814495,12.2890968748487,1.20976072187421,1.83651086199555
"4122",2023-07-01,"D24L","EMP D24",38.1547193,-121.6814495,16.1284853538995,1.4965841768266,1.9292706882151
"4123",2020-06-01,"D24L","EMP D24",38.1547193,-121.6814495,25.1781846362858,1.70252795204568,3.01178520706593
"4124",2021-06-01,"D24L","EMP D24",38.1547193,-121.6814495,22.1298250814749,1.66496230955309,2.64714397714318
"4125",2022-06-01,"D24L","EMP D24",38.1547193,-121.6814495,8.7347477662645,0.90526331836039,1.30534076774731
"4126",2023-06-01,"D24L","EMP D24",38.1547193,-121.6814495,12.9363116730125,0.781655983117655,0.99092147415276
"4127",2020-03-01,"D24L","EMP D24",38.1547193,-121.6814495,8.7003050215338,0.293534097429336,0.382253695212191
"4128",2021-03-01,"D24L","EMP D24",38.1547193,-121.6814495,26.7547415272281,0.71094977690935,1.17548738669705
"4129",2022-03-01,"D24L","EMP D24",38.1547193,-121.6814495,23.4359331913297,0.707946709890045,1.15089695448344
"4130",2023-03-01,"D24L","EMP D24",38.1547193,-121.6814495,5.56749332738865,0.160083701119304,0.195795617718609
"4131",2021-05-01,"D24L","EMP D24",38.1547193,-121.6814495,23.6811070363627,0.952562198808915,2.02947087301628
"4132",2022-05-01,"D24L","EMP D24",38.1547193,-121.6814495,3.85421941544383,0.329421302647534,0.412476338811199
"4133",2023-05-01,"D24L","EMP D24",38.1547193,-121.6814495,6.8429868444434,0.436037692318986,0.524172792284365
"4134",2020-11-01,"D24L","EMP D24",38.1547193,-121.6814495,59.331672637523,1.17289631519537,2.9136728111256
"4135",2021-11-01,"D24L","EMP D24",38.1547193,-121.6814495,4.71375814335665,0.221063550253033,0.289198101018733
"4136",2022-11-01,"D24L","EMP D24",38.1547193,-121.6814495,15.6511527471029,0.474790166698242,0.687643819050355
"4137",2023-11-01,"D24L","EMP D24",38.1547193,-121.6814495,22.4812648447861,0.97563684290356,1.37926870744828
"4138",2020-10-01,"D24L","EMP D24",38.1547193,-121.6814495,12.1638715722742,0.96275788089705,1.30177051980927
"4139",2022-10-01,"D24L","EMP D24",38.1547193,-121.6814495,10.990691315604,0.776557044144455,1.0518091589033
"4140",2023-10-01,"D24L","EMP D24",38.1547193,-121.6814495,19.3114865193892,1.13640311101253,1.65499439471165
"4141",2020-09-01,"D24L","EMP D24",38.1547193,-121.6814495,20.6417566695718,1.72846106024368,2.46914296178748
"4142",2021-09-01,"D24L","EMP D24",38.1547193,-121.6814495,1.39351631657145,0.147124619190975,0.186315341085375
"4143",2022-09-01,"D24L","EMP D24",38.1547193,-121.6814495,9.87971007182895,0.65955346683139,1.0573208734861
"4144",2023-09-01,"D24L","EMP D24",38.1547193,-121.6814495,13.4538462776919,1.0475219420117,1.43982286875383
"4145",2021-04-01,"D28AL","EMP D28A",37.9701652,-121.5741188,0.347045704451861,0.0226142247654798,0.0238073353253976
"4146",2022-04-01,"D28AL","EMP D28A",37.9701652,-121.5741188,0.012485005920703,0.00084440619341671,0.000856471406160225
"4147",2023-04-01,"D28AL","EMP D28A",37.9701652,-121.5741188,0.0505837208745185,0.00295628811884936,0.00310340827307601
"4148",2020-08-01,"D28AL","EMP D28A",37.9701652,-121.5741188,0.0133343512900054,0.00200853644567323,0.00222731889682833
"4149",2021-08-01,"D28AL","EMP D28A",37.9701652,-121.5741188,-0.000758699034420355,-0.000113258437916627,-0.000113381726247941
"4150",2022-08-01,"D28AL","EMP D28A",37.9701652,-121.5741188,0.0149700363625497,0.00241038962162552,0.00250053745782943
"4151",2023-08-01,"D28AL","EMP D28A",37.9701652,-121.5741188,0.0446266197957818,0.0077923382430085,0.00833185067882305
"4152",2022-12-01,"D28AL","EMP D28A",37.9701652,-121.5741188,0.00793456962513125,0.00024345605894009,0.000249648902739758
"4153",2023-12-01,"D28AL","EMP D28A",37.9701652,-121.5741188,0.0592996763172115,0.00217042595858293,0.00233094786854292
"4154",2020-02-01,"D28AL","EMP D28A",37.9701652,-121.5741188,0.0160663260595576,0.000542829094350185,0.000565014819115215
"4155",2022-02-01,"D28AL","EMP D28A",37.9701652,-121.5741188,0.0187128409036235,0.000644287853410145,0.000658086508334175
"4156",2023-02-01,"D28AL","EMP D28A",37.9701652,-121.5741188,0.00921444933898585,0.000317279035361036,0.000324050464755521
"4157",2020-01-01,"D28AL","EMP D28A",37.9701652,-121.5741188,0.0205780721446938,0.00055373346900914,0.00057926060808926
"4158",2022-01-01,"D28AL","EMP D28A",37.9701652,-121.5741188,0.0846855077037875,0.00230255792708753,0.00238384715263488
"4159",2023-01-01,"D28AL","EMP D28A",37.9701652,-121.5741188,0.00835753049023605,0.000257615357862652,0.000262956709068765
"4160",2020-07-01,"D28AL","EMP D28A",37.9701652,-121.5741188,0.0632405083088015,0.0099363719433521,0.010563451954862
"4161",2021-07-01,"D28AL","EMP D28A",37.9701652,-121.5741188,0.0159168649348505,0.00255980528844112,0.00265869207107433
"4162",2022-07-01,"D28AL","EMP D28A",37.9701652,-121.5741188,0.0199562290090232,0.00325403630706953,0.00333341195342197
"4163",2023-07-01,"D28AL","EMP D28A",37.9701652,-121.5741188,0.260914773712829,0.0320937167848221,0.0348847189519266
"4164",2020-06-01,"D28AL","EMP D28A",37.9701652,-121.5741188,0.80774660301889,0.0792387462922235,0.0966217106265895
"4165",2021-06-01,"D28AL","EMP D28A",37.9701652,-121.5741188,0.00438850373989875,0.000526398745560385,0.00058674990843694
"4166",2022-06-01,"D28AL","EMP D28A",37.9701652,-121.5741188,0.00105407504174736,0.000152149592591094,0.000157523395188572
"4167",2023-06-01,"D28AL","EMP D28A",37.9701652,-121.5741188,0.0105090904417977,0.0010079676613706,0.0011246767976673
"4168",2020-03-01,"D28AL","EMP D28A",37.9701652,-121.5741188,0.252262945190947,0.0102944662720587,0.0110833404950382
"4169",2021-03-01,"D28AL","EMP D28A",37.9701652,-121.5741188,0.0290182970413555,0.00121242821284561,0.00127493820565703
"4170",2022-03-01,"D28AL","EMP D28A",37.9701652,-121.5741188,0.136536074083098,0.00575816674965465,0.0059988033429693
"4171",2023-03-01,"D28AL","EMP D28A",37.9701652,-121.5741188,0.0234205225206196,0.00090127678118628,0.00092061239521057
"4172",2021-05-01,"D28AL","EMP D28A",37.9701652,-121.5741188,0.0233397830043085,0.00214190557481917,0.00223361723351233
"4173",2022-05-01,"D28AL","EMP D28A",37.9701652,-121.5741188,0.328489558607622,0.029769576636407,0.0314364507587494
"4174",2023-05-01,"D28AL","EMP D28A",37.9701652,-121.5741188,0.112990159400418,0.00726399817349795,0.00775112493486865
"4175",2020-11-01,"D28AL","EMP D28A",37.9701652,-121.5741188,0.0169515680480809,0.00113717625395194,0.00116287756809835
"4176",2021-11-01,"D28AL","EMP D28A",37.9701652,-121.5741188,0.13128830588424,0.0078533760705419,0.0080547893194731
"4177",2022-11-01,"D28AL","EMP D28A",37.9701652,-121.5741188,0.00255751536097096,0.000110729292643672,0.000112366140597763
"4178",2023-11-01,"D28AL","EMP D28A",37.9701652,-121.5741188,-0.147804906947419,-0.0087589038012723,-0.010139416616593
"4179",2020-10-01,"D28AL","EMP D28A",37.9701652,-121.5741188,-0.00104647679285169,-0.000137741191977622,-0.000139915606498099
"4180",2022-10-01,"D28AL","EMP D28A",37.9701652,-121.5741188,0.0165838735887392,0.00193160549954619,0.00198374370002967
"4181",2023-10-01,"D28AL","EMP D28A",37.9701652,-121.5741188,0.133943546686195,0.0120747308437053,0.0128183974178688
"4182",2020-09-01,"D28AL","EMP D28A",37.9701652,-121.5741188,0.477589653668015,0.065517786621867,0.071372094749542
"4183",2022-09-01,"D28AL","EMP D28A",37.9701652,-121.5741188,0.0107434442123792,0.0015628694999178,0.00160552497813396
"4184",2023-09-01,"D28AL","EMP D28A",37.9701652,-121.5741188,0.0580528661208725,0.0083776264454884,0.0086755536461884
"4185",2021-04-01,"D4L","EMP D4",38.0581151,-121.8193499,9.19493105520483,0.475417391004614,0.598251532322836
"4186",2022-04-01,"D4L","EMP D4",38.0581151,-121.8193499,0.194915033343779,0.0491581162585264,0.0516036785963338
"4187",2023-04-01,"D4L","EMP D4",38.0581151,-121.8193499,9.13231970418748,0.437619218153676,0.525288790657194
"4188",2020-08-01,"D4L","EMP D4",38.0581151,-121.8193499,0.279479946508755,0.0496418128685259,0.051610224959773
"4189",2021-08-01,"D4L","EMP D4",38.0581151,-121.8193499,7.30599607751006,0.752345382852581,0.92401193472417
"4190",2022-08-01,"D4L","EMP D4",38.0581151,-121.8193499,4.72803123411067,0.529202844249055,0.668506177845227
"4191",2023-08-01,"D4L","EMP D4",38.0581151,-121.8193499,8.21597010792368,0.902540888896164,1.07392366615917
"4192",2021-12-01,"D4L","EMP D4",38.0581151,-121.8193499,7.72917856907007,1.17354920925679,1.59753992374134
"4193",2022-12-01,"D4L","EMP D4",38.0581151,-121.8193499,8.68623228277254,0.211807017049681,0.276449320761503
"4194",2023-12-01,"D4L","EMP D4",38.0581151,-121.8193499,1.51664903900139,0.0815700899912404,0.0901348667281706
"4195",2020-02-01,"D4L","EMP D4",38.0581151,-121.8193499,3.70922887411258,0.140106033340372,0.160495511447223
"4196",2022-02-01,"D4L","EMP D4",38.0581151,-121.8193499,5.40009993736034,0.672060123405833,0.89991137947101
"4197",2023-02-01,"D4L","EMP D4",38.0581151,-121.8193499,4.04785510170355,0.118044593579018,0.138845378243328
"4198",2020-01-01,"D4L","EMP D4",38.0581151,-121.8193499,0.79739198805085,0.0206359125294815,0.0224461147106505
"4199",2022-01-01,"D4L","EMP D4",38.0581151,-121.8193499,9.59834244643045,0.545890782804338,0.656600120222643
"4200",2023-01-01,"D4L","EMP D4",38.0581151,-121.8193499,2.14743665054935,0.0964940388147886,0.107472975181085
"4201",2020-07-01,"D4L","EMP D4",38.0581151,-121.8193499,9.26154487024405,0.912462946156415,1.23828323425917
"4202",2021-07-01,"D4L","EMP D4",38.0581151,-121.8193499,5.50508769892066,0.574313209889575,0.688915986556471
"4203",2022-07-01,"D4L","EMP D4",38.0581151,-121.8193499,1.65752024195288,0.197253021296495,0.218014950645668
"4204",2023-07-01,"D4L","EMP D4",38.0581151,-121.8193499,8.96742673225608,1.02415646582379,1.18993935586397
"4205",2020-06-01,"D4L","EMP D4",38.0581151,-121.8193499,2.29208289632729,0.362212711245631,0.407932807778389
"4206",2021-06-01,"D4L","EMP D4",38.0581151,-121.8193499,14.0502107372555,1.07586484096653,1.37798988398927
"4207",2022-06-01,"D4L","EMP D4",38.0581151,-121.8193499,0.395993093590377,0.0713561919001759,0.0746138889549255
"4208",2023-06-01,"D4L","EMP D4",38.0581151,-121.8193499,2.58411516043063,0.181047996339678,0.201002916999198
"4209",2020-03-01,"D4L","EMP D4",38.0581151,-121.8193499,5.54962577220555,0.200793732450517,0.243826504153574
"4210",2021-03-01,"D4L","EMP D4",38.0581151,-121.8193499,1.53656562044021,0.0602951669787391,0.0689718984875912
"4211",2022-03-01,"D4L","EMP D4",38.0581151,-121.8193499,13.5938505685668,1.13272217401341,1.52506746011
"4212",2023-03-01,"D4L","EMP D4",38.0581151,-121.8193499,4.86460573037934,0.160204861274645,0.195405510876056
"4213",2021-05-01,"D4L","EMP D4",38.0581151,-121.8193499,6.35916411079092,0.471201421303333,0.574575545828191
"4214",2022-05-01,"D4L","EMP D4",38.0581151,-121.8193499,3.81964968941569,0.324340566161269,0.369432472665934
"4215",2023-05-01,"D4L","EMP D4",38.0581151,-121.8193499,4.90703276382113,0.535107056079476,0.595156407731417
"4216",2020-11-01,"D4L","EMP D4",38.0581151,-121.8193499,0.796530941774187,0.0465482688790665,0.0516707395105259
"4217",2021-11-01,"D4L","EMP D4",38.0581151,-121.8193499,13.7564860455386,1.37081598104773,2.01351800942101
"4218",2022-11-01,"D4L","EMP D4",38.0581151,-121.8193499,3.51669072228927,0.39185225976109,0.450394452737713
"4219",2023-11-01,"D4L","EMP D4",38.0581151,-121.8193499,3.09801968943235,0.243965637747249,0.271375381822112
"4220",2020-10-01,"D4L","EMP D4",38.0581151,-121.8193499,4.54818930272198,0.381182085597474,0.453601295189935
"4221",2022-10-01,"D4L","EMP D4",38.0581151,-121.8193499,3.61144747154959,0.432004991288143,0.494384940631558
"4222",2023-10-01,"D4L","EMP D4",38.0581151,-121.8193499,0.0944079099015001,0.00743626991844346,0.0081441549578786
"4223",2020-09-01,"D4L","EMP D4",38.0581151,-121.8193499,4.53635139420395,0.428541463124832,0.5034460797753
"4224",2021-09-01,"D4L","EMP D4",38.0581151,-121.8193499,10.3592481840104,1.78848092603044,2.44859562957747
"4225",2022-09-01,"D4L","EMP D4",38.0581151,-121.8193499,1.32285514768547,0.270331612088223,0.324990227624622
"4226",2023-09-01,"D4L","EMP D4",38.0581151,-121.8193499,1.64712536446104,0.221599209148927,0.237111590000504
"4227",2023-04-01,"D41C","EMP D41",38.0160546,-122.3647171,-0.00111971060119702,-0.000443697756374849,-0.000447884240478809
"4228",2023-08-01,"D41C","EMP D41",38.0160546,-122.3647171,-0.00150084951051468,-0.00059317870097608,-0.00060033980420587
"4229",2023-12-01,"D41C","EMP D41",38.0160546,-122.3647171,0.0702625843258785,0.0182388845113851,0.0189708977679872
"4230",2020-02-01,"D41C","EMP D41",38.0160546,-122.3647171,0.0505191442058325,0.0132609749932985,0.0136401689355748
"4231",2020-06-01,"D41C","EMP D41",38.0160546,-122.3647171,0.0171491114331707,0.00669120506716425,0.0068596445732683
"4232",2020-03-01,"D41C","EMP D41",38.0160546,-122.3647171,0.0375299425129126,0.00988159602178245,0.0101330844784864
"4233",2020-10-01,"D41C","EMP D41",38.0160546,-122.3647171,0.00548155079072895,0.00216364468158796,0.00219262031629158
"4234",2023-09-01,"D41C","EMP D41",38.0160546,-122.3647171,0.0754145899768465,0.0285900532859324,0.0301658359907386
"4235",2021-04-01,"D41AC","EMP D41A",38.0847167,-122.3906667,-0.000440977504562062,-0.000174742231766669,-0.000176391001824824
"4236",2022-04-01,"D41AC","EMP D41A",38.0847167,-122.3906667,-7.0249855539896e-05,-2.78372851479545e-05,-2.80999422159584e-05
"4237",2023-04-01,"D41AC","EMP D41A",38.0847167,-122.3906667,0.160320172594222,0.0591775822471055,0.064128069037689
"4238",2021-08-01,"D41AC","EMP D41A",38.0847167,-122.3906667,0.00211246458069572,0.000835453412943135,0.000844985832278285
"4239",2023-08-01,"D41AC","EMP D41A",38.0847167,-122.3906667,2.05149029310271,0.72557293711412,0.820596117241085
"4240",2023-12-01,"D41AC","EMP D41A",38.0847167,-122.3906667,0.206742563641875,0.0516471447153755,0.0558204921833065
"4241",2020-02-01,"D41AC","EMP D41A",38.0847167,-122.3906667,0.299177294169051,0.0748222010297155,0.080777869425644
"4242",2023-02-01,"D41AC","EMP D41A",38.0847167,-122.3906667,-0.00054420892622443,-0.000146033791093655,-0.000146936410080597
"4243",2020-01-01,"D41AC","EMP D41A",38.0847167,-122.3906667,1.44180631598481,0.337812719443938,0.3892877053159
"4244",2022-01-01,"D41AC","EMP D41A",38.0847167,-122.3906667,0.000364590252830514,9.76131715209305e-05,9.8439368264239e-05
"4245",2023-07-01,"D41AC","EMP D41A",38.0847167,-122.3906667,2.5161984258966,0.89896799246659,1.00647937035864
"4246",2020-06-01,"D41AC","EMP D41A",38.0847167,-122.3906667,0.118058472708535,0.0455947434589292,0.0472233890834138
"4247",2021-06-01,"D41AC","EMP D41A",38.0847167,-122.3906667,0.010040256486123,0.00395526271793931,0.00401610259444918
"4248",2023-06-01,"D41AC","EMP D41A",38.0847167,-122.3906667,2.03594470451081,0.722529481050305,0.81437788180432
"4249",2020-03-01,"D41AC","EMP D41A",38.0847167,-122.3906667,0.171311402789984,0.0441234755877515,0.0462540787532957
"4250",2023-03-01,"D41AC","EMP D41A",38.0847167,-122.3906667,0.0153113568904115,0.00402414003301226,0.00413406636041113
"4251",2022-05-01,"D41AC","EMP D41A",38.0847167,-122.3906667,-0.000189342692153891,-6.4045897828352e-05,-7.57370768615565e-05
"4252",2023-05-01,"D41AC","EMP D41A",38.0847167,-122.3906667,0.60441404806248,0.225173427844355,0.241765619224993
"4253",2021-11-01,"D41AC","EMP D41A",38.0847167,-122.3906667,0.0376726956649105,0.0147019609599216,0.0150690782659643
"4254",2023-11-01,"D41AC","EMP D41A",38.0847167,-122.3906667,0.334513614450024,0.119032842980404,0.133805445780009
"4255",2020-09-01,"D41AC","EMP D41A",38.0847167,-122.3906667,0.106637409792172,0.0410594864453704,0.042654963916869
"4256",2021-09-01,"D41AC","EMP D41A",38.0847167,-122.3906667,0.00014882764038777,5.90201919032515e-05,5.9531056155108e-05
"4257",2023-09-01,"D41AC","EMP D41A",38.0847167,-122.3906667,1.93176506799126,0.666017787229485,0.772706027196505
"4258",2021-04-01,"D6R","EMP D6",38.0577031,-122.1149585,2.19513926515767,0.686219842750945,0.87805570606307
"4259",2022-04-01,"D6R","EMP D6",38.0577031,-122.1149585,3.85993193440186,1.11159176915702,1.54397277376074
"4260",2023-04-01,"D6R","EMP D6",38.0577031,-122.1149585,0.58859513011855,0.20562181648013,0.235438052047419
"4261",2020-08-01,"D6R","EMP D6",38.0577031,-122.1149585,8.61982379396675,1.85672462495501,3.4479295175867
"4262",2021-08-01,"D6R","EMP D6",38.0577031,-122.1149585,7.82879010756185,1.78518218334884,3.13151604302473
"4263",2022-08-01,"D6R","EMP D6",38.0577031,-122.1149585,9.8941737708804,2.43661460790576,3.95766950835215
"4264",2023-08-01,"D6R","EMP D6",38.0577031,-122.1149585,19.402632453628,2.26312043026839,7.7610529814512
"4265",2021-12-01,"D6R","EMP D6",38.0577031,-122.1149585,13.2607278694882,1.61510723446826,3.58039652476183
"4266",2022-12-01,"D6R","EMP D6",38.0577031,-122.1149585,2.69267117074906,0.559622230856855,0.727021216102245
"4267",2023-12-01,"D6R","EMP D6",38.0577031,-122.1149585,9.4252537153892,1.23981898408112,2.54481850315508
"4268",2020-02-01,"D6R","EMP D6",38.0577031,-122.1149585,8.5118636835022,1.08254824547924,2.2982031945456
"4269",2022-02-01,"D6R","EMP D6",38.0577031,-122.1149585,1.90141680827732,0.415581964236607,0.513382538234875
"4270",2023-02-01,"D6R","EMP D6",38.0577031,-122.1149585,0.726354180853055,0.174444111259082,0.196115628830325
"4271",2020-01-01,"D6R","EMP D6",38.0577031,-122.1149585,18.7708181956447,1.35069980347298,5.06812091282405
"4272",2022-01-01,"D6R","EMP D6",38.0577031,-122.1149585,0.96271872523244,0.216288323831493,0.259934055812759
"4273",2023-01-01,"D6R","EMP D6",38.0577031,-122.1149585,0.950317742019305,0.220898891610025,0.256585790345212
"4274",2020-07-01,"D6R","EMP D6",38.0577031,-122.1149585,8.3636001936785,1.84781011501579,3.3454400774714
"4275",2021-07-01,"D6R","EMP D6",38.0577031,-122.1149585,8.32514161750115,1.88995051783733,3.33005664700046
"4276",2022-07-01,"D6R","EMP D6",38.0577031,-122.1149585,6.7323450266476,1.70657947290551,2.69293801065905
"4277",2023-07-01,"D6R","EMP D6",38.0577031,-122.1149585,5.85560838659065,1.87635312421079,2.34224335463626
"4278",2020-06-01,"D6R","EMP D6",38.0577031,-122.1149585,10.6718854724202,2.21306350507954,4.26875418896806
"4279",2021-06-01,"D6R","EMP D6",38.0577031,-122.1149585,5.1564704091457,1.32188826403787,2.06258816365829
"4280",2022-06-01,"D6R","EMP D6",38.0577031,-122.1149585,2.91912403819728,0.93533380767943,1.16764961527891
"4281",2023-06-01,"D6R","EMP D6",38.0577031,-122.1149585,1.44408572426977,0.50523383652547,0.57763428970791
"4282",2020-03-01,"D6R","EMP D6",38.0577031,-122.1149585,15.8722980269753,1.87411215238308,4.28552046728333
"4283",2021-03-01,"D6R","EMP D6",38.0577031,-122.1149585,2.32277672584932,0.475268076361839,0.62714971597932
"4284",2022-03-01,"D6R","EMP D6",38.0577031,-122.1149585,2.14575939524252,0.457633108722944,0.57935503671548
"4285",2023-03-01,"D6R","EMP D6",38.0577031,-122.1149585,0.129923667168265,0.0324903956513568,0.0350793901354315
"4286",2021-05-01,"D6R","EMP D6",38.0577031,-122.1149585,3.10906859023782,0.90657304058485,1.24362743609513
"4287",2022-05-01,"D6R","EMP D6",38.0577031,-122.1149585,3.65601311739995,1.0720081240526,1.46240524695998
"4288",2023-05-01,"D6R","EMP D6",38.0577031,-122.1149585,0.84301874308215,0.302204553151842,0.33720749723286
"4289",2020-11-01,"D6R","EMP D6",38.0577031,-122.1149585,9.68843791631495,1.92894475464775,3.87537516652597
"4290",2021-11-01,"D6R","EMP D6",38.0577031,-122.1149585,4.82203770522092,1.23613312921698,1.92881508208837
"4291",2022-11-01,"D6R","EMP D6",38.0577031,-122.1149585,4.71642514453482,0.980514120926805,1.2734347890244
"4292",2023-11-01,"D6R","EMP D6",38.0577031,-122.1149585,9.6105009155616,1.96528164339514,3.84420036622464
"4293",2020-10-01,"D6R","EMP D6",38.0577031,-122.1149585,9.42916839107335,1.95899503378935,3.77166735642935
"4294",2022-10-01,"D6R","EMP D6",38.0577031,-122.1149585,8.2602554865587,2.26702499077946,3.30410219462349
"4295",2023-10-01,"D6R","EMP D6",38.0577031,-122.1149585,10.5644380214307,2.25780607571585,4.22577520857226
"4296",2020-09-01,"D6R","EMP D6",38.0577031,-122.1149585,12.0057609914581,2.36504091261332,4.80230439658323
"4297",2021-09-01,"D6R","EMP D6",38.0577031,-122.1149585,12.8537932941075,2.65525217204448,5.141517317643
"4298",2022-09-01,"D6R","EMP D6",38.0577031,-122.1149585,9.9890749426106,2.56033029066125,3.99562997704423
"4299",2023-09-01,"D6R","EMP D6",38.0577031,-122.1149585,15.7162474594566,2.40808684853492,6.2864989837826
"4300",2021-04-01,"D7C","EMP D7",38.1171292,-122.0395539,0.217001574791295,0.071002940379139,0.086800629916518
"4301",2022-04-01,"D7C","EMP D7",38.1171292,-122.0395539,0.113004486486078,0.0391207740618761,0.0452017945944313
"4302",2023-04-01,"D7C","EMP D7",38.1171292,-122.0395539,0.190959544535156,0.071582769684606,0.0763838178140625
"4303",2020-08-01,"D7C","EMP D7",38.1171292,-122.0395539,2.56271266464298,0.760483478066351,1.0179780548115
"4304",2021-08-01,"D7C","EMP D7",38.1171292,-122.0395539,6.82882058721575,1.89733321656698,2.73152823488629
"4305",2022-08-01,"D7C","EMP D7",38.1171292,-122.0395539,2.72032079406324,0.896706348182865,1.08812831762529
"4306",2023-08-01,"D7C","EMP D7",38.1171292,-122.0395539,2.20672672370092,0.66553103427788,0.88269068948037
"4307",2021-12-01,"D7C","EMP D7",38.1171292,-122.0395539,1.19130927637541,0.274971763821987,0.321653504621362
"4308",2022-12-01,"D7C","EMP D7",38.1171292,-122.0395539,0.31802539498952,0.077445770484,0.0858668566471705
"4309",2023-12-01,"D7C","EMP D7",38.1171292,-122.0395539,1.55779712171657,0.367011423493666,0.420605222863475
"4310",2020-02-01,"D7C","EMP D7",38.1171292,-122.0395539,1.04489214698263,0.235468942340187,0.277142722358362
"4311",2022-02-01,"D7C","EMP D7",38.1171292,-122.0395539,0.247214098270278,0.059581805471307,0.066747806532975
"4312",2023-02-01,"D7C","EMP D7",38.1171292,-122.0395539,0.273572328055533,0.0667328357517685,0.073864528574994
"4313",2020-01-01,"D7C","EMP D7",38.1171292,-122.0395539,2.55447111654614,0.5556538913519,0.68970720146746
"4314",2022-01-01,"D7C","EMP D7",38.1171292,-122.0395539,0.447175598673329,0.108054962862255,0.120737411641799
"4315",2023-01-01,"D7C","EMP D7",38.1171292,-122.0395539,0.162283517154948,0.0395821201588462,0.0438165496318359
"4316",2020-07-01,"D7C","EMP D7",38.1171292,-122.0395539,1.74183513450276,0.53305541344057,0.696734053801105
"4317",2021-07-01,"D7C","EMP D7",38.1171292,-122.0395539,3.22682909724129,0.922652219892935,1.29073163889652
"4318",2022-07-01,"D7C","EMP D7",38.1171292,-122.0395539,3.34100725769461,1.08218446169999,1.33640290307785
"4319",2023-07-01,"D7C","EMP D7",38.1171292,-122.0395539,0.559080667186725,0.211091590259641,0.223632266874691
"4320",2020-06-01,"D7C","EMP D7",38.1171292,-122.0395539,1.40431583425157,0.438761338820014,0.561988820721954
"4321",2021-06-01,"D7C","EMP D7",38.1171292,-122.0395539,2.33446396454247,0.675620993552905,0.93378558581699
"4322",2022-06-01,"D7C","EMP D7",38.1171292,-122.0395539,1.9933022149159,0.65719723358982,0.79732088596636
"4323",2023-06-01,"D7C","EMP D7",38.1171292,-122.0395539,0.70828864686553,0.262512602378508,0.283315458746213
"4324",2020-03-01,"D7C","EMP D7",38.1171292,-122.0395539,0.842732414961085,0.197904496411026,0.227537752039493
"4325",2021-03-01,"D7C","EMP D7",38.1171292,-122.0395539,0.571901999778174,0.136730172069512,0.154676223340612
"4326",2022-03-01,"D7C","EMP D7",38.1171292,-122.0395539,0.208816651308356,0.0521797680538335,0.056380495853256
"4327",2023-03-01,"D7C","EMP D7",38.1171292,-122.0395539,0.0523137426628335,0.0134275289997986,0.0141247105189651
"4328",2021-05-01,"D7C","EMP D7",38.1171292,-122.0395539,0.494196164906877,0.163972365186343,0.197678465962751
"4329",2022-05-01,"D7C","EMP D7",38.1171292,-122.0395539,0.194797657542467,0.068562894188167,0.077919063016987
"4330",2023-05-01,"D7C","EMP D7",38.1171292,-122.0395539,0.67858972766587,0.251251134703083,0.271435891066347
"4331",2020-11-01,"D7C","EMP D7",38.1171292,-122.0395539,1.86039072661543,0.402765200201529,0.50230549618617
"4332",2021-11-01,"D7C","EMP D7",38.1171292,-122.0395539,1.90982009650058,0.6312068294235,0.763928038600235
"4333",2022-11-01,"D7C","EMP D7",38.1171292,-122.0395539,3.73400794371145,0.800295820737985,1.00818214480209
"4334",2023-11-01,"D7C","EMP D7",38.1171292,-122.0395539,6.9587799564201,2.11406047459984,2.78351198256804
"4335",2020-10-01,"D7C","EMP D7",38.1171292,-122.0395539,6.0443027601054,1.63142947732332,2.41729565210801
"4336",2022-10-01,"D7C","EMP D7",38.1171292,-122.0395539,4.83527764527307,1.47318630772448,1.93411105810923
"4337",2023-10-01,"D7C","EMP D7",38.1171292,-122.0395539,5.6493192812656,1.65102824342382,2.25972771250624
"4338",2020-09-01,"D7C","EMP D7",38.1171292,-122.0395539,3.26480969305178,0.947076839327875,1.30592387722071
"4339",2021-09-01,"D7C","EMP D7",38.1171292,-122.0395539,9.4613644038763,2.52267094252558,3.78454576155052
"4340",2022-09-01,"D7C","EMP D7",38.1171292,-122.0395539,3.221915501399,1.01996640671626,1.2887662005596
"4341",2023-09-01,"D7C","EMP D7",38.1171292,-122.0395539,4.77583893403039,1.47622505019249,1.91033557361216
"4342",2021-04-01,"P8R","EMP P8",37.9778522,-121.3799929,1.76155151732869,0.11156124849881,0.120842434088748
"4343",2022-04-01,"P8R","EMP P8",37.9778522,-121.3799929,9.36694578658355,0.58558523365054,0.7175080472523
"4344",2023-04-01,"P8R","EMP P8",37.9778522,-121.3799929,11.1035885497047,0.524006278227805,0.609473076961685
"4345",2020-08-01,"P8R","EMP P8",37.9778522,-121.3799929,1.25321722977725,0.213125701835588,0.233977363161601
"4346",2021-08-01,"P8R","EMP P8",37.9778522,-121.3799929,5.2111798675891,0.866249088138815,0.972934376744915
"4347",2022-08-01,"P8R","EMP P8",37.9778522,-121.3799929,3.58905561572031,0.5793083935645,0.670081570260435
"4348",2023-08-01,"P8R","EMP P8",37.9778522,-121.3799929,18.9175679205814,2.795808381728,3.5319356886554
"4349",2021-12-01,"P8R","EMP P8",37.9778522,-121.3799929,3.90928395293624,0.13192173692651,0.171756993915158
"4350",2023-12-01,"P8R","EMP P8",37.9778522,-121.3799929,2.52238685035775,0.095067328638305,0.110822746089643
"4351",2020-02-01,"P8R","EMP P8",37.9778522,-121.3799929,1.70039335755034,0.0523482397127145,0.059798826550609
"4352",2022-02-01,"P8R","EMP P8",37.9778522,-121.3799929,12.5864923325924,0.329349514772622,0.442637268920868
"4353",2023-02-01,"P8R","EMP P8",37.9778522,-121.3799929,8.84284295380715,0.275819886126415,0.31098194406663
"4354",2020-01-01,"P8R","EMP P8",37.9778522,-121.3799929,3.29689961244673,0.0910744316571545,0.103731822843113
"4355",2022-01-01,"P8R","EMP P8",37.9778522,-121.3799929,2.14659994956724,0.0499232343402048,0.060425523993088
"4356",2023-01-01,"P8R","EMP P8",37.9778522,-121.3799929,9.00195071226265,0.279802774584372,0.316577388913841
"4357",2020-07-01,"P8R","EMP P8",37.9778522,-121.3799929,3.53707540778034,0.638320681709055,0.738123070669795
"4358",2021-07-01,"P8R","EMP P8",37.9778522,-121.3799929,6.21274914880245,1.0255486815095,1.15992872526947
"4359",2022-07-01,"P8R","EMP P8",37.9778522,-121.3799929,3.50587403197449,0.640225725176305,0.731611913099255
"4360",2023-07-01,"P8R","EMP P8",37.9778522,-121.3799929,22.9913798279177,3.07376573201855,3.8403919051737
"4361",2020-06-01,"P8R","EMP P8",37.9778522,-121.3799929,3.10123070364285,0.353063182654833,0.414639462389122
"4362",2021-06-01,"P8R","EMP P8",37.9778522,-121.3799929,7.87662969774255,1.15789377186999,1.31568201463621
"4363",2022-06-01,"P8R","EMP P8",37.9778522,-121.3799929,5.6119560030398,0.808405320354485,0.937399606616695
"4364",2023-06-01,"P8R","EMP P8",37.9778522,-121.3799929,10.0940877019003,0.783904847956535,0.96600419307186
"4365",2020-03-01,"P8R","EMP P8",37.9778522,-121.3799929,2.63795007832118,0.113118774263764,0.129545031829259
"4366",2021-03-01,"P8R","EMP P8",37.9778522,-121.3799929,1.61775534685545,0.065111000378611,0.0710771585311335
"4367",2022-03-01,"P8R","EMP P8",37.9778522,-121.3799929,12.4138665609849,0.430741179032712,0.609622885581825
"4368",2023-03-01,"P8R","EMP P8",37.9778522,-121.3799929,7.1689634581563,0.316302576085733,0.352055032049995
"4369",2021-05-01,"P8R","EMP P8",37.9778522,-121.3799929,1.39160152761616,0.153465924368271,0.16646175868313
"4370",2022-05-01,"P8R","EMP P8",37.9778522,-121.3799929,2.47726598445876,0.275940716341793,0.296327680241411
"4371",2023-05-01,"P8R","EMP P8",37.9778522,-121.3799929,10.3085398162386,0.703672526010485,0.78963414992388
"4372",2020-11-01,"P8R","EMP P8",37.9778522,-121.3799929,2.46241967716442,0.133530081365208,0.1510741690366
"4373",2021-11-01,"P8R","EMP P8",37.9778522,-121.3799929,1.78745461611234,0.0974904081648405,0.109663768253658
"4374",2022-11-01,"P8R","EMP P8",37.9778522,-121.3799929,3.47461639275769,0.135141538415393,0.152659585185707
"4375",2023-11-01,"P8R","EMP P8",37.9778522,-121.3799929,5.71423411872855,0.295354208310676,0.350579220582577
"4376",2020-10-01,"P8R","EMP P8",37.9778522,-121.3799929,0.825514980964655,0.103245613435176,0.110372661891706
"4377",2022-10-01,"P8R","EMP P8",37.9778522,-121.3799929,3.8261783016274,0.44833354665905,0.511566105716725
"4378",2023-10-01,"P8R","EMP P8",37.9778522,-121.3799929,12.1146112783698,1.37458772958916,1.6197427368483
"4379",2020-09-01,"P8R","EMP P8",37.9778522,-121.3799929,4.12235962177813,0.54877420309169,0.688583140298
"4380",2021-09-01,"P8R","EMP P8",37.9778522,-121.3799929,1.32114114987599,0.180261033167729,0.220678350562275
"4381",2022-09-01,"P8R","EMP P8",37.9778522,-121.3799929,1.42214930428019,0.242092249021043,0.265517211486735
"4382",2023-09-01,"P8R","EMP P8",37.9778522,-121.3799929,16.5604074624959,1.84479588925706,2.21415273592135
"4383",2020-08-01,"C9L","EMP C9",37.8271721,-121.5522898,0,0,0
"4384",2022-01-01,"C9L","EMP C9",37.8271721,-121.5522898,0,0,0
"4385",2022-06-01,"C9L","EMP C9",37.8271721,-121.5522898,0,0,0
"4386",2022-04-01,"D16L","EMP D16",38.093031,-121.6697445,0,0,0
"4387",2021-12-01,"D28AL","EMP D28A",37.9701652,-121.5741188,0,0,0
"4388",2021-09-01,"D28AL","EMP D28A",37.9701652,-121.5741188,0,0,0
"4389",2020-08-01,"D41C","EMP D41",38.0160546,-122.3647171,0,0,0
"4390",2020-01-01,"D41C","EMP D41",38.0160546,-122.3647171,0,0,0
"4391",2020-07-01,"D41C","EMP D41",38.0160546,-122.3647171,0,0,0
"4392",2020-11-01,"D41C","EMP D41",38.0160546,-122.3647171,0,0,0
"4393",2020-09-01,"D41C","EMP D41",38.0160546,-122.3647171,0,0,0
"4394",2021-04-01,"D41C","EMP D41",38.0160546,-122.3647171,0,0,0
"4395",2021-08-01,"D41C","EMP D41",38.0160546,-122.3647171,0,0,0
"4396",2021-12-01,"D41C","EMP D41",38.0160546,-122.3647171,0,0,0
"4397",2021-07-01,"D41C","EMP D41",38.0160546,-122.3647171,0,0,0
"4398",2021-06-01,"D41C","EMP D41",38.0160546,-122.3647171,0,0,0
"4399",2021-03-01,"D41C","EMP D41",38.0160546,-122.3647171,0,0,0
"4400",2021-05-01,"D41C","EMP D41",38.0160546,-122.3647171,0,0,0
"4401",2021-11-01,"D41C","EMP D41",38.0160546,-122.3647171,0,0,0
"4402",2021-09-01,"D41C","EMP D41",38.0160546,-122.3647171,0,0,0
"4403",2022-04-01,"D41C","EMP D41",38.0160546,-122.3647171,0,0,0
"4404",2022-08-01,"D41C","EMP D41",38.0160546,-122.3647171,0,0,0
"4405",2022-12-01,"D41C","EMP D41",38.0160546,-122.3647171,0,0,0
"4406",2022-02-01,"D41C","EMP D41",38.0160546,-122.3647171,0,0,0
"4407",2022-01-01,"D41C","EMP D41",38.0160546,-122.3647171,0,0,0
"4408",2022-07-01,"D41C","EMP D41",38.0160546,-122.3647171,0,0,0
"4409",2022-06-01,"D41C","EMP D41",38.0160546,-122.3647171,0,0,0
"4410",2022-03-01,"D41C","EMP D41",38.0160546,-122.3647171,0,0,0
"4411",2022-05-01,"D41C","EMP D41",38.0160546,-122.3647171,0,0,0
"4412",2022-11-01,"D41C","EMP D41",38.0160546,-122.3647171,0,0,0
"4413",2022-10-01,"D41C","EMP D41",38.0160546,-122.3647171,0,0,0
"4414",2022-09-01,"D41C","EMP D41",38.0160546,-122.3647171,0,0,0
"4415",2023-02-01,"D41C","EMP D41",38.0160546,-122.3647171,0,0,0
"4416",2023-01-01,"D41C","EMP D41",38.0160546,-122.3647171,0,0,0
"4417",2023-07-01,"D41C","EMP D41",38.0160546,-122.3647171,0,0,0
"4418",2023-06-01,"D41C","EMP D41",38.0160546,-122.3647171,0,0,0
"4419",2023-03-01,"D41C","EMP D41",38.0160546,-122.3647171,0,0,0
"4420",2023-05-01,"D41C","EMP D41",38.0160546,-122.3647171,0,0,0
"4421",2023-11-01,"D41C","EMP D41",38.0160546,-122.3647171,0,0,0
"4422",2023-10-01,"D41C","EMP D41",38.0160546,-122.3647171,0,0,0
"4423",2020-08-01,"D41AC","EMP D41A",38.0847167,-122.3906667,0,0,0
"4424",2020-07-01,"D41AC","EMP D41A",38.0847167,-122.3906667,0,0,0
"4425",2020-11-01,"D41AC","EMP D41A",38.0847167,-122.3906667,0,0,0
"4426",2020-10-01,"D41AC","EMP D41A",38.0847167,-122.3906667,0,0,0
"4427",2021-12-01,"D41AC","EMP D41A",38.0847167,-122.3906667,0,0,0
"4428",2021-07-01,"D41AC","EMP D41A",38.0847167,-122.3906667,0,0,0
"4429",2021-03-01,"D41AC","EMP D41A",38.0847167,-122.3906667,0,0,0
"4430",2021-05-01,"D41AC","EMP D41A",38.0847167,-122.3906667,0,0,0
"4431",2022-08-01,"D41AC","EMP D41A",38.0847167,-122.3906667,0,0,0
"4432",2022-12-01,"D41AC","EMP D41A",38.0847167,-122.3906667,0,0,0
"4433",2022-02-01,"D41AC","EMP D41A",38.0847167,-122.3906667,0,0,0
"4434",2022-07-01,"D41AC","EMP D41A",38.0847167,-122.3906667,0,0,0
"4435",2022-06-01,"D41AC","EMP D41A",38.0847167,-122.3906667,0,0,0
"4436",2022-03-01,"D41AC","EMP D41A",38.0847167,-122.3906667,0,0,0
"4437",2022-11-01,"D41AC","EMP D41A",38.0847167,-122.3906667,0,0,0
"4438",2022-10-01,"D41AC","EMP D41A",38.0847167,-122.3906667,0,0,0
"4439",2022-09-01,"D41AC","EMP D41A",38.0847167,-122.3906667,0,0,0
"4440",2023-01-01,"D41AC","EMP D41A",38.0847167,-122.3906667,0,0,0
