Year,Season,Month,SACmax_mo,OUTmax_mo,SJRmean_mo,EXPORTmean_mo,SAC_mean_var_m,OUT_mean_var_m,SAC_max_var_m,OUT_max_var_m,lag_SACmean_mo,lag_OUTmean_mo,lag_SJRmean_mo,lag_EXPORTmean_mo,SACmax_s,OUTmax_s,SAC_mean_var_s,OUT_mean_var_s,SAC_max_var_s,OUT_max_var_s,SACmax_sm,OUTmax_sm,SAC_max_var_sm,OUT_max_var_sm,year_month
1978,Autumn,10,15700,16533,3327.4193548387098,5157.129032258064,990.3225806451613,2911.6129032258063,2200,6800,17933.333333333332,11717.966666666667,2730.3333333333335,7562.066666666667,16100,22300,997.8260869565217,4108.684782608696,4100,15704,13203.225806451614,10928.066666666668,1496.6666666666667,6633.733333333334,1978-10-01
1978,Autumn,11,16100,22300,3497.6666666666665,5572.666666666667,1496.6666666666667,6633.733333333334,4100,15704,12487.09677419355,9599.967741935483,3327.4193548387098,5157.129032258064,16100,22300,997.8260869565217,4108.684782608696,4100,15704,13203.225806451614,10928.066666666668,1496.6666666666667,6633.733333333334,1978-11-01
1978,Autumn,12,13900,11303,2812.2580645161293,6050.677419354839,522.5806451612904,2862.1612903225805,1100,5385,12443.333333333334,10928.066666666668,3497.6666666666665,5572.666666666667,16100,22300,997.8260869565217,4108.684782608696,4100,15704,13203.225806451614,10928.066666666668,1496.6666666666667,6633.733333333334,1978-12-01
1979,Autumn,10,18300,15858,2790.3225806451615,7751.967741935484,2967.7419354838707,4758,7800,10079,14566.666666666666,4971.7,1841,9348.433333333332,45500,57821,5050,8448.434782608696,29600,45395,20319.354838709678,19028.548387096773,7841.935483870968,13774,1979-10-01
1979,Autumn,11,21400,20659,2320,5856.866666666667,4316.666666666667,6758.8,8500,11060,12577.41935483871,7798.645161290323,2790.3225806451615,7751.967741935484,45500,57821,5050,8448.434782608696,29600,45395,20319.354838709678,19028.548387096773,7841.935483870968,13774,1979-11-01
1979,Autumn,12,45500,57821,2486.7741935483873,5973.322580645161,7841.935483870968,13774,29600,45395,15200,12172.066666666668,2320,5856.866666666667,45500,57821,5050,8448.434782608696,29600,45395,20319.354838709678,19028.548387096773,7841.935483870968,13774,1979-12-01
1979,Spring,4,28200,38120,3506.3333333333335,5881.9,4773.333333333333,7248.033333333334,10000,19896,29164.516129032258,38086.8064516129,8651.935483870968,4347.129032258064,28200,38120,3663.736263736264,4830.494505494506,10000,19896,17983.870967741936,14484.6,4773.333333333333,7248.033333333334,1979-04-01
1979,Spring,5,22600,19109,2523.548387096774,6245.354838709677,4425.806451612903,5470.193548387097,7200,10967,16546.666666666668,14484.6,3506.3333333333335,5881.9,28200,38120,3663.736263736264,4830.494505494506,10000,19896,17983.870967741936,14484.6,4773.333333333333,7248.033333333334,1979-05-01
1979,Spring,6,15500,10808,2253.6666666666665,6351.033333333334,1766.6666666666667,1751.9333333333334,5800,9576,17983.870967741936,13434.709677419354,2523.548387096774,6245.354838709677,28200,38120,3663.736263736264,4830.494505494506,10000,19896,17983.870967741936,14484.6,4773.333333333333,7248.033333333334,1979-06-01
1979,Summer,7,17800,12100,1333.5483870967741,9458.774193548386,1370.967741935484,3378.4193548387098,3100,8181,12206.666666666666,5315.766666666666,2253.6666666666665,6351.033333333334,17800,12100,1194.5652173913043,2347.836956521739,3100,8181,16412.90322580645,5264.419354838709,1370.967741935484,3378.4193548387098,1979-07-01
1979,Summer,8,17600,5776,1450.967741935484,10480.870967741936,1164.516129032258,1730.1935483870968,2000,2896,16412.90322580645,5264.419354838709,1333.5483870967741,9458.774193548386,17800,12100,1194.5652173913043,2347.836956521739,3100,8181,16412.90322580645,5264.419354838709,1370.967741935484,3378.4193548387098,1979-08-01
1979,Summer,9,15900,7355,1841,9348.433333333332,1043.3333333333333,1921.1333333333334,1900,3802,15677.41935483871,3356.5806451612902,1450.967741935484,10480.870967741936,17800,12100,1194.5652173913043,2347.836956521739,3100,8181,16412.90322580645,5264.419354838709,1370.967741935484,3378.4193548387098,1979-09-01
1979,Winter,1,46100,65795,5233.225806451613,4103.903225806452,11496.774193548386,20332.516129032258,27500,50505,NA,NA,NA,NA,71300,111315,13413.333333333334,22462.48888888889,30200,57405,32442.85714285714,46341.07142857143,17571.428571428572,29132.571428571428,1979-01-01
1979,Winter,2,71300,111315,7137.857142857143,2938.8214285714284,17571.428571428572,29132.571428571428,30200,57405,23190.322580645163,30522.451612903227,5233.225806451613,4103.903225806452,71300,111315,13413.333333333334,22462.48888888889,30200,57405,32442.85714285714,46341.07142857143,17571.428571428572,29132.571428571428,1979-02-01
1979,Winter,3,52400,75136,8651.935483870968,4347.129032258064,11574.193548387097,18567.870967741936,22900,36583,32442.85714285714,46341.07142857143,7137.857142857143,2938.8214285714284,71300,111315,13413.333333333334,22462.48888888889,30200,57405,32442.85714285714,46341.07142857143,17571.428571428572,29132.571428571428,1979-03-01
1980,Autumn,10,14300,10262,4072.2580645161293,6740.967741935484,1359.032258064516,3019.967741935484,3140,6125,15886.666666666666,9803,3801.6666666666665,7781.6,29900,30213,2737.282608695652,4781.217391304348,18500,23164,16687.09677419355,12486.806451612903,5841.935483870968,9204.161290322581,1980-10-01
1980,Autumn,11,11600,8038,3277.6666666666665,6457.3,953.3333333333334,2030.8,4400,9854,11343.548387096775,7320.8387096774195,4072.2580645161293,6740.967741935484,29900,30213,2737.282608695652,4781.217391304348,18500,23164,16687.09677419355,12486.806451612903,5841.935483870968,9204.161290322581,1980-11-01
1980,Autumn,12,29900,30213,2949.3548387096776,6764.645161290323,5841.935483870968,9204.161290322581,18500,23164,10871.666666666666,6661.8,3277.6666666666665,6457.3,29900,30213,2737.282608695652,4781.217391304348,18500,23164,16687.09677419355,12486.806451612903,5841.935483870968,9204.161290322581,1980-12-01
1980,Spring,4,29400,41666,10249.333333333334,5404.066666666667,3066.6666666666665,6096.466666666666,5400,14045,55338.709677419356,99151.83870967742,25232.25806451613,4359.870967741936,29400,41666,2643.956043956044,4390.087912087912,6000,14045,22586.666666666668,28628.366666666665,3066.6666666666665,6096.466666666666,1980-04-01
1980,Spring,5,19100,27719,9912.258064516129,4738.8387096774195,2819.3548387096776,4664.5161290322585,6000,9824,22586.666666666668,28628.366666666665,10249.333333333334,5404.066666666667,29400,41666,2643.956043956044,4390.087912087912,6000,14045,22586.666666666668,28628.366666666665,3066.6666666666665,6096.466666666666,1980-05-01
1980,Spring,6,21000,16325,5305.333333333333,6040.333333333333,2040,2400.133333333333,3500,4619,15893.548387096775,20803.516129032258,9912.258064516129,4738.8387096774195,29400,41666,2643.956043956044,4390.087912087912,6000,14045,22586.666666666668,28628.366666666665,3066.6666666666665,6096.466666666666,1980-06-01
1980,Summer,7,19200,15512,3383.548387096774,6994.935483870968,1516.1290322580646,2751.064516129032,2800,5759,17813.333333333332,14790.3,5305.333333333333,6040.333333333333,19200,17664,1591.304347826087,3003.554347826087,3700,10089,17725.8064516129,11065.225806451614,1838.7096774193549,4329.2,1980-07-01
1980,Summer,8,16900,6195,1969.032258064516,9343,1838.7096774193549,1973.1612903225807,3700,5179,17725.8064516129,11065.225806451614,3383.548387096774,6994.935483870968,19200,17664,1591.304347826087,3003.554347826087,3700,10089,17725.8064516129,11065.225806451614,1838.7096774193549,4329.2,1980-08-01
1980,Summer,9,17100,17664,3801.6666666666665,7781.6,1413.3333333333333,4329.2,3100,10089,14916.129032258064,4121.677419354839,1969.032258064516,9343,19200,17664,1591.304347826087,3003.554347826087,3700,10089,17725.8064516129,11065.225806451614,1838.7096774193549,4329.2,1980-09-01
1980,Winter,1,94600,303238,13069.032258064517,6368.8387096774195,22883.870967741936,95694.74193548386,63800,263654,NA,NA,NA,NA,94600,339852,17895.604395604394,72984.43956043955,69100,294734,58635.48387096774,121654.79310344828,22883.870967741936,100066.27586206897,1980-01-01
1980,Winter,2,94100,339852,18648.275862068964,6183.724137931034,22344.827586206895,100066.27586206897,69100,294734,58635.48387096774,118220.12903225806,13069.032258064517,6368.8387096774195,94600,339852,17895.604395604394,72984.43956043955,69100,294734,58635.48387096774,121654.79310344828,22883.870967741936,100066.27586206897,1980-02-01
1980,Winter,3,72000,159520,25232.25806451613,4359.870967741936,8745.161290322581,24939.516129032258,16500,52886,52575.862068965514,121654.79310344828,18648.275862068964,6183.724137931034,94600,339852,17895.604395604394,72984.43956043955,69100,294734,58635.48387096774,121654.79310344828,22883.870967741936,100066.27586206897,1980-03-01
1981,Autumn,10,12700,15359,1386.4516129032259,5934.548387096775,1861.2903225806451,4644.322580645161,4500,13150,12803.333333333334,4695.866666666667,1181.7,6797.266666666666,98300,217288,13076.739130434782,31628.369565217392,56500,178985,62058.06451612903,86287.3870967742,21167.74193548387,62386.51612903226,1981-10-01
1981,Autumn,11,77900,109046,1564,4717.366666666667,16305.333333333334,27728.466666666667,36100,72295,9895.161290322581,5213.774193548387,1386.4516129032259,5934.548387096775,98300,217288,13076.739130434782,31628.369565217392,56500,178985,62058.06451612903,86287.3870967742,21167.74193548387,62386.51612903226,1981-11-01
1981,Autumn,12,98300,217288,1850.967741935484,5166.806451612903,21167.74193548387,62386.51612903226,56500,178985,32939.333333333336,36000.6,1564,4717.366666666667,98300,217288,13076.739130434782,31628.369565217392,56500,178985,62058.06451612903,86287.3870967742,21167.74193548387,62386.51612903226,1981-12-01
1981,Spring,4,35000,32847,2532.3333333333335,8094.366666666667,6326.333333333333,11821.466666666667,14000,18483,24509.677419354837,26483.25806451613,3121.935483870968,4834.225806451613,35000,32847,3846.263736263736,6370.791208791209,14000,18483,17224.333333333332,11647.666666666666,6326.333333333333,11821.466666666667,1981-04-01
1981,Spring,5,18100,14787,1966.774193548387,4478.032258064516,2900.3225806451615,4210.677419354839,4900,9937,17224.333333333332,11647.666666666666,2532.3333333333335,8094.366666666667,35000,32847,3846.263736263736,6370.791208791209,14000,18483,17224.333333333332,11647.666666666666,6326.333333333333,11821.466666666667,1981-05-01
1981,Spring,6,12500,9297,1498.6666666666667,4032.3,2343.6666666666665,3152.233333333333,5010,5903,13780.645161290322,9142.548387096775,1966.774193548387,4478.032258064516,35000,32847,3846.263736263736,6370.791208791209,14000,18483,17224.333333333332,11647.666666666666,6326.333333333333,11821.466666666667,1981-06-01
1981,Summer,7,18200,6305,1265.1612903225807,7045.935483870968,1883.8709677419354,1319.7096774193549,5500,2150,10728.666666666666,4595.8,1498.6666666666667,4032.3,18200,6305,1460.4347826086957,1644.7826086956522,5500,3385,15303.225806451614,5305.741935483871,1883.8709677419354,1839.774193548387,1981-07-01
1981,Summer,8,17100,5289,1269.3548387096773,9314.645161290322,1274.1935483870968,1839.774193548387,2100,3385,15303.225806451614,5305.741935483871,1265.1612903225807,7045.935483870968,18200,6305,1460.4347826086957,1644.7826086956522,5500,3385,15303.225806451614,5305.741935483871,1883.8709677419354,1839.774193548387,1981-08-01
1981,Summer,9,14100,6052,1181.7,6797.266666666666,1215.3333333333333,1779.2,2460,2588,14851.612903225807,3148.1935483870966,1269.3548387096773,9314.645161290322,18200,6305,1460.4347826086957,1644.7826086956522,5500,3385,15303.225806451614,5305.741935483871,1883.8709677419354,1839.774193548387,1981-09-01
1981,Winter,1,51900,75205,3250.6451612903224,8264.838709677419,9267.741935483871,17077.8064516129,27100,51279,NA,NA,NA,NA,52500,75205,9646.666666666666,14964.433333333332,29500,53175,24509.677419354837,26483.25806451613,11803.57142857143,17077.8064516129,1981-01-01
1981,Winter,2,52500,67260,2878.9285714285716,7242.142857142857,11803.57142857143,14462.964285714286,29500,53175,18509.677419354837,18325.25806451613,3250.6451612903224,8264.838709677419,52500,75205,9646.666666666666,14964.433333333332,29500,53175,24509.677419354837,26483.25806451613,11803.57142857143,17077.8064516129,1981-02-01
1981,Winter,3,40300,45332,3121.935483870968,4834.225806451613,8077.419354838709,13304,16400,28783,24239.285714285714,21171.39285714286,2878.9285714285716,7242.142857142857,52500,75205,9646.666666666666,14964.433333333332,29500,53175,24509.677419354837,26483.25806451613,11803.57142857143,17077.8064516129,1981-03-01
1982,Autumn,10,23900,33769,8179.354838709677,5295.032258064516,3516.1290322580644,7190.709677419355,7900,16652,24856.666666666668,25801.833333333332,6122,5348.2,96200,200389,13823.91304347826,30268.728260869564,62500,154591,57706.45161290323,88908,26680.645161290322,61416.16129032258,1982-10-01
1982,Autumn,11,50800,92380,6974.333333333333,6072.766666666666,11190,21930.333333333332,29100,53216,19229.032258064515,22975.387096774193,8179.354838709677,5295.032258064516,96200,200389,13823.91304347826,30268.728260869564,62500,154591,57706.45161290323,88908,26680.645161290322,61416.16129032258,1982-11-01
1982,Autumn,12,96200,200389,16493.548387096773,8428.451612903225,26680.645161290322,61416.16129032258,62500,154591,31523.333333333332,39152.333333333336,6974.333333333333,6072.766666666666,96200,200389,13823.91304347826,30268.728260869564,62500,154591,57706.45161290323,88908,26680.645161290322,61416.16129032258,1982-12-01
1982,Spring,4,93700,230827,22963.333333333332,9613.466666666667,16070,67121.8,45400,127523,62812.903225806454,80088.3870967742,10061.612903225807,10417.709677419354,93700,230827,9195.604395604396,27321.30769230769,45400,127523,76580,142192.36666666667,16070,67121.8,1982-04-01
1982,Spring,5,60100,83170,18653.870967741936,6087.903225806452,7822.580645161291,9746.806451612903,13100,15480,76580,142192.36666666667,22963.333333333332,9613.466666666667,93700,230827,9195.604395604396,27321.30769230769,45400,127523,76580,142192.36666666667,16070,67121.8,1982-05-01
1982,Spring,6,36400,41108,7584,4060.6666666666665,3740,5681.133333333333,9400,10274,42358.06451612903,57781.967741935485,18653.870967741936,6087.903225806452,93700,230827,9195.604395604396,27321.30769230769,45400,127523,76580,142192.36666666667,16070,67121.8,1982-06-01
1982,Summer,7,21800,29776,6162.903225806452,4140.225806451613,2003.225806451613,5177.129032258064,4500,11077,25810,28123,7584,4060.6666666666665,26600,33452,1984.7826086956522,4918.967391304348,4500,11077,24856.666666666668,25801.833333333332,2003.225806451613,6289.8,1982-07-01
1982,Summer,8,24300,21227,4016.7741935483873,8204.774193548386,1967.741935483871,3334.1935483870966,3700,8403,17632.25806451613,16740.83870967742,6162.903225806452,4140.225806451613,26600,33452,1984.7826086956522,4918.967391304348,4500,11077,24856.666666666668,25801.833333333332,2003.225806451613,6289.8,1982-08-01
1982,Summer,9,26600,33452,6122,5348.2,1983.3333333333333,6289.8,3300,10034,20609.677419354837,13309.258064516129,4016.7741935483873,8204.774193548386,26600,33452,1984.7826086956522,4918.967391304348,4500,11077,24856.666666666668,25801.833333333332,2003.225806451613,6289.8,1982-09-01
1982,Winter,1,92700,222673,3889.032258064516,5208.1612903225805,13229.032258064517,44657.6129032258,23200,125296,NA,NA,NA,NA,98000,242388,15562.222222222223,49104.72222222222,67200,215655,64609.67741935484,97674.03225806452,22310.714285714286,73285.5,1982-01-01
1982,Winter,2,98000,242388,6645.357142857143,9452.392857142857,22310.714285714286,73285.5,67200,215655,64609.67741935484,97674.03225806452,3889.032258064516,5208.1612903225805,98000,242388,15562.222222222223,49104.72222222222,67200,215655,64609.67741935484,97674.03225806452,22310.714285714286,73285.5,1982-02-01
1982,Winter,3,70900,102840,10061.612903225807,10417.709677419354,11800,31711.129032258064,45400,121089,59432.142857142855,92555.17857142857,6645.357142857143,9452.392857142857,98000,242388,15562.222222222223,49104.72222222222,67200,215655,64609.67741935484,97674.03225806452,22310.714285714286,73285.5,1982-03-01
1983,Autumn,10,26200,37830,13322.58064516129,2506.2258064516127,2625.8064516129034,4093.7419354838707,8000,9681,24616.666666666668,31441.566666666666,11310,4263.066666666667,92700,356087,11859.782608695652,41905.27173913043,42300,249518,74512.90322580645,154586.87096774194,20403.333333333332,89152.6129032258,1983-10-01
1983,Autumn,11,86600,128166,10876.333333333334,1754.3333333333333,20403.333333333332,32154.933333333334,42300,53755,21148.387096774193,32282.645161290322,13322.58064516129,2506.2258064516127,92700,356087,11859.782608695652,41905.27173913043,42300,249518,74512.90322580645,154586.87096774194,20403.333333333332,89152.6129032258,1983-11-01
1983,Autumn,12,92700,356087,19125.8064516129,2142.1935483870966,12825.806451612903,89152.6129032258,24700,249518,48820,74137.13333333333,10876.333333333334,1754.3333333333333,92700,356087,11859.782608695652,41905.27173913043,42300,249518,74512.90322580645,154586.87096774194,20403.333333333332,89152.6129032258,1983-12-01
1983,Spring,4,71500,169040,36446.666666666664,3833.6666666666665,8656.666666666666,24365.833333333332,20800,43627,78290.32258064517,266623.1612903226,40035.48387096774,5436.1612903225805,72100,169040,6400,14322.23076923077,20800,43627,62283.87096774193,118099.73333333334,8656.666666666666,24365.833333333332,1983-04-01
1983,Spring,5,72100,134653,31770.967741935485,3322.4193548387098,5825.806451612903,12247.935483870968,19000,24204,60510,118099.73333333334,36446.666666666664,3833.6666666666665,72100,169040,6400,14322.23076923077,20800,43627,62283.87096774193,118099.73333333334,8656.666666666666,24365.833333333332,1983-05-01
1983,Spring,6,56500,84643,26083.333333333332,5119.2,4736.666666666667,6422.066666666667,9000,14422,62283.87096774193,98658.83870967742,31770.967741935485,3322.4193548387098,72100,169040,6400,14322.23076923077,20800,43627,62283.87096774193,118099.73333333334,8656.666666666666,24365.833333333332,1983-06-01
1983,Summer,7,40300,59504,19227.41935483871,5316.8387096774195,3022.5806451612902,7229,5700,14663,48380,70929.4,26083.333333333332,5119.2,40300,59504,2183.695652173913,4837.489130434783,5700,14663,31000,43759.1935483871,3022.5806451612902,7229,1983-07-01
1983,Summer,8,27200,31043,9034.838709677419,7272.8387096774195,1248.3870967741937,2996.032258064516,2500,5880,31000,43759.1935483871,19227.41935483871,5316.8387096774195,40300,59504,2183.695652173913,4837.489130434783,5700,14663,31000,43759.1935483871,3022.5806451612902,7229,1983-08-01
1983,Summer,9,27800,36281,11310,4263.066666666667,2283.3333333333335,4269.1,4800,8824,25038.709677419356,24484.09677419355,9034.838709677419,7272.8387096774195,40300,59504,2183.695652173913,4837.489130434783,5700,14663,31000,43759.1935483871,3022.5806451612902,7229,1983-09-01
1983,Winter,1,93600,285664,19067.74193548387,10077.870967741936,19819.354838709678,64431.354838709674,52500,188110,NA,NA,NA,NA,93600,419680,12467.777777777777,81815.97777777778,52500,273954,79039.28571428571,266623.1612903226,19819.354838709678,101159.32258064517,1983-01-01
1983,Winter,2,90400,221043,31603.571428571428,10246.035714285714,11525,79647.39285714286,19400,273954,47512.903225806454,89761.54838709677,19067.74193548387,10077.870967741936,93600,419680,12467.777777777777,81815.97777777778,52500,273954,79039.28571428571,266623.1612903226,19819.354838709678,101159.32258064517,1983-02-01
1983,Winter,3,86800,419680,40035.48387096774,5436.1612903225805,5967.741935483871,101159.32258064517,10100,259883,79039.28571428571,175756.25,31603.571428571428,10246.035714285714,93600,419680,12467.777777777777,81815.97777777778,52500,273954,79039.28571428571,266623.1612903226,19819.354838709678,101159.32258064517,1983-03-01
1984,Autumn,10,15800,20128,4029.3548387096776,5622.032258064516,1406.4516129032259,6095.903225806452,2100,12002,17693.333333333332,13586.233333333334,2917.3333333333335,5561.9,41200,45233,4311.95652173913,7933.608695652174,18700,21739,32558.064516129034,31066.322580645163,6673.333333333333,10602.433333333332,1984-10-01
1984,Autumn,11,41200,45233,2865,7996.266666666666,6673.333333333333,10602.433333333332,18700,21739,13235.483870967742,11899.322580645161,4029.3548387096776,5622.032258064516,41200,45233,4311.95652173913,7933.608695652174,18700,21739,32558.064516129034,31066.322580645163,6673.333333333333,10602.433333333332,1984-11-01
1984,Autumn,12,40500,42164,4774.8387096774195,8464.516129032258,4932.258064516129,7188.580645161291,8200,13897,26280,25952.733333333334,2865,7996.266666666666,41200,45233,4311.95652173913,7933.608695652174,18700,21739,32558.064516129034,31066.322580645163,6673.333333333333,10602.433333333332,1984-12-01
1984,Spring,4,30300,29295,4285,7779.133333333333,4646.666666666667,7377.066666666667,11200,13325,31425.8064516129,34915.51612903226,7501.612903225807,6929.709677419355,30300,29295,3100,4751.10989010989,11200,13325,17933.333333333332,14637.133333333333,4646.666666666667,7377.066666666667,1984-04-01
1984,Spring,5,17800,15865,3239.6774193548385,6039.4838709677415,2083.8709677419356,4293.193548387097,5500,9149,17933.333333333332,14637.133333333333,4285,7779.133333333333,30300,29295,3100,4751.10989010989,11200,13325,17933.333333333332,14637.133333333333,4646.666666666667,7377.066666666667,1984-05-01
1984,Spring,6,18100,10038,2296.6666666666665,6278.3,2603.3333333333335,2598.3333333333335,5500,4139,15406.451612903225,11092.774193548386,3239.6774193548385,6039.4838709677415,30300,29295,3100,4751.10989010989,11200,13325,17933.333333333332,14637.133333333333,4646.666666666667,7377.066666666667,1984-06-01
1984,Summer,7,23100,11270,1903.8709677419354,9581.870967741936,1254.8387096774193,1454.6774193548388,4200,3279,14990,7925,2296.6666666666665,6278.3,23100,17171,1644.5652173913043,2483.7065217391305,5200,5847,21632.25806451613,13586.233333333334,1990,3491.4666666666667,1984-07-01
1984,Summer,8,22000,12197,2179.3548387096776,9608.741935483871,1700,2537.483870967742,3400,4187,21632.25806451613,10127.41935483871,1903.8709677419354,9581.870967741936,23100,17171,1644.5652173913043,2483.7065217391305,5200,5847,21632.25806451613,13586.233333333334,1990,3491.4666666666667,1984-08-01
1984,Summer,9,19800,17171,2917.3333333333335,5561.9,1990,3491.4666666666667,5200,5847,18783.870967741936,8178.612903225807,2179.3548387096776,9608.741935483871,23100,17171,1644.5652173913043,2483.7065217391305,5200,5847,21632.25806451613,13586.233333333334,1990,3491.4666666666667,1984-09-01
1984,Winter,1,80000,228366,25729.032258064515,1720.032258064516,9474.193548387097,33975.41935483871,14200,153314,NA,NA,NA,NA,80000,228366,8445.054945054944,19315.0989010989,22000,153314,56803.22580645161,100905.80645161291,9474.193548387097,33975.41935483871,1984-01-01
1984,Winter,2,44500,57058,10833.103448275862,5767.379310344828,9041.379310344828,13067.034482758621,22000,28608,56803.22580645161,100905.80645161291,25729.032258064515,1720.032258064516,80000,228366,8445.054945054944,19315.0989010989,22000,153314,56803.22580645161,100905.80645161291,9474.193548387097,33975.41935483871,1984-02-01
1984,Winter,3,40300,49633,7501.612903225807,6929.709677419355,6858.064516129032,10499.741935483871,17800,26607,32372.41379310345,41515.44827586207,10833.103448275862,5767.379310344828,80000,228366,8445.054945054944,19315.0989010989,22000,153314,56803.22580645161,100905.80645161291,9474.193548387097,33975.41935483871,1984-03-01
1985,Autumn,10,11400,11578,2071.935483870968,7715.774193548387,1541.2903225806451,4368.419354838709,2940,11213,12192,3174.6,1928.6666666666667,8755.633333333333,30400,32564,3299.6739130434785,6919.478260869565,15900,25016,16106.451612903225,9430.161290322581,5016.129032258064,9003.322580645161,1985-10-01
1985,Autumn,11,18700,18847,1929,7330.433333333333,3343,7402.266666666666,14500,19832,9710.645161290322,3365.548387096774,2071.935483870968,7715.774193548387,30400,32564,3299.6739130434785,6919.478260869565,15900,25016,16106.451612903225,9430.161290322581,5016.129032258064,9003.322580645161,1985-11-01
1985,Autumn,12,30400,32564,2205.1612903225805,9858.612903225807,5016.129032258064,9003.322580645161,15900,25016,10417.666666666666,6889.7,1929,7330.433333333333,30400,32564,3299.6739130434785,6919.478260869565,15900,25016,16106.451612903225,9430.161290322581,5016.129032258064,9003.322580645161,1985-12-01
1985,Spring,4,15700,12708,2445,7408.433333333333,2350.3333333333335,3601.6666666666665,4130,11704,14309.677419354839,10409.806451612903,2742.5806451612902,8638.58064516129,16200,12708,2196.923076923077,2959.6153846153848,4500,11704,13432.258064516129,7290.677419354839,2350.3333333333335,3601.6666666666665,1985-04-01
1985,Spring,5,15600,8936,2134.1935483870966,6303.129032258064,1913.225806451613,2256.6451612903224,2590,3058,12495.333333333334,6846.1,2445,7408.433333333333,16200,12708,2196.923076923077,2959.6153846153848,4500,11704,13432.258064516129,7290.677419354839,2350.3333333333335,3601.6666666666665,1985-05-01
1985,Spring,6,16200,10982,1751,6631.766666666666,2336.6666666666665,3043.9666666666667,4500,6806,13432.258064516129,7290.677419354839,2134.1935483870966,6303.129032258064,16200,12708,2196.923076923077,2959.6153846153848,4500,11704,13432.258064516129,7290.677419354839,2350.3333333333335,3601.6666666666665,1985-06-01
1985,Summer,7,17600,6408,2567.4193548387098,9563.58064516129,1658.0645161290322,1545.225806451613,4100,3215,13310,5113.333333333333,1751,6631.766666666666,17600,6408,1759.3478260869565,1886.554347826087,4100,5497,16035.483870967742,4835.387096774193,2142,2374.366666666667,1985-07-01
1985,Summer,8,15800,4527,2616.1290322580644,10187.612903225807,1490.3225806451612,1755.8064516129032,3100,2917,16035.483870967742,4835.387096774193,2567.4193548387098,9563.58064516129,17600,6408,1759.3478260869565,1886.554347826087,4100,5497,16035.483870967742,4835.387096774193,2142,2374.366666666667,1985-08-01
1985,Summer,9,16000,6396,1928.6666666666667,8755.633333333333,2142,2374.366666666667,4100,5497,13448.387096774193,2248.483870967742,2616.1290322580644,10187.612903225807,17600,6408,1759.3478260869565,1886.554347826087,4100,5497,16035.483870967742,4835.387096774193,2142,2374.366666666667,1985-09-01
1985,Winter,1,20500,20647,4070.3225806451615,5835.258064516129,1500,3599.6451612903224,3400,6225,NA,NA,NA,NA,33500,39516,4104.444444444444,7611.355555555556,19000,29892,18271.428571428572,15589.92857142857,7342.857142857143,12151.07142857143,1985-01-01
1985,Winter,2,33500,39516,3242.5,7614.464285714285,7342.857142857143,12151.07142857143,19000,29892,16790.322580645163,15120.225806451614,4070.3225806451615,5835.258064516129,33500,39516,4104.444444444444,7611.355555555556,19000,29892,18271.428571428572,15589.92857142857,7342.857142857143,12151.07142857143,1985-02-01
1985,Winter,3,18800,20127,2742.5806451612902,8638.58064516129,3783.8709677419356,7522.677419354839,6300,16848,18271.428571428572,15589.92857142857,3242.5,7614.464285714285,33500,39516,4104.444444444444,7611.355555555556,19000,29892,18271.428571428572,15589.92857142857,7342.857142857143,12151.07142857143,1985-03-01
1986,Autumn,10,22000,14078,3741.2903225806454,7585.129032258064,2222.5806451612902,2747.9032258064517,4800,4336,18140,10725.933333333332,4180.666666666667,10542.3,22000,14078,1281.5217391304348,2808.9565217391305,4800,9208,15445.161290322581,10608.41935483871,2222.5806451612902,3810.8064516129034,1986-10-01
1986,Autumn,11,13600,9719,2841.6666666666665,6860.333333333333,920,1836.8,1400,3580,15445.161290322581,10608.41935483871,3741.2903225806454,7585.129032258064,22000,14078,1281.5217391304348,2808.9565217391305,4800,9208,15445.161290322581,10608.41935483871,2222.5806451612902,3810.8064516129034,1986-11-01
1986,Autumn,12,14000,11391,3706.1290322580644,7260.064516129032,690.3225806451613,3810.8064516129034,3800,9208,12680,7731.666666666667,2841.6666666666665,6860.333333333333,22000,14078,1281.5217391304348,2808.9565217391305,4800,9208,15445.161290322581,10608.41935483871,2222.5806451612902,3810.8064516129034,1986-12-01
1986,Spring,4,45700,80292,19590,4729.1,6736.666666666667,12941.6,13600,21218,74983.87096774194,169447.48387096773,25035.483870967742,3199.1290322580644,45700,80292,3771.4285714285716,6544.43956043956,13600,21218,25826.666666666668,46539.066666666666,6736.666666666667,12941.6,1986-04-01
1986,Spring,5,15800,19655,8763.870967741936,6360.677419354839,2409.6774193548385,3977.548387096774,5200,5330,25826.666666666668,46539.066666666666,19590,4729.1,45700,80292,3771.4285714285716,6544.43956043956,13600,21218,25826.666666666668,46539.066666666666,6736.666666666667,12941.6,1986-05-01
1986,Spring,6,15100,14272,6233.333333333333,6275.966666666666,2213.3333333333335,2799.733333333333,4900,6336,12761.290322580646,15810.129032258064,8763.870967741936,6360.677419354839,45700,80292,3771.4285714285716,6544.43956043956,13600,21218,25826.666666666668,46539.066666666666,6736.666666666667,12941.6,1986-06-01
1986,Summer,7,18400,9779,2893.8709677419356,8698.064516129032,1138.7096774193549,2126.7419354838707,2700,2910,11820,9222.7,6233.333333333333,6275.966666666666,23000,20556,1681.5217391304348,2752.1521739130435,8300,9672,18140,10725.933333333332,2940,4988.1,1986-07-01
1986,Summer,8,16900,7035,3183.2258064516127,10031.516129032258,1006.4516129032259,1213.741935483871,2100,2163,16880.645161290322,7292.903225806452,2893.8709677419356,8698.064516129032,23000,20556,1681.5217391304348,2752.1521739130435,8300,9672,18140,10725.933333333332,2940,4988.1,1986-08-01
1986,Summer,9,23000,20556,4180.666666666667,10542.3,2940,4988.1,8300,9672,15112.90322580645,5054.258064516129,3183.2258064516127,10031.516129032258,23000,20556,1681.5217391304348,2752.1521739130435,8300,9672,18140,10725.933333333332,2940,4988.1,1986-09-01
1986,Winter,1,34800,39407,2059.6774193548385,9070.548387096775,12903.225806451614,17655.612903225807,40700,60261,NA,NA,NA,NA,115000,629494,19603.333333333332,99485.8,83300,572055,74983.87096774194,205414.10714285713,32410.714285714286,211335.2857142857,1986-01-01
1986,Winter,2,115000,629494,8743.57142857143,6074,32410.714285714286,211335.2857142857,83300,572055,19964.516129032258,15208.838709677419,2059.6774193548385,9070.548387096775,115000,629494,19603.333333333332,99485.8,83300,572055,74983.87096774194,205414.10714285713,32410.714285714286,211335.2857142857,1986-02-01
1986,Winter,3,96900,285785,25035.483870967742,3199.1290322580644,14735.483870967742,80290.64516129032,24900,174005,68892.85714285714,205414.10714285713,8743.57142857143,6074,115000,629494,19603.333333333332,99485.8,83300,572055,74983.87096774194,205414.10714285713,32410.714285714286,211335.2857142857,1986-03-01
1987,Autumn,10,12500,7512,1369.6774193548388,5935.290322580645,1532.9032258064517,2460.0967741935483,2500,4731,11625,1737.3666666666666,1596.6666666666667,9122.766666666666,27500,20140,3187.1739130434785,4706.413043478261,12700,18200,15743.870967741936,9454.09677419355,6832.903225806452,7280.580645161291,1987-10-01
1987,Autumn,11,9010,8713,1548,5460,1129.3333333333333,4367.633333333333,7070,18200,9509.032258064517,3761.2580645161293,1369.6774193548388,5935.290322580645,27500,20140,3187.1739130434785,4706.413043478261,12700,18200,15743.870967741936,9454.09677419355,6832.903225806452,7280.580645161291,1987-11-01
1987,Autumn,12,27500,20140,1278.0645161290322,8986.258064516129,6832.903225806452,7280.580645161291,12700,17254,8129.333333333333,4291.033333333334,1548,5460,27500,20140,3187.1739130434785,4706.413043478261,12700,18200,15743.870967741936,9454.09677419355,6832.903225806452,7280.580645161291,1987-12-01
1987,Spring,4,13500,7886,2867,7100.4,1925.6666666666667,2403.733333333333,3400,5348,21577.41935483871,22915.967741935485,3414.516129032258,5600.225806451613,13500,7886,1998.3516483516485,2139.4285714285716,5220,5348,11826.333333333334,6212.233333333334,2051,2403.733333333333,1987-04-01
1987,Spring,5,12100,7461,2177.7419354838707,5419.645161290323,2017.741935483871,2040.1612903225807,3150,3943,11826.333333333334,6212.233333333334,2867,7100.4,13500,7886,1998.3516483516485,2139.4285714285716,5220,5348,11826.333333333334,6212.233333333334,2051,2403.733333333333,1987-05-01
1987,Spring,6,11500,5142,1990,5296.866666666667,2051,1977.7,5220,2903,9996.129032258064,4845.032258064516,2177.7419354838707,5419.645161290323,13500,7886,1998.3516483516485,2139.4285714285716,5220,5348,11826.333333333334,6212.233333333334,2051,2403.733333333333,1987-06-01
1987,Summer,7,16000,4689,1631.9354838709678,9057.322580645161,1254.516129032258,1502.0967741935483,4790,2443,10067.333333333334,3382.1666666666665,1990,5296.866666666667,16400,4689,1338.0434782608695,1731.195652173913,4790,5155,15141.935483870968,3723.8387096774195,1427,2034.2,1987-07-01
1987,Summer,8,16400,4181,1626.774193548387,9878.774193548386,1335.483870967742,1667.0645161290322,2700,2582,15141.935483870968,3723.8387096774195,1631.9354838709678,9057.322580645161,16400,4689,1338.0434782608695,1731.195652173913,4790,5155,15141.935483870968,3723.8387096774195,1427,2034.2,1987-08-01
1987,Summer,9,13300,3719,1596.6666666666667,9122.766666666666,1427,2034.2,2800,5155,14438.709677419354,2772.1290322580644,1626.774193548387,9878.774193548386,16400,4689,1338.0434782608695,1731.195652173913,4790,5155,15141.935483870968,3723.8387096774195,1427,2034.2,1987-09-01
1987,Winter,1,20400,22121,2305.1612903225805,6251.903225806452,3941.935483870968,7233.677419354839,8400,16286,NA,NA,NA,NA,38000,43422,8741.111111111111,14882.822222222223,21600,39504,21577.41935483871,22915.967741935485,12554.838709677419,19477.8064516129,1987-01-01
1987,Winter,2,33600,43422,2136.0714285714284,6845.357142857143,9832.142857142857,18264.214285714286,21600,37627,13170.967741935483,10818.161290322581,2305.1612903225805,6251.903225806452,38000,43422,8741.111111111111,14882.822222222223,21600,39504,21577.41935483871,22915.967741935485,12554.838709677419,19477.8064516129,1987-02-01
1987,Winter,3,38000,43268,3414.516129032258,5600.225806451613,12554.838709677419,19477.8064516129,21600,39504,17403.571428571428,16859.14285714286,2136.0714285714284,6845.357142857143,38000,43422,8741.111111111111,14882.822222222223,21600,39504,21577.41935483871,22915.967741935485,12554.838709677419,19477.8064516129,1987-03-01
1988,Autumn,10,11900,4919,1126.5806451612902,5716.064516129032,1560,2106.483870967742,3150,3827,11536.666666666666,2250.9333333333334,1452,8258.733333333334,28900,27065,4036.195652173913,6509.641304347826,20140,26142,12387.741935483871,7230.935483870968,6709.666666666667,9996.433333333332,1988-10-01
1988,Autumn,11,28900,27065,1274.3333333333333,6128.133333333333,6709.666666666667,9996.433333333332,20140,26142,9314.193548387097,3141.6451612903224,1126.5806451612902,5716.064516129032,28900,27065,4036.195652173913,6509.641304347826,20140,26142,12387.741935483871,7230.935483870968,6709.666666666667,9996.433333333332,1988-11-01
1988,Autumn,12,21200,22705,1371.9354838709678,7211.741935483871,3925.1612903225805,7538.4838709677415,10500,18656,11355.666666666666,6619.3,1274.3333333333333,6128.133333333333,28900,27065,4036.195652173913,6509.641304347826,20140,26142,12387.741935483871,7230.935483870968,6709.666666666667,9996.433333333332,1988-12-01
1988,Spring,4,21100,24210,2145.6666666666665,8651.966666666667,3351,7218.966666666666,7950,20734,11348.387096774193,4480.645161290323,2240.6451612903224,8502.064516129032,21100,24210,3247.4725274725274,4304.516483516483,7950,20734,16886.666666666668,11417.433333333332,3486.1290322580644,7218.966666666666,1988-04-01
1988,Spring,5,15800,8992,1781.2903225806451,6351.806451612903,3486.1290322580644,3613.7419354838707,7430,6783,16886.666666666668,11417.433333333332,2145.6666666666665,8651.966666666667,21100,24210,3247.4725274725274,4304.516483516483,7950,20734,16886.666666666668,11417.433333333332,3486.1290322580644,7218.966666666666,1988-05-01
1988,Spring,6,13400,5198,1711,6014.333333333333,2897.3333333333335,2103.866666666667,5490,3368,10973.870967741936,4658.645161290323,1781.2903225806451,6351.806451612903,21100,24210,3247.4725274725274,4304.516483516483,7950,20734,16886.666666666668,11417.433333333332,3486.1290322580644,7218.966666666666,1988-06-01
1988,Summer,7,16800,5706,1356.774193548387,8155.193548387097,1580.6451612903227,2171.9032258064517,3600,4187,10578.333333333334,3082.0666666666666,1711,6014.333333333333,16800,5706,1518.4782608695652,1973.945652173913,3600,4187,14641.935483870968,3731.6451612903224,1719.3548387096773,2171.9032258064517,1988-07-01
1988,Summer,8,15700,4365,1557.4193548387098,8961.387096774193,1719.3548387096773,1687.1612903225807,2700,2250,14641.935483870968,3731.6451612903224,1356.774193548387,8155.193548387097,16800,5706,1518.4782608695652,1973.945652173913,3600,4187,14641.935483870968,3731.6451612903224,1719.3548387096773,2171.9032258064517,1988-08-01
1988,Summer,9,12700,3940,1452,8258.733333333334,1246.6666666666667,2065.733333333333,1900,3827,13287.09677419355,2304.8709677419356,1557.4193548387098,8961.387096774193,16800,5706,1518.4782608695652,1973.945652173913,3600,4187,14641.935483870968,3731.6451612903224,1719.3548387096773,2171.9032258064517,1988-09-01
1988,Winter,1,37200,37194,1482.5806451612902,10419.838709677419,10106.451612903225,15236.838709677419,23600,28485,NA,NA,NA,NA,37200,37194,4797.252747252747,7391.285714285715,23600,28485,25400,19590.709677419356,10106.451612903225,15236.838709677419,1988-01-01
1988,Winter,2,19300,10534,1388.9655172413793,10028.379310344828,2214.4827586206898,3315.1724137931033,5800,6761,25400,19590.709677419356,1482.5806451612902,10419.838709677419,37200,37194,4797.252747252747,7391.285714285715,23600,28485,25400,19590.709677419356,10106.451612903225,15236.838709677419,1988-02-01
1988,Winter,3,15100,9742,2240.6451612903224,8502.064516129032,1904.1935483870968,3358.8709677419356,4460,4850,12187.931034482759,3039.310344827586,1388.9655172413793,10028.379310344828,37200,37194,4797.252747252747,7391.285714285715,23600,28485,25400,19590.709677419356,10106.451612903225,15236.838709677419,1988-03-01
1989,Autumn,10,21100,17686,1400.967741935484,10566.870967741936,4019.3548387096776,7171.709677419355,10400,16370,16463.333333333332,6445.966666666666,1352.6666666666667,10861.733333333334,21100,17686,2638.0434782608695,4870.423913043478,10400,16370,15396.774193548386,5477.8,4019.3548387096776,7171.709677419355,1989-10-01
1989,Autumn,11,17700,13820,1404.3333333333333,10403.9,1890,4592.066666666667,3200,9930,14274.193548387097,4887.451612903225,1400.967741935484,10566.870967741936,21100,17686,2638.0434782608695,4870.423913043478,10400,16370,15396.774193548386,5477.8,4019.3548387096776,7171.709677419355,1989-11-01
1989,Autumn,12,18000,6460,1381.2903225806451,10465.161290322581,1980.6451612903227,2838.516129032258,3400,7727,14830,5477.8,1404.3333333333333,10403.9,21100,17686,2638.0434782608695,4870.423913043478,10400,16370,15396.774193548386,5477.8,4019.3548387096776,7171.709677419355,1989-12-01
1989,Spring,4,43400,34361,1915.3333333333333,10568.4,6967.333333333333,7265.066666666667,25400,28672,43374.1935483871,38928.32258064516,2023.225806451613,10283.90322580645,43400,34361,4842.417582417583,4819.549450549451,25400,28672,21273.333333333332,11686.5,6967.333333333333,7265.066666666667,1989-04-01
1989,Spring,5,18100,10303,1949.3548387096773,6371.8387096774195,4420.645161290323,3376.967741935484,7240,4922,21273.333333333332,11686.5,1915.3333333333333,10568.4,43400,34361,4842.417582417583,4819.549450549451,25400,28672,21273.333333333332,11686.5,6967.333333333333,7265.066666666667,1989-05-01
1989,Spring,6,15700,10671,1583,5432.566666666667,3153.3333333333335,3864.7,6400,5907,13799.354838709678,7378.612903225807,1949.3548387096773,6371.8387096774195,43400,34361,4842.417582417583,4819.549450549451,25400,28672,21273.333333333332,11686.5,6967.333333333333,7265.066666666667,1989-06-01
1989,Summer,7,23400,10017,1283.8709677419354,9709.064516129032,2645.1612903225805,3027.1935483870966,5200,5481,13286.666666666666,6155.733333333334,1583,5432.566666666667,24300,22569,3036.9565217391305,4698.619565217391,8800,19789,18767.74193548387,6445.966666666666,4583.333333333333,9024,1989-07-01
1989,Summer,8,22900,8899,1169.3225806451612,11483.967741935483,1932.258064516129,2184.1935483870966,3200,3704,18767.74193548387,6162.612903225807,1283.8709677419354,9709.064516129032,24300,22569,3036.9565217391305,4698.619565217391,8800,19789,18767.74193548387,6445.966666666666,4583.333333333333,9024,1989-08-01
1989,Summer,9,24300,22569,1352.6666666666667,10861.733333333334,4583.333333333333,9024,8800,19789,18319.354838709678,4468.548387096775,1169.3225806451612,11483.967741935483,24300,22569,3036.9565217391305,4698.619565217391,8800,19789,18767.74193548387,6445.966666666666,4583.333333333333,9024,1989-09-01
1989,Winter,1,18000,10058,1255.1612903225807,10225.354838709678,3239.3548387096776,4795.935483870968,5900,8886,NA,NA,NA,NA,73500,67929,10197,13353.133333333333,37700,45904,43374.1935483871,38928.32258064516,23625.8064516129,28227.064516129034,1989-01-01
1989,Winter,2,14200,12155,1233.9285714285713,8227.964285714286,3032.5,6359.607142857143,15200,22173,12825.161290322581,3603.8064516129034,1255.1612903225807,10225.354838709678,73500,67929,10197,13353.133333333333,37700,45904,43374.1935483871,38928.32258064516,23625.8064516129,28227.064516129034,1989-02-01
1989,Winter,3,73500,67929,2023.225806451613,10283.90322580645,23625.8064516129,28227.064516129034,37700,45904,12057.142857142857,6378.535714285715,1233.9285714285713,8227.964285714286,73500,67929,10197,13353.133333333333,37700,45904,43374.1935483871,38928.32258064516,23625.8064516129,28227.064516129034,1989-03-01
1990,Autumn,10,8690,5362,993.1935483870968,3641.516129032258,985.1612903225806,1835.7096774193549,1890,3037,10029.333333333334,2450.1666666666665,875.8666666666667,6061.666666666667,12400,12656,1237.9347826086957,3712.9891304347825,4460,9183,10818.387096774193,6383.451612903225,1462.258064516129,5426.870967741936,1990-10-01
1990,Autumn,11,9170,10240,1115.3333333333333,3919.9,1267.3333333333333,3881.8333333333335,3260,7386,7620.322580645161,3405.0967741935483,993.1935483870968,3641.516129032258,12400,12656,1237.9347826086957,3712.9891304347825,4460,9183,10818.387096774193,6383.451612903225,1462.258064516129,5426.870967741936,1990-11-01
1990,Autumn,12,12400,12656,918.4193548387096,5246.580645161291,1462.258064516129,5426.870967741936,4460,9183,7722.666666666667,4494.933333333333,1115.3333333333333,3919.9,12400,12656,1237.9347826086957,3712.9891304347825,4460,9183,10818.387096774193,6383.451612903225,1462.258064516129,5426.870967741936,1990-12-01
1990,Spring,4,18200,9573,1309.3333333333333,9784.866666666667,3183,3749.9,7290,7565,12867.741935483871,3813.1290322580644,1760.3225806451612,10651.354838709678,20600,27757,3585.3846153846152,5069.736263736264,12740,24794,15271.333333333334,7700.1612903225805,3994.3333333333335,6362.387096774193,1990-04-01
1990,Spring,5,20500,27757,1279.3548387096773,3528.2903225806454,3579.032258064516,6362.387096774193,8500,20983,15271.333333333334,5922.766666666666,1309.3333333333333,9784.866666666667,20600,27757,3585.3846153846152,5069.736263736264,12740,24794,15271.333333333334,7700.1612903225805,3994.3333333333335,6362.387096774193,1990-05-01
1990,Spring,6,20600,23502,1116.4333333333334,3644.133333333333,3994.3333333333335,5053.833333333333,12740,24794,10402.258064516129,7700.1612903225805,1279.3548387096773,3528.2903225806454,20600,27757,3585.3846153846152,5069.736263736264,12740,24794,15271.333333333334,7700.1612903225805,3994.3333333333335,6362.387096774193,1990-06-01
1990,Summer,7,15200,5381,1009,6394.258064516129,1678.3870967741937,2125.6451612903224,3730,3385,10518.666666666666,4846.433333333333,1116.4333333333334,3644.133333333333,16000,6675,1436.6304347826087,1905.641304347826,3730,3791,13838.709677419354,4460.870967741936,1678.3870967741937,2125.6451612903224,1990-07-01
1990,Summer,8,16000,6675,1032.8387096774193,6827.354838709677,1329.032258064516,1800.0967741935483,2100,3117,13506.451612903225,3965.8387096774195,1009,6394.258064516129,16000,6675,1436.6304347826087,1905.641304347826,3730,3791,13838.709677419354,4460.870967741936,1678.3870967741937,2125.6451612903224,1990-08-01
1990,Summer,9,12300,4421,875.8666666666667,6061.666666666667,1298,1787.3666666666666,2300,3791,13838.709677419354,4460.870967741936,1032.8387096774193,6827.354838709677,16000,6675,1436.6304347826087,1905.641304347826,3730,3791,13838.709677419354,4460.870967741936,1678.3870967741937,2125.6451612903224,1990-09-01
1990,Winter,1,36900,31820,1241.9354838709678,10647.612903225807,9038.709677419354,11405.870967741936,20200,25615,NA,NA,NA,NA,36900,31820,5438.888888888889,8310.6,20200,25615,18909.677419354837,9885.741935483871,9038.709677419354,11405.870967741936,1990-01-01
1990,Winter,2,19100,19492,1365.357142857143,10580.535714285714,4203.571428571428,9378.714285714286,8500,18428,18909.677419354837,9885.741935483871,1241.9354838709678,10647.612903225807,36900,31820,5438.888888888889,8310.6,20200,25615,18909.677419354837,9885.741935483871,9038.709677419354,11405.870967741936,1990-02-01
1990,Winter,3,17600,12199,1760.3225806451612,10651.354838709678,2954.8387096774195,4250.580645161291,6000,10517,13803.57142857143,6787.571428571428,1365.357142857143,10580.535714285714,36900,31820,5438.888888888889,8310.6,20200,25615,18909.677419354837,9885.741935483871,9038.709677419354,11405.870967741936,1990-03-01
1991,Autumn,10,11800,11047,788.483870967742,5381.935483870968,1988.0645161290322,4362.419354838709,3370,9977,9948,3760.9333333333334,574.0666666666667,4358.133333333333,12700,18853,1710.3260869565217,4859.336956521739,5300,17300,9398.064516129032,7622.5161290322585,1988.0645161290322,6536.129032258064,1991-10-01
1991,Autumn,11,8510,6858,1084,3197.1,1362,3640.133333333333,2610,5762,9398.064516129032,3909.0967741935483,788.483870967742,5381.935483870968,12700,18853,1710.3260869565217,4859.336956521739,5300,17300,9398.064516129032,7622.5161290322585,1988.0645161290322,6536.129032258064,1991-11-01
1991,Autumn,12,12700,18853,894.7741935483871,3196.516129032258,1769.6774193548388,6536.129032258064,5300,17300,6958.333333333333,3909.3333333333335,1084,3197.1,12700,18853,1710.3260869565217,4859.336956521739,5300,17300,9398.064516129032,7622.5161290322585,1988.0645161290322,6536.129032258064,1991-12-01
1991,Spring,4,24700,15606,1168.1666666666667,7584.533333333334,3846.3333333333335,5901.5,17900,25849,25754.83870967742,24579.387096774193,1778.9032258064517,9809.774193548386,24700,15606,2553.6263736263736,3909.3736263736264,17900,25849,10879,4002.233333333333,3846.3333333333335,5901.5,1991-04-01
1991,Spring,5,9380,7418,1048.8709677419354,2820.548387096774,1913.8709677419354,2852.548387096774,4080,6330,10879,3701.4,1168.1666666666667,7584.533333333334,24700,15606,2553.6263736263736,3909.3736263736264,17900,25849,10879,4002.233333333333,3846.3333333333335,5901.5,1991-05-01
1991,Spring,6,10700,6633,568.2,2091.5,1922,3009.3,3130,4297,7331.935483870968,3862.032258064516,1048.8709677419354,2820.548387096774,24700,15606,2553.6263736263736,3909.3736263736264,17900,25849,10879,4002.233333333333,3846.3333333333335,5901.5,1991-06-01
1991,Summer,7,10900,5432,594.0322580645161,2734.483870967742,1549.6774193548388,2289.3548387096776,2210,4126,8929.666666666666,4002.233333333333,568.2,2091.5,10900,5941,1196.7391304347825,2351.195652173913,2280,4400,9948,3760.9333333333334,1549.6774193548388,2536.9333333333334,1991-07-01
1991,Summer,8,10400,5476,537.3870967741935,3955.7741935483873,922.9032258064516,2233.2903225806454,1600,3860,9514.193548387097,3318.483870967742,594.0322580645161,2734.483870967742,10900,5941,1196.7391304347825,2351.195652173913,2280,4400,9948,3760.9333333333334,1549.6774193548388,2536.9333333333334,1991-08-01
1991,Summer,9,10800,5941,574.0666666666667,4358.133333333333,1115,2536.9333333333334,2280,4400,9514.838709677419,2557.6451612903224,537.3870967741935,3955.7741935483873,10900,5941,1196.7391304347825,2351.195652173913,2280,4400,9948,3760.9333333333334,1549.6774193548388,2536.9333333333334,1991-09-01
1991,Winter,1,10600,6286,816.2903225806451,4952.1612903225805,1052.9032258064517,2268.7096774193546,2720,5346,NA,NA,NA,NA,46900,58341,8300.222222222223,14167.611111111111,31040,47184,25754.83870967742,24579.387096774193,20210.967741935485,28871.1935483871,1991-01-01
1991,Winter,2,12900,24622,757.8571428571429,4579.928571428572,3137.1428571428573,11062.42857142857,9470,22940,8983.870967741936,3972.935483870968,816.2903225806451,4952.1612903225805,46900,58341,8300.222222222223,14167.611111111111,31040,47184,25754.83870967742,24579.387096774193,20210.967741935485,28871.1935483871,1991-02-01
1991,Winter,3,46900,58341,1778.9032258064517,9809.774193548386,20210.967741935485,28871.1935483871,31040,47184,8133.214285714285,7361.464285714285,757.8571428571429,4579.928571428572,46900,58341,8300.222222222223,14167.611111111111,31040,47184,25754.83870967742,24579.387096774193,20210.967741935485,28871.1935483871,1991-03-01
1992,Autumn,10,9260,12412,848.6774193548387,1928.225806451613,1718.0645161290322,3081.2258064516127,3830,10479,9815,3366.0666666666666,634.6,4602.1,31500,38584,4667.173913043478,7813.510869565217,26740,32051,12440.322580645161,11602.741935483871,11088.064516129032,16766.612903225807,1992-10-01
1992,Autumn,11,8970,11503,955.6666666666666,2476.5666666666666,1079.6666666666667,3452,2850,10678,6645.1612903225805,4350.4838709677415,848.6774193548387,1928.225806451613,31500,38584,4667.173913043478,7813.510869565217,26740,32051,12440.322580645161,11602.741935483871,11088.064516129032,16766.612903225807,1992-11-01
1992,Autumn,12,31500,38584,981.516129032258,4095.4193548387098,11088.064516129032,16766.612903225807,26740,32051,6380,4125.833333333333,955.6666666666666,2476.5666666666666,31500,38584,4667.173913043478,7813.510869565217,26740,32051,12440.322580645161,11602.741935483871,11088.064516129032,16766.612903225807,1992-12-01
1992,Spring,4,12100,10733,1418.3333333333333,3164.6666666666665,2541,3477.4333333333334,4950,5906,20335.483870967742,13282.677419354839,1469.6774193548388,10481.161290322581,12100,10733,1718.6813186813188,2242.3296703296705,4950,5906,9448.333333333334,6258.433333333333,2541,3477.4333333333334,1992-04-01
1992,Spring,5,8760,4694,891.5483870967741,1920.967741935484,1069.032258064516,1478.3870967741937,1920,2260,9448.333333333334,6258.433333333333,1418.3333333333333,3164.6666666666665,12100,10733,1718.6813186813188,2242.3296703296705,4950,5906,9448.333333333334,6258.433333333333,2541,3477.4333333333334,1992-05-01
1992,Spring,6,10700,6454,480.56666666666666,2144.766666666667,1567.6666666666667,1796.6333333333334,3280,4419,6413.870967741936,3254.5806451612902,891.5483870967741,1920.967741935484,12100,10733,1718.6813186813188,2242.3296703296705,4950,5906,9448.333333333334,6258.433333333333,2541,3477.4333333333334,1992-06-01
1992,Summer,7,9380,4529,446.7096774193548,1665.6451612903227,1266.4516129032259,1512.1612903225807,1870,2311,8510,3426,480.56666666666666,2144.766666666667,11000,5201,1156.304347826087,1745.9673913043478,1970,3120,9815,3366.0666666666666,1266.4516129032259,2186.1,1992-07-01
1992,Summer,8,10200,3991,482.8709677419355,2813.2580645161293,1146.4516129032259,1553.8387096774193,1970,2487,8308.709677419354,2982.7419354838707,446.7096774193548,1665.6451612903227,11000,5201,1156.304347826087,1745.9673913043478,1970,3120,9815,3366.0666666666666,1266.4516129032259,2186.1,1992-08-01
1992,Summer,9,11000,5201,634.6,4602.1,1052.6666666666667,2186.1,1540,3120,8717.741935483871,2824.451612903226,482.8709677419355,2813.2580645161293,11000,5201,1156.304347826087,1745.9673913043478,1970,3120,9815,3366.0666666666666,1266.4516129032259,2186.1,1992-09-01
1992,Winter,1,17400,18725,959.258064516129,6432.032258064516,3517.0967741935483,7419.1612903225805,8340,17172,NA,NA,NA,NA,47000,61442,9474.395604395604,14166.307692307691,38990,51803,26061.379310344826,28758.827586206895,14349.655172413793,20463.827586206895,1992-01-01
1992,Winter,2,47000,61442,2090.7586206896553,6123.379310344828,14349.655172413793,20463.827586206895,38990,51803,10440.967741935483,6413.387096774193,959.258064516129,6432.032258064516,47000,61442,9474.395604395604,14166.307692307691,38990,51803,26061.379310344826,28758.827586206895,14349.655172413793,20463.827586206895,1992-02-01
1992,Winter,3,32900,28844,1469.6774193548388,10481.161290322581,10870.967741935483,15022.225806451614,17500,23192,26061.379310344826,28758.827586206895,2090.7586206896553,6123.379310344828,47000,61442,9474.395604395604,14166.307692307691,38990,51803,26061.379310344826,28758.827586206895,14349.655172413793,20463.827586206895,1992-03-01
1993,Autumn,10,16900,11751,3040.6451612903224,10967.870967741936,2174.1935483870966,4782.645161290323,5500,9443,15826.666666666666,5305.833333333333,2771,11089.266666666666,27900,25013,2758.695652173913,6347.282608695652,10600,17990,20341.935483870966,12360.838709677419,5093.548387096775,8144.548387096775,1993-10-01
1993,Autumn,11,14500,16110,1759,7024.3,950,6106.9,2700,12701,13819.354838709678,5117.8387096774195,3040.6451612903224,10967.870967741936,27900,25013,2758.695652173913,6347.282608695652,10600,17990,20341.935483870966,12360.838709677419,5093.548387096775,8144.548387096775,1993-11-01
1993,Autumn,12,27900,25013,1628.0645161290322,10576.41935483871,5093.548387096775,8144.548387096775,10600,17990,12093.333333333334,7380.6,1759,7024.3,27900,25013,2758.695652173913,6347.282608695652,10600,17990,20341.935483870966,12360.838709677419,5093.548387096775,8144.548387096775,1993-12-01
1993,Spring,4,74200,99659,3420.6666666666665,5757.366666666667,10933.333333333334,15547.933333333332,21200,52431,49338.709677419356,63968.6129032258,2702.2580645161293,6036.774193548387,74200,99659,8621.978021978022,11334.604395604396,21200,52431,43213.333333333336,44295.933333333334,10933.333333333334,15547.933333333332,1993-04-01
1993,Spring,5,32800,33754,3610,3496.6774193548385,5967.741935483871,7892.677419354839,14600,17790,43213.333333333336,44295.933333333334,3420.6666666666665,5757.366666666667,74200,99659,8621.978021978022,11334.604395604396,21200,52431,43213.333333333336,44295.933333333334,10933.333333333334,15547.933333333332,1993-05-01
1993,Spring,6,48800,48626,2341,4349.166666666667,9053.333333333334,10677.933333333332,20600,21405,24954.83870967742,25188.1935483871,3610,3496.6774193548385,74200,99659,8621.978021978022,11334.604395604396,21200,52431,43213.333333333336,44295.933333333334,10933.333333333334,15547.933333333332,1993-06-01
1993,Summer,7,22600,13423,1509.6774193548388,8871.161290322581,2596.7741935483873,3041.3870967741937,5400,7194,30473.333333333332,27078.2,2341,4349.166666666667,25500,13423,2047.8260869565217,2426.4347826086955,5400,7194,21080.645161290322,9449.677419354839,2596.7741935483873,3041.3870967741937,1993-07-01
1993,Summer,8,25500,13030,1998.3870967741937,10957.612903225807,2000,2078.1612903225805,3500,2949,19861.290322580644,9449.677419354839,1509.6774193548388,8871.161290322581,25500,13423,2047.8260869565217,2426.4347826086955,5400,7194,21080.645161290322,9449.677419354839,2596.7741935483873,3041.3870967741937,1993-08-01
1993,Summer,9,19200,8536,2771,11089.266666666666,1530,2150.866666666667,2900,3741,21080.645161290322,9421.90322580645,1998.3870967741937,10957.612903225807,25500,13423,2047.8260869565217,2426.4347826086955,5400,7194,21080.645161290322,9449.677419354839,2596.7741935483873,3041.3870967741937,1993-09-01
1993,Winter,1,80000,131316,4120,11670.677419354839,21932.25806451613,40443.032258064515,36900,89693,NA,NA,NA,NA,82300,150488,19562.222222222223,38321.74444444444,46700,89693,49338.709677419356,63968.6129032258,21932.25806451613,40443.032258064515,1993-01-01
1993,Winter,2,75400,108035,3035.3571428571427,9331.42857142857,19903.571428571428,33966.71428571428,34100,67376,48261.290322580644,57885.87096774193,4120,11670.677419354839,82300,150488,19562.222222222223,38321.74444444444,46700,89693,49338.709677419356,63968.6129032258,21932.25806451613,40443.032258064515,1993-02-01
1993,Winter,3,82300,150488,2702.2580645161293,6036.774193548387,16883.870967741936,40134.032258064515,46700,78738,48596.42857142857,55021.642857142855,3035.3571428571427,9331.42857142857,82300,150488,19562.222222222223,38321.74444444444,46700,89693,49338.709677419356,63968.6129032258,21932.25806451613,40443.032258064515,1993-03-01
1994,Autumn,10,10900,7905,1369.5483870967741,5485.4838709677415,1297.741935483871,3298,2450,5831,14413.333333333334,5505.933333333333,869.0333333333333,7499.066666666667,34600,34696,4397.717391304348,7034.565217391304,26250,32541,16371.290322580646,9629.483870967742,9477.09677419355,11857.516129032258,1994-10-01
1994,Autumn,11,12000,10658,1287.6666666666667,6228.266666666666,2352.3333333333335,5911.966666666666,7050,14684,8255.161290322581,3217.1935483870966,1369.5483870967741,5485.4838709677415,34600,34696,4397.717391304348,7034.565217391304,26250,32541,16371.290322580646,9629.483870967742,9477.09677419355,11857.516129032258,1994-11-01
1994,Autumn,12,34600,34696,1294.8387096774193,7589.8387096774195,9477.09677419355,11857.516129032258,26250,32541,9488.666666666666,5356.166666666667,1287.6666666666667,6228.266666666666,34600,34696,4397.717391304348,7034.565217391304,26250,32541,16371.290322580646,9629.483870967742,9477.09677419355,11857.516129032258,1994-12-01
1994,Spring,4,9900,14988,1862.6666666666667,2097.866666666667,1380,4216.866666666667,2500,8943,13460.645161290322,10595.09677419355,2205.8064516129034,4360.903225806452,11400,14988,1592.967032967033,3116.8571428571427,3820,8943,8847.741935483871,8149.666666666667,2264.516129032258,4216.866666666667,1994-04-01
1994,Spring,5,11400,13530,1972.5806451612902,2043.0645161290322,2264.516129032258,3902.8709677419356,3820,6853,8435,8149.666666666667,1862.6666666666667,2097.866666666667,11400,14988,1592.967032967033,3116.8571428571427,3820,8943,8847.741935483871,8149.666666666667,2264.516129032258,4216.866666666667,1994-05-01
1994,Spring,6,9620,4556,1108.6666666666667,2120.3,1112,1204.6333333333334,1590,1775,8847.741935483871,7941.225806451613,1972.5806451612902,2043.0645161290322,11400,14988,1592.967032967033,3116.8571428571427,3820,8943,8847.741935483871,8149.666666666667,2264.516129032258,4216.866666666667,1994-06-01
1994,Summer,7,15000,6991,1135.3870967741937,4517.258064516129,2020.967741935484,1973.1290322580646,5240,3752,8091,3781.5,1108.6666666666667,2120.3,16900,10395,1626.6304347826087,2409.3152173913045,5240,7064,14413.333333333334,5505.933333333333,2020.967741935484,3325.5333333333333,1994-07-01
1994,Summer,8,15800,5866,867.1612903225806,6253.8387096774195,1387.0967741935483,1958.8387096774193,2900,3434,11863.870967741936,4494.645161290323,1135.3870967741937,4517.258064516129,16900,10395,1626.6304347826087,2409.3152173913045,5240,7064,14413.333333333334,5505.933333333333,2020.967741935484,3325.5333333333333,1994-08-01
1994,Summer,9,16900,10395,869.0333333333333,7499.066666666667,1466.6666666666667,3325.5333333333333,2750,7064,12145.161290322581,3334.6451612903224,867.1612903225806,6253.8387096774195,16900,10395,1626.6304347826087,2409.3152173913045,5240,7064,14413.333333333334,5505.933333333333,2020.967741935484,3325.5333333333333,1994-09-01
1994,Winter,1,24000,24392,1772.9032258064517,5910.935483870968,4287.096774193548,6165.096774193548,12200,16079,NA,NA,NA,NA,29900,36774,5269.444444444444,7831.122222222222,18000,27392,20196.428571428572,20557.035714285714,10135.714285714286,16016.82142857143,1994-01-01
1994,Winter,2,29900,36774,1987.142857142857,5918.892857142857,10135.714285714286,16016.82142857143,18000,27392,14190.322580645161,10787.161290322581,1772.9032258064517,5910.935483870968,29900,36774,5269.444444444444,7831.122222222222,18000,27392,20196.428571428572,20557.035714285714,10135.714285714286,16016.82142857143,1994-02-01
1994,Winter,3,18400,14909,2205.8064516129034,4360.903225806452,1856.4516129032259,2103.6129032258063,3100,3324,20196.428571428572,20557.035714285714,1987.142857142857,5918.892857142857,29900,36774,5269.444444444444,7831.122222222222,18000,27392,20196.428571428572,20557.035714285714,10135.714285714286,16016.82142857143,1994-03-01
1995,Autumn,10,23600,22079,5691.935483870968,7445.774193548387,2729.032258064516,4209.290322580645,8500,9039,23270,19629.4,4734.333333333333,7503.733333333334,45600,71595,5123.913043478261,9768.66304347826,29800,62445,24570.967741935485,27709.032258064515,11667.741935483871,22444.064516129034,1995-10-01
1995,Autumn,11,13200,11087,2428.3333333333335,5625.9,836.6666666666666,2415.4333333333334,1800,8615,14145.161290322581,11371.354838709678,5691.935483870968,7445.774193548387,45600,71595,5123.913043478261,9768.66304347826,29800,62445,24570.967741935485,27709.032258064515,11667.741935483871,22444.064516129034,1995-11-01
1995,Autumn,12,45600,71595,2250.3225806451615,4522.774193548387,11667.741935483871,22444.064516129034,29800,62445,12610,8383.366666666667,2428.3333333333335,5625.9,45600,71595,5123.913043478261,9768.66304347826,29800,62445,24570.967741935485,27709.032258064515,11667.741935483871,22444.064516129034,1995-12-01
1995,Spring,4,72000,113348,19933.333333333332,3603.8333333333335,15420,30555.2,46800,115546,71922.58064516129,200644.90322580645,14611.935483870968,2985.1935483870966,88600,172462,11790.10989010989,23578.527472527472,46800,115546,63180.645161290326,98047.48387096774,15420,30613.322580645163,1995-04-01
1995,Spring,5,88600,172462,22187.09677419355,4396.387096774193,13377.41935483871,30613.322580645163,44600,110835,61436.666666666664,90836.9,19933.333333333332,3603.8333333333335,88600,172462,11790.10989010989,23578.527472527472,46800,115546,63180.645161290326,98047.48387096774,15420,30613.322580645163,1995-05-01
1995,Spring,6,45300,62645,14101.333333333334,7686.266666666666,6520,9332.566666666668,10100,17428,63180.645161290326,98047.48387096774,22187.09677419355,4396.387096774193,88600,172462,11790.10989010989,23578.527472527472,46800,115546,63180.645161290326,98047.48387096774,15420,30613.322580645163,1995-06-01
1995,Summer,7,44500,47226,9881.290322580646,10674.193548387097,10090.322580645161,10928.741935483871,22300,26919,38956.666666666664,46754.03333333333,14101.333333333334,7686.266666666666,44500,47226,4630.434782608696,6184.423913043478,22300,26919,29232.25806451613,26789.225806451614,10090.322580645161,10928.741935483871,1995-07-01
1995,Summer,8,20500,15870,3924.8387096774195,9463.90322580645,2274.1935483870966,4403.935483870968,3600,6571,29232.25806451613,26789.225806451614,9881.290322580646,10674.193548387097,44500,47226,4630.434782608696,6184.423913043478,22300,26919,29232.25806451613,26789.225806451614,10090.322580645161,10928.741935483871,1995-08-01
1995,Summer,9,25100,24134,4734.333333333333,7503.733333333334,1423.3333333333333,3121.8,2600,6760,18716.129032258064,10875.774193548386,3924.8387096774195,9463.90322580645,44500,47226,4630.434782608696,6184.423913043478,22300,26919,29232.25806451613,26789.225806451614,10090.322580645161,10928.741935483871,1995-09-01
1995,Winter,1,95700,247920,4599.354838709677,11766.58064516129,24577.41935483871,87914.87096774194,68000,218033,NA,NA,NA,NA,99500,405822,18796.666666666668,81438.47777777778,68000,351599,71922.58064516129,200644.90322580645,24577.41935483871,129415.06451612903,1995-01-01
1995,Winter,2,75300,120077,6559.285714285715,8897.892857142857,10253.57142857143,21151.25,21800,32645,62209.67741935484,107487.48387096774,4599.354838709677,11766.58064516129,99500,405822,18796.666666666668,81438.47777777778,68000,351599,71922.58064516129,200644.90322580645,24577.41935483871,129415.06451612903,1995-02-01
1995,Winter,3,99500,405822,14611.935483870968,2985.1935483870966,20732.25806451613,129415.06451612903,54100,351599,58182.142857142855,72835.96428571429,6559.285714285715,8897.892857142857,99500,405822,18796.666666666668,81438.47777777778,68000,351599,71922.58064516129,200644.90322580645,24577.41935483871,129415.06451612903,1995-03-01
1996,Autumn,10,14900,14422,2690.6451612903224,9915.258064516129,1670.967741935484,3728.8387096774195,3400,11732,17600,7292.633333333333,2163.6666666666665,10420.733333333334,96400,225094,9993.478260869566,34060.141304347824,43800,456911,58419.354838709674,84409.87096774194,25151.612903225807,90703.09677419355,1996-10-01
1996,Autumn,11,21600,18495,2715,10119.233333333334,2930,6871.433333333333,7100,13852,12690.322580645161,4768.967741935484,2690.6451612903224,9915.258064516129,96400,225094,9993.478260869566,34060.141304347824,43800,456911,58419.354838709674,84409.87096774194,25151.612903225807,90703.09677419355,1996-11-01
1996,Autumn,12,96400,225094,12191.612903225807,7778.419354838709,25151.612903225807,90703.09677419355,43800,456911,15500,10035.433333333332,2715,10119.233333333334,96400,225094,9993.478260869566,34060.141304347824,43800,456911,58419.354838709674,84409.87096774194,25151.612903225807,90703.09677419355,1996-12-01
1996,Spring,4,45300,57161,7500.333333333333,4353.233333333334,7976.666666666667,12647.966666666667,13800,19533,56235.48387096774,89147.80645161291,15070.967741935483,3580.6451612903224,77200,101686,11092.307692307691,16167.329670329671,60900,80827,40112.903225806454,46021.032258064515,21196.774193548386,29397.870967741936,1996-04-01
1996,Spring,5,77200,101686,8421.612903225807,4929.5161290322585,21196.774193548386,29397.870967741936,60900,80827,35983.333333333336,42032.4,7500.333333333333,4353.233333333334,77200,101686,11092.307692307691,16167.329670329671,60900,80827,40112.903225806454,46021.032258064515,21196.774193548386,29397.870967741936,1996-05-01
1996,Spring,6,34700,28691,3738.6666666666665,9812.566666666668,3766.6666666666665,6015.133333333333,9200,13545,40112.903225806454,46021.032258064515,8421.612903225807,4929.5161290322585,77200,101686,11092.307692307691,16167.329670329671,60900,80827,40112.903225806454,46021.032258064515,21196.774193548386,29397.870967741936,1996-06-01
1996,Summer,7,22200,15066,2209.3548387096776,10824.354838709678,1119.3548387096773,1954.032258064516,3700,6542,23533.333333333332,15269.733333333334,3738.6666666666665,9812.566666666668,23200,15066,1473.9130434782608,2405.445652173913,3700,6542,21303.225806451614,9592.258064516129,1820,3026.4333333333334,1996-07-01
1996,Summer,8,23200,12000,2033.8709677419354,10939.838709677419,1493.5483870967741,2255.9032258064517,2800,3760,20683.870967741936,9156.09677419355,2209.3548387096776,10824.354838709678,23200,15066,1473.9130434782608,2405.445652173913,3700,6542,21303.225806451614,9592.258064516129,1820,3026.4333333333334,1996-08-01
1996,Summer,9,21600,13163,2163.6666666666665,10420.733333333334,1820,3026.4333333333334,3400,6321,21303.225806451614,9592.258064516129,2033.8709677419354,10939.838709677419,23200,15066,1473.9130434782608,2405.445652173913,3700,6542,21303.225806451614,9592.258064516129,1820,3026.4333333333334,1996-09-01
1996,Winter,1,62400,74821,2430.6451612903224,10092.354838709678,10964.516129032258,18605.064516129034,30900,44094,NA,NA,NA,NA,87900,212184,11397.802197802197,35518.868131868134,30900,126188,75272.41379310345,126912.4827586207,15072.413793103447,67550.62068965517,1996-01-01
1996,Winter,2,87900,212184,11472.758620689656,6656.9655172413795,15072.413793103447,67550.62068965517,27200,126188,32867.74193548387,32144.354838709678,2430.6451612903224,10092.354838709678,87900,212184,11397.802197802197,35518.868131868134,30900,126188,75272.41379310345,126912.4827586207,15072.413793103447,67550.62068965517,1996-02-01
1996,Winter,3,70200,130424,15070.967741935483,3580.6451612903224,8393.548387096775,22467.483870967742,19400,36264,75272.41379310345,126912.4827586207,11472.758620689656,6656.9655172413795,87900,212184,11397.802197802197,35518.868131868134,30900,126188,75272.41379310345,126912.4827586207,15072.413793103447,67550.62068965517,1996-03-01
1997,Autumn,10,14100,7321,2705.8064516129034,8825.806451612903,1481.9354838709678,2807.7096774193546,2900,4610,14000,3976.5,2069.3333333333335,10384.666666666666,30700,28250,4265.652173913043,6800.141304347826,13200,17245,22009.677419354837,14613.677419354839,7219.354838709677,10400.870967741936,1997-10-01
1997,Autumn,11,26600,24665,1980.6666666666667,9297.9,4090,7204.9,13200,17245,12009.032258064517,4842,2705.8064516129034,8825.806451612903,30700,28250,4265.652173913043,6800.141304347826,13200,17245,22009.677419354837,14613.677419354839,7219.354838709677,10400.870967741936,1997-11-01
1997,Autumn,12,30700,28250,2116.451612903226,11044.612903225807,7219.354838709677,10400.870967741936,10700,16740,14793.333333333334,10013.533333333333,1980.6666666666667,9297.9,30700,28250,4265.652173913043,6800.141304347826,13200,17245,22009.677419354837,14613.677419354839,7219.354838709677,10400.870967741936,1997-12-01
1997,Spring,4,18100,21359,4728.333333333333,4741.533333333334,2893.3333333333335,5276.933333333333,4400,8074,24467.74193548387,33774.87096774193,13034.516129032258,7068.774193548387,19600,21359,2497.4725274725274,3461.934065934066,5200,8074,15223.333333333334,14212.866666666667,2893.3333333333335,5276.933333333333,1997-04-01
1997,Spring,5,15600,14684,4784.8387096774195,3381.3548387096776,2118.3870967741937,2967.8387096774195,5200,5533,13493.333333333334,14212.866666666667,4728.333333333333,4741.533333333334,19600,21359,2497.4725274725274,3461.934065934066,5200,8074,15223.333333333334,14212.866666666667,2893.3333333333335,5276.933333333333,1997-05-01
1997,Spring,6,19600,10575,2647,7415.633333333333,2493.3333333333335,2157.5,4500,3248,11408.709677419354,12349.741935483871,4784.8387096774195,3381.3548387096776,19600,21359,2497.4725274725274,3461.934065934066,5200,8074,15223.333333333334,14212.866666666667,2893.3333333333335,5276.933333333333,1997-06-01
1997,Summer,7,21900,12648,1755.8064516129032,10047.193548387097,883.8709677419355,2023.258064516129,2700,4240,15223.333333333334,8306.666666666666,2647,7415.633333333333,21900,13987,1584.7826086956522,2567.7934782608695,4200,7328,20838.709677419356,9383.09677419355,2306.451612903226,3591.4193548387098,1997-07-01
1997,Summer,8,21400,13987,1874.516129032258,9207.967741935483,2306.451612903226,3591.4193548387098,4200,7328,20838.709677419356,9383.09677419355,1755.8064516129032,10047.193548387097,21900,13987,1584.7826086956522,2567.7934782608695,4200,7328,20838.709677419356,9383.09677419355,2306.451612903226,3591.4193548387098,1997-08-01
1997,Summer,9,16500,6965,2069.3333333333335,10384.666666666666,1563.3333333333333,2072.733333333333,3900,2818,18716.129032258064,8717.838709677419,1874.516129032258,9207.967741935483,21900,13987,1584.7826086956522,2567.7934782608695,4200,7328,20838.709677419356,9383.09677419355,2306.451612903226,3591.4193548387098,1997-09-01
1997,Winter,1,113000,567086,30377.41935483871,2742.2258064516127,15835.483870967742,139859.7741935484,28700,389755,NA,NA,NA,NA,113000,567086,10405.555555555555,61903.73333333333,28700,389755,87109.67741935483,262461.48387096776,15835.483870967742,139859.7741935484,1997-01-01
1997,Winter,2,81900,216492,35057.142857142855,2356.3928571428573,10417.857142857143,31439.14285714286,24600,84004,87109.67741935483,262461.48387096776,30377.41935483871,2742.2258064516127,113000,567086,10405.555555555555,61903.73333333333,28700,389755,87109.67741935483,262461.48387096776,15835.483870967742,139859.7741935484,1997-02-01
1997,Winter,3,37200,70831,13034.516129032258,7068.774193548387,4964.5161290322585,11464.09677419355,11400,29643,57328.57142857143,118675.89285714286,35057.142857142855,2356.3928571428573,113000,567086,10405.555555555555,61903.73333333333,28700,389755,87109.67741935483,262461.48387096776,15835.483870967742,139859.7741935484,1997-03-01
1998,Autumn,10,22900,18817,6153.225806451613,9349.354838709678,2435.483870967742,5129.1612903225805,4700,9839,25316.666666666668,20116.733333333334,5758.333333333333,9254.3,62300,66751,6679.347826086957,8765.70652173913,25900,24939,44374.1935483871,47241.290322580644,11503.225806451614,11661.870967741936,1998-10-01
1998,Autumn,11,34800,42887,3289.6666666666665,4620.5,6080,9530.766666666666,21300,24195,15758.064516129032,12297.387096774193,6153.225806451613,9349.354838709678,62300,66751,6679.347826086957,8765.70652173913,25900,24939,44374.1935483871,47241.290322580644,11503.225806451614,11661.870967741936,1998-11-01
1998,Autumn,12,62300,66751,4330.967741935484,2348.5806451612902,11503.225806451614,11661.870967741936,25900,24939,20920,20569.766666666666,3289.6666666666665,4620.5,62300,66751,6679.347826086957,8765.70652173913,25900,24939,44374.1935483871,47241.290322580644,11503.225806451614,11661.870967741936,1998-12-01
1998,Spring,4,72300,121676,21936.666666666668,1729.8666666666666,6513.333333333333,12089.966666666667,15800,24829,63829.032258064515,104584.3870967742,19351.612903225807,2274.2903225806454,72300,121676,7738.461538461538,13189.406593406593,26000,45729,57683.333333333336,88661.23333333334,8735.483870967742,14808,1998-04-01
1998,Spring,5,63200,88533,17948.387096774193,3544.2258064516127,8735.483870967742,14808,26000,45729,57683.333333333336,88661.23333333334,21936.666666666668,1729.8666666666666,72300,121676,7738.461538461538,13189.406593406593,26000,45729,57683.333333333336,88661.23333333334,8735.483870967742,14808,1998-05-01
1998,Spring,6,70500,105153,17760,5401.633333333333,7933.333333333333,12616.3,13500,25529,48251.6129032258,67140.32258064517,17948.387096774193,3544.2258064516127,72300,121676,7738.461538461538,13189.406593406593,26000,45729,57683.333333333336,88661.23333333334,8735.483870967742,14808,1998-06-01
1998,Summer,7,37500,47830,13192.90322580645,8088.064516129032,2929.032258064516,6019.193548387097,7200,12771,55690,71643.16666666667,17760,5401.633333333333,37500,47830,1979.3478260869565,3975.554347826087,7200,12771,26796.774193548386,31360.1935483871,2929.032258064516,6019.193548387097,1998-07-01
1998,Summer,8,26400,21611,5441.935483870968,9301.548387096775,893.5483870967741,3126.8709677419356,1500,4230,26796.774193548386,31360.1935483871,13192.90322580645,8088.064516129032,37500,47830,1979.3478260869565,3975.554347826087,7200,12771,26796.774193548386,31360.1935483871,2929.032258064516,6019.193548387097,1998-08-01
1998,Summer,9,28600,23656,5758.333333333333,9254.3,2120,2740.766666666667,5500,4744,25177.41935483871,20010.25806451613,5441.935483870968,9301.548387096775,37500,47830,1979.3478260869565,3975.554347826087,7200,12771,26796.774193548386,31360.1935483871,2929.032258064516,6019.193548387097,1998-09-01
1998,Winter,1,79400,129177,6025.1612903225805,7268,16538.709677419356,42159.1935483871,48300,142801,NA,NA,NA,NA,94100,311298,12601.111111111111,48448.58888888889,48300,192481,81367.85714285714,224704.0357142857,16538.709677419356,73778.25,1998-01-01
1998,Winter,2,94100,311298,28121.428571428572,3321,9964.285714285714,73778.25,24100,192481,51783.87096774193,68871.48387096774,6025.1612903225805,7268,94100,311298,12601.111111111111,48448.58888888889,48300,192481,81367.85714285714,224704.0357142857,16538.709677419356,73778.25,1998-02-01
1998,Winter,3,77900,148497,19351.612903225807,2274.2903225806454,11045.161290322581,31859.58064516129,25900,70084,81367.85714285714,224704.0357142857,28121.428571428572,3321,94100,311298,12601.111111111111,48448.58888888889,48300,192481,81367.85714285714,224704.0357142857,16538.709677419356,73778.25,1998-03-01
1999,Autumn,10,14800,6645,2531.935483870968,9412.645161290322,1316.1290322580646,2568.935483870968,3300,4757,15830,4831.6,2037.3333333333333,11463.333333333334,19000,17236,1602.1739130434783,4080.2608695652175,4500,11051,16548.387096774193,10467.290322580646,1983.3333333333333,5191.741935483871,1999-10-01
1999,Autumn,11,16900,9992,2158,9519.166666666666,1983.3333333333333,4493.433333333333,4500,6327,12380.645161290322,4280.096774193548,2531.935483870968,9412.645161290322,19000,17236,1602.1739130434783,4080.2608695652175,4500,11051,16548.387096774193,10467.290322580646,1983.3333333333333,5191.741935483871,1999-11-01
1999,Autumn,12,19000,17236,1688.3870967741937,6427.322580645161,1519.3548387096773,5191.741935483871,4500,11051,13843.333333333334,6804.166666666667,2158,9519.166666666666,19000,17236,1602.1739130434783,4080.2608695652175,4500,11051,16548.387096774193,10467.290322580646,1983.3333333333333,5191.741935483871,1999-12-01
1999,Spring,4,36500,43753,6437,4918.533333333334,5106.666666666667,7109.966666666666,13600,16251,56838.709677419356,69107.12903225806,8331.612903225807,7198.580645161291,36500,43753,3440.6593406593406,4458.516483516483,13600,16251,30676.666666666668,35493.8,5106.666666666667,7109.966666666666,1999-04-01
1999,Spring,5,24900,30377,5551.290322580645,3460.451612903226,2358.064516129032,3342.4193548387098,4500,6216,30676.666666666668,35493.8,6437,4918.533333333334,36500,43753,3440.6593406593406,4458.516483516483,13600,16251,30676.666666666668,35493.8,5106.666666666667,7109.966666666666,1999-05-01
1999,Spring,6,21800,19358,3015.6666666666665,4784.766666666666,2893.3333333333335,2960.366666666667,6100,5433,19735.483870967742,22229.290322580644,5551.290322580645,3460.451612903226,36500,43753,3440.6593406593406,4458.516483516483,13600,16251,30676.666666666668,35493.8,5106.666666666667,7109.966666666666,1999-06-01
1999,Summer,7,23900,12851,2093.8709677419356,11028.129032258064,1061.2903225806451,1577.774193548387,2400,4068,17236.666666666668,13768.4,3015.6666666666665,4784.766666666666,23900,12903,1517.391304347826,2202.663043478261,4600,6326,22241.935483870966,10579,2200,3489.3870967741937,1999-07-01
1999,Summer,8,23300,12903,1969.032258064516,11467.90322580645,2200,3489.3870967741937,4600,6326,22241.935483870966,10579,2093.8709677419356,11028.129032258064,23900,12903,1517.391304347826,2202.663043478261,4600,6326,22241.935483870966,10579,2200,3489.3870967741937,1999-08-01
1999,Summer,9,17300,6173,2037.3333333333333,11463.333333333334,1283.3333333333333,1518.7666666666667,2100,2607,18029.032258064515,6020.354838709677,1969.032258064516,11467.90322580645,23900,12903,1517.391304347826,2202.663043478261,4600,6326,22241.935483870966,10579,2200,3489.3870967741937,1999-09-01
1999,Winter,1,67500,74523,4730.322580645161,4602.290322580645,14590.322580645161,17533.41935483871,46600,56513,NA,NA,NA,NA,86700,143179,14446.666666666666,25260.344444444443,51500,106477,67146.42857142857,98804.35714285714,18682.14285714286,43921.32142857143,1999-01-01
1999,Winter,2,86700,143179,11696.42857142857,5357.285714285715,18682.14285714286,43921.32142857143,51500,106477,34503.22580645161,38021.709677419356,4730.322580645161,4602.290322580645,86700,143179,14446.666666666666,25260.344444444443,51500,106477,67146.42857142857,98804.35714285714,18682.14285714286,43921.32142857143,1999-02-01
1999,Winter,3,74700,103650,8331.612903225807,7198.580645161291,10477.41935483871,16132.193548387097,20400,22942,67146.42857142857,98804.35714285714,11696.42857142857,5357.285714285715,86700,143179,14446.666666666666,25260.344444444443,51500,106477,67146.42857142857,98804.35714285714,18682.14285714286,43921.32142857143,1999-03-01
2000,Autumn,10,14200,17127,2826.1290322580644,9397.709677419354,1680.6451612903227,5149.129032258064,4000,13877,15163.333333333334,4662.633333333333,2330,11084.7,15900,17127,1413.0434782608695,4047.7608695652175,4000,13877,13670.967741935483,5996.612903225807,1680.6451612903227,5149.129032258064,2000-10-01
2000,Autumn,11,14400,12631,2525.6666666666665,9451.1,1290,3605.3333333333335,2800,13490,11683.870967741936,5736.580645161291,2826.1290322580644,9397.709677419354,15900,17127,1413.0434782608695,4047.7608695652175,4000,13877,13670.967741935483,5996.612903225807,1680.6451612903227,5149.129032258064,2000-11-01
2000,Autumn,12,15900,8996,2238.064516129032,8768.290322580646,1264.516129032258,3374.548387096774,2900,6806,12283.333333333334,4742.9,2525.6666666666665,9451.1,15900,17127,1413.0434782608695,4047.7608695652175,4000,13877,13670.967741935483,5996.612903225807,1680.6451612903227,5149.129032258064,2000-12-01
2000,Spring,4,34200,45349,5012.666666666667,5513.5,4716.666666666667,10133.333333333334,8300,23214,58561.290322580644,87838.35483870968,12097.741935483871,9118.58064516129,34200,45349,3551.6483516483518,6511.736263736264,11800,23214,26640,27294.3,4716.666666666667,10133.333333333334,2000-04-01
2000,Spring,5,27500,34881,4813.548387096775,3107.6774193548385,3732.2580645161293,6920,11800,16559,26640,27294.3,5012.666666666667,5513.5,34200,45349,3551.6483516483518,6511.736263736264,11800,23214,26640,27294.3,4716.666666666667,10133.333333333334,2000-05-01
2000,Spring,6,19200,11365,2772.3333333333335,7861.733333333334,2200,2468.266666666667,5100,4213,20448.387096774193,22146.129032258064,4813.548387096775,3107.6774193548385,34200,45349,3551.6483516483518,6511.736263736264,11800,23214,26640,27294.3,4716.666666666667,10133.333333333334,2000-06-01
2000,Summer,7,22200,15056,1898.3870967741937,10535.09677419355,1116.1290322580646,2914.2258064516127,1700,6817,16086.666666666666,8942.4,2772.3333333333335,7861.733333333334,22200,15056,1445.6521739130435,3130.641304347826,3200,7860,20848.387096774193,9220.645161290322,1750,3311.0967741935483,2000-07-01
2000,Summer,8,21100,12366,2170.6451612903224,11013.870967741936,1480.6451612903227,3311.0967741935483,3200,7860,20848.387096774193,9220.645161290322,1898.3870967741937,10535.09677419355,22200,15056,1445.6521739130435,3130.641304347826,3200,7860,20848.387096774193,9220.645161290322,1750,3311.0967741935483,2000-08-01
2000,Summer,9,18500,8292,2330,11084.7,1750,3167.8,3200,5573,17696.774193548386,6098.193548387097,2170.6451612903224,11013.870967741936,22200,15056,1445.6521739130435,3130.641304347826,3200,7860,20848.387096774193,9220.645161290322,1750,3311.0967741935483,2000-09-01
2000,Winter,1,50600,67481,2136.1290322580644,9885.645161290322,8241.935483870968,16351.483870967742,27000,43791,NA,NA,NA,NA,87700,163895,11575.824175824177,30008.582417582416,53200,134063,62372.41379310345,94092.27586206897,16300,45805.275862068964,2000-01-01
2000,Winter,2,87700,163895,7558.620689655172,11677,16300,45805.275862068964,53200,134063,24338.709677419356,21545.58064516129,2136.1290322580644,9885.645161290322,87700,163895,11575.824175824177,30008.582417582416,53200,134063,62372.41379310345,94092.27586206897,16300,45805.275862068964,2000-02-01
2000,Winter,3,81100,159701,12097.741935483871,9118.58064516129,10490.322580645161,28888.129032258064,22200,55842,62372.41379310345,94092.27586206897,7558.620689655172,11677,87700,163895,11575.824175824177,30008.582417582416,53200,134063,62372.41379310345,94092.27586206897,16300,45805.275862068964,2000-03-01
2001,Autumn,10,11400,7091,2002.5806451612902,4764.5161290322585,1435.8064516129032,1972.6451612903227,2720,4037,12360,4165.266666666666,1376,7828.8,36200,49520,5855.54347826087,9537.880434782608,29100,35057,27377.41935483871,24737.25806451613,11116.129032258064,17539.74193548387,2001-10-01
2001,Autumn,11,22200,18397,2096,7141.5,4986.666666666667,9086.7,17900,23898,8370.322580645161,4275.580645161291,2002.5806451612902,4764.5161290322585,36200,49520,5855.54347826087,9537.880434782608,29100,35057,27377.41935483871,24737.25806451613,11116.129032258064,17539.74193548387,2001-11-01
2001,Autumn,12,36200,49520,2063.548387096774,9876.354838709678,11116.129032258064,17539.74193548387,29100,35057,12303,8213,2096,7141.5,36200,49520,5855.54347826087,9537.880434782608,29100,35057,27377.41935483871,24737.25806451613,11116.129032258064,17539.74193548387,2001-12-01
2001,Spring,4,14100,20692,3008,4283.4,2115,7771.533333333334,3100,14332,24696.774193548386,23427.387096774193,3430.3225806451615,7945.225806451613,15300,20692,1783.7362637362637,4038.098901098901,3280,14332,12383.333333333334,12219.066666666668,2115,7771.533333333334,2001-04-01
2001,Spring,5,12400,11458,3527.4193548387098,1752.4193548387098,1937.741935483871,2414.1935483870966,3280,3698,12306,12219.066666666668,3008,4283.4,15300,20692,1783.7362637362637,4038.098901098901,3280,14332,12383.333333333334,12219.066666666668,2115,7771.533333333334,2001-05-01
2001,Spring,6,15300,8982,1549,3768.366666666667,1293.3333333333333,1982.7,2900,3610,9060,9706.838709677419,3527.4193548387098,1752.4193548387098,15300,20692,1783.7362637362637,4038.098901098901,3280,14332,12383.333333333334,12219.066666666668,2115,7771.533333333334,2001-06-01
2001,Summer,7,16200,7034,1400,8166.1612903225805,1025.8064516129032,1571.8064516129032,2000,3607,12383.333333333334,7509.2,1549,3768.366666666667,16200,7034,989.3478260869565,1647.6739130434783,3020,3607,14935.483870967742,4722.774193548387,1025.8064516129032,1896.9,2001-07-01
2001,Summer,8,14900,4658,1329.6774193548388,8389.09677419355,935.483870967742,1482.3548387096773,2400,1950,14935.483870967742,4722.774193548387,1400,8166.1612903225805,16200,7034,989.3478260869565,1647.6739130434783,3020,3607,14935.483870967742,4722.774193548387,1025.8064516129032,1896.9,2001-08-01
2001,Summer,9,13500,5640,1376,7828.8,1007.3333333333334,1896.9,3020,3580,13219.354838709678,3226.8387096774195,1329.6774193548388,8389.09677419355,16200,7034,989.3478260869565,1647.6739130434783,3020,3607,14935.483870967742,4722.774193548387,1025.8064516129032,1896.9,2001-09-01
2001,Winter,1,28900,32048,2441.6129032258063,6718.967741935484,8467.741935483871,16325.90322580645,15800,27367,NA,NA,NA,NA,46200,56518,9430,15240.58888888889,22200,33347,24696.774193548386,23427.387096774193,10046.42857142857,16325.90322580645,2001-01-01
2001,Winter,2,36800,44585,3092.1428571428573,8371,10046.42857142857,15108.107142857143,21000,30099,17190.322580645163,15211.451612903225,2441.6129032258063,6718.967741935484,46200,56518,9430,15240.58888888889,22200,33347,24696.774193548386,23427.387096774193,10046.42857142857,16325.90322580645,2001-02-01
2001,Winter,3,46200,56518,3430.3225806451615,7945.225806451613,9835.483870967742,14274.935483870968,22200,33347,20867.85714285714,19567.928571428572,3092.1428571428573,8371,46200,56518,9430,15240.58888888889,22200,33347,24696.774193548386,23427.387096774193,10046.42857142857,16325.90322580645,2001-03-01
2002,Autumn,10,12300,5105,1704.8387096774193,5980.741935483871,1134.8387096774193,1046.7096774193549,2500,1553,13563.333333333334,4168.933333333333,1175.0333333333333,8648.566666666668,57500,66313,6665.434782608696,11443.065217391304,41100,58895,29130,28885.8064516129,16528.064516129034,24495.354838709678,2002-10-01
2002,Autumn,11,15400,26539,1714.6666666666667,6943.233333333334,2189,8698.6,5000,23431,9891.290322580646,4203.258064516129,1704.8387096774193,5980.741935483871,57500,66313,6665.434782608696,11443.065217391304,41100,58895,29130,28885.8064516129,16528.064516129034,24495.354838709678,2002-11-01
2002,Autumn,12,57500,66313,1988.3870967741937,7580.4838709677415,16528.064516129034,24495.354838709678,41100,58895,11746.333333333334,7333.1,1714.6666666666667,6943.233333333334,57500,66313,6665.434782608696,11443.065217391304,41100,58895,29130,28885.8064516129,16528.064516129034,24495.354838709678,2002-12-01
2002,Spring,4,17100,16833,2598.3333333333335,4561.1,1703.3333333333333,2954.6666666666665,4600,7554,21322.58064516129,16982.129032258064,2133.548387096774,8280.548387096775,20300,24211,2363.076923076923,3802.3846153846152,9600,13756,14476.666666666666,13554.225806451614,3656.1290322580644,5556.032258064516,2002-04-01
2002,Spring,5,20300,24211,2738.7096774193546,1727.516129032258,3656.1290322580644,5556.032258064516,9600,13756,14476.666666666666,11943.233333333334,2598.3333333333335,4561.1,20300,24211,2363.076923076923,3802.3846153846152,9600,13756,14476.666666666666,13554.225806451614,3656.1290322580644,5556.032258064516,2002-05-01
2002,Spring,6,17700,9606,1407,5308.933333333333,1686.6666666666667,2838,3500,5203,12969.032258064517,13554.225806451614,2738.7096774193546,1727.516129032258,20300,24211,2363.076923076923,3802.3846153846152,9600,13756,14476.666666666666,13554.225806451614,3656.1290322580644,5556.032258064516,2002-06-01
2002,Summer,7,20600,6860,1227.4193548387098,11024.193548387097,1229.032258064516,1676,2200,5203,13893.333333333334,7461.766666666666,1407,5308.933333333333,20600,6860,1300,1480.5217391304348,4000,5203,18900,5731.8387096774195,1629.032258064516,1676,2002-07-01
2002,Summer,8,19100,5228,1116.4516129032259,11376.741935483871,1629.032258064516,1497.4516129032259,4000,2741,18900,5731.8387096774195,1227.4193548387098,11024.193548387097,20600,6860,1300,1480.5217391304348,4000,5203,18900,5731.8387096774195,1629.032258064516,1676,2002-08-01
2002,Summer,9,14800,5553,1175.0333333333333,8648.566666666668,1033.3333333333333,1261.0333333333333,1900,2236,17016.129032258064,3848.5806451612902,1116.4516129032259,11376.741935483871,20600,6860,1300,1480.5217391304348,4000,5203,18900,5731.8387096774195,1629.032258064516,1676,2002-09-01
2002,Winter,1,65600,105892,2661.6129032258063,10839.290322580646,13064.516129032258,24354.612903225807,33400,56372,NA,NA,NA,NA,65600,105892,8321.111111111111,13723.077777777778,33400,56372,38270.967741935485,38731.41935483871,13064.516129032258,24354.612903225807,2002-01-01
2002,Winter,2,31100,24965,1897.5,8769.285714285714,5946.428571428572,5996,16500,13231,38270.967741935485,38731.41935483871,2661.6129032258063,10839.290322580646,65600,105892,8321.111111111111,13723.077777777778,33400,56372,38270.967741935485,38731.41935483871,13064.516129032258,24354.612903225807,2002-02-01
2002,Winter,3,28800,27474,2133.548387096774,8280.548387096775,5722.580645161291,10070.838709677419,10800,16412,18175,12029.67857142857,1897.5,8769.285714285714,65600,105892,8321.111111111111,13723.077777777778,33400,56372,38270.967741935485,38731.41935483871,13064.516129032258,24354.612903225807,2002-03-01
2003,Autumn,10,12800,8952,1999.032258064516,7312.451612903225,1186.4516129032259,2390.451612903226,2680,6194,15346.666666666666,3486.6,1308.3333333333333,11295.966666666667,47000,51521,4434.565217391304,7206.869565217391,18100,30956,27787.09677419355,23855.645161290322,10361.290322580646,13595.41935483871,2003-10-01
2003,Autumn,11,14500,15279,1647,8260.166666666666,1666.6666666666667,5582.333333333333,4900,11799,11004.838709677419,4304.677419354839,1999.032258064516,7312.451612903225,47000,51521,4434.565217391304,7206.869565217391,18100,30956,27787.09677419355,23855.645161290322,10361.290322580646,13595.41935483871,2003-11-01
2003,Autumn,12,47000,51521,1502.5806451612902,8533.548387096775,10361.290322580646,13595.41935483871,18100,30956,12450,6625.466666666666,1647,8260.166666666666,47000,51521,4434.565217391304,7206.869565217391,18100,30956,27787.09677419355,23855.645161290322,10361.290322580646,13595.41935483871,2003-12-01
2003,Spring,4,40800,51049,2667.6666666666665,4784.466666666666,8980,14220.433333333332,22200,29993,22922.58064516129,15779.612903225807,2193.2258064516127,10855.967741935483,62400,67682,7481.318681318681,9766.637362637362,24700,29993,40538.709677419356,41937.74193548387,10083.870967741936,14220.433333333332,2003-04-01
2003,Spring,5,62400,67682,2625.1612903225805,2765.8709677419356,10083.870967741936,11800.935483870968,24700,28935,21586.666666666668,22053.866666666665,2667.6666666666665,4784.466666666666,62400,67682,7481.318681318681,9766.637362637362,24700,29993,40538.709677419356,41937.74193548387,10083.870967741936,14220.433333333332,2003-05-01
2003,Spring,6,28300,18740,2033.6666666666667,10694.733333333334,3293.3333333333335,3210.733333333333,4600,4694,40538.709677419356,41937.74193548387,2625.1612903225805,2765.8709677419356,62400,67682,7481.318681318681,9766.637362637362,24700,29993,40538.709677419356,41937.74193548387,10083.870967741936,14220.433333333332,2003-06-01
2003,Summer,7,25600,14247,1320.6451612903227,11270.322580645161,1509.6774193548388,1750.0967741935483,2900,4151,22276.666666666668,11802,2033.6666666666667,10694.733333333334,25700,14247,1828.2608695652175,2308.3260869565215,7500,7575,22429.032258064515,9703.161290322581,2609.6774193548385,3401.3225806451615,2003-07-01
2003,Summer,8,25700,13124,1280.6451612903227,11613.741935483871,2609.6774193548385,3401.3225806451615,7500,7575,22429.032258064515,9703.161290322581,1320.6451612903227,11270.322580645161,25700,14247,1828.2608695652175,2308.3260869565215,7500,7575,22429.032258064515,9703.161290322581,2609.6774193548385,3401.3225806451615,2003-08-01
2003,Summer,9,17300,5198,1308.3333333333333,11295.966666666667,1350,1755.7333333333333,3000,3686,19583.870967741936,6928.225806451613,1280.6451612903227,11613.741935483871,25700,14247,1828.2608695652175,2308.3260869565215,7500,7575,22429.032258064515,9703.161290322581,2609.6774193548385,3401.3225806451615,2003-09-01
2003,Winter,1,65300,82979,1912.9032258064517,10255.258064516129,16412.90322580645,25423.1935483871,31500,48719,NA,NA,NA,NA,65300,82979,12444.444444444445,17579.21111111111,31500,48719,51935.48387096774,51440.93548387097,16412.90322580645,25423.1935483871,2003-01-01
2003,Winter,2,45300,41236,1878.9285714285713,10945.392857142857,11171.42857142857,14127.07142857143,18400,22539,51935.48387096774,51440.93548387097,1912.9032258064517,10255.258064516129,65300,82979,12444.444444444445,17579.21111111111,31500,48719,51935.48387096774,51440.93548387097,16412.90322580645,25423.1935483871,2003-02-01
2003,Winter,3,39600,41082,2193.2258064516127,10855.967741935483,9625.806451612903,12853.290322580646,24000,34579,36085.71428571428,29622.85714285714,1878.9285714285713,10945.392857142857,65300,82979,12444.444444444445,17579.21111111111,31500,48719,51935.48387096774,51440.93548387097,16412.90322580645,25423.1935483871,2003-03-01
2004,Autumn,10,17900,18234,1752.9032258064517,7337.580645161291,2693.548387096774,6269.806451612903,5400,13638,14610,4700.966666666666,1120.6666666666667,9633.333333333334,46600,58511,5991.304347826087,10402.130434782608,43800,60279,17745.16129032258,12451.193548387097,13303.225806451614,19553.09677419355,2004-10-01
2004,Autumn,11,14000,11857,1631.6666666666667,8278.466666666667,1843.3333333333333,5216.2,4100,7925,12606.451612903225,8517.387096774193,1752.9032258064517,7337.580645161291,46600,58511,5991.304347826087,10402.130434782608,43800,60279,17745.16129032258,12451.193548387097,13303.225806451614,19553.09677419355,2004-11-01
2004,Autumn,12,46600,58511,1578.0645161290322,8144.1612903225805,13303.225806451614,19553.09677419355,43800,60279,12250,6708.166666666667,1631.6666666666667,8278.466666666667,46600,58511,5991.304347826087,10402.130434782608,43800,60279,17745.16129032258,12451.193548387097,13303.225806451614,19553.09677419355,2004-12-01
2004,Spring,4,36100,31799,2750.6666666666665,4459.033333333334,7820,7915.4,15200,17681,46706.45161290323,56299.54838709677,3360.6451612903224,11109.645161290322,36100,31799,3789.010989010989,7022.010989010989,15200,39959,23793.333333333332,22006.5,7820,8864.1,2004-04-01
2004,Spring,5,14300,15250,2646.7741935483873,1920.5806451612902,1612.9032258064517,4374.774193548387,3000,39959,23793.333333333332,22006.5,2750.6666666666665,4459.033333333334,36100,31799,3789.010989010989,7022.010989010989,15200,39959,23793.333333333332,22006.5,7820,8864.1,2004-05-01
2004,Spring,6,17400,9673,1403.6666666666667,5720.2,2006.6666666666667,8864.1,4600,39506,12532.258064516129,12425.516129032258,2646.7741935483873,1920.5806451612902,36100,31799,3789.010989010989,7022.010989010989,15200,39959,23793.333333333332,22006.5,7820,8864.1,2004-06-01
2004,Summer,7,21800,8665,1146.6129032258063,11138.258064516129,1377.4193548387098,1324.3548387096773,3900,2058,15130,5726.633333333333,1403.6666666666667,5720.2,21800,8665,1201.0869565217392,1820.3369565217392,3900,3421,20441.935483870966,7378.1612903225805,1377.4193548387098,2304.5,2004-07-01
2004,Summer,8,19400,7316,1125.2903225806451,11439.677419354839,1093.5483870967741,1847.774193548387,2300,2413,20441.935483870966,7378.1612903225805,1146.6129032258063,11138.258064516129,21800,8665,1201.0869565217392,1820.3369565217392,3900,3421,20441.935483870966,7378.1612903225805,1377.4193548387098,2304.5,2004-08-01
2004,Summer,9,16200,7702,1120.6666666666667,9633.333333333334,1130,2304.5,2400,3421,17916.129032258064,5252.5161290322585,1125.2903225806451,11439.677419354839,21800,8665,1201.0869565217392,1820.3369565217392,3900,3421,20441.935483870966,7378.1612903225805,1377.4193548387098,2304.5,2004-09-01
2004,Winter,1,61200,69523,1791.9354838709678,11420.193548387097,10016.129032258064,13263.870967741936,19200,28872,NA,NA,NA,NA,74700,179947,12372.527472527472,29873.494505494506,53500,139965,46706.45161290323,68091.27586206897,17203.44827586207,50714.8275862069,2004-01-01
2004,Winter,2,74700,179947,2201.3793103448274,10577.103448275862,17203.44827586207,50714.8275862069,53500,139965,36767.74193548387,32138.1935483871,1791.9354838709678,11420.193548387097,74700,179947,12372.527472527472,29873.494505494506,53500,139965,46706.45161290323,68091.27586206897,17203.44827586207,50714.8275862069,2004-02-01
2004,Winter,3,71300,155420,3360.6451612903224,11109.645161290322,10209.677419354839,26986.387096774193,21700,69821,44420.68965517241,68091.27586206897,2201.3793103448274,10577.103448275862,74700,179947,12372.527472527472,29873.494505494506,53500,139965,46706.45161290323,68091.27586206897,17203.44827586207,50714.8275862069,2004-03-01
2005,Autumn,10,17700,7263,2618.7096774193546,10925.225806451614,1603.225806451613,1757.1935483870968,3100,2675,17933.333333333332,7051,2412,11810.933333333332,88300,235781,7514.130434782609,23323.684782608696,51000,260689,35458.06451612903,42829,17887.09677419355,63642.25806451613,2005-10-01
2005,Autumn,11,17100,7570,2038.3333333333333,9727.933333333332,2903.3333333333335,3946.5333333333333,14200,18393,14074.193548387097,4467.193548387097,2618.7096774193546,10925.225806451614,88300,235781,7514.130434782609,23323.684782608696,51000,260689,35458.06451612903,42829,17887.09677419355,63642.25806451613,2005-11-01
2005,Autumn,12,88300,235781,3521.2903225806454,10886.90322580645,17887.09677419355,63642.25806451613,51000,260689,13386.666666666666,5008.666666666667,2038.3333333333333,9727.933333333332,88300,235781,7514.130434782609,23323.684782608696,51000,260689,35458.06451612903,42829,17887.09677419355,63642.25806451613,2005-12-01
2005,Spring,4,34800,50109,10060.666666666666,6137.233333333334,4616.666666666667,7141.333333333333,14600,20156,30367.74193548387,38557.967741935485,8064.8387096774195,7052.193548387097,74100,91682,9529.670329670329,12492.186813186812,33900,42203,40219.354838709674,50999.16129032258,17667.74193548387,21043.41935483871,2005-04-01
2005,Spring,5,74100,91682,10411.290322580646,3290.1290322580644,17667.74193548387,21043.41935483871,33900,42203,22133.333333333332,29903.033333333333,10060.666666666666,6137.233333333334,74100,91682,9529.670329670329,12492.186813186812,33900,42203,40219.354838709674,50999.16129032258,17667.74193548387,21043.41935483871,2005-05-01
2005,Spring,6,40700,48887,9979,10188.433333333332,6033.333333333333,9006.766666666666,12700,16848,40219.354838709674,50999.16129032258,10411.290322580646,3290.1290322580644,74100,91682,9529.670329670329,12492.186813186812,33900,42203,40219.354838709674,50999.16129032258,17667.74193548387,21043.41935483871,2005-06-01
2005,Summer,7,21200,11316,4155.4838709677415,11924.193548387097,1177.4193548387098,1461.1935483870968,2400,2338,28653.333333333332,27968.066666666666,9979,10188.433333333332,21200,11316,1106.5217391304348,1345.5326086956522,2500,3091,19667.74193548387,9441.064516129032,1238.7096774193549,1461.1935483870968,2005-07-01
2005,Summer,8,18200,6990,2615.483870967742,11918.741935483871,1238.7096774193549,1284.0967741935483,2500,3091,19667.74193548387,9441.064516129032,4155.4838709677415,11924.193548387097,21200,11316,1106.5217391304348,1345.5326086956522,2500,3091,19667.74193548387,9441.064516129032,1238.7096774193549,1461.1935483870968,2005-08-01
2005,Summer,9,18500,8156,2412,11810.933333333332,896.6666666666666,1289.5,1300,1895,17245.16129032258,5632.193548387097,2615.483870967742,11918.741935483871,21200,11316,1106.5217391304348,1345.5326086956522,2500,3091,19667.74193548387,9441.064516129032,1238.7096774193549,1461.1935483870968,2005-09-01
2005,Winter,1,55600,63899,4918.064516129032,12152.645161290322,10267.741935483871,16464.354838709678,21600,30099,NA,NA,NA,NA,55600,71870,9973.333333333334,15462.722222222223,31400,48024,33680.645161290326,38557.967741935485,12380.645161290322,18450.41935483871,2005-01-01
2005,Winter,2,33500,37773,5303.214285714285,9033.142857142857,6982.142857142857,11045.964285714286,13300,16099,33680.645161290326,33624,4918.064516129032,12152.645161290322,55600,71870,9973.333333333334,15462.722222222223,31400,48024,33680.645161290326,38557.967741935485,12380.645161290322,18450.41935483871,2005-02-01
2005,Winter,3,53900,71870,8064.8387096774195,7052.193548387097,12380.645161290322,18450.41935483871,31400,48024,24875,24932.928571428572,5303.214285714285,9033.142857142857,55600,71870,9973.333333333334,15462.722222222223,31400,48024,33680.645161290326,38557.967741935485,12380.645161290322,18450.41935483871,2005-03-01
2006,Autumn,10,14600,6576,3850.6451612903224,10595.193548387097,1162.5806451612902,1897.225806451613,2000,2914,18010,7920.166666666667,3316,11819.633333333333,26000,17815,2905.8695652173915,4182.152173913043,10900,11887,16951.612903225807,9019.354838709678,6280.645161290323,7510.387096774193,2006-10-01
2006,Autumn,11,13800,9437,2538,9631.8,1220,3104.0666666666666,2100,6050,11721.612903225807,3987.548387096774,3850.6451612903224,10595.193548387097,26000,17815,2905.8695652173915,4182.152173913043,10900,11887,16951.612903225807,9019.354838709678,6280.645161290323,7510.387096774193,2006-11-01
2006,Autumn,12,26000,17815,2354.1935483870966,10833.225806451614,6280.645161290323,7510.387096774193,10900,11887,12146.666666666666,5230.6,2538,9631.8,26000,17815,2905.8695652173915,4182.152173913043,10900,11887,16951.612903225807,9019.354838709678,6280.645161290323,7510.387096774193,2006-12-01
2006,Spring,4,91800,256965,27936.666666666668,3554.8333333333335,7743.333333333333,57787.1,22700,140458,67412.90322580645,115393.32258064517,11704.838709677419,6085,91800,256965,6449.450549450549,26229.56043956044,22700,140458,77646.66666666667,179437.63333333333,8016.129032258064,57787.1,2006-04-01
2006,Spring,5,70600,122053,26054.83870967742,4064.483870967742,8016.129032258064,15242.09677419355,15400,29267,77646.66666666667,179437.63333333333,27936.666666666668,3554.8333333333335,91800,256965,6449.450549450549,26229.56043956044,22700,140458,77646.66666666667,179437.63333333333,8016.129032258064,57787.1,2006-05-01
2006,Spring,6,33600,46139,15690,7403.8,3536.6666666666665,6025.733333333334,6000,14103,52145.16129032258,81325.80645161291,26054.83870967742,4064.483870967742,91800,256965,6449.450549450549,26229.56043956044,22700,140458,77646.66666666667,179437.63333333333,8016.129032258064,57787.1,2006-06-01
2006,Summer,7,20400,19211,5546.774193548387,11617.612903225807,1587.0967741935483,3075.8709677419356,2600,15087,27210,35325.2,15690,7403.8,20400,19211,1446.7391304347825,2047.8369565217392,3100,15087,18864.516129032258,10261.290322580646,1740,3075.8709677419356,2006-07-01
2006,Summer,8,20100,10054,3697.0967741935483,11903.161290322581,1022.5806451612904,1322.774193548387,1800,2631,18587.09677419355,10261.290322580646,5546.774193548387,11617.612903225807,20400,19211,1446.7391304347825,2047.8369565217392,3100,15087,18864.516129032258,10261.290322580646,1740,3075.8709677419356,2006-08-01
2006,Summer,9,20300,9954,3316,11819.633333333333,1740,1734.7666666666667,3100,3200,18864.516129032258,8175.870967741936,3697.0967741935483,11903.161290322581,20400,19211,1446.7391304347825,2047.8369565217392,3100,15087,18864.516129032258,10261.290322580646,1740,3075.8709677419356,2006-09-01
2006,Winter,1,87600,368424,13171.290322580646,7249.677419354839,10848.387096774193,66077.51612903226,19700,208616,NA,NA,NA,NA,87600,368424,11376.666666666666,45936.9,38900,208616,67412.90322580645,145921.06451612903,18121.428571428572,66077.51612903226,2006-01-01
2006,Winter,2,70200,85475,6457.5,9421.785714285714,18121.428571428572,29400.214285714286,38900,95107,66151.6129032258,145921.06451612903,13171.290322580646,7249.677419354839,87600,368424,11376.666666666666,45936.9,38900,208616,67412.90322580645,145921.06451612903,18121.428571428572,66077.51612903226,2006-02-01
2006,Winter,3,70000,175262,11704.838709677419,6085,5812.903225806452,40732.645161290326,35900,99883,48921.42857142857,52129.107142857145,6457.5,9421.785714285714,87600,368424,11376.666666666666,45936.9,38900,208616,67412.90322580645,145921.06451612903,18121.428571428572,66077.51612903226,2006-03-01
2007,Autumn,10,12300,6729,1569.6774193548388,7600.322580645161,1220,2014.0967741935483,1900,3943,15196.666666666666,4517.166666666667,1014.0666666666667,9873.933333333332,16400,15056,1900.108695652174,4184.152173913043,6100,14453,12121.290322580646,7185.580645161291,3398.7096774193546,7492.774193548387,2007-10-01
2007,Autumn,11,11300,10067,1710.6666666666667,6639.033333333334,1054.3333333333333,3007.633333333333,2180,7278,10541.935483870968,3683,1569.6774193548388,7600.322580645161,16400,15056,1900.108695652174,4184.152173913043,6100,14453,12121.290322580646,7185.580645161291,3398.7096774193546,7492.774193548387,2007-11-01
2007,Autumn,12,16400,15056,1502.5806451612902,6728.225806451613,3398.7096774193546,7492.774193548387,6100,14453,10005,4290.9,1710.6666666666667,6639.033333333334,16400,15056,1900.108695652174,4184.152173913043,6100,14453,12121.290322580646,7185.580645161291,3398.7096774193546,7492.774193548387,2007-12-01
2007,Spring,4,15600,16873,2225.3333333333335,4878.5,2061.6666666666665,4608.966666666666,4970,9189,18322.58064516129,14003.967741935483,2554.8387096774195,7282.032258064516,18600,16873,2124.065934065934,2984.296703296703,5600,9189,13631,11306.233333333334,2531.3333333333335,4608.966666666666,2007-04-01
2007,Spring,5,12100,12736,2898.064516129032,1661.3870967741937,1790.3225806451612,1914.5483870967741,3220,3635,13631,11306.233333333334,2225.3333333333335,4878.5,18600,16873,2124.065934065934,2984.296703296703,5600,9189,13631,11306.233333333334,2531.3333333333335,4608.966666666666,2007-05-01
2007,Spring,6,18600,10450,1745,3451.633333333333,2531.3333333333335,2465.0333333333333,5600,4620,9362.58064516129,9379.806451612903,2898.064516129032,1661.3870967741937,18600,16873,2124.065934065934,2984.296703296703,5600,9189,13631,11306.233333333334,2531.3333333333335,4608.966666666666,2007-06-01
2007,Summer,7,20500,7525,1137.741935483871,11460.451612903225,1667.741935483871,2174.8709677419356,3100,5562,12290.333333333334,7846.5,1745,3451.633333333333,20500,7525,1335.8695652173913,1736.7717391304348,3100,5562,19064.516129032258,5360.806451612903,1667.741935483871,2174.8709677419356,2007-07-01
2007,Summer,8,18300,4917,1007.5806451612904,11466.806451612903,990.3225806451613,1333.3870967741937,1900,2190,19064.516129032258,5360.806451612903,1137.741935483871,11460.451612903225,20500,7525,1335.8695652173913,1736.7717391304348,3100,5562,19064.516129032258,5360.806451612903,1667.741935483871,2174.8709677419356,2007-08-01
2007,Summer,9,17100,6035,1014.0666666666667,9873.933333333332,1350,1700.9,2800,4473,17122.58064516129,3737.1290322580644,1007.5806451612904,11466.806451612903,20500,7525,1335.8695652173913,1736.7717391304348,3100,5562,19064.516129032258,5360.806451612903,1667.741935483871,2174.8709677419356,2007-09-01
2007,Winter,1,19100,11824,2587.0967741935483,7891.967741935484,2209.6774193548385,3227.548387096774,9100,9127,NA,NA,NA,NA,39400,46754,5906.666666666667,8307.533333333333,26200,38980,22700,21234.428571428572,11892.857142857143,17456.89285714286,2007-01-01
2007,Winter,2,39400,46754,2533.5714285714284,6979.428571428572,11892.857142857143,17456.89285714286,26200,38980,13822.58064516129,8242.709677419354,2587.0967741935483,7891.967741935484,39400,46754,5906.666666666667,8307.533333333333,26200,38980,22700,21234.428571428572,11892.857142857143,17456.89285714286,2007-02-01
2007,Winter,3,33700,34277,2554.8387096774195,7282.032258064516,4196.774193548387,5123.580645161291,11300,16430,22700,21234.428571428572,2533.5714285714284,6979.428571428572,39400,46754,5906.666666666667,8307.533333333333,26200,38980,22700,21234.428571428572,11892.857142857143,17456.89285714286,2007-03-01
2008,Autumn,10,8760,6521,1234.7096774193549,4585.1612903225805,1626.774193548387,3382.7741935483873,6620,14400,10332.666666666666,4071.6666666666665,901.5333333333333,5185.766666666666,14100,17417,1949.5652173913043,4130.326086956522,6620,14400,9739.666666666666,7113.419354838709,2207.4193548387098,4577.580645161291,2008-10-01
2008,Autumn,11,14100,17417,1140,5183.566666666667,2016.6666666666667,4440.633333333333,6500,13593,7767.419354838709,3186.0967741935483,1234.7096774193549,4585.1612903225805,14100,17417,1949.5652173913043,4130.326086956522,6620,14400,9739.666666666666,7113.419354838709,2207.4193548387098,4577.580645161291,2008-11-01
2008,Autumn,12,14100,14494,1128.0645161290322,2841.8709677419356,2207.4193548387098,4577.580645161291,5780,10733,9739.666666666666,5817.733333333334,1140,5183.566666666667,14100,17417,1949.5652173913043,4130.326086956522,6620,14400,9739.666666666666,7113.419354838709,2207.4193548387098,4577.580645161291,2008-12-01
2008,Spring,4,13000,12626,2408.6666666666665,2430.9333333333334,2232,2880.4333333333334,4290,6572,13703.225806451614,12220.193548387097,2115.483870967742,3591.8387096774195,13000,12626,1769.7802197802198,2118.21978021978,4290,6572,11310.333333333334,9540,2232,2880.4333333333334,2008-04-01
2008,Spring,5,11400,9974,2755.483870967742,2077.6774193548385,1752.9032258064517,1616.258064516129,3930,3107,10192.333333333334,9540,2408.6666666666665,2430.9333333333334,13000,12626,1769.7802197802198,2118.21978021978,4290,6572,11310.333333333334,9540,2232,2880.4333333333334,2008-05-01
2008,Spring,6,13000,8434,1032.8666666666666,2277.4333333333334,1325,1874.7,2260,3952,8788.387096774193,8214.838709677419,2755.483870967742,2077.6774193548385,13000,12626,1769.7802197802198,2118.21978021978,4290,6572,11310.333333333334,9540,2232,2880.4333333333334,2008-06-01
2008,Summer,7,13400,5301,863.8387096774194,6340.709677419355,929.0322580645161,1315.4516129032259,1500,3952,11310.333333333334,7332.4,1032.8666666666666,2277.4333333333334,13400,6084,901.7391304347826,1361.6847826086957,2130,3952,12519.354838709678,4071.6666666666665,1085.3333333333333,1733.1333333333334,2008-07-01
2008,Summer,8,11800,3983,868.7096774193549,5700.5161290322585,696.7741935483871,1048.4516129032259,1200,1564,12519.354838709678,3674.3870967741937,863.8387096774194,6340.709677419355,13400,6084,901.7391304347826,1361.6847826086957,2130,3952,12519.354838709678,4071.6666666666665,1085.3333333333333,1733.1333333333334,2008-08-01
2008,Summer,9,12000,6084,901.5333333333333,5185.766666666666,1085.3333333333333,1733.1333333333334,2130,3047,10816.129032258064,3074.032258064516,868.7096774193549,5700.5161290322585,13400,6084,901.7391304347826,1361.6847826086957,2130,3952,12519.354838709678,4071.6666666666665,1085.3333333333333,1733.1333333333334,2008-09-01
2008,Winter,1,41000,50477,2319.3548387096776,6132.451612903225,13567.741935483871,20603.129032258064,26000,42289,NA,NA,NA,NA,41000,50477,9076.153846153846,12994.065934065935,26000,42289,26306.896551724138,24560.064516129034,13567.741935483871,20603.129032258064,2008-01-01
2008,Winter,2,38100,41724,2369.310344827586,7035.275862068966,10196.551724137931,13031.103448275862,20700,26382,22480.645161290322,24560.064516129034,2319.3548387096776,6132.451612903225,41000,50477,9076.153846153846,12994.065934065935,26000,42289,26306.896551724138,24560.064516129034,13567.741935483871,20603.129032258064,2008-02-01
2008,Winter,3,27900,29179,2115.483870967742,3591.8387096774195,3536.451612903226,5350.354838709677,16800,19723,26306.896551724138,24128.172413793105,2369.310344827586,7035.275862068966,41000,50477,9076.153846153846,12994.065934065935,26000,42289,26306.896551724138,24560.064516129034,13567.741935483871,20603.129032258064,2008-03-01
2009,Autumn,10,13100,21855,1844.516129032258,6222.645161290323,1942.5806451612902,7107.451612903225,4340,19146,11450,3887.0333333333333,947.6666666666666,6824.6,14000,21855,1791.304347826087,4432.076086956522,4340,19146,10611.935483870968,6370.774193548387,2082.2580645161293,7107.451612903225,2009-10-01
2009,Autumn,11,10400,7599,1393.6666666666667,4597.1,1334.3333333333333,2201.5,2350,4297,9780.967741935483,6365.032258064516,1844.516129032258,6222.645161290323,14000,21855,1791.304347826087,4432.076086956522,4340,19146,10611.935483870968,6370.774193548387,2082.2580645161293,7107.451612903225,2009-11-01
2009,Autumn,12,14000,13445,1318.7096774193549,5638.4838709677415,2082.2580645161293,3915.3225806451615,4230,8073,9007.666666666666,4654.4,1393.6666666666667,4597.1,14000,21855,1791.304347826087,4432.076086956522,4340,19146,10611.935483870968,6370.774193548387,2082.2580645161293,7107.451612903225,2009-12-01
2009,Spring,4,16000,14560,1516,2826.3333333333335,2266.6666666666665,3675.4,4100,8190,22619.354838709678,19926.870967741936,1422.258064516129,5885.548387096775,31200,31636,3770.1098901098903,4296.527472527472,17900,17662,16374.193548387097,15884.967741935483,6332.258064516129,6579.677419354839,2009-04-01
2009,Spring,5,31200,31636,2129.6774193548385,2389.7096774193546,6332.258064516129,6579.677419354839,17900,17662,13603.333333333334,12039.766666666666,1516,2826.3333333333335,31200,31636,3770.1098901098903,4296.527472527472,17900,17662,16374.193548387097,15884.967741935483,6332.258064516129,6579.677419354839,2009-05-01
2009,Spring,6,15000,11247,1098.6333333333334,2386.3,2626,2558.4,5600,4077,16374.193548387097,15884.967741935483,2129.6774193548385,2389.7096774193546,31200,31636,3770.1098901098903,4296.527472527472,17900,17662,16374.193548387097,15884.967741935483,6332.258064516129,6579.677419354839,2009-06-01
2009,Summer,7,20100,7793,606.0322580645161,10629,1864.516129032258,2577.451612903226,4300,3760,11953.333333333334,8064.633333333333,1098.6333333333334,2386.3,20100,7793,1612.9347826086957,2107,4300,4904,18622.58064516129,5214.258064516129,1864.516129032258,2577.451612903226,2009-07-01
2009,Summer,8,18900,6825,608.7096774193549,8511.516129032258,1370.967741935484,1471.5483870967741,3500,3476,18622.58064516129,5214.258064516129,606.0322580645161,10629,20100,7793,1612.9347826086957,2107,4300,4904,18622.58064516129,5214.258064516129,1864.516129032258,2577.451612903226,2009-08-01
2009,Summer,9,14600,6943,947.6666666666666,6824.6,1603,2277.5,2600,4904,15093.548387096775,4238.129032258064,608.7096774193549,8511.516129032258,20100,7793,1612.9347826086957,2107,4300,4904,18622.58064516129,5214.258064516129,1864.516129032258,2577.451612903226,2009-09-01
2009,Winter,1,13500,14001,1104.967741935484,4592.322580645161,2264.516129032258,3957.8709677419356,6500,11198,NA,NA,NA,NA,48000,53794,7332,9728.655555555555,26700,37578,22619.354838709678,22752.64285714286,10702.857142857143,13362.07142857143,2009-01-01
2009,Winter,2,43300,45779,1427.5,4026.1785714285716,10702.857142857143,13362.07142857143,25500,30417,9142.58064516129,6306.096774193548,1104.967741935484,4592.322580645161,48000,53794,7332,9728.655555555555,26700,37578,22619.354838709678,22752.64285714286,10702.857142857143,13362.07142857143,2009-02-01
2009,Winter,3,48000,53794,1422.258064516129,5885.548387096775,9354.838709677419,12217.645161290322,26700,37578,20469.285714285714,22752.64285714286,1427.5,4026.1785714285716,48000,53794,7332,9728.655555555555,26700,37578,22619.354838709678,22752.64285714286,10702.857142857143,13362.07142857143,2009-03-01
2010,Autumn,10,16800,15248,2390.3225806451615,9410.838709677419,2763.2258064516127,4675.225806451613,7240,11327,16580,5885.266666666666,1842.3333333333333,10648.266666666666,77000,89710,6824.565217391304,10471.239130434782,41100,58294,45700,48138.06451612903,14825.806451612903,20580.935483870966,2010-10-01
2010,Autumn,11,19400,16341,1901.6666666666667,9249.1,2753.3333333333335,6013.766666666666,6400,13698,12005.161290322581,5473.258064516129,2390.3225806451615,9410.838709677419,77000,89710,6824.565217391304,10471.239130434782,41100,58294,45700,48138.06451612903,14825.806451612903,20580.935483870966,2010-11-01
2010,Autumn,12,77000,89710,6942.258064516129,11030.709677419354,14825.806451612903,20580.935483870966,41100,58294,13043.333333333334,7020.866666666667,1901.6666666666667,9249.1,77000,89710,6824.565217391304,10471.239130434782,41100,58294,45700,48138.06451612903,14825.806451612903,20580.935483870966,2010-12-01
2010,Spring,4,26600,35457,4277,1558.4666666666667,5986.666666666667,9959.2,14200,19366,19745.16129032258,17121.483870967742,2934.1935483870966,7180.4838709677415,29800,35457,4769.2307692307695,6053.087912087912,14200,19366,20940,24604.466666666667,5986.666666666667,9959.2,2010-04-01
2010,Spring,5,24600,29855,5065.4838709677415,2475.451612903226,4138.709677419355,3497.1935483870966,9600,6259,18833.333333333332,24604.466666666667,4277,1558.4666666666667,29800,35457,4769.2307692307695,6053.087912087912,14200,19366,20940,24604.466666666667,5986.666666666667,9959.2,2010-05-01
2010,Spring,6,29800,25364,4000.3333333333335,6932.933333333333,4203.333333333333,4788.066666666667,8500,11207,17280.645161290322,20681.74193548387,5065.4838709677415,2475.451612903226,29800,35457,4769.2307692307695,6053.087912087912,14200,19366,20940,24604.466666666667,5986.666666666667,9959.2,2010-06-01
2010,Summer,7,19000,8163,1932.5806451612902,9961.838709677419,983.8709677419355,1757.6129032258063,1800,3483,20940,16524.966666666667,4000.3333333333335,6932.933333333333,19000,8804,1260.8695652173913,1877.3478260869565,3500,4843,17416.129032258064,6700.8387096774195,1740,2204.8,2010-07-01
2010,Summer,8,18900,7506,1288.0645161290322,11147.322580645161,1074.1935483870968,1680.1935483870968,2200,2800,17416.129032258064,6700.8387096774195,1932.5806451612902,9961.838709677419,19000,8804,1260.8695652173913,1877.3478260869565,3500,4843,17416.129032258064,6700.8387096774195,1740,2204.8,2010-08-01
2010,Summer,9,19000,8804,1842.3333333333333,10648.266666666666,1740,2204.8,3500,4843,16709.677419354837,4003.935483870968,1288.0645161290322,11147.322580645161,19000,8804,1260.8695652173913,1877.3478260869565,3500,4843,17416.129032258064,6700.8387096774195,1740,2204.8,2010-09-01
2010,Winter,1,58400,68205,1955.1612903225807,5727.225806451613,14132.90322580645,17384.032258064515,42700,54799,NA,NA,NA,NA,58400,68205,9196.888888888889,12621.31111111111,42700,54799,28992.85714285714,29982.14285714286,14132.90322580645,17384.032258064515,2010-01-01
2010,Winter,2,38900,43961,2425.714285714286,6983.392857142857,9325,13142.42857142857,22900,23549,26808.709677419356,26955,1955.1612903225807,5727.225806451613,58400,68205,9196.888888888889,12621.31111111111,42700,54799,28992.85714285714,29982.14285714286,14132.90322580645,17384.032258064515,2010-02-01
2010,Winter,3,32400,32837,2934.1935483870966,7180.4838709677415,4145.1612903225805,7387.903225806452,12000,16558,28992.85714285714,29982.14285714286,2425.714285714286,6983.392857142857,58400,68205,9196.888888888889,12621.31111111111,42700,54799,28992.85714285714,29982.14285714286,14132.90322580645,17384.032258064515,2010-03-01
2011,Autumn,10,22800,22839,5027.096774193548,10812.129032258064,2306.451612903226,5099.064516129032,4300,10405,21046.666666666668,12205.8,4272,11616,22800,22839,1810.8695652173913,3839.358695652174,4700,10972,17654.83870967742,12077.290322580646,2306.451612903226,5099.064516129032,2011-10-01
2011,Autumn,11,15500,14289,2755.3333333333335,7222.3,1353.3333333333333,4215.933333333333,2500,10972,17654.83870967742,12077.290322580646,5027.096774193548,10812.129032258064,22800,22839,1810.8695652173913,3839.358695652174,4700,10972,17654.83870967742,12077.290322580646,2306.451612903226,5099.064516129032,2011-11-01
2011,Autumn,12,17000,6823,1816.4516129032259,9452.451612903225,1758.0645161290322,2215.2258064516127,4700,9572,12710,8269.4,2755.3333333333335,7222.3,22800,22839,1810.8695652173913,3839.358695652174,4700,10972,17654.83870967742,12077.290322580646,2306.451612903226,5099.064516129032,2011-12-01
2011,Spring,4,72000,136055,26383.333333333332,6231.1,10013.333333333334,18107.933333333334,22200,35711,57983.87096774193,104134.74193548386,13637.09677419355,6434.258064516129,72000,136055,6825.274725274725,11532.505494505494,22200,35711,53733.333333333336,85043.33333333333,10013.333333333334,18107.933333333334,2011-04-01
2011,Spring,5,40000,54175,12648.387096774193,3569.451612903226,3293.548387096774,6559.290322580645,7700,11170,53733.333333333336,85043.33333333333,26383.333333333332,6231.1,72000,136055,6825.274725274725,11532.505494505494,22200,35711,53733.333333333336,85043.33333333333,10013.333333333334,18107.933333333334,2011-05-01
2011,Spring,6,49400,56125,10658,10000.2,7286.666666666667,10096.066666666668,12800,19799,35580.645161290326,47059.12903225807,12648.387096774193,3569.451612903226,72000,136055,6825.274725274725,11532.505494505494,22200,35711,53733.333333333336,85043.33333333333,10013.333333333334,18107.933333333334,2011-06-01
2011,Summer,7,39400,42352,8586.129032258064,11666.741935483871,4241.935483870968,6578.870967741936,11900,14646,40506.666666666664,42036.86666666667,10658,10000.2,39400,42352,2410.8695652173915,3476.228260869565,11900,14646,21632.25806451613,17654.516129032258,4241.935483870968,6578.870967741936,2011-07-01
2011,Summer,8,19900,13364,5390.645161290323,11698,1529.032258064516,2198.1935483870966,2400,3870,21632.25806451613,17654.516129032258,8586.129032258064,11666.741935483871,39400,42352,2410.8695652173915,3476.228260869565,11900,14646,21632.25806451613,17654.516129032258,4241.935483870968,6578.870967741936,2011-08-01
2011,Summer,9,22500,13513,4272,11616,1430,1590.8,2300,2512,17190.322580645163,8863.322580645161,5390.645161290323,11698,39400,42352,2410.8695652173915,3476.228260869565,11900,14646,21632.25806451613,17654.516129032258,4241.935483870968,6578.870967741936,2011-09-01
2011,Winter,1,67300,79581,11793.548387096775,10768.58064516129,8738.709677419354,11402.225806451614,25400,31397,NA,NA,NA,NA,86000,218625,10710,25432.5,49100,126391,57983.87096774193,104134.74193548386,14635.483870967742,49953.58064516129,2011-01-01
2011,Winter,2,39000,53689,8698.92857142857,9008,8546.42857142857,13817.67857142857,22700,38762,34964.51612903226,39475.77419354839,11793.548387096775,10768.58064516129,86000,218625,10710,25432.5,49100,126391,57983.87096774193,104134.74193548386,14635.483870967742,49953.58064516129,2011-02-01
2011,Winter,3,86000,218625,13637.09677419355,6434.258064516129,14635.483870967742,49953.58064516129,49100,126391,24575,28251,8698.92857142857,9008,86000,218625,10710,25432.5,49100,126391,57983.87096774193,104134.74193548386,14635.483870967742,49953.58064516129,2011-03-01
2012,Autumn,10,14400,9661,1789.2903225806451,7882.677419354839,2048.3870967741937,3129.451612903226,4500,7759,15350,4886.8,956.1666666666666,9468.333333333334,69000,89080,10785.978260869566,16509.706521739132,45200,65200,45996.77419354839,48250.87096774193,22748.387096774193,35232.45161290323,2012-10-01
2012,Autumn,11,17400,16931,1294.6666666666667,7153.866666666667,7453.666666666667,10989.133333333333,45200,65200,11451.612903225807,4476.903225806452,1789.2903225806451,7882.677419354839,69000,89080,10785.978260869566,16509.706521739132,45200,65200,45996.77419354839,48250.87096774193,22748.387096774193,35232.45161290323,2012-11-01
2012,Autumn,12,69000,89080,1960.6451612903227,7270.322580645161,22748.387096774193,35232.45161290323,43700,64071,11910.333333333334,6291.7,1294.6666666666667,7153.866666666667,69000,89080,10785.978260869566,16509.706521739132,45200,65200,45996.77419354839,48250.87096774193,22748.387096774193,35232.45161290323,2012-12-01
2012,Spring,4,37200,44404,2499,2312.9,11463.333333333334,15611.566666666668,19500,27204,19610.645161290322,20114.41935483871,1615.483870967742,3543.2903225806454,37200,44404,5902.9670329670325,7835.274725274725,19500,27204,25670,27781.933333333334,11463.333333333334,15611.566666666668,2012-04-01
2012,Spring,5,26800,26534,2992.2580645161293,3398.0967741935483,3770,5330.677419354839,9400,13108,25670,27781.933333333334,2499,2312.9,37200,44404,5902.9670329670325,7835.274725274725,19500,27204,25670,27781.933333333334,11463.333333333334,15611.566666666668,2012-05-01
2012,Spring,6,18800,10964,1592.3333333333333,4105.6,2546.6666666666665,2647.0666666666666,4660,5719,14042.258064516129,12492.806451612903,2992.2580645161293,3398.0967741935483,37200,44404,5902.9670329670325,7835.274725274725,19500,27204,25670,27781.933333333334,11463.333333333334,15611.566666666668,2012-06-01
2012,Summer,7,22200,10645,951.9032258064516,10353.193548387097,983.8709677419355,1871.0967741935483,2000,5719,13500.666666666666,8305.766666666666,1592.3333333333333,4105.6,23000,10645,1535.8695652173913,2071.2065217391305,5600,6310,20283.870967741936,7534.709677419355,2125.8064516129034,2618.7096774193546,2012-07-01
2012,Summer,8,23000,9677,777.6451612903226,11131.516129032258,2125.8064516129034,2618.7096774193546,5600,6310,20283.870967741936,7534.709677419355,951.9032258064516,10353.193548387097,23000,10645,1535.8695652173913,2071.2065217391305,5600,6310,20283.870967741936,7534.709677419355,2125.8064516129034,2618.7096774193546,2012-08-01
2012,Summer,9,17500,6999,956.1666666666666,9468.333333333334,1496.6666666666667,1712.2333333333333,2800,2963,17877.41935483871,4641.419354838709,777.6451612903226,11131.516129032258,23000,10645,1535.8695652173913,2071.2065217391305,5600,6310,20283.870967741936,7534.709677419355,2125.8064516129034,2618.7096774193546,2012-09-01
2012,Winter,1,30600,32170,1821.2903225806451,6125.096774193548,6167.741935483871,8553.516129032258,19900,26056,NA,NA,NA,NA,46100,51239,7461.868131868132,9747.868131868132,36950,43766,19610.645161290322,20114.41935483871,14184.838709677419,17504.483870967742,2012-01-01
2012,Winter,2,16800,13207,1584.4827586206898,3923.3793103448274,1658.6206896551723,2733.0344827586205,5200,4755,15003.225806451614,11417.387096774193,1821.2903225806451,6125.096774193548,46100,51239,7461.868131868132,9747.868131868132,36950,43766,19610.645161290322,20114.41935483871,14184.838709677419,17504.483870967742,2012-02-01
2012,Winter,3,46100,51239,1615.483870967742,3543.2903225806454,14184.838709677419,17504.483870967742,36950,43766,13227.586206896553,10796.862068965518,1584.4827586206898,3923.3793103448274,46100,51239,7461.868131868132,9747.868131868132,36950,43766,19610.645161290322,20114.41935483871,14184.838709677419,17504.483870967742,2012-03-01
2013,Autumn,10,9960,7235,1439.3870967741937,3702.8709677419356,1446.774193548387,1705.0967741935483,3120,3622,13480,5591.766666666666,849.0666666666667,7019.9,10200,12738,1093.1521739130435,2401.9239130434785,3120,9265,8783.333333333334,5567.966666666666,1446.774193548387,3891.1666666666665,2013-10-01
2013,Autumn,11,10200,12738,1087.1333333333334,3876.6,1110.6666666666667,3891.1666666666665,2220,9265,7974.8387096774195,4273.5161290322585,1439.3870967741937,3702.8709677419356,10200,12738,1093.1521739130435,2401.9239130434785,3120,9265,8783.333333333334,5567.966666666666,1446.774193548387,3891.1666666666665,2013-11-01
2013,Autumn,12,8930,7970,935.3870967741935,2802.967741935484,722.5806451612904,1657.5483870967741,1060,3662,8783.333333333334,5567.966666666666,1087.1333333333334,3876.6,10200,12738,1093.1521739130435,2401.9239130434785,3120,9265,8783.333333333334,5567.966666666666,1446.774193548387,3891.1666666666665,2013-12-01
2013,Spring,4,17300,21681,2162,1893.3333333333333,3869.6666666666665,4935.3,6210,14216,13435.483870967742,9626.90322580645,1509.6774193548388,5284.354838709677,19300,21681,2904.945054945055,3075.120879120879,6800,14216,13203.333333333334,12865.7,3869.6666666666665,4935.3,2013-04-01
2013,Spring,5,13700,11998,2318.483870967742,2261.6774193548385,2056.7741935483873,2091.2903225806454,4090,3720,12397.666666666666,12865.7,2162,1893.3333333333333,19300,21681,2904.945054945055,3075.120879120879,6800,14216,13203.333333333334,12865.7,3869.6666666666665,4935.3,2013-05-01
2013,Spring,6,19300,9506,737.4,3286.9333333333334,2816.6666666666665,2231.5666666666666,6800,5001,11377.741935483871,10067.870967741936,2318.483870967742,2261.6774193548385,19300,21681,2904.945054945055,3075.120879120879,6800,14216,13203.333333333334,12865.7,3869.6666666666665,4935.3,2013-06-01
2013,Summer,7,19000,7358,576.0322580645161,9270,916.1290322580645,1435.0645161290322,2500,4900,13203.333333333334,7902.033333333334,737.4,3286.9333333333334,19000,7358,1257.608695652174,1603.9021739130435,3000,4900,17606.451612903227,5591.766666666666,1653.3333333333333,1970.7333333333333,2013-07-01
2013,Summer,8,19000,6203,525.258064516129,10044.387096774193,1216.1290322580646,1417.741935483871,1900,2760,17487.09677419355,5443.548387096775,576.0322580645161,9270,19000,7358,1257.608695652174,1603.9021739130435,3000,4900,17606.451612903227,5591.766666666666,1653.3333333333333,1970.7333333333333,2013-08-01
2013,Summer,9,17000,6923,849.0666666666667,7019.9,1653.3333333333333,1970.7333333333333,3000,3458,17606.451612903227,5083.677419354839,525.258064516129,10044.387096774193,19000,7358,1257.608695652174,1603.9021739130435,3000,4900,17606.451612903227,5591.766666666666,1653.3333333333333,1970.7333333333333,2013-09-01
2013,Winter,1,43600,45358,1838.7096774193549,4588.8387096774195,5687.096774193548,6995.5161290322585,27100,26764,NA,NA,NA,NA,43600,45358,3226.6666666666665,4610.611111111111,27100,26764,23719.354838709678,22289.451612903227,5687.096774193548,6995.5161290322585,2013-01-01
2013,Winter,2,19100,16747,2230.3571428571427,4563.107142857143,1478.5714285714287,2238.8571428571427,2500,4554,23719.354838709678,22289.451612903227,1838.7096774193549,4588.8387096774195,43600,45358,3226.6666666666665,4610.611111111111,27100,26764,23719.354838709678,22289.451612903227,5687.096774193548,6995.5161290322585,2013-02-01
2013,Winter,3,15900,13339,1509.6774193548388,5284.354838709677,2345.1612903225805,4367.935483870968,6100,15259,15878.57142857143,13428.82142857143,2230.3571428571427,4563.107142857143,43600,45358,3226.6666666666665,4610.611111111111,27100,26764,23719.354838709678,22289.451612903227,5687.096774193548,6995.5161290322585,2013-03-01
2014,Autumn,10,7670,8186,537.9677419354839,1290.3870967741937,1073.225806451613,2177.1935483870966,1630,3553,8254.333333333334,3201.0666666666666,324.8666666666667,3605.133333333333,54000,58997,6701.086956521739,9498.20652173913,37100,48275,33066.12903225807,33506.93548387097,17544.1935483871,22398.83870967742,2014-10-01
2014,Autumn,11,8570,8536,956.2666666666667,2980.766666666667,1312,3732.6,8590,19526,6324.5161290322585,4720.612903225807,537.9677419354839,1290.3870967741937,54000,58997,6701.086956521739,9498.20652173913,37100,48275,33066.12903225807,33506.93548387097,17544.1935483871,22398.83870967742,2014-11-01
2014,Autumn,12,54000,58997,1212.3225806451612,6492.548387096775,17544.1935483871,22398.83870967742,37100,48275,7596.666666666667,5433.7,956.2666666666667,2980.766666666667,54000,58997,6701.086956521739,9498.20652173913,37100,48275,33066.12903225807,33506.93548387097,17544.1935483871,22398.83870967742,2014-12-01
2014,Spring,4,18700,21490,1778.7333333333333,3966.6666666666665,3259.3333333333335,5289.966666666666,9520,15993,14774.838709677419,12723.129032258064,847.1935483870968,4383.741935483871,18700,21490,1898.2417582417581,2641.747252747253,9520,15993,9636.666666666666,7912.733333333334,3259.3333333333335,5289.966666666666,2014-04-01
2014,Spring,5,7510,4982,1534.3870967741937,1663.8709677419354,1231.9354838709678,1309.225806451613,2620,5358,9636.666666666666,7912.733333333334,1778.7333333333333,3966.6666666666665,18700,21490,1898.2417582417581,2641.747252747253,9520,15993,9636.666666666666,7912.733333333334,3259.3333333333335,5289.966666666666,2014-05-01
2014,Spring,6,10500,6573,325.3333333333333,1156.6,1225.6666666666667,1370.4666666666667,2700,2603,5749.677419354839,4174.387096774193,1534.3870967741937,1663.8709677419354,18700,21490,1898.2417582417581,2641.747252747253,9520,15993,9636.666666666666,7912.733333333334,3259.3333333333335,5289.966666666666,2014-06-01
2014,Summer,7,10100,5075,281.2258064516129,1995.516129032258,841.2903225806451,1111.0967741935483,1550,2170,8900,5406.033333333334,325.3333333333333,1156.6,10100,5075,884.5652173913044,1482.0434782608695,2180,2950,9144.193548387097,4084.967741935484,1145.483870967742,1980.5333333333333,2014-07-01
2014,Summer,8,10000,4900,279.80645161290323,2380.516129032258,1145.483870967742,1370.5806451612902,2180,2534,9144.193548387097,4084.967741935484,281.2258064516129,1995.516129032258,10100,5075,884.5652173913044,1482.0434782608695,2180,2950,9144.193548387097,4084.967741935484,1145.483870967742,1980.5333333333333,2014-08-01
2014,Summer,9,9280,4732,324.8666666666667,3605.133333333333,659.6666666666666,1980.5333333333333,970,2950,8543.548387096775,3418.6129032258063,279.80645161290323,2380.516129032258,10100,5075,884.5652173913044,1482.0434782608695,2180,2950,9144.193548387097,4084.967741935484,1145.483870967742,1980.5333333333333,2014-09-01
2014,Winter,1,7890,7050,789.0967741935484,1613.2903225806451,931.9354838709677,1123.258064516129,2010,3253,NA,NA,NA,NA,27900,29536,5640.333333333333,7149.544444444445,17740,22333,14774.838709677419,12723.129032258064,8132.857142857143,11858.357142857143,2014-01-01
2014,Winter,2,24100,29536,821.8928571428571,2651.4285714285716,8132.857142857143,11858.357142857143,16840,22333,6329.032258064516,4780.419354838709,789.0967741935484,1613.2903225806451,27900,29536,5640.333333333333,7149.544444444445,17740,22333,14774.838709677419,12723.129032258064,8132.857142857143,11858.357142857143,2014-02-01
2014,Winter,3,27900,25999,847.1935483870968,4383.741935483871,8097.419354838709,8922.709677419354,17740,18242,10736.785714285714,11061.035714285714,821.8928571428571,2651.4285714285716,27900,29536,5640.333333333333,7149.544444444445,17740,22333,14774.838709677419,12723.129032258064,8132.857142857143,11858.357142857143,2014-03-01
2015,Autumn,10,7580,6437,515.9354838709677,1519.6129032258063,535.483870967742,1715.6774193548388,1110,5601,7901,4825.733333333334,212.66666666666666,2289.3,22300,21379,2361.086956521739,4305.282608695652,14190,18309,10542.258064516129,9248.612903225807,5602.258064516129,7966.967741935484,2015-10-01
2015,Autumn,11,6940,9889,892.1666666666666,2283.1,898.3333333333334,3197.4666666666667,1340,7579,7004.8387096774195,4737.580645161291,515.9354838709677,1519.6129032258063,22300,21379,2361.086956521739,4305.282608695652,14190,18309,10542.258064516129,9248.612903225807,5602.258064516129,7966.967741935484,2015-11-01
2015,Autumn,12,22300,21379,773.483870967742,2445.8064516129034,5602.258064516129,7966.967741935484,14190,18309,6122,4769.066666666667,892.1666666666666,2283.1,22300,21379,2361.086956521739,4305.282608695652,14190,18309,10542.258064516129,9248.612903225807,5602.258064516129,7966.967741935484,2015-12-01
2015,Spring,4,8420,12283,874.8,1676.4,1790.6666666666667,4367.7,2820,7875,7972.903225806452,5988.741935483871,638.483870967742,3204.1612903225805,8680,12283,1227.6923076923076,2627.1428571428573,2820,7875,7320.322580645161,6818.266666666666,1790.6666666666667,4367.7,2015-04-01
2015,Spring,5,8680,7475,338.9032258064516,1002.2903225806451,1075.8064516129032,1797.483870967742,2080,3815,6341.333333333333,6818.266666666666,874.8,1676.4,8680,12283,1227.6923076923076,2627.1428571428573,2820,7875,7320.322580645161,6818.266666666666,1790.6666666666667,4367.7,2015-05-01
2015,Spring,6,7610,7234,191.23333333333332,896.9333333333333,821.6666666666666,1743.9,1490,3610,7320.322580645161,5908.903225806452,338.9032258064516,1002.2903225806451,8680,12283,1227.6923076923076,2627.1428571428573,2820,7875,7320.322580645161,6818.266666666666,1790.6666666666667,4367.7,2015-06-01
2015,Summer,7,8970,5850,121.90322580645162,749.8709677419355,876.7741935483871,1068.774193548387,1570,1747,6886,4796.466666666666,191.23333333333332,896.9333333333333,8970,5990,858.0434782608696,1299.0652173913043,1890,3125,7901,4825.733333333334,931.2903225806451,1681.1612903225807,2015-07-01
2015,Summer,8,8920,5715,149.96774193548387,1433.4516129032259,931.2903225806451,1681.1612903225807,1890,3125,7886.129032258064,4763.580645161291,121.90322580645162,749.8709677419355,8970,5990,858.0434782608696,1299.0652173913043,1890,3125,7901,4825.733333333334,931.2903225806451,1681.1612903225807,2015-08-01
2015,Summer,9,8680,5990,212.66666666666666,2289.3,763,1142.2,1240,2331,7779.677419354839,4470.064516129032,149.96774193548387,1433.4516129032259,8970,5990,858.0434782608696,1299.0652173913043,1890,3125,7901,4825.733333333334,931.2903225806451,1681.1612903225807,2015-09-01
2015,Winter,1,17200,12876,884.4193548387096,5236.741935483871,1768.7096774193549,2184.548387096774,9600,10854,NA,NA,NA,NA,35000,40894,4256.555555555556,5765.3,25710,34478,17869.285714285714,16257.535714285714,10408.57142857143,13908.964285714286,2015-01-01
2015,Winter,2,35000,40894,912.0714285714286,5027.785714285715,10408.57142857143,13908.964285714286,25710,34478,10733.225806451614,6051.354838709677,884.4193548387096,5236.741935483871,35000,40894,4256.555555555556,5765.3,25710,34478,17869.285714285714,16257.535714285714,10408.57142857143,13908.964285714286,2015-02-01
2015,Winter,3,10400,7897,638.483870967742,3204.1612903225805,1187.741935483871,1990.483870967742,2020,3437,17869.285714285714,16257.535714285714,912.0714285714286,5027.785714285715,35000,40894,4256.555555555556,5765.3,25710,34478,17869.285714285714,16257.535714285714,10408.57142857143,13908.964285714286,2015-03-01
2016,Autumn,10,15300,18813,1232.8387096774193,6896.806451612903,2597.0967741935483,8018.451612903225,6480,16225,16630,5189.766666666666,282.56666666666666,9730.4,81700,95120,10351.195652173914,14635.858695652174,50700,61316,39925.8064516129,35362.45161290323,23858.064516129034,29858.90322580645,2016-10-01
2016,Autumn,11,21800,15819,1147.1333333333334,7684.066666666667,4406.666666666667,5743.366666666667,10900,9951,11633.870967741936,7614.935483870968,1232.8387096774193,6896.806451612903,81700,95120,10351.195652173914,14635.858695652174,50700,61316,39925.8064516129,35362.45161290323,23858.064516129034,29858.90322580645,2016-11-01
2016,Autumn,12,81700,95120,1063.5483870967741,8560.354838709678,23858.064516129034,29858.90322580645,50700,61316,15056.666666666666,8668.966666666667,1147.1333333333334,7684.066666666667,81700,95120,10351.195652173914,14635.858695652174,50700,61316,39925.8064516129,35362.45161290323,23858.064516129034,29858.90322580645,2016-12-01
2016,Spring,4,32100,32003,1765.8666666666666,2059.3333333333335,4126.666666666667,7165.533333333334,17200,16454,53790.32258064516,63654.354838709674,1992.741935483871,5837.548387096775,32100,32003,3042.6373626373625,4309.681318681319,17200,16454,19436.666666666668,20873.9,4126.666666666667,7165.533333333334,2016-04-01
2016,Spring,5,16500,16325,1957.4193548387098,2370.1612903225805,3186.451612903226,4208.870967741936,5580,7481,19436.666666666668,20873.9,1765.8666666666666,2059.3333333333335,32100,32003,3042.6373626373625,4309.681318681319,17200,16454,19436.666666666668,20873.9,4126.666666666667,7165.533333333334,2016-05-01
2016,Spring,6,16800,8423,609.5,4791.133333333333,1810,1558,3000,2966,13329.032258064517,12154.129032258064,1957.4193548387098,2370.1612903225805,32100,32003,3042.6373626373625,4309.681318681319,17200,16454,19436.666666666668,20873.9,4126.666666666667,7165.533333333334,2016-06-01
2016,Summer,7,19500,14082,311.96774193548384,7254.870967741936,735.483870967742,2844.5806451612902,2400,8000,13840,7049.033333333334,609.5,4791.133333333333,19900,14082,975,2240.0108695652175,2400,8000,18851.612903225807,8252.032258064517,1256.6666666666667,2844.5806451612902,2016-07-01
2016,Summer,8,19900,9768,285.3225806451613,9946.258064516129,941.9354838709677,1816.3548387096773,2300,4025,18441.935483870966,8252.032258064517,311.96774193548384,7254.870967741936,19900,14082,975,2240.0108695652175,2400,8000,18851.612903225807,8252.032258064517,1256.6666666666667,2844.5806451612902,2016-08-01
2016,Summer,9,19300,8507,282.56666666666666,9730.4,1256.6666666666667,2053.0666666666666,2200,4682,18851.612903225807,6195.193548387097,285.3225806451613,9946.258064516129,19900,14082,975,2240.0108695652175,2400,8000,18851.612903225807,8252.032258064517,1256.6666666666667,2844.5806451612902,2016-09-01
2016,Winter,1,50000,53300,1622.8387096774193,4612,14068.387096774193,18010,26900,35546,NA,NA,NA,NA,82000,164899,14610.10989010989,25209.153846153848,49300,99451,53790.32258064516,63654.354838709674,22361.290322580644,48512.54838709677,2016-01-01
2016,Winter,2,42000,42112,1048.896551724138,5158.448275862069,6903.448275862069,7994.275862068966,21200,24611,27404.1935483871,27636.225806451614,1622.8387096774193,4612,82000,164899,14610.10989010989,25209.153846153848,49300,99451,53790.32258064516,63654.354838709674,22361.290322580644,48512.54838709677,2016-02-01
2016,Winter,3,82000,164899,1992.741935483871,5837.548387096775,22361.290322580644,48512.54838709677,49300,99451,21165.51724137931,17844.344827586207,1048.896551724138,5158.448275862069,82000,164899,14610.10989010989,25209.153846153848,49300,99451,53790.32258064516,63654.354838709674,22361.290322580644,48512.54838709677,2016-03-01
2017,Autumn,10,20100,15069,2743.8709677419356,5994.387096774193,1945.1612903225807,3187.3548387096776,5900,6040,21266.666666666668,12936.733333333334,3215,9845.433333333332,20100,15306,1829.3478260869565,3100.9021739130435,7400,10288,14425.806451612903,9340.58064516129,2800,4630,2017-10-01
2017,Autumn,11,19500,15306,2046.3333333333333,7588.3,2800,4630,7400,10288,13316.129032258064,9340.58064516129,2743.8709677419356,5994.387096774193,20100,15306,1829.3478260869565,3100.9021739130435,7400,10288,14425.806451612903,9340.58064516129,2800,4630,2017-11-01
2017,Autumn,12,16400,9078,2150.6451612903224,8457.58064516129,774.1935483870968,1534.6774193548388,1600,4141,13666.666666666666,9046.366666666667,2046.3333333333333,7588.3,20100,15306,1829.3478260869565,3100.9021739130435,7400,10288,14425.806451612903,9340.58064516129,2800,4630,2017-12-01
2017,Spring,4,76100,128432,23530,5547.1,8486.666666666666,18925.533333333333,19500,33440,66770.96774193548,124338.6129032258,29696.774193548386,4695.774193548387,76100,128432,8793.406593406593,14351.670329670329,27300,42259,67336.66666666667,106997.46666666666,12006.451612903225,18925.533333333333,2017-04-01
2017,Spring,5,72200,110221,19180.645161290322,6774.451612903225,12006.451612903225,17628.83870967742,27300,42259,67336.66666666667,106997.46666666666,23530,5547.1,76100,128432,8793.406593406593,14351.670329670329,27300,42259,67336.66666666667,106997.46666666666,12006.451612903225,18925.533333333333,2017-05-01
2017,Spring,6,40100,43106,14023.333333333334,11263.866666666667,5780,6391.4,11400,13403,48345.16129032258,65149.32258064516,19180.645161290322,6774.451612903225,76100,128432,8793.406593406593,14351.670329670329,27300,42259,67336.66666666667,106997.46666666666,12006.451612903225,18925.533333333333,2017-06-01
2017,Summer,7,18800,17160,7985.806451612903,11070.290322580646,1451.6129032258063,3509.8709677419356,2600,10314,26166.666666666668,28121.3,14023.333333333334,11263.866666666667,22500,17160,1070.6521739130435,2239.6739130434785,2600,10314,21266.666666666668,12936.733333333334,1451.6129032258063,3509.8709677419356,2017-07-01
2017,Summer,8,21600,12317,4698.387096774193,11780.258064516129,787.0967741935484,1192.8387096774193,1400,1780,15000,9651.225806451614,7985.806451612903,11070.290322580646,22500,17160,1070.6521739130435,2239.6739130434785,2600,10314,21266.666666666668,12936.733333333334,1451.6129032258063,3509.8709677419356,2017-08-01
2017,Summer,9,22500,14850,3215,9845.433333333332,970,2008.8666666666666,1800,5710,19980.645161290322,10235.935483870968,4698.387096774193,11780.258064516129,22500,17160,1070.6521739130435,2239.6739130434785,2600,10314,21266.666666666668,12936.733333333334,1451.6129032258063,3509.8709677419356,2017-09-01
2017,Winter,1,91900,306201,13347.032258064517,11742.258064516129,17954.83870967742,99571.19354838709,66700,263916,NA,NA,NA,NA,96200,374553,12506.666666666666,81633.77777777778,66700,263916,82107.14285714286,269002.46428571426,17954.83870967742,108301.64285714286,2017-01-01
2017,Winter,2,96200,374553,28964.285714285714,11483.035714285714,9946.42857142857,108301.64285714286,27600,250646,67500,143948.4516129032,13347.032258064517,11742.258064516129,96200,374553,12506.666666666666,81633.77777777778,66700,263916,82107.14285714286,269002.46428571426,17954.83870967742,108301.64285714286,2017-02-01
2017,Winter,3,75500,202136,29696.774193548386,4695.774193548387,9370.967741935483,39609.25806451613,20200,104973,82107.14285714286,269002.46428571426,28964.285714285714,11483.035714285714,96200,374553,12506.666666666666,81633.77777777778,66700,263916,82107.14285714286,269002.46428571426,17954.83870967742,108301.64285714286,2017-03-01
2018,Autumn,10,15200,10832,1887.4193548387098,7957.193548387097,1349.3548387096773,3258.935483870968,3100,8191,16876.666666666668,6078.266666666666,999.9666666666667,10285.666666666666,21900,20395,3154.1304347826085,5970.717391304348,11900,16684,15093.548387096775,10077.41935483871,5867.741935483871,10246.548387096775,2018-10-01
2018,Autumn,11,15400,18301,1564,4073,2215,4354.533333333334,6000,12366,11167.41935483871,5005.709677419355,1887.4193548387098,7957.193548387097,21900,20395,3154.1304347826085,5970.717391304348,11900,16684,15093.548387096775,10077.41935483871,5867.741935483871,10246.548387096775,2018-11-01
2018,Autumn,12,21900,20395,1384.8387096774193,7718.903225806452,5867.741935483871,10246.548387096775,11900,16684,9611.666666666666,7894.5,1564,4073,21900,20395,3154.1304347826085,5970.717391304348,11900,16684,15093.548387096775,10077.41935483871,5867.741935483871,10246.548387096775,2018-12-01
2018,Spring,4,77500,97294,7145,3977.5333333333333,21136.666666666668,27799.4,49100,66165,26558.064516129034,28192.677419354837,3631.935483870968,6472.548387096775,77500,97294,8353.626373626374,11051.417582417582,49100,66165,35520,41906.1,21136.666666666668,27799.4,2018-04-01
2018,Spring,5,14700,15708,5180.967741935484,2839.4193548387098,2670.3225806451615,3547.2258064516127,5410,7831,35520,41906.1,7145,3977.5333333333333,77500,97294,8353.626373626374,11051.417582417582,49100,66165,35520,41906.1,21136.666666666668,27799.4,2018-05-01
2018,Spring,6,13800,11739,1491.6,3818.1666666666665,1443.3333333333333,2057.766666666667,2400,6311,10838.064516129032,12687.193548387097,5180.967741935484,2839.4193548387098,77500,97294,8353.626373626374,11051.417582417582,49100,66165,35520,41906.1,21136.666666666668,27799.4,2018-06-01
2018,Summer,7,17600,8153,562.483870967742,5828.8387096774195,1332.258064516129,1339.2903225806451,3200,2211,12063.333333333334,7317.6,1491.6,3818.1666666666665,20200,8153,1101.0869565217392,1419.1195652173913,3200,6516,18477.41935483871,6651.774193548387,1332.258064516129,1547.0333333333333,2018-07-01
2018,Summer,8,20200,7543,551.516129032258,10313.90322580645,1212.9032258064517,1375.1612903225807,2200,2297,15335.483870967742,6651.774193548387,562.483870967742,5828.8387096774195,20200,8153,1101.0869565217392,1419.1195652173913,3200,6516,18477.41935483871,6651.774193548387,1332.258064516129,1547.0333333333333,2018-08-01
2018,Summer,9,18000,7362,999.9666666666667,10285.666666666666,746.6666666666666,1547.0333333333333,1300,6516,18477.41935483871,5759.806451612903,551.516129032258,10313.90322580645,20200,8153,1101.0869565217392,1419.1195652173913,3200,6516,18477.41935483871,6651.774193548387,1332.258064516129,1547.0333333333333,2018-09-01
2018,Winter,1,27400,36943,2265.483870967742,6497,5780.645161290323,11115.548387096775,14700,26989,NA,NA,NA,NA,58700,66726,7954.444444444444,12414.155555555555,35900,44251,26558.064516129034,28192.677419354837,15438.709677419354,21495.935483870966,2018-01-01
2018,Winter,2,17500,14319,2145,4082.214285714286,2075,3797.0714285714284,6400,11867,18180.645161290322,16992,2265.483870967742,6497,58700,66726,7954.444444444444,12414.155555555555,35900,44251,26558.064516129034,28192.677419354837,15438.709677419354,21495.935483870966,2018-02-01
2018,Winter,3,58700,66726,3631.935483870968,6472.548387096775,15438.709677419354,21495.935483870966,35900,44251,13532.142857142857,11570.25,2145,4082.214285714286,58700,66726,7954.444444444444,12414.155555555555,35900,44251,26558.064516129034,28192.677419354837,15438.709677419354,21495.935483870966,2018-03-01
2019,Autumn,10,19400,15428,2674.516129032258,2804.7096774193546,1967.741935483871,2864.8709677419356,4600,6063,20870,12471.733333333334,2920.6666666666665,10202.866666666667,23700,25397,2525.217391304348,4794.20652173913,9000,18639,19409.677419354837,14507.58064516129,3903.2258064516127,6617.387096774193,2019-10-01
2019,Autumn,11,12400,10339,1721.3333333333333,4889.633333333333,1677.3333333333333,4903.9,9000,18437,14280.645161290322,13226.645161290322,2674.516129032258,2804.7096774193546,23700,25397,2525.217391304348,4794.20652173913,9000,18639,19409.677419354837,14507.58064516129,3903.2258064516127,6617.387096774193,2019-11-01
2019,Autumn,12,23700,25397,3628.064516129032,10572.548387096775,3903.2258064516127,6617.387096774193,9000,18639,10621,6787.633333333333,1721.3333333333333,4889.633333333333,23700,25397,2525.217391304348,4794.20652173913,9000,18639,19409.677419354837,14507.58064516129,3903.2258064516127,6617.387096774193,2019-12-01
2019,Spring,4,72200,106646,11877,3194.3,7806.666666666667,14156.466666666667,14600,24040,69916.12903225806,120729.93548387097,16009.677419354839,7635.354838709677,72200,106646,7256.043956043956,12557.197802197803,19100,33425,63670,85681.56666666667,7983.333333333333,14156.466666666667,2019-04-01
2019,Spring,5,43200,72728,11062.90322580645,2839.5806451612902,6019.354838709677,13154.129032258064,12200,33425,63670,85681.56666666667,11877,3194.3,72200,106646,7256.043956043956,12557.197802197803,19100,33425,63670,85681.56666666667,7983.333333333333,14156.466666666667,2019-05-01
2019,Spring,6,47100,54421,12443.666666666666,9737.133333333333,7983.333333333333,10341.1,19100,22965,36503.22580645161,50116.74193548387,11062.90322580645,2839.5806451612902,72200,106646,7256.043956043956,12557.197802197803,19100,33425,63670,85681.56666666667,7983.333333333333,14156.466666666667,2019-06-01
2019,Summer,7,19300,10848,3371.2903225806454,11193.741935483871,1206.4516129032259,1520.3548387096773,3800,5295,29880,32967.03333333333,12443.666666666666,9737.133333333333,22800,17681,1040.2173913043478,3070.1304347826085,3800,9730,20870,12471.733333333334,1206.4516129032259,4026.4666666666667,2019-07-01
2019,Summer,8,22100,17108,3244.516129032258,9527.645161290322,854.8387096774194,3694.4193548387098,1400,9730,18022.58064516129,7633.677419354839,3371.2903225806454,11193.741935483871,22800,17681,1040.2173913043478,3070.1304347826085,3800,9730,20870,12471.733333333334,1206.4516129032259,4026.4666666666667,2019-08-01
2019,Summer,9,22800,17681,2920.6666666666665,10202.866666666667,1060,4026.4666666666667,2300,7142,20651.612903225807,11687.064516129032,3244.516129032258,9527.645161290322,22800,17681,1040.2173913043478,3070.1304347826085,3800,9730,20870,12471.733333333334,1206.4516129032259,4026.4666666666667,2019-09-01
2019,Winter,1,56000,63088,1530.6451612903227,6045.967741935484,16619.354838709678,22203.58064516129,31000,41125,NA,NA,NA,NA,83400,180911,16386.666666666668,35856.833333333336,37000,118744,69916.12903225806,120729.93548387097,26646.428571428572,62881.607142857145,2019-01-01
2019,Winter,2,83400,162975,8654.285714285714,8489.107142857143,26646.428571428572,62881.607142857145,37000,118744,31577.41935483871,32308.774193548386,1530.6451612903227,6045.967741935484,83400,180911,16386.666666666668,35856.833333333336,37000,118744,69916.12903225806,120729.93548387097,26646.428571428572,62881.607142857145,2019-02-01
2019,Winter,3,82900,180911,16009.677419354839,7635.354838709677,6887.096774193548,25100.612903225807,10300,59181,55289.28571428572,81926.89285714286,8654.285714285714,8489.107142857143,83400,180911,16386.666666666668,35856.833333333336,37000,118744,69916.12903225806,120729.93548387097,26646.428571428572,62881.607142857145,2019-03-01
2020,Autumn,10,10500,6439,1157.5806451612902,3874.7096774193546,770,1273.6451612903227,1390,2286,11640,4271.6,577.9333333333333,5613.166666666667,10500,14119,880.2173913043479,2270.021739130435,1970,9125,8779.354838709678,6830.193548387097,1011.9354838709677,4245.096774193548,2020-10-01
2020,Autumn,11,9650,6234,1054.7333333333333,3225.4333333333334,858,1258.7,1710,1889,8589.354838709678,4325.129032258064,1157.5806451612902,3874.7096774193546,10500,14119,880.2173913043479,2270.021739130435,1970,9125,8779.354838709678,6830.193548387097,1011.9354838709677,4245.096774193548,2020-11-01
2020,Autumn,12,10200,14119,922.516129032258,2630.6774193548385,1011.9354838709677,4245.096774193548,1970,9125,8454.333333333334,5069.133333333333,1054.7333333333333,3225.4333333333334,10500,14119,880.2173913043479,2270.021739130435,1970,9125,8779.354838709678,6830.193548387097,1011.9354838709677,4245.096774193548,2020-12-01
2020,Spring,4,19500,22910,1958.6666666666667,2822.6,3268.6666666666665,5541.6,7200,14529,12067.741935483871,10325.483870967742,2114.8387096774195,4635.064516129032,19500,22910,2433.076923076923,3509.3626373626375,7200,14529,12290,11383.6,3268.6666666666665,5541.6,2020-04-01
2020,Spring,5,15700,14865,1756.4516129032259,1776.3548387096773,2995.1612903225805,3405.8387096774195,6150,7379,11806.666666666666,11383.6,1958.6666666666667,2822.6,19500,22910,2433.076923076923,3509.3626373626375,7200,14529,12290,11383.6,3268.6666666666665,5541.6,2020-05-01
2020,Spring,6,13300,10063,1513.0666666666666,3432.9333333333334,1016.6666666666666,1584.1,2100,3619,10552.58064516129,9053.935483870968,1756.4516129032259,1776.3548387096773,19500,22910,2433.076923076923,3509.3626373626375,7200,14529,12290,11383.6,3268.6666666666665,5541.6,2020-06-01
2020,Summer,7,14800,5882,947.6451612903226,6274.548387096775,822.5806451612904,1277.2903225806451,1900,3200,12290,7108.266666666666,1513.0666666666666,3432.9333333333334,16500,6947,1046.9565217391305,1478.9565217391305,3900,3200,13800,4526.612903225807,1474.1935483870968,1964.7666666666667,2020-07-01
2020,Summer,8,16500,4642,450.9032258064516,7213.967741935484,1474.1935483870968,1210.483870967742,3900,2469,13800,4526.612903225807,947.6451612903226,6274.548387096775,16500,6947,1046.9565217391305,1478.9565217391305,3900,3200,13800,4526.612903225807,1474.1935483870968,1964.7666666666667,2020-08-01
2020,Summer,9,13300,6947,577.9333333333333,5613.166666666667,837.3333333333334,1964.7666666666667,1600,3014,13603.225806451614,3395.6129032258063,450.9032258064516,7213.967741935484,16500,6947,1046.9565217391305,1478.9565217391305,3900,3200,13800,4526.612903225807,1474.1935483870968,1964.7666666666667,2020-09-01
2020,Winter,1,24500,21279,2259.3548387096776,6433,3151.6129032258063,4742.709677419355,9400,10107,NA,NA,NA,NA,24500,21279,2178.021978021978,3967.076923076923,9400,11993,16458.064516129034,12917.645161290322,3151.6129032258063,5174.064516129032,2020-01-01
2020,Winter,2,19500,14889,2259.310344827586,3786.310344827586,1934.4827586206898,1847.7241379310344,7000,7516,16458.064516129034,12917.645161290322,2259.3548387096776,6433,24500,21279,2178.021978021978,3967.076923076923,9400,11993,16458.064516129034,12917.645161290322,3151.6129032258063,5174.064516129032,2020-02-01
2020,Winter,3,14200,19000,2114.8387096774195,4635.064516129032,1432.258064516129,5174.064516129032,3000,11993,13586.206896551725,11768.068965517241,2259.310344827586,3786.310344827586,24500,21279,2178.021978021978,3967.076923076923,9400,11993,16458.064516129034,12917.645161290322,3151.6129032258063,5174.064516129032,2020-03-01
2021,Autumn,10,35100,62323,818.9677419354839,3380.3870967741937,8587.741935483871,20347.516129032258,27390,60307,7608,3086.8333333333335,388.43333333333334,2634.733333333333,35100,62323,7130.869565217391,13497.41304347826,27390,60307,17871.935483870966,19869.387096774193,10149.354838709678,20347.516129032258,2021-10-01
2021,Autumn,11,13000,6368,740.2666666666667,5219.833333333333,2506.3333333333335,2630.0666666666666,8400,7537,11741.290322580646,13181.774193548386,818.9677419354839,3380.3870967741937,35100,62323,7130.869565217391,13497.41304347826,27390,60307,17871.935483870966,19869.387096774193,10149.354838709678,20347.516129032258,2021-11-01
2021,Autumn,12,34300,45772,1004.1935483870968,3189.6129032258063,10149.354838709678,17164.09677419355,22060,33535,8606,3396.3,740.2666666666667,5219.833333333333,35100,62323,7130.869565217391,13497.41304347826,27390,60307,17871.935483870966,19869.387096774193,10149.354838709678,20347.516129032258,2021-12-01
2021,Spring,4,9280,7768,1210.1666666666667,1317.0333333333333,945,1058.1,1710,2265,9457.09677419355,8915.387096774193,988.258064516129,1382.5483870967741,9280,7768,959.2307692307693,1121,2370,2463,7862,6559,1199.032258064516,1412.516129032258,2021-04-01
2021,Spring,5,8540,6160,858.9032258064516,1375.032258064516,1199.032258064516,1412.516129032258,2370,2463,7862,6559,1210.1666666666667,1317.0333333333333,9280,7768,959.2307692307693,1121,2370,2463,7862,6559,1199.032258064516,1412.516129032258,2021-05-01
2021,Spring,6,7140,3815,1072.0666666666666,1220.8666666666666,725.6666666666666,882.6666666666666,1350,1657,7124.5161290322585,4748.548387096775,858.9032258064516,1375.032258064516,9280,7768,959.2307692307693,1121,2370,2463,7862,6559,1199.032258064516,1412.516129032258,2021-06-01
2021,Summer,7,8130,4046,1236.4516129032259,1251.774193548387,568.7096774193549,649.2903225806451,1210,1554,6598.333333333333,3077.3,1072.0666666666666,1220.8666666666666,8230,4197,519.0217391304348,719.7608695652174,1210,1937,7608,3675.5806451612902,568.7096774193549,943.2666666666667,2021-07-01
2021,Summer,8,8230,4147,905.5806451612904,1342.9032258064517,518.7096774193549,573.9354838709677,1100,1102,7454.8387096774195,3452.3548387096776,1236.4516129032259,1251.774193548387,8230,4197,519.0217391304348,719.7608695652174,1210,1937,7608,3675.5806451612902,568.7096774193549,943.2666666666667,2021-08-01
2021,Summer,9,8020,4197,388.43333333333334,2634.733333333333,468,943.2666666666667,770,1937,7569.032258064516,3675.5806451612902,905.5806451612904,1342.9032258064517,8230,4197,519.0217391304348,719.7608695652174,1210,1937,7608,3675.5806451612902,568.7096774193549,943.2666666666667,2021-09-01
2021,Winter,1,16400,30212,1079.3548387096773,3059.516129032258,2335.483870967742,6620.645161290323,8690,23890,NA,NA,NA,NA,16400,30212,2260.3333333333335,5076.7444444444445,8690,23890,11792.857142857143,9685.285714285714,2613.9285714285716,6620.645161290323,2021-01-01
2021,Winter,2,15300,22092,1488.0714285714287,4279.392857142857,2613.9285714285716,5021.071428571428,4100,16902,9121.935483870968,8906.516129032258,1079.3548387096773,3059.516129032258,16400,30212,2260.3333333333335,5076.7444444444445,8690,23890,11792.857142857143,9685.285714285714,2613.9285714285716,6620.645161290323,2021-02-01
2021,Winter,3,12400,13411,988.258064516129,1382.5483870967741,1865.8064516129032,3583.1290322580644,3610,6422,11792.857142857143,9685.285714285714,1488.0714285714287,4279.392857142857,16400,30212,2260.3333333333335,5076.7444444444445,8690,23890,11792.857142857143,9685.285714285714,2613.9285714285716,6620.645161290323,2021-03-01
2022,Autumn,10,7640,5990,843.3225806451613,1662.6129032258063,764.516129032258,1533,1160,2519,8752.666666666666,3442.133333333333,275.73333333333335,3423.233333333333,39700,90642,5252.826086956522,9517.684782608696,59550,87179,11701.612903225807,13240.354838709678,13702.90322580645,23015.322580645163,2022-10-01
2022,Autumn,11,8750,9756,669.8,2145.2,1159,3820.9666666666667,3500,13693,6846.129032258064,4339.032258064516,843.3225806451613,1662.6129032258063,39700,90642,5252.826086956522,9517.684782608696,59550,87179,11701.612903225807,13240.354838709678,13702.90322580645,23015.322580645163,2022-11-01
2022,Autumn,12,39700,90642,1172.032258064516,3453.7419354838707,13702.90322580645,23015.322580645163,59550,87179,6846,4788.166666666667,669.8,2145.2,39700,90642,5252.826086956522,9517.684782608696,59550,87179,11701.612903225807,13240.354838709678,13702.90322580645,23015.322580645163,2022-12-01
2022,Spring,4,10300,11858,944.0666666666667,1762.5666666666666,2001,3614.766666666667,3790,7141,10496.451612903225,9343.258064516129,965.9354838709677,1889.1612903225807,11600,11858,1422.967032967033,1986.7252747252746,3790,7141,8866.666666666666,7399.266666666666,2001,3614.766666666667,2022-04-01
2022,Spring,5,8130,5526,714.7741935483871,1690.483870967742,1101.9354838709678,1207.4193548387098,2670,2104,8231.333333333334,7399.266666666666,944.0666666666667,1762.5666666666666,11600,11858,1422.967032967033,1986.7252747252746,3790,7141,8866.666666666666,7399.266666666666,2001,3614.766666666667,2022-05-01
2022,Spring,6,11600,7127,697.5666666666667,1370.7,1176.6666666666667,1163.9666666666667,3010,2787,7167.096774193548,4530.032258064516,714.7741935483871,1690.483870967742,11600,11858,1422.967032967033,1986.7252747252746,3790,7141,8866.666666666666,7399.266666666666,2001,3614.766666666667,2022-06-01
2022,Summer,7,13400,7374,253.51612903225808,3153.548387096774,780.6451612903226,832.7741935483871,2200,1836,8866.666666666666,5029.133333333333,697.5666666666667,1370.7,13400,7374,821.6304347826087,1069.4891304347825,2200,2697,12106.451612903225,5300.451612903225,1023.3333333333334,1620.6,2022-07-01
2022,Summer,8,11200,4128,195.8709677419355,3552.1935483870966,667.4193548387096,772.8709677419355,1150,1991,12106.451612903225,5300.451612903225,253.51612903225808,3153.548387096774,13400,7374,821.6304347826087,1069.4891304347825,2200,2697,12106.451612903225,5300.451612903225,1023.3333333333334,1620.6,2022-08-01
2022,Summer,9,9670,4937,275.73333333333335,3423.233333333333,1023.3333333333334,1620.6,1780,2697,9916.774193548386,3188.2258064516127,195.8709677419355,3552.1935483870966,13400,7374,821.6304347826087,1069.4891304347825,2200,2697,12106.451612903225,5300.451612903225,1023.3333333333334,1620.6,2022-09-01
2022,Winter,1,28400,29622,1093.032258064516,5639.419354838709,3603.2258064516127,5354.645161290323,9200,19471,NA,NA,NA,NA,28400,29622,1964.888888888889,3186.3444444444444,9200,19471,17035.483870967742,12146.516129032258,3603.2258064516127,5354.645161290323,2022-01-01
2022,Winter,2,12800,12515,1340.6785714285713,1894.2142857142858,871.4285714285714,1321.25,1700,6747,17035.483870967742,12146.516129032258,1093.032258064516,5639.419354838709,28400,29622,1964.888888888889,3186.3444444444444,9200,19471,17035.483870967742,12146.516129032258,3603.2258064516127,5354.645161290323,2022-02-01
2022,Winter,3,12500,11726,965.9354838709677,1889.1612903225807,1314.1935483870968,2702.6451612903224,3250,5630,12192.857142857143,11369.42857142857,1340.6785714285713,1894.2142857142858,28400,29622,1964.888888888889,3186.3444444444444,9200,19471,17035.483870967742,12146.516129032258,3603.2258064516127,5354.645161290323,2022-03-01
2023,Spring,4,63400,92422,28440,6982.1,6626.666666666667,6950.5,19800,23306,58416.12903225807,91341.6129032258,23631.935483870966,10981.870967741936,63400,92422,7060.43956043956,8456.813186813188,19800,23306,46422.58064516129,68951.13333333333,8016.129032258064,10218.566666666668,2023-04-01
2023,Spring,5,53800,70508,24612.90322580645,7912.612903225807,8016.129032258064,8209.612903225807,14500,14493,45633.333333333336,68951.13333333333,28440,6982.1,63400,92422,7060.43956043956,8456.813186813188,19800,23306,46422.58064516129,68951.13333333333,8016.129032258064,10218.566666666668,2023-05-01
2023,Spring,6,41400,54805,19392.666666666668,8215.633333333333,6506.666666666667,10218.566666666668,13800,19187,46422.58064516129,62590.41935483871,24612.90322580645,7912.612903225807,63400,92422,7060.43956043956,8456.813186813188,19800,23306,46422.58064516129,68951.13333333333,8016.129032258064,10218.566666666668,2023-06-01
2023,Summer,7,18200,10898,6151.612903225807,10797.41935483871,1448.3870967741937,1999.7096774193549,2600,10433,25566.666666666668,33838.333333333336,19392.666666666668,8215.633333333333,19100,11468,1062.5,1839.25,2600,10433,18263.333333333332,9210.066666666668,1448.3870967741937,1999.7096774193549,2023-07-01
2023,Summer,8,18800,8363,3452.9032258064517,11083.806451612903,1032.258064516129,1561.2903225806451,2600,2494,14167.741935483871,5676.612903225807,6151.612903225807,10797.41935483871,19100,11468,1062.5,1839.25,2600,10433,18263.333333333332,9210.066666666668,1448.3870967741937,1999.7096774193549,2023-08-01
2023,Summer,9,19100,11468,1880.6666666666667,8642.9,638.4615384615385,1979.3461538461538,1300,3134,17338.709677419356,6313.709677419355,3452.9032258064517,11083.806451612903,19100,11468,1062.5,1839.25,2600,10433,18263.333333333332,9210.066666666668,1448.3870967741937,1999.7096774193549,2023-09-01
2023,Winter,1,79900,145813,12802.90322580645,9941.451612903225,16251.612903225807,39055.1935483871,43700,70237,NA,NA,NA,NA,84200,151286,13181.111111111111,28773.71111111111,58900,109292,61274.1935483871,91341.6129032258,17590.322580645163,39055.1935483871,2023-01-01
2023,Winter,2,24700,34075,4700.357142857143,7318.464285714285,4900,8025.5,18500,29524,61274.1935483871,85908.74193548386,12802.90322580645,9941.451612903225,84200,151286,13181.111111111111,28773.71111111111,58900,109292,61274.1935483871,91341.6129032258,17590.322580645163,39055.1935483871,2023-02-01
2023,Winter,3,84200,151286,23631.935483870966,10981.870967741936,17590.322580645163,37232.54838709677,58900,109292,19239.285714285714,18211.10714285714,4700.357142857143,7318.464285714285,84200,151286,13181.111111111111,28773.71111111111,58900,109292,61274.1935483871,91341.6129032258,17590.322580645163,39055.1935483871,2023-03-01
