"","Regions","year_month","Corbicula_biomass","Potamocorbula_biomass","Corbicula_GR","Potamocorbula_GR","Corbicula_FR","Potamocorbula_FR","Month","Chlorophyll","DissAmmonia","TotAmmonia","Secchi","TotPhos","DissNitrateNitrite","Temperature","TurbidityNTU","Conductivity","SAC","Index","OUT","season"
"1","Central",1976-06-01,0.63,NA,0.0543651220515572,NA,0.06048,NA,6,11.5391666666667,NA,NA,39.4,0.142,0.216,20.9,17.26,516.4,10934.6666666667,5.29,3775.13333333333,"Summer"
"2","Central",1977-06-01,0.0464982317430837,NA,0.00599673589188007,NA,0.00623076305357322,NA,6,4.74833333333333,NA,0.0175,51.8333333333333,0.156666666666667,0.5025,23.67,13.6416666666667,1045.875,6865.33333333333,3.11,2383.16666666667,"Summer"
"3","Central",1977-10-01,1.90419432406601,NA,0.195836043637942,NA,0.203748792675063,NA,10,7.615,NA,0.0625,55.45,0.154166666666667,0.3425,19.85,20.6583333333333,1346.45,4494.1935483871,8.65,2045.90322580645,"Autumn"
"4","Central",1979-05-01,0.142425808803988,NA,0.0126001011905734,NA,0.0136728776451829,NA,5,8.20666666666667,0.0566666666666667,NA,36,NA,0.39,19.6666666666667,14.76,312.833333333333,17983.8709677419,6.67,13434.7096774194,"Spring"
"5","Central",1979-09-01,0.0493290186543438,NA,0.00705675783069528,NA,0.00735002377949722,NA,9,6.745,0.0525,NA,44.75,0.14,0.275833333333333,23.75,14.7333333333333,801.25,14566.6666666667,6.67,4971.7,"Autumn"
"6","Central",1980-06-01,8.49986417878533,NA,1.00834585055806,NA,1.13898179995723,NA,6,7.893,0.042,NA,38.6,NA,0.387,20.4,36.6875,270.6,17813.3333333333,9.04,14790.3,"Summer"
"7","Central",1980-07-01,4.97482643588663,NA,0.601830931670899,NA,0.666626742408809,NA,7,4.94,0.0491666666666667,NA,39.375,NA,0.3875,23.4919444444444,25.29,281.208333333333,17725.8064516129,9.04,11065.2258064516,"Summer"
"8","Central",1980-08-01,0.366449598853431,NA,0.045043114301193,NA,0.0491042462463598,NA,8,8.478,0.0358333333333333,NA,45,NA,0.219166666666667,24.6666666666667,16.49,283.666666666667,14916.1290322581,9.04,4121.67741935484,"Summer"
"9","Central",1980-09-01,0.212940895244658,NA,0.0261375994292368,NA,0.0285340799627842,NA,9,17.295,0.051,NA,46.8181818181818,NA,0.27625,21.6090909090909,12.57,401.772727272727,15886.6666666667,9.04,9803,"Autumn"
"10","Central",1980-10-01,3.61558757185771,NA,0.275202992750032,NA,0.310940531179763,NA,10,NA,0.055,NA,55.9545454545455,NA,0.329166666666667,17.5272727272727,26.81,283.045454545455,11343.5483870968,6.21,7320.83870967742,"Autumn"
"11","Central",1980-11-01,4.48613217005238,NA,0.224723589209338,NA,0.246737269352881,NA,11,8.13,0.052,NA,56.6,0.136,0.442,14.53,30.125,310.7,10871.6666666667,6.21,6661.8,"Autumn"
"12","Central",1980-12-01,0.561428197120225,NA,0.0157434877256134,NA,0.017404274110727,NA,12,4.746,0.16,NA,63.1,0.17,0.572,9.53,16.84,351.7,16687.0967741935,6.21,12486.8064516129,"Winter"
"13","Central",1981-01-01,4.55858057701961,NA,0.129181305797479,NA,0.141315997887608,NA,1,NA,0.165,NA,66.3333333333333,0.148333333333333,0.75,9.16666666666667,18.1166666666667,358.666666666667,18509.6774193548,6.21,18325.2580645161,"Winter"
"14","Central",1981-02-01,35.0982287235909,NA,1.30537596228714,NA,1.544322063838,NA,2,2.90666666666667,0.166666666666667,NA,38.3333333333333,0.211666666666667,1.11166666666667,13.1666666666667,17.64,446.5,24239.2857142857,6.21,21171.3928571429,"Winter"
"15","Central",1981-03-01,20.3149778438978,NA,0.876979327983717,NA,0.995433914350992,NA,3,4.55416666666667,0.183333333333333,NA,55.5833333333333,0.196666666666667,0.959166666666667,14.1666666666667,19.81,441.75,24509.6774193548,6.21,26483.2580645161,"Spring"
"16","Central",1981-04-01,0.228985298133831,NA,0.0210511129042878,NA,0.0219825886208478,NA,4,14.4883333333333,0.079,NA,45.5833333333333,0.2075,0.554,17.8333333333333,20.68,386.4,17224.3333333333,6.21,11647.6666666667,"Spring"
"17","Central",1981-05-01,2.55418637355947,NA,0.255608364535952,NA,0.273297941970864,NA,5,26.5833333333333,0.0516666666666667,NA,37.25,0.151666666666667,0.318,21.75,14.19,364.5,13780.6451612903,6.21,9142.54838709677,"Spring"
"18","Central",1981-06-01,31.5020880381589,NA,5.8815797283644,NA,6.58393639997522,NA,6,4.158,0.054,NA,42.6818181818182,NA,0.465,25.0145454545455,15.25,416.9,10728.6666666667,6.21,4595.8,"Summer"
"19","Central",1981-07-01,1.41241145227073,NA,0.18347988496536,NA,0.210449306388339,NA,7,7.59416666666667,0.0358333333333333,NA,44.75,0.16,0.3225,24.7045833333333,19.1025,473,15303.2258064516,6.21,5305.74193548387,"Summer"
"20","Central",1981-08-01,4.90818703194611,NA,0.66015876181642,NA,0.731319867759971,NA,8,NA,0.024,NA,56.1666666666667,NA,0.189,23,19.675,598.8,14851.6129032258,6.21,3148.1935483871,"Summer"
"21","Central",1981-09-01,28.015296870996,NA,4.09122619523314,NA,4.67855457745633,NA,9,4.13416666666667,0.0416666666666667,NA,53.5416666666667,0.14,0.195,22.2333333333333,19.9166666666667,609.208333333333,12803.3333333333,6.21,4695.86666666667,"Autumn"
"22","Central",1981-10-01,5.26914535504024,NA,0.406770880171381,NA,0.453146500533461,NA,10,5.27916666666667,0.054,NA,64.05,NA,0.445,18.4777777777778,19.2916666666667,831,9895.16129032258,12.76,5213.77419354839,"Autumn"
"23","Central",1981-11-01,65.8046550993127,NA,3.38126849422309,NA,4.01408396105807,NA,11,3.96666666666667,0.256666666666667,NA,71.5454545454545,0.171666666666667,0.806666666666667,15.6727272727273,19.5166666666667,598.363636363636,32939.3333333333,12.76,36000.6,"Autumn"
"24","Central",1981-12-01,4.19766728024756,NA,0.129487174609258,NA,0.146918354808665,NA,12,1.734,0.223333333333333,NA,52.1428571428571,0.183333333333333,0.921666666666667,11.1,23.6333333333333,362.571428571429,62058.064516129,12.76,86287.3870967742,"Winter"
"25","Central",1982-01-01,4.38769132180159,NA,0.127700406240344,NA,0.136018430975849,NA,1,1.824,0.308333333333333,NA,34.8333333333333,0.268333333333333,1.33333333333333,7.83333333333333,13.4,439,64609.6774193548,12.76,97674.0322580645,"Winter"
"26","Central",1982-02-01,8.64178471847811,NA,0.325981580747574,NA,0.380238527613037,NA,2,2.2775,0.19,NA,38.8333333333333,0.1925,0.845,9.66666666666667,31,364.166666666667,59432.1428571429,12.76,92555.1785714286,"Winter"
"27","Central",1982-03-01,0.68689956672928,NA,0.0282673189478943,NA,0.0302235809360883,NA,3,2.424,0.120833333333333,NA,58.0833333333333,NA,0.586666666666667,12.5833333333333,19.1916666666667,260.416666666667,62812.9032258065,12.76,80088.3870967742,"Spring"
"28","Central",1982-04-01,21.8354744261394,NA,1.00646274611674,NA,1.20095109343767,NA,4,3.4325,0.101666666666667,NA,51.3333333333333,0.21,0.383333333333333,15.8,21.0083333333333,242,76580,12.76,142192.366666667,"Spring"
"29","Central",1982-05-01,10.8948291899264,NA,0.685386501851482,NA,1.04590360223294,NA,5,7.074,0.075,NA,54,0.153333333333333,0.228333333333333,19.3333333333333,15,175.333333333333,42358.064516129,12.76,57781.9677419355,"Spring"
"30","Central",1982-06-01,5.51697292095342,NA,0.62012751377331,NA,0.739274371407759,NA,6,22.031,0.0708333333333333,NA,37.1666666666667,0.165,0.383333333333333,22.0675,15.4666666666667,302,25810,12.76,28123,"Summer"
"31","Central",1982-07-01,7.47236305582769,NA,0.933941304274768,NA,1.11338209531833,NA,7,10.3041666666667,0.06,NA,42.1666666666667,NA,0.450833333333333,23.6258333333333,28.0916666666667,319.25,17632.2580645161,12.76,16740.8387096774,"Summer"
"32","Central",1982-08-01,4.47646453552953,NA,0.761243575569572,NA,0.837098868144023,NA,8,13.5075,0.04,NA,41.7083333333333,NA,0.355,24.2258333333333,23.8583333333333,292.958333333333,20609.6774193548,12.76,13309.2580645161,"Summer"
"33","Central",1982-09-01,16.6790068083681,NA,1.55077875559345,NA,1.78465372849539,NA,9,12.235,0.0491666666666667,NA,51.7916666666667,NA,0.255833333333333,20.6083333333333,25.25,254.083333333333,24856.6666666667,12.76,25801.8333333333,"Autumn"
"34","Central",1982-10-01,7.34695556364836,NA,0.566586484367454,NA,0.631838178473759,NA,10,10.6275,0.032,NA,58.1428571428571,0.12,0.296666666666667,17.6125,26.3666666666667,209.25,19229.0322580645,15.29,22975.3870967742,"Autumn"
"35","Central",1982-11-01,14.3608456061807,NA,0.832750970672962,NA,0.990898346826466,NA,11,3.4,0.0533333333333333,NA,52.5,0.105,0.315,12.775,23.2166666666667,234.083333333333,31523.3333333333,15.29,39152.3333333333,"Autumn"
"36","Central",1982-12-01,23.1260918608776,NA,0.696699990897739,NA,0.809413215130717,NA,12,2.83166666666667,0.175,NA,44.25,0.205,0.513333333333333,10.55,16.7333333333333,231.875,57706.4516129032,15.29,88908,"Winter"
"37","Central",1983-01-01,1.7269690376072,NA,0.0482822149162474,NA,0.0535360401658232,NA,1,1.26166666666667,0.07,NA,36.3333333333333,0.143333333333333,0.48,7.5,18.7833333333333,224.833333333333,47512.9032258065,15.29,89761.5483870968,"Winter"
"38","Central",1983-02-01,1.18085551297475,NA,0.0381403181624003,NA,0.0413299429541161,NA,2,1.365,0.145,NA,26,0.246666666666667,0.726666666666667,10.6666666666667,18.2166666666667,271.166666666667,79039.2857142857,15.29,175756.25,"Winter"
"39","Central",1983-03-01,2.70736066123909,NA,0.110368556452858,NA,0.11912386909452,NA,3,3.49833333333333,0.101666666666667,NA,34.3333333333333,0.183333333333333,0.521666666666667,13,21.7,302.666666666667,78290.3225806452,15.29,266623.161290323,"Spring"
"40","Central",1983-04-01,5.83579392869174,NA,0.245248387083284,NA,0.285953902505895,NA,4,6.43166666666667,0.0633333333333333,NA,44.6666666666667,0.135,0.375,13.8333333333333,13.9666666666667,278.833333333333,60510,15.29,118099.733333333,"Spring"
"41","Central",1983-05-01,1.81963132821881,NA,0.0881649290932982,NA,0.110997511021347,NA,5,7.64166666666667,0.11,NA,48.8333333333333,0.176666666666667,0.355,15.8333333333333,21.75,215.333333333333,62283.8709677419,15.29,98658.8387096774,"Spring"
"42","Central",1983-06-01,26.2229585397333,NA,2.5010408936856,NA,3.14675502476799,NA,6,5.35166666666667,0.0466666666666667,NA,32,0.131666666666667,0.2,21.5,17.95,148.833333333333,48380,15.29,70929.4,"Summer"
"43","Central",1983-07-01,6.75081022068504,NA,0.750060782108398,NA,0.904608569571795,NA,7,4.735,0.0466666666666667,NA,34.3611111111111,0.09,0.211666666666667,22.6522222222222,17.6683333333333,152.444444444445,31000,15.29,43759.1935483871,"Summer"
"44","Central",1983-09-01,12.8389344497242,NA,1.34726187081869,NA,1.54067213396691,NA,9,3.982,0.0583333333333333,NA,51.5833333333333,0.105,0.413333333333333,20.9833333333333,22.8166666666667,201.75,24616.6666666667,15.29,31441.5666666667,"Autumn"
"45","Central",1983-11-01,1.60342627168239,NA,0.107389902571549,NA,0.115107835346143,NA,11,2.77166666666667,0.0816666666666667,NA,57.125,0.103333333333333,0.531666666666667,15.1875,20.8216666666667,264.5,48820,10,74137.1333333333,"Autumn"
"46","Central",1983-12-01,14.6107633203495,NA,0.451617669879808,NA,0.511376716212232,NA,12,2.045,0.103333333333333,NA,57.8333333333333,0.118333333333333,0.605,10.5,19.355,212.166666666667,74512.9032258065,10,154586.870967742,"Winter"
"47","Central",1984-01-01,44.4398563674412,NA,1.20488004974789,NA,1.37763554739068,NA,1,4.57833333333333,0.075,NA,37.5,0.145,0.461666666666667,9.66666666666667,43.2333333333333,237.5,56803.2258064516,10,100905.806451613,"Winter"
"48","Central",1984-02-01,6.55958451536827,NA,0.228559867868899,NA,0.255823796099363,NA,2,2.532,0.07,NA,71.8333333333333,0.0916666666666667,0.703333333333333,11.3333333333333,19.8166666666667,333.5,32372.4137931034,10,41515.4482758621,"Winter"
"49","Central",1984-03-01,42.9472693970722,NA,1.78244609234835,NA,2.10441620045654,NA,3,3.19166666666667,0.0916666666666667,NA,68.1666666666667,0.146666666666667,0.706666666666667,13.8333333333333,17.2216666666667,332.166666666667,31425.8064516129,10,34915.5161290323,"Spring"
"50","Central",1984-04-01,13.7729401240156,NA,0.651321317557118,NA,0.757511706820859,NA,4,4.21833333333333,0.101666666666667,NA,68,0.13,0.533333333333333,15.5,23.405,297.5,17933.3333333333,10,14637.1333333333,"Spring"
"51","Central",1984-05-01,23.8888682129033,NA,2.0261748808977,NA,2.29333134843872,NA,5,9.36666666666667,0.066,NA,48.3333333333333,0.158333333333333,0.526666666666667,19.1666666666667,13.765,293.833333333333,15406.4516129032,10,11092.7741935484,"Spring"
"52","Central",1984-06-01,38.8892947739275,NA,3.73081843228888,NA,4.6667153728713,NA,6,23.26,0.19,NA,40.3333333333333,0.178333333333333,0.365,21.5,16.95,281.833333333333,14990,10,7925,"Summer"
"53","Central",1984-07-01,34.5201657562695,NA,4.64900888833568,NA,6.42075083066612,NA,7,4.20666666666667,0.048,NA,45.125,NA,0.385833333333333,26.495,18.2333333333333,318.916666666667,21632.2580645161,10,10127.4193548387,"Summer"
"54","Central",1984-08-01,33.5230402035293,NA,4.12212279597167,NA,4.99493299032587,NA,8,9.76916666666667,0.036,NA,52.75,NA,0.172,24.9166666666667,15.2933333333333,273.666666666667,18783.8709677419,10,8178.61290322581,"Summer"
"55","Central",1984-09-01,20.0777931191392,NA,2.74165733633401,NA,3.35299145089625,NA,9,10.5483333333333,0.0591666666666667,NA,71.8181818181818,NA,0.3925,23.4583333333333,14.725,350.375,17693.3333333333,10,13586.2333333333,"Autumn"
"56","Central",1984-10-01,0.924167263129424,NA,0.0540267471191507,NA,0.0563742030508949,NA,10,20.746,0.045,NA,58.5,0.132,0.424,17.2,14.02,234.2,13235.4838709677,6.47,11899.3225806452,"Autumn"
"57","Central",1984-11-01,58.4320242224062,NA,1.4276314306937,NA,2.04512084778422,NA,11,7.532,0.23,NA,50.8,0.182,0.77,12,32.12,302.4,26280,6.47,25952.7333333333,"Autumn"
"58","Central",1984-12-01,23.6617764665653,NA,0.601271274171806,NA,0.733515070463525,NA,12,1.98166666666667,0.196666666666667,NA,55,0.181666666666667,0.801666666666667,10.6666666666667,29.0166666666667,275,32558.064516129,6.47,31066.3225806452,"Winter"
"59","Central",1985-01-01,1.91828069195321,NA,0.0545485499790273,NA,0.0594667014505495,NA,1,2.355,0.19,NA,61.6,0.158,1.068,8.4,17.02,322.2,16790.3225806452,6.47,15120.2258064516,"Winter"
"60","Central",1985-02-01,8.27837465113575,NA,0.211291854485322,NA,0.256629614185208,NA,2,3.56333333333333,0.328333333333333,NA,83.6666666666667,0.215,0.793333333333333,9.66666666666667,15.8833333333333,364.166666666667,18271.4285714286,6.47,15589.9285714286,"Winter"
"61","Central",1985-03-01,32.9151635027573,NA,1.10012737712691,NA,1.44826719412132,NA,3,5.2875,0.210833333333333,NA,80.9166666666667,0.1,0.76,13,14.275,406.083333333333,14309.6774193548,6.47,10409.8064516129,"Spring"
"62","Central",1985-04-01,18.0166606423628,NA,1.40712823735069,NA,1.72959942166683,NA,4,8.23333333333333,0.136666666666667,NA,78.6666666666667,NA,0.64,18.0833333333333,19.45,340.916666666667,12495.3333333333,6.47,6846.1,"Spring"
"63","Central",1985-05-01,0.0513078604575552,NA,0.00538225562649328,NA,0.0054899410689584,NA,5,39.34,0.0358333333333333,NA,42.5,NA,0.40875,19.9,23.15,348.416666666667,13432.2580645161,6.47,7290.67741935484,"Spring"
"64","Central",1985-06-01,8.51081426882894,NA,1.23172891098746,NA,1.42130598289443,NA,6,9.70083333333333,0.06,NA,43.5833333333333,NA,0.515,23.6133333333333,18.75,398.708333333333,13310,6.47,5113.33333333333,"Summer"
"65","Central",1985-08-01,20.3844678816551,NA,2.82886669653463,NA,3.4042061362364,NA,8,10.4075,0.0333333333333333,NA,62.5,NA,0.344,23.4166666666667,15.4833333333333,523.666666666667,13448.3870967742,6.47,2248.48387096774,"Summer"
"66","Central",1985-09-01,79.6763392913497,NA,6.06746337064499,NA,8.52536830417442,NA,9,6.65166666666667,0.0358333333333333,NA,75.4166666666667,0.11,0.325833333333333,21.35,12.65,645.708333333333,12192,6.47,3174.6,"Autumn"
"67","Central",1985-10-01,6.20217532952346,NA,0.386796337166142,NA,0.427950097737119,NA,10,8.13,0.039,NA,74.5454545454545,NA,0.356666666666667,18.8454545454545,13.9,584.590909090909,9710.64516129032,9.96,3365.54838709677,"Autumn"
"68","Central",1985-12-01,11.6455203632082,NA,0.360706187041507,NA,0.407593212712287,NA,12,1.26166666666667,0.223333333333333,NA,74,0.193333333333333,0.74,11.1666666666667,17.4666666666667,886.5,16106.4516129032,9.96,9430.16129032258,"Winter"
"69","Central",1986-01-01,2.92590594130612,NA,0.0781506162303953,NA,0.0907030841804896,NA,1,1.0025,0.31,NA,75.6666666666667,0.238333333333333,1.025,9.33333333333333,12.5666666666667,699.333333333333,19964.5161290323,9.96,15208.8387096774,"Winter"
"70","Central",1986-02-01,19.8036436364256,NA,0.422584737823986,NA,0.613912952729193,NA,2,1.31166666666667,0.266666666666667,NA,65,0.253333333333333,1.11833333333333,11,27.8333333333333,453.5,68892.8571428571,9.96,205414.107142857,"Winter"
"71","Central",1986-03-01,7.39116303033814,NA,0.380013487466353,NA,0.450860944850627,NA,3,3.922,0.1,NA,33.2,0.205,0.431666666666667,14.1666666666667,16.3166666666667,225.833333333333,74983.8709677419,9.96,169447.483870968,"Spring"
"72","Central",1986-04-01,4.46635959138349,NA,0.0915783526626225,NA,0.0982599110104369,NA,4,4.58,0.0616666666666667,NA,47,0.125,0.298333333333333,15.3333333333333,11.2666666666667,213.166666666667,25826.6666666667,9.96,46539.0666666667,"Spring"
"73","Central",1986-05-01,4.78886745571021,NA,0.416446556829279,NA,0.45973127574818,NA,5,5.3275,0.0533333333333333,NA,43.6666666666667,0.1275,0.54,19.4166666666667,9.56666666666667,269.583333333333,12761.2903225806,9.96,15810.1290322581,"Spring"
"74","Central",1986-06-01,59.1904861887675,NA,5.73133093801023,NA,7.93152514929485,NA,6,24.7766666666667,0.033,NA,33.8333333333333,0.148333333333333,0.325833333333333,23.1691666666667,14.7666666666667,295.666666666667,11820,9.96,9222.7,"Summer"
"75","Central",1986-07-01,26.8195606546267,NA,3.36605978925025,NA,4.47886662932266,NA,7,15.9916666666667,0.04,NA,36.25,0.14125,0.474,24.6833333333333,15.05,336.708333333333,16880.6451612903,9.96,7292.90322580645,"Summer"
"76","Central",1986-08-01,29.0477294131276,NA,2.96381482929093,NA,3.8923957413591,NA,8,16.135,0.0475,NA,37,NA,0.434,24.0833333333333,20.9666666666667,320.416666666667,15112.9032258065,9.96,5054.25806451613,"Summer"
"77","Central",1986-09-01,52.1537301775683,NA,4.32176395163978,NA,6.25844762130819,NA,9,4.285,0.0375,NA,38.125,NA,0.403333333333333,20.4583333333333,13.1333333333333,565.208333333333,18140,9.96,10725.9333333333,"Autumn"
"78","Central",1986-10-01,4.59885106948281,NA,0.326842001253365,NA,0.354111532350176,NA,10,5.24833333333333,0.0466666666666667,NA,47.1666666666667,0.105,0.425,18.0666666666667,14.5666666666667,301,15445.1612903226,5.86,10608.4193548387,"Autumn"
"79","Central",1986-11-01,10.5605100044431,NA,0.63279485278146,NA,0.728675190306577,NA,11,1.82833333333333,0.111666666666667,NA,61.0833333333333,0.12,0.651666666666667,14.1083333333333,18.4666666666667,323.5,12680,5.86,7731.66666666667,"Autumn"
"80","Central",1987-01-01,22.2147782221674,NA,0.484762467608168,NA,0.68865812488719,NA,1,1.39,0.136,NA,69.6,0.144,1.092,8.6,44.62,332.4,13170.9677419355,5.86,10818.1612903226,"Winter"
"81","Central",1987-02-01,2.81926255409304,NA,0.077116426799728,NA,0.0873971391768843,NA,2,1.97833333333333,0.291666666666667,NA,69.8333333333333,0.196666666666667,1.03,10.3333333333333,27.45,469.166666666667,17403.5714285714,5.86,16859.1428571429,"Winter"
"82","Central",1987-03-01,7.5644174650707,NA,0.321884840451994,NA,0.370656455788464,NA,3,2.36833333333333,0.27,NA,62,0.245,1.01,13.1666666666667,21.3166666666667,381.833333333333,21577.4193548387,5.86,22915.9677419355,"Spring"
"83","Central",1987-04-01,11.9172491916288,NA,0.975353791415595,NA,1.14405592239637,NA,4,7.98916666666667,0.0558333333333333,NA,57.5,NA,0.953333333333333,18.5833333333333,30.1333333333333,432.916666666667,11826.3333333333,5.86,6212.23333333333,"Spring"
"84","Central",1987-05-01,13.2631743503185,NA,1.34182946765147,NA,1.59158092203822,NA,5,NA,0.105,NA,50.6666666666667,NA,0.451666666666667,21.8333333333333,21.325,429.583333333333,9996.12903225806,5.86,4845.03225806452,"Spring"
"85","Central",1987-06-01,12.5585382674358,NA,1.30858086644889,NA,1.50702459209229,NA,6,3.655,0.05,NA,51.0833333333333,0.19,0.601666666666667,21.73875,22.75,537.666666666667,10067.3333333333,5.86,3382.16666666667,"Summer"
"86","Central",1987-07-01,0.0420932143848762,NA,0.00605489608786865,NA,0.00627188894334656,NA,7,3.59083333333333,0.0308333333333333,NA,49.9166666666667,NA,0.55,22.8966666666667,17.3333333333333,538.875,15141.935483871,5.86,3723.83870967742,"Summer"
"87","Central",1987-08-01,46.611830057488,NA,5.77771326554351,NA,6.94516267856572,NA,8,4.16833333333333,0.03125,NA,56.5,NA,0.3325,23.9166666666667,22.05,675.166666666667,14438.7096774194,5.86,2772.12903225806,"Summer"
"88","Central",1987-09-01,51.3755940045871,NA,6.1367150116596,NA,7.65496350668347,NA,9,14.2408333333333,0.07,NA,60.5,NA,0.24,22.4416666666667,20.01,750.583333333333,11625,5.86,1737.36666666667,"Autumn"
"89","Central",1987-10-01,28.1612799425922,NA,2.29602181370558,NA,2.70348287448885,NA,10,NA,0.120833333333333,NA,77.8333333333333,NA,0.6175,20.6083333333333,25.6166666666667,810.541666666667,9509.03225806452,4.65,3761.25806451613,"Autumn"
"90","Central",1987-11-01,7.51646469608732,NA,0.532414985757614,NA,0.578767781598724,NA,11,1.82666666666667,0.145,NA,86.1666666666667,0.135,0.739166666666667,15.0916666666667,21.825,943.25,8129.33333333333,4.65,4291.03333333333,"Autumn"
"91","Central",1987-12-01,12.1951439892952,NA,0.430593901226205,NA,0.475610615582511,NA,12,0.796666666666667,0.145,NA,76.5,0.178333333333333,0.908333333333333,10.1,17.4,890.833333333333,15743.8709677419,4.65,9454.09677419355,"Winter"
"92","Central",1988-01-01,21.8441758779516,NA,0.514620345055709,NA,0.677169452216499,NA,1,0.772,0.18,NA,51.8333333333333,0.175,0.756666666666667,8.33333333333333,23.5066666666667,658.833333333333,25400,4.65,19590.7096774194,"Winter"
"93","Central",1988-02-01,10.9000432251987,NA,0.39386646515482,NA,0.479601901908745,NA,2,1.64666666666667,0.18,NA,78.5,0.166666666666667,0.735,12.5,36.4333333333333,572.166666666667,12187.9310344828,4.65,3039.31034482759,"Winter"
"94","Central",1988-04-01,61.5475640068672,NA,3.0100007699002,NA,4.23699285087202,NA,4,6.3225,0.077,NA,77.5,NA,0.6025,17.5,29.2916666666667,515.166666666667,16886.6666666667,4.65,11417.4333333333,"Spring"
"95","Central",1988-05-01,55.0278140445295,NA,4.72430256763966,NA,5.88797610276466,NA,5,13.3025,0.0291666666666667,NA,48.6666666666667,NA,0.475,19.25,32.0433333333333,459.75,10973.8709677419,4.65,4658.64516129032,"Spring"
"96","Central",1988-06-01,102.404808469017,NA,11.3137559792048,NA,15.2583164618835,NA,6,15.5666666666667,0.0466666666666667,NA,37.375,0.236666666666667,0.483333333333333,22.1741666666667,23.7583333333333,586.863636363636,10578.3333333333,4.65,3082.06666666667,"Summer"
"97","Central",1988-07-01,0.0214273928760772,NA,0.00312733287676989,NA,0.0031926815385355,NA,7,3.00916666666667,0.04,NA,45.25,NA,0.480833333333333,24.6416666666667,31.0666666666667,748.458333333333,14641.935483871,4.65,3731.64516129032,"Summer"
"98","Central",1988-08-01,33.1902065146847,NA,4.2435733913734,NA,4.94534077068802,NA,8,4.37416666666667,0.026,NA,48.1666666666667,NA,0.269166666666667,24.2025,18.7083333333333,718.583333333333,13287.0967741935,4.65,2304.87096774194,"Summer"
"99","Central",1988-09-01,3.77118815009001e-05,NA,3.60025507349164e-06,NA,3.62034062408641e-06,NA,9,4.2825,0.0258333333333333,NA,68.7916666666667,NA,0.325,21.6333333333333,20.5,764.75,11536.6666666667,4.65,2250.93333333333,"Autumn"
"100","Central",1988-10-01,5.90265461764415,NA,0.516947229295164,NA,0.566654843293838,NA,10,4.09083333333333,0.123333333333333,NA,81.125,0.138333333333333,0.483333333333333,20.1833333333333,16.3583333333333,853.166666666667,9314.1935483871,6.13,3141.64516129032,"Autumn"
"101","Central",1988-11-01,7.84916846321378,NA,0.503427286905118,NA,0.541592623961751,NA,11,2.805,0.161666666666667,NA,93.2727272727273,0.131666666666667,0.598333333333333,16.1166666666667,15.665,994.416666666667,11355.6666666667,6.13,6619.3,"Autumn"
"102","Central",1988-12-01,2.53468146087289,NA,0.0842933368687552,NA,0.0887138511305513,NA,12,1.668,0.288,NA,112.4,0.216,0.928,11,16.46,706.4,12387.7419354839,6.13,7230.93548387097,"Winter"
"103","Central",1989-01-01,1.3815651619349,NA,0.0403591893377529,NA,0.0428285200199819,NA,1,1.59666666666667,0.231666666666667,NA,73.6,0.225,0.893333333333333,6.83333333333333,14.6166666666667,701.833333333333,12825.1612903226,6.13,3603.8064516129,"Winter"
"104","Central",1989-02-01,0.889516626747099,NA,0.0260190366931377,NA,0.0275750154291601,NA,2,2.47,0.176666666666667,NA,114.666666666667,0.178333333333333,0.678333333333333,8.83333333333333,15.2,1056.33333333333,12057.1428571429,6.13,6378.53571428571,"Winter"
"105","Central",1989-05-01,54.7173765862395,NA,4.12574229949895,NA,5.25286815227899,NA,5,7.20416666666667,0.0616666666666667,NA,56.5,NA,0.563333333333333,19.5,11.3358333333333,340.583333333333,13799.3548387097,6.13,7378.61290322581,"Spring"
"106","Central",1989-07-01,8.95739305359058,NA,1.33505373487399,NA,1.49588463994963,NA,7,4.605,0.04,NA,51.9166666666667,NA,0.34,24.5066666666667,13.2183333333333,373.25,18767.7419354839,6.13,6162.61290322581,"Summer"
"107","Central",1989-08-01,42.0094467751657,NA,5.10636352997103,NA,6.25940756949969,NA,8,4.41333333333333,0.0258333333333333,NA,60,NA,0.185833333333333,23.6666666666667,19.6325,363.333333333333,18319.3548387097,6.13,4468.54838709677,"Summer"
"108","Central",1989-09-01,35.2829019658872,NA,3.72418948396847,NA,4.23394823590646,NA,9,7.745,0.0205449879206329,NA,71.3333333333333,NA,0.179166666666667,21.3333333333333,16.631,477.166666666667,16463.3333333333,6.13,6445.96666666667,"Autumn"
"109","Central",1989-10-01,16.1806599699538,NA,1.34779429570868,NA,1.55334335711556,NA,10,8.3625,0.132818661020331,NA,77.1666666666667,NA,0.528333333333333,20.1083333333333,15.5016666666667,667.458333333333,14274.1935483871,4.81,4887.45161290323,"Autumn"
"110","Central",1989-11-01,21.8039387209626,NA,1.02915773248421,NA,1.19921662965295,NA,11,5.84,0.16836850115913,NA,88,0.106666666666667,0.703333333333333,15.375,17.6333333333333,780.416666666667,14830,4.81,5477.8,"Autumn"
"111","Central",1989-12-01,16.2581540021167,NA,0.556286700022505,NA,0.634068006082553,NA,12,4.24666666666667,0.125,NA,115.818181818182,0.13,0.665,11.2909090909091,34.064,680.727272727273,15396.7741935484,4.81,4399.16129032258,"Winter"
"112","Central",1990-01-01,6.53914378148773,NA,0.176145656433649,NA,0.20271345722612,NA,1,5.04333333333333,0.136666666666667,NA,99.6666666666667,0.125,0.438333333333333,9.5,20.052,730.666666666667,18909.6774193548,4.81,9885.74193548387,"Winter"
"113","Central",1990-02-01,20.6437110995651,NA,0.500060886086788,NA,0.639955044086519,NA,2,3.612,0.218333333333333,NA,83,0.213333333333333,0.6,8.66666666666667,48.266,634.833333333333,13803.5714285714,4.81,6787.57142857143,"Winter"
"114","Central",1990-03-01,32.3157506543708,NA,1.64443401417865,NA,1.97126078991662,NA,3,5.455,0.075,NA,86.3333333333333,0.218333333333333,0.616666666666667,15.5,32.9533333333333,568.666666666667,12867.7419354839,4.81,3813.12903225806,"Spring"
"115","Central",1990-04-01,12.0552043477167,NA,0.86185925899535,NA,1.03674757390364,NA,4,7.49583333333333,0.0716666666666667,NA,85.75,0.0983333333333333,0.451666666666667,18.3333333333333,16.09,861.75,15271.3333333333,4.81,5922.76666666667,"Spring"
"116","Central",1990-05-01,35.6786934905725,NA,2.71641493943695,NA,3.42515457509496,NA,5,7.47083333333333,0.0319447212710899,NA,53,0.12,0.555,20.0833333333333,12.4,632.333333333333,10402.2580645161,4.81,7700.16129032258,"Spring"
"117","Central",1990-06-01,27.3603768768986,NA,3.49498475355808,NA,4.07669615465789,NA,6,2.779,0.0316666666666667,NA,57.8333333333333,NA,0.6325,23.4375,26.59,449.583333333333,10518.6666666667,4.81,4846.43333333333,"Summer"
"118","Central",1990-07-01,8.04188611841367,NA,1.35396402340627,NA,1.50383270414336,NA,7,3.47875,0.0258333333333333,NA,68.125,NA,0.388333333333333,24.92375,19.93,468.208333333333,13506.4516129032,4.81,3965.83870967742,"Summer"
"119","Central",1990-08-01,19.5643383040352,NA,2.91870361929798,NA,3.26724449677388,NA,8,4.14,0.0195312622996668,NA,70.8333333333333,NA,0.2525,24.3333333333333,22.346,461,13838.7096774194,4.81,4460.87096774194,"Summer"
"120","Central",1990-09-01,2.82254706562062,NA,0.362471942685221,NA,0.378221306793164,NA,9,3.99833333333333,0.0507831654059701,NA,78.6666666666667,NA,0.308333333333333,22.55,22.62,553.708333333333,10029.3333333333,4.81,2450.16666666667,"Autumn"
"121","Central",1990-10-01,7.1463163001554,NA,0.501420552514631,NA,0.550266355111966,NA,10,3.77166666666667,0.0438222097469649,NA,92.0833333333333,0.135,0.573333333333333,19,20.48,810.166666666667,7620.32258064516,4.21,3405.09677419355,"Autumn"
"122","Central",1990-11-01,35.0154539493873,NA,1.44880135051057,NA,1.71575724351998,NA,11,2.14666666666667,0.055,NA,98,0.156666666666667,0.588333333333333,14.4916666666667,17.3166666666667,828.583333333333,7722.66666666667,4.21,4494.93333333333,"Autumn"
"123","Central",1990-12-01,5.89727970713769,NA,0.169117994043191,NA,0.182815670921268,NA,12,1.95333333333333,0.0783333333333333,NA,119.166666666667,0.143333333333333,0.66,9.775,22.155,905.666666666667,10818.3870967742,4.21,6383.45161290323,"Winter"
"124","Central",1991-01-01,7.71032724177591,NA,0.20745886710889,NA,0.239020144495053,NA,1,4.3,0.23,NA,95.4,0.171666666666667,0.785,6.42666666666667,25.6333333333333,732.866666666667,8983.87096774194,4.21,3972.93548387097,"Winter"
"125","Central",1991-02-01,2.45208277129588,NA,0.0951416980793336,NA,0.107891641937019,NA,2,14.7833333333333,0.356666666666667,NA,93.7333333333333,0.211666666666667,0.813333333333333,11.0133333333333,20.5166666666667,784.4,8133.21428571429,4.21,7361.46428571429,"Winter"
"126","Central",1991-03-01,20.8799657252848,NA,0.809500752269329,NA,0.91871849191253,NA,3,1.915,0.461666666666667,NA,76.4666666666667,NA,1.10333333333333,12.4933333333333,20.83,683.433333333333,25754.8387096774,4.21,24579.3870967742,"Spring"
"127","Central",1991-04-01,12.3862248019444,NA,0.686282962398506,NA,0.755559712918607,NA,4,2.2925,0.193333333333333,NA,54.1666666666667,NA,0.950833333333333,15.9166666666667,15.41,340.5,10879,4.21,3701.4,"Spring"
"128","Central",1991-05-01,10.7224082889235,NA,0.839137209583905,NA,0.922127112847421,NA,5,4.82583333333333,0.106794481629816,NA,62.6666666666667,NA,0.786666666666667,17.4166666666667,25.93,556.25,7331.93548387097,4.21,3862.03225806452,"Spring"
"129","Central",1991-06-01,38.0901553601681,NA,3.73140015052505,NA,4.57081864322018,NA,6,2.35416666666667,0.0408333333333333,NA,60.4166666666667,0.19,0.58,22.79,23.2666666666667,608.875,8929.66666666667,4.21,4002.23333333333,"Summer"
"130","Central",1991-08-01,9.16832029090494,NA,1.24655227521642,NA,1.36607972334484,NA,8,2.93333333333333,0.0716666666666667,NA,60.6666666666667,NA,0.335833333333333,24.0833333333333,30.3916666666667,523.5,9514.83870967742,4.21,2557.64516129032,"Summer"
"131","Central",1991-09-01,3.61488996115769,NA,0.459328748107244,NA,0.48439525479513,NA,9,8.61833333333333,0.0480115894579406,NA,70.8666666666667,NA,0.211,23.48,37.9916666666667,573.433333333333,9948,4.21,3760.93333333333,"Autumn"
"132","Central",1991-10-01,6.27639798942535,NA,0.698998553291655,NA,0.753167758731042,NA,10,3.7125,0.0633333333333333,NA,104.928571428571,NA,0.465833333333333,22.6333333333333,28.5975,603.666666666667,9398.06451612903,4.06,3909.09677419355,"Autumn"
"133","Central",1991-11-01,7.64980749003583,NA,0.433993517114607,NA,0.466638256892186,NA,11,3.345,0.143333333333333,NA,100.307692307692,0.125,0.786666666666667,13.5866666666667,28.45,754.6,6958.33333333333,4.06,3909.33333333333,"Autumn"
"134","Central",1991-12-01,12.2491796209553,NA,0.342084572734685,NA,0.379724568249614,NA,12,3.16333333333333,0.2,NA,131.266666666667,0.148333333333333,0.806666666666667,9.36666666666667,24.8833333333333,794.266666666667,9259.35483870968,4.06,7622.51612903226,"Winter"
"135","Central",1992-01-01,12.7640866945685,NA,0.321062234351684,NA,0.395686687531623,NA,1,1.64166666666667,0.19,NA,112.733333333333,0.148333333333333,0.775,8.2,19.4333333333333,638.333333333333,10440.9677419355,4.06,6413.38709677419,"Winter"
"136","Central",1992-02-01,5.19228856106624,NA,0.276582129233896,NA,0.316729602225041,NA,2,1.03833333333333,0.353333333333333,NA,92.1428571428571,0.316666666666667,1.46166666666667,11.6714285714286,30.4333333333333,527.285714285714,26061.3793103448,4.06,28758.8275862069,"Winter"
"137","Central",1992-03-01,5.68766030714623,NA,0.318267600112076,NA,0.34694727873592,NA,3,2.31666666666667,0.185,NA,68.9,NA,0.946666666666667,15.68,19.1425,356.8,20335.4838709677,4.06,13282.6774193548,"Spring"
"138","Central",1992-04-01,3.18634784451349,NA,0.258811774733599,NA,0.27402591462816,NA,4,7.70416666666667,0.170231642575042,NA,72.8333333333333,NA,0.701666666666667,18.1666666666667,24.8433333333333,405.666666666667,9448.33333333333,4.06,6258.43333333333,"Spring"
"139","Central",1992-05-01,5.73348253577167,NA,0.70332176449441,NA,0.768286659793404,NA,5,21.3508333333333,0.041094713845135,NA,51.6666666666667,NA,0.35,22.3333333333333,22.3891666666667,565.25,6413.87096774194,4.06,3254.58064516129,"Spring"
"140","Central",1992-06-01,25.0649693093695,NA,3.44416735758137,NA,4.18584987466471,NA,6,4.5675,0.0333333333333333,NA,67.125,NA,0.368333333333333,23.959,33.8441666666667,630.8,8510,4.06,3426,"Summer"
"141","Central",1992-07-01,72.7317962564921,NA,8.51648344126605,NA,12.1462099748342,NA,7,3.08083333333333,0.02617051577797,NA,63.5833333333333,NA,0.368333333333333,23.8033333333333,25.0291666666667,706.5,8308.70967741935,4.06,2982.74193548387,"Summer"
"142","Central",1992-08-01,19.0983698047506,NA,2.49679114598267,NA,2.84565710090783,NA,8,3.845,0.0258333333333333,NA,73.1666666666667,NA,0.291666666666667,25,28.6391666666667,786.333333333333,8717.74193548387,4.06,2824.45161290323,"Summer"
"143","Central",1992-09-01,24.9924402968357,NA,2.94383818475121,NA,3.34898699977598,NA,9,3.45333333333333,0.0235539375949884,NA,75.6428571428571,NA,0.4575,21.8666666666667,22.1816666666667,670.4,9815,4.06,3366.06666666667,"Autumn"
"144","Central",1992-10-01,8.69879477320356,NA,0.832385679890158,NA,0.930771040732781,NA,10,3.18916666666667,0.0872065927224079,NA,92.6666666666667,NA,0.605833333333333,20.5666666666667,20.6416666666667,791.366666666667,6645.16129032258,8.54,4350.48387096774,"Autumn"
"145","Central",1992-11-01,20.0121635298833,NA,1.50428237863155,NA,1.72104606356996,NA,11,1.87333333333333,0.108333333333333,NA,93.3333333333333,0.115,0.573333333333333,16.12,40.9,719.6,6380,8.54,4125.83333333333,"Autumn"
"146","Central",1992-12-01,50.8091230980563,NA,1.46019354110019,NA,1.77831930843197,NA,12,2.31833333333333,0.302690446979444,NA,107.785714285714,0.143333333333333,0.743333333333333,9.92,20.6,888.266666666667,12440.3225806452,8.54,11602.7419354839,"Winter"
"147","Central",1993-01-01,42.927869020467,NA,1.10890383832421,NA,1.33076393963448,NA,1,1.19666666666667,0.45,NA,30.7333333333333,0.351666666666667,1.45,8.68,20.6,366.4,48261.2903225806,8.54,57885.8709677419,"Winter"
"148","Central",1993-02-01,34.785178432176,NA,1.08069585758899,NA,1.35662195885486,NA,2,2.6625,0.318333333333333,NA,27.7142857142857,0.305,1.22833333333333,11.1714285714286,26.2,367.642857142857,48596.4285714286,8.54,55021.6428571429,"Winter"
"149","Central",1993-03-01,53.3898966102171,NA,3.10668724481493,NA,3.68390286610498,NA,3,3.40833333333333,0.163333333333333,NA,79.2666666666667,0.276666666666667,1.25333333333333,15.9466666666667,23.9166666666667,460.8,49338.7096774194,8.54,63968.6129032258,"Spring"
"150","Central",1993-04-01,85.1044392225134,NA,4.05723460071458,NA,5.19137079257332,NA,4,4.73666666666667,0.072386257435428,NA,69.2,0.161666666666667,0.733333333333333,16.1933333333333,19.7,442.8,43213.3333333333,8.54,44295.9333333333,"Spring"
"151","Central",1993-05-01,45.7038830669648,NA,3.62340810417684,NA,4.38757277442862,NA,5,30.2966666666667,0.0458592635657017,NA,60.8,0.118333333333333,0.564,19.2266666666667,22.5,381.333333333333,24954.8387096774,8.54,25188.1935483871,"Spring"
"152","Central",1993-06-01,75.2818922776875,NA,6.80112059580434,NA,9.03382707332251,NA,6,6.25666666666667,0.0668721625410641,NA,51.8333333333333,0.113333333333333,0.183333333333333,22.7083333333333,16.8333333333333,314.166666666667,30473.3333333333,8.54,27078.2,"Summer"
"153","Central",1993-07-01,56.2987768314532,NA,6.43411480392798,NA,8.38851774788653,NA,7,NA,0.0111857348690197,NA,53.375,NA,0.33625,24.1458333333333,17.4841666666667,239.375,19861.2903225806,8.54,9449.67741935484,"Summer"
"154","Central",1993-08-01,50.8250028852254,NA,6.46086057534774,NA,8.48777548183264,NA,8,6.35,0.0134724835131783,NA,60.4666666666667,0.07,0.306,23.2533333333333,18.36,233.533333333333,21080.6451612903,8.54,9421.90322580645,"Summer"
"155","Central",1993-09-01,19.7630107000276,NA,2.47953665079245,NA,2.94468859430411,NA,9,4.57666666666667,0.029011357522492,NA,69.6,0.0783333333333333,0.396666666666667,22.9466666666667,21.3166666666667,302.6,15826.6666666667,8.54,5305.83333333333,"Autumn"
"156","Central",1993-10-01,70.067452846872,NA,5.02613635924734,NA,6.72647547329972,NA,10,3.09666666666667,0.035,NA,86.3636363636364,0.121666666666667,0.571666666666667,19.4866666666667,12.9166666666667,374.733333333333,13819.3548387097,5.02,5117.83870967742,"Autumn"
"157","Central",1993-11-01,11.458163280688,NA,0.692728957985725,NA,0.790613266367475,NA,11,2.47833333333333,0.161666666666667,NA,92.0666666666667,0.06,0.593333333333333,14.3066666666667,16.905,518.666666666667,12093.3333333333,5.02,7380.6,"Autumn"
"158","Central",1993-12-01,13.2608509631181,NA,0.364288352595743,NA,0.411086379856662,NA,12,1.33166666666667,0.133333333333333,NA,105.133333333333,0.09,0.7,9.72666666666667,16.915,545.133333333333,20341.935483871,5.02,12360.8387096774,"Winter"
"159","Central",1994-01-01,47.3702988754444,NA,1.13935325605575,NA,1.46847926513878,NA,1,1.07166666666667,0.293333333333333,NA,110.571428571429,0.105,0.823333333333333,8.24,19.7333333333333,434.733333333333,14190.3225806452,5.02,10787.1612903226,"Winter"
"160","Central",1994-02-01,5.51133017839144,NA,0.157241736140256,NA,0.170851235530135,NA,2,2.9,0.456666666666667,NA,91.7333333333333,0.151666666666667,0.99,9.81333333333333,14.6333333333333,520.214285714286,20196.4285714286,5.02,20557.0357142857,"Winter"
"161","Central",1994-03-01,14.5363129970824,NA,1.02048304600215,NA,1.11929610077535,NA,3,2.11333333333333,0.28,NA,99.6,0.173333333333333,1.04166666666667,15.4066666666667,19.3783333333333,532.2,13460.6451612903,5.02,10595.0967741935,"Spring"
"162","Central",1994-04-01,46.8612649623362,NA,2.58304526660899,NA,3.2334272824012,NA,4,6.565,0.055,NA,99.5333333333333,0.125,1.04,17,23.3833333333333,561.642857142857,8435,5.02,8149.66666666667,"Spring"
"163","Central",1994-05-01,39.4321427120958,NA,3.09721693924035,NA,3.78548570036119,NA,5,4.43833333333333,0.026,NA,80.6666666666667,0.106,0.686,18.8333333333333,22.85,467.5,8847.74193548387,5.02,7941.22580645161,"Spring"
"164","Central",1994-06-01,62.4392343307882,NA,8.74134685631636,NA,11.6761368198574,NA,6,NA,0.0591666666666667,NA,60.0833333333333,0.131666666666667,0.595833333333333,23.1563333333333,23.075,515.866666666667,8091,5.02,3781.5,"Summer"
"165","Central",1994-07-01,5.5703965293458,NA,0.856840260396338,NA,0.930256220400748,NA,7,2.50416666666667,0.0266212160408031,NA,77.3333333333333,NA,0.456666666666667,24.5941666666667,16.215,631.416666666667,11863.8709677419,5.02,4494.64516129032,"Summer"
"166","Central",1994-08-01,13.1881485039388,NA,1.91690448562277,NA,2.20242080015779,NA,8,NA,0.0196793200642181,NA,90.9333333333333,0.1,0.25,24.7333333333333,16.0833333333333,542.6,12145.1612903226,5.02,3334.64516129032,"Summer"
"167","Central",1994-09-01,2.05112500010665,NA,0.258146697095433,NA,0.274850750014291,NA,9,5.41916666666667,0.0483333333333333,NA,90.9333333333333,NA,0.245,22.1631578947368,18.0416666666667,669.789473684211,14413.3333333333,5.02,5505.93333333333,"Autumn"
"168","Central",1994-10-01,18.7875692341205,NA,1.25204877416187,NA,1.44664283102728,NA,10,1.498,0.0883333333333333,NA,94.4666666666667,0.09,0.461666666666667,18.4666666666667,19.3833333333333,669.066666666667,8255.16129032258,12.89,3217.1935483871,"Autumn"
"169","Central",1994-11-01,16.3985106872518,NA,0.452348141103142,NA,0.508353831304804,NA,11,1.305,0.078,NA,125.2,0.096,0.522,10.6315789473684,18.4666666666667,676.789473684211,9488.66666666667,12.89,5356.16666666667,"Autumn"
"170","Central",1994-12-01,4.20334474097801,NA,0.119512653395187,NA,0.130303686970318,NA,12,0.93,0.115,NA,114.714285714286,0.106666666666667,0.823333333333333,8.78,17.1666666666667,575.866666666667,16371.2903225806,12.89,9629.48387096774,"Winter"
"171","Central",1995-01-01,0.195237531408665,NA,0.00661553127436175,NA,0.00683331359930326,NA,1,0.6175,0.36,NA,38,0.273333333333333,1.27333333333333,11.2153846153846,14.52,389.923076923077,62209.6774193548,12.89,107487.483870968,"Winter"
"172","Central",1995-02-01,0.238552759465623,NA,0.00895802093409657,NA,0.0093035576191593,NA,2,1.106,0.271666666666667,NA,62.8,0.288333333333333,1.32833333333333,11.62,13.75,1727.93333333333,58182.1428571429,12.89,72835.9642857143,"Winter"
"173","Central",1995-03-01,15.4898474261679,NA,0.560156037725992,NA,0.681553286751386,NA,3,2.54666666666667,0.216666666666667,NA,34.9333333333333,0.316666666666667,0.743333333333333,13.0473684210526,11.85,1256.94444444444,71922.5806451613,12.89,200644.903225806,"Spring"
"174","Central",1995-04-01,11.4689527831883,NA,0.548658290651969,NA,0.630792403075356,NA,4,1.848,0.0566666666666667,NA,70.6666666666667,0.145,0.371666666666667,16.5764705882353,18.34,315.529411764706,61436.6666666667,12.89,90836.9,"Spring"
"175","Central",1995-05-01,25.1720781109107,NA,1.41627469561354,NA,1.73687338965284,NA,5,3.755,0.0433333333333333,NA,64.75,0.16,0.31,18.2166666666667,23,176.272727272727,63180.6451612903,12.89,98047.4838709677,"Spring"
"176","Central",1995-06-01,24.4673714059376,NA,2.09805875879238,NA,2.61800874043532,NA,6,2.95833333333333,0.05,NA,57.0416666666667,0.126666666666667,0.311666666666667,19.5230769230769,14.7,172.538461538462,38956.6666666667,12.89,46754.0333333333,"Summer"
"177","Central",1995-07-01,34.0414275179515,NA,3.36656414223129,NA,4.5615512874055,NA,7,7.782,0.0398122118511237,NA,57.46875,0.122,0.356,23.4901041666667,16.1,220.774509803922,29232.2580645161,12.89,26789.2258064516,"Summer"
"178","Central",1995-08-01,28.8991109748329,NA,4.0029897378444,NA,4.8261515327971,NA,8,4.05,0.0634466938022524,NA,69.125,0.118333333333333,0.395,24.1429166666667,17.7,264.416666666667,18716.1290322581,12.89,10875.7741935484,"Summer"
"179","Central",1995-09-01,2.34814712712512,NA,0.299086756239486,NA,0.314651715034767,NA,9,2.54833333333333,0.0833333333333333,NA,85.1333333333333,0.0966666666666667,0.415,22.3533333333333,15.9,249.466666666667,23270,12.89,19629.4,"Autumn"
"180","Central",1995-10-01,26.5049179583953,NA,1.85620094498884,NA,2.279422944422,NA,10,2.68833333333333,0.0833333333333333,NA,63.2857142857143,0.085,0.365,17.3,17.68,161,14145.1612903226,10.26,11371.3548387097,"Autumn"
"181","Central",1995-11-01,18.5875509430624,NA,0.96543951017598,NA,1.1338406075268,NA,11,1.71,0.0983333333333333,NA,104.142857142857,0.115,0.591666666666667,15.82,20.64,270.333333333333,12610,10.26,8383.36666666667,"Autumn"
"182","Central",1995-12-01,14.8526735864145,NA,0.592838076434451,NA,0.653517637802239,NA,12,1.49,0.2,NA,80.6,0.161666666666667,0.89,13.1333333333333,23.96,332.266666666667,24570.9677419355,10.26,27709.0322580645,"Winter"
"183","Central",1996-01-01,4.42943778732574,NA,0.129060295664015,NA,0.137312571407098,NA,1,1.54,0.733333333333333,NA,76.1666666666667,0.323333333333333,1.11333333333333,10.2333333333333,43.5,374.25,32867.7419354839,10.26,32144.3548387097,"Winter"
"184","Central",1996-02-01,2.75705594906949,NA,0.112359360993259,NA,0.121310461759057,NA,2,1.455,0.28,NA,65.25,0.353333333333333,1.23333333333333,13.775,17.5,300.333333333333,75272.4137931034,10.26,126912.482758621,"Winter"
"185","Central",1996-03-01,3.59419768833951,NA,0.165323819582443,NA,0.176115686728636,NA,3,3.87666666666667,0.05,NA,79.25,0.136666666666667,0.726666666666667,13.6416666666667,13.5,274.333333333333,56235.4838709677,10.26,89147.8064516129,"Spring"
"186","Central",1996-04-01,11.1736290114944,NA,0.84527083812344,NA,0.91732949487594,NA,4,5.29666666666667,0.0433333333333333,NA,86.1111111111111,0.106666666666667,0.506666666666667,18.1833333333333,15,306.5,35983.3333333333,10.26,42032.4,"Spring"
"187","Central",1996-05-01,8.37940134858582,NA,0.801835479565093,NA,0.851336387503944,NA,5,1.63666666666667,0.0133333333333333,NA,74.7777777777778,0.12,0.586666666666667,19.5333333333333,16.5,297.833333333333,40112.9032258065,10.26,46021.0322580645,"Spring"
"188","Central",1996-06-01,14.1329008240835,NA,2.20757409785211,NA,2.41704983787855,NA,6,4.48,0.0133333333333333,NA,67.9333333333333,0.113333333333333,0.436666666666667,23.3833333333333,10.5,281.388888888889,23533.3333333333,10.26,15269.7333333333,"Summer"
"189","Central",1996-07-01,33.6953829412434,NA,4.6756062501112,NA,5.6656409218117,NA,7,4.96666666666667,0.0533333333333333,NA,73.9666666666667,0.116666666666667,0.586666666666667,25.0265384615385,10.5,339.733333333333,20683.8709677419,10.26,9156.09677419355,"Summer"
"190","Central",1996-08-01,32.2078415912507,NA,4.50308869794202,NA,5.42689348398129,NA,8,3.93333333333333,0.0366666666666667,NA,96.75,0.123333333333333,0.736666666666667,25.1,9.5,371.916666666667,21303.2258064516,10.26,9592.25806451613,"Summer"
"191","Central",1996-09-01,34.5748432947075,NA,3.09576217306764,NA,3.70694550767394,NA,9,3.67666666666667,0.176666666666667,NA,96.9166666666667,0.123333333333333,0.84,22.1166666666667,36.5,357.5,17600,10.26,7292.63333333333,"Autumn"
"192","Central",1996-10-01,24.0928535757856,NA,1.73702764503766,NA,2.07198540751756,NA,10,2.54666666666667,0.0433333333333333,NA,97.0909090909091,0.0933333333333333,0.413333333333333,18.95,13.5,374.583333333333,12690.3225806452,10.82,4768.96774193548,"Autumn"
"193","Central",1996-11-01,19.1068024556807,NA,0.803334696642283,NA,0.936233320328355,NA,11,1.96,0.3,NA,126.666666666667,0.106666666666667,0.72,13.575,48,372.5,15500,10.82,10035.4333333333,"Autumn"
"194","Central",1996-12-01,14.6288160757048,NA,0.509362458604952,NA,0.570523826952488,NA,12,1.13333333333333,0.246666666666667,NA,90.5833333333333,0.203333333333333,0.906666666666667,11.5833333333333,38.5,223.916666666667,58419.3548387097,10.82,84409.8709677419,"Winter"
"195","Central",1997-01-01,2.11328044136966,NA,0.0832086585785856,NA,0.0904788733249,NA,1,1.27666666666667,0.26,NA,27.3333333333333,0.296666666666667,0.943333333333333,12.7666666666667,26.5,192.666666666667,87109.6774193548,10.82,262461.483870968,"Winter"
"196","Central",1997-02-01,4.49490543399958,NA,0.158775851050664,NA,0.175301311925984,NA,2,2.89,0.0433333333333333,NA,29.5,0.14,0.563333333333333,11.2333333333333,31,154.166666666667,57328.5714285714,10.82,118675.892857143,"Winter"
"197","Central",1997-03-01,19.7610255778623,NA,0.994085453580443,NA,1.08685640678243,NA,3,2.41,0.0933333333333333,NA,68.1764705882353,0.123333333333333,0.593333333333333,14.4764705882353,20.5,208.058823529412,24467.7419354839,10.82,33774.8709677419,"Spring"
"198","Central",1997-04-01,14.0830022573177,NA,0.893810050193776,NA,0.974432316664351,NA,4,14.6166666666667,0.03,NA,66,0.126666666666667,1.03666666666667,17.2611111111111,20,380.833333333333,13493.3333333333,10.82,14212.8666666667,"Spring"
"199","Central",1997-05-01,10.9526757769532,NA,1.28224961305861,NA,1.41987484281738,NA,5,15.0266666666667,0.0233333333333333,NA,63.7777777777778,0.113333333333333,0.803333333333333,21.7111111111111,27.5,341,11408.7096774194,10.82,12349.7419354839,"Spring"
"200","Central",1997-06-01,27.2532520745539,NA,3.24141424466292,NA,3.70101633174853,NA,6,1.88,0.06,NA,58.9333333333333,0.14,0.76,23.838,39.5666666666667,361.833333333333,15223.3333333333,10.82,8306.66666666667,"Summer"
"201","Central",1997-07-01,9.55169831596997,NA,0.49065555674943,NA,0.528100047355799,NA,7,2.56,0.11,NA,71.5714285714286,0.155,0.785,24.6785714285714,40.5,369.857142857143,20838.7096774194,10.82,9383.09677419355,"Summer"
"202","Central",1997-08-01,53.1372895479762,NA,7.67408747383626,NA,9.61128821633016,NA,8,3.37,0.02,NA,85.8333333333333,0.136666666666667,0.726666666666667,24.7977272727273,31,398.75,18716.1290322581,10.82,8717.83870967742,"Summer"
"203","Central",1997-09-01,39.3325399876702,NA,4.85835995251932,NA,5.88600764819377,NA,9,3.11,0.0733333333333333,NA,94.5833333333333,0.133333333333333,0.733333333333333,23.7704545454545,38.3666666666667,354.166666666667,14000,10.82,3976.5,"Autumn"
"204","Central",1997-10-01,46.3790985184065,NA,2.92752214219541,NA,3.59008728633655,NA,10,3.26666666666667,0.106666666666667,NA,81.5,0.116666666666667,0.763333333333333,19.3327272727273,35.4666666666667,537.333333333333,12009.0322580645,13.31,4842,"Autumn"
"205","Central",1997-11-01,4.4007977300665,NA,0.281715212983986,NA,0.303655043374588,NA,11,2.17666666666667,0.233333333333333,NA,78.9166666666667,0.13,0.763333333333333,16.195,17,472,14793.3333333333,13.31,10013.5333333333,"Autumn"
"206","Central",1997-12-01,4.02913405305684,NA,0.139931820685575,NA,0.145965194500908,NA,12,1.28666666666667,0.56,NA,86.0833333333333,0.196666666666667,1.15333333333333,11.3083333333333,17,480.666666666667,22009.6774193548,13.31,14613.6774193548,"Winter"
"207","Central",1998-01-01,14.1430253927897,NA,0.37534375837149,NA,0.43843378717648,NA,1,0.94,0.00411629351476828,NA,66.5,0.253333333333333,1.37,9.21666666666667,15,366.5,51783.8709677419,13.31,68871.4838709677,"Winter"
"208","Central",1998-02-01,9.30758793245843,NA,0.294978162544507,NA,0.325765577636045,NA,2,NA,0.24,NA,34,0.336666666666667,1.16333333333333,11.4666666666667,20.5,288.333333333333,81367.8571428571,13.31,224704.035714286,"Winter"
"209","Central",1998-03-01,16.9603979569461,NA,0.665321770992068,NA,0.741553197920809,NA,3,11.05,0.08,NA,63.3333333333333,0.19,0.94,12.0916666666667,19.3666666666667,304.333333333333,63829.0322580645,13.31,104584.387096774,"Spring"
"210","Central",1998-04-01,41.3139269629395,NA,2.39032645114419,NA,2.85066096044282,NA,4,5.49666666666667,0.04,NA,58.0555555555556,0.1,0.423333333333333,16.9944444444444,20.5,231.722222222222,57683.3333333333,13.31,88661.2333333333,"Spring"
"211","Central",1998-05-01,27.0154638395768,NA,1.38331292340794,NA,1.65680707404252,NA,5,4.26,0.07,NA,48.7777777777778,0.133333333333333,0.556666666666667,18.0944444444444,43.9333333333333,210.166666666667,48251.6129032258,13.31,67140.3225806452,"Spring"
"212","Central",1998-06-01,38.8320669756438,NA,3.5083196862178,NA,4.61647152977609,NA,6,4.09333333333333,0.0533333333333333,NA,37.7407407407407,0.13,0.376666666666667,22.1,27.9666666666667,193,55690,13.31,71643.1666666667,"Summer"
"213","Central",1998-07-01,51.3286704261939,NA,7.48483574101833,NA,9.53693751127543,NA,7,7.13666666666667,0.05,NA,40.3,0.14,0.376666666666667,23.8231111111111,29.3333333333333,175.422222222222,26796.7741935484,13.31,31360.1935483871,"Summer"
"214","Central",1998-08-01,15.5919191121921,NA,2.30176300965448,NA,2.58449100359101,NA,8,5.45333333333333,0.0566666666666667,NA,56.9444444444444,0.116666666666667,0.436666666666667,24.5421052631579,25.4333333333333,248.944444444444,25177.4193548387,13.31,20010.2580645161,"Summer"
"215","Central",1998-09-01,55.0470157229374,NA,6.78078362918549,NA,8.17109954474673,NA,9,4.08,0.1,NA,61.25,0.12,0.413333333333333,22.2040909090909,19.2333333333333,233.25,25316.6666666667,13.31,20116.7333333333,"Autumn"
"216","Central",1998-10-01,15.3427995300332,NA,1.05727152217303,NA,1.16326407208049,NA,10,4.78666666666667,0.0633333333333333,NA,78.4166666666667,0.103333333333333,0.49,16.4759090909091,10,216.166666666667,15758.064516129,9.8,12297.3870967742,"Autumn"
"217","Central",1998-11-01,28.4988391537246,NA,1.01493084801085,NA,1.25012370430638,NA,11,6.9,0.31,NA,80,0.143333333333333,0.936666666666667,12.825,25,371.583333333333,20920,9.8,20569.7666666667,"Autumn"
"218","Central",1998-12-01,28.8592167156639,NA,0.75569678739439,NA,0.894635718185581,NA,12,4.36666666666667,0.283333333333333,NA,67.1428571428571,0.143333333333333,0.96,8.2475,23.7,259.625,44374.1935483871,9.8,47241.2903225806,"Winter"
"219","Central",1999-01-01,9.31533797907007,NA,0.266215428454753,NA,0.288775477351172,NA,1,2.8,0.173333333333333,NA,80,0.133333333333333,1.4,7.96666666666667,23.5,402.333333333333,34503.2258064516,9.8,38021.7096774194,"Winter"
"220","Central",1999-02-01,18.4939455805851,NA,0.533356262574882,NA,0.583435689167222,NA,2,NA,NA,NA,60.8888888888889,NA,NA,10.2,NA,273.555555555556,67146.4285714286,9.8,98804.3571428571,"Winter"
"221","Central",1999-03-01,14.6165496571153,NA,0.521951560165619,NA,0.56361001539544,NA,3,4.93333333333333,0.0933333333333333,NA,91.5,0.116666666666667,0.756666666666667,11.4769230769231,24.3333333333333,223.076923076923,56838.7096774194,9.8,69107.1290322581,"Spring"
"222","Central",1999-04-01,42.461735689561,NA,1.48940432913664,NA,1.65600769189288,NA,4,10.4066666666667,0.13,NA,59.1111111111111,0.0966666666666667,0.64,14.08,24.1666666666667,334.166666666667,30676.6666666667,9.8,35493.8,"Spring"
"223","Central",1999-05-01,12.2784957876715,NA,0.994552646540007,NA,1.1173349959053,NA,5,9.36666666666667,0.0853333333333334,NA,52.2222222222222,0.1,0.634666666666667,17.8775,46.3333333333333,277.2,19735.4838709677,9.8,22229.2903225806,"Spring"
"224","Central",1999-06-01,15.755490006136,NA,1.4972526154302,NA,1.7260835890749,NA,6,9.93333333333333,0.05,NA,40.2222222222222,0.113333333333333,0.652,21.9283333333333,23.4333333333333,322.133333333333,17236.6666666667,9.8,13768.4,"Summer"
"225","Central",1999-07-01,3.69967966788554,NA,0.56946605580839,NA,0.617846504536885,NA,7,4.06,0.095,NA,48.9,0.123333333333333,0.666,23.8338461538462,15.8,324.05,22241.935483871,9.8,10579,"Summer"
"226","Central",1999-08-01,11.2695402326286,NA,1.31796597081367,NA,1.41478125256169,NA,8,3.8,0.069,NA,56.8888888888889,0.113333333333333,0.607,23.534,14.1466666666667,301.883333333333,18029.0322580645,9.8,6020.35483870968,"Summer"
"227","Central",1999-09-01,18.4350318273058,NA,1.51280133827407,NA,1.86484460905229,NA,9,5.01,0.106666666666667,NA,85.4166666666667,0.116666666666667,0.802000000000001,22.1586956521739,25.2666666666667,430.173076923077,15830,9.8,4831.6,"Autumn"
"228","Central",1999-10-01,20.0028172224723,NA,1.66844803352583,NA,1.93064320466755,NA,10,4.508,0.262,NA,98.75,0.1,0.684,20.0557971014493,37,400.102564102564,12380.6451612903,8.94,4280.09677419355,"Autumn"
"229","Central",1999-11-01,12.9139172878104,NA,0.655995295293246,NA,0.792326872022668,NA,11,3.11666666666667,0.336666666666667,NA,101.909090909091,0.116666666666667,0.973333333333333,15.85,28.5766666666667,416.423076923077,13843.3333333333,8.94,6804.16666666667,"Autumn"
"230","Central",1999-12-01,21.437775769339,NA,0.509534342143385,NA,0.66457104884951,NA,12,1.93666666666667,0.836666666666667,NA,114.833333333333,0.18,1.27333333333333,11.034347826087,21.4333333333333,542.871794871795,16548.3870967742,8.94,10467.2903225806,"Winter"
"231","Central",2000-01-01,27.9772786156449,NA,0.650949578546701,NA,0.867295637084992,NA,1,2.44333333333333,0.373333333333333,NA,116.666666666667,0.133333333333333,1.14666666666667,9.3625,25.2666666666667,445.625,24338.7096774194,8.94,21545.5806451613,"Winter"
"232","Central",2000-02-01,6.85974545519963,NA,0.242128692524799,NA,0.267669325601355,NA,2,2.56333333333333,0.293333333333333,NA,55.8333333333333,0.383333333333333,0.84,12.1307692307692,20,297.538461538462,62372.4137931034,8.94,94092.275862069,"Winter"
"233","Central",2000-03-01,20.0275918520215,NA,0.77794664651025,NA,0.981238381323106,NA,3,2.49666666666667,0.103333333333333,NA,65.7777777777778,0.14,0.276666666666667,13.3508771929825,43.8,275.921052631579,58561.2903225806,8.94,87838.3548387097,"Spring"
"234","Central",2000-04-01,12.2382102668808,NA,0.848025003340198,NA,0.942700613449252,NA,4,7.191,0.088,NA,66.1666666666667,0.113333333333333,0.557,17.5388888888889,50.6333333333333,298.333333333333,26640,8.94,27294.3,"Spring"
"235","Central",2000-05-01,3.00959696204414,NA,0.227442478609552,NA,0.244065647894423,NA,5,3.464,0.057,NA,69.3333333333333,0.0966666666666667,0.597,19.312,37.8666666666667,305.75,20448.3870967742,8.94,22146.1290322581,"Spring"
"236","Central",2000-06-01,23.6101365501414,NA,1.88790690195197,NA,2.52674626133535,NA,6,1.931,0.119,NA,67.0888888888889,0.12,0.713,23.0854166666667,18.1666666666667,323.145833333333,16086.6666666667,8.94,8942.4,"Summer"
"237","Central",2000-07-01,14.5631640184789,NA,1.65528433411875,NA,1.99409978977094,NA,7,4.573,0.105,NA,69.6666666666667,0.136666666666667,0.59,23.8678125,22.1666666666667,342.01875,20848.3870967742,8.94,9220.64516129032,"Summer"
"238","Central",2000-08-01,1.69869548108901,NA,0.268129396548148,NA,0.286425384774025,NA,8,9.70466666666667,0.0570562761821783,NA,78.7777777777778,0.133333333333333,0.504,24.92075,21.4333333333333,315.86,17696.7741935484,8.94,6098.1935483871,"Summer"
"239","Central",2000-09-01,11.7255022922326,NA,0.934654289996873,NA,1.1257743219487,NA,9,15.135,0.0863816364658996,NA,73.0833333333333,0.11,0.644,22.1116,17.7666666666667,382.866666666667,15163.3333333333,8.94,4662.63333333333,"Autumn"
"240","Central",2000-10-01,26.6134649120856,NA,2.62475452273055,NA,3.19388487997377,NA,10,4.484,0.097,NA,92.75,0.1,0.619,18.3364,14.5333333333333,457.866666666667,11683.8709677419,5.76,5736.58064516129,"Autumn"
"241","Central",2000-11-01,10.5906895710659,NA,0.481271291878545,NA,0.582487926408625,NA,11,4.3,0.26,NA,93.0833333333333,0.11,0.796666666666667,12.4909090909091,17.8666666666667,434.75,12283.3333333333,5.76,4742.9,"Autumn"
"242","Central",2000-12-01,8.11486395654613,NA,0.216220131281421,NA,0.25156078265293,NA,12,2.82333333333333,0.13,NA,101,0.0933333333333333,0.873333333333333,10.4166666666667,15.5666666666667,443.083333333333,13670.9677419355,5.76,5996.61290322581,"Winter"
"243","Central",2001-01-01,19.1188923642831,NA,0.532949084012724,NA,0.592685663292775,NA,1,4.15666666666667,0.846666666666667,NA,100.166666666667,0.203333333333333,1.07333333333333,8.71923076923077,23.0666666666667,514.988461538462,17190.3225806452,5.76,15211.4516129032,"Winter"
"244","Central",2001-02-01,4.33749322116582,NA,0.124599153916997,NA,0.13446228985614,NA,2,11.8866666666667,0.71,NA,85,0.236666666666667,1.22,9.55538461538461,30.1,525,20867.8571428571,5.76,19567.9285714286,"Winter"
"245","Central",2001-03-01,4.4552552681974,NA,0.203474517131806,NA,0.218307508141673,NA,3,3.25333333333333,0.253333333333333,NA,55.4444444444444,0.223333333333333,1.2,14.7578947368421,20.3666666666667,394.631578947368,24696.7741935484,5.76,23427.3870967742,"Spring"
"246","Central",2001-04-01,9.2031661120975,NA,0.445142919899925,NA,0.506174136165362,NA,4,16.532,0.088,NA,58.7111111111111,0.17,1.016,16.3636363636364,19.5,414.272727272727,12306,5.76,12219.0666666667,"Spring"
"247","Central",2001-05-01,8.60344877846504,NA,0.940547274811075,NA,1.03214848628757,NA,5,7.51,0.068,NA,50,0.12,0.574,21.8208333333333,14.5333333333333,370.956944444444,9060,5.76,9706.83870967742,"Spring"
"248","Central",2001-06-01,54.8243610773028,NA,6.64375212933417,NA,7.37944806399107,NA,6,2.764,0.12,NA,54.1,0.143333333333333,0.852,23.3277777777778,13.3666666666667,433.555555555556,12383.3333333333,5.76,7509.2,"Summer"
"249","Central",2001-07-01,0.566765998616958,NA,0.0977905653532475,NA,0.103393516181121,NA,7,5.89733333333333,0.0453333333333333,NA,54.8333333333333,0.166666666666667,0.676,24.1931111111111,13.6666666666667,425.753333333333,14935.4838709677,5.76,4722.77419354839,"Summer"
"250","Central",2001-08-01,2.49996498478066,NA,0.352462544712224,NA,0.374623382960866,NA,8,5.017,0.089,NA,58.4166666666667,0.156666666666667,0.62,24.787,14.0733333333333,504.1,13219.3548387097,5.76,3226.83870967742,"Summer"
"251","Central",2001-09-01,2.80292446145899,NA,0.317568131884966,NA,0.337207103242344,NA,9,5.49,0.098,NA,68.4090909090909,0.116666666666667,0.623,22.4493333333333,15.9333333333333,647.477777777778,12360,5.76,4165.26666666667,"Autumn"
"252","Central",2001-10-01,0.180607323048246,NA,0.0153370242849803,NA,0.0160447921535257,NA,10,5.358,0.18,NA,64.9318181818182,0.106666666666667,0.878,20.2749074074074,25.4333333333333,641.4,8370.32258064516,6.35,4275.58064516129,"Autumn"
"253","Central",2001-11-01,5.4432290043539,NA,0.348043165633149,NA,0.375582801300419,NA,11,5.481,0.213,NA,89.3636363636364,0.1,0.95,16.41625,24.9,520.892857142857,12303,6.35,8213,"Autumn"
"254","Central",2001-12-01,2.9174416441511,NA,0.0949943264367156,NA,0.102110457545288,NA,12,1.2075,0.378,NA,76.1428571428571,0.14,1.236,10.6077777777778,20.6333333333333,630.941176470588,27377.4193548387,6.35,24737.2580645161,"Winter"
"255","Central",2002-01-01,2.79986965935925,NA,0.0813347197114769,NA,0.0876910319816308,NA,1,1.5,0.333333333333333,NA,47.1428571428571,0.68,1.26333333333333,11.30375,22.3333333333333,354,38270.9677419355,6.35,38731.4193548387,"Winter"
"256","Central",2002-02-01,0.185429154142027,NA,0.00536575908114227,NA,0.00574830377840284,NA,2,3.16,0.38,NA,69.25,0.216666666666667,1.31,9.31212121212121,26.9333333333333,404.469696969697,18175,6.35,12029.6785714286,"Winter"
"257","Central",2002-03-01,5.63682517579221,NA,0.373009833642343,NA,0.41037475363146,NA,3,5.32333333333333,0.33,NA,67.4285714285714,0.166666666666667,1.18333333333333,12.6588235294118,24.3333333333333,475.638235294118,21322.5806451613,6.35,16982.1290322581,"Spring"
"258","Central",2002-04-01,0.490507540191582,NA,0.0380841024816259,NA,0.0395404926819196,NA,4,19.4113333333333,0.1631753409092,NA,73.6666666666667,0.12,0.707333333333333,16.952380952381,26.4666666666667,372.711904761905,14476.6666666667,6.35,11943.2333333333,"Spring"
"259","Central",2002-05-01,5.44579322741161,NA,0.339001464693854,NA,0.376168091200427,NA,5,5.095,0.042,NA,64.1666666666667,0.106666666666667,0.658,19.4571428571429,22.7333333333333,372.157142857143,12969.0322580645,6.35,13554.2258064516,"Spring"
"260","Central",2002-06-01,11.1884025188219,NA,1.02163682611871,NA,1.1300353475898,NA,6,2.724,0.083,NA,52.5384615384615,0.13,0.629,22.9216666666667,37.8666666666667,364.046666666667,13893.3333333333,6.35,7461.76666666667,"Summer"
"261","Central",2002-07-01,20.6038714975754,NA,2.78813392279247,NA,3.04363761044226,NA,7,3.782,0.085,NA,59.1315789473684,0.156666666666667,0.465,25.0180555555556,20.5666666666667,403.347023809524,18900,6.35,5731.83870967742,"Summer"
"262","Central",2002-08-01,13.0455220010434,NA,1.63190382602426,NA,1.93255292863549,NA,8,5.304,0.0296142628761008,NA,70.3157894736842,0.133333333333333,0.417,24.3508333333333,16.7333333333333,565.880952380952,17016.1290322581,6.35,3848.58064516129,"Summer"
"263","Central",2002-09-01,7.20916498615806,NA,0.992667817509487,NA,1.07153252971064,NA,9,6.029,0.238,NA,83.1363636363636,0.123333333333333,0.498,22.9520987654321,16.6666666666667,649.362745098039,13563.3333333333,6.35,4168.93333333333,"Autumn"
"264","Central",2002-10-01,1.23151398086958,NA,0.11911161916561,NA,0.126130973993566,NA,10,6.21733333333333,0.210666666666667,NA,84.2272727272727,0.12,0.809333333333334,19.2491358024691,13.9333333333333,621.906862745098,9891.29032258065,8.21,4203.25806451613,"Autumn"
"265","Central",2002-11-01,3.3433246911269,NA,0.120159489774079,NA,0.131090256742681,NA,11,4.06375,0.165,NA,108.285714285714,0.11,1.205,14.3195652173913,23.9,589.230769230769,11746.3333333333,8.21,7333.1,"Autumn"
"266","Central",2002-12-01,1.3404545040861,NA,0.0511015871782334,NA,0.0538340386055158,NA,12,3.14333333333333,0.596666666666667,NA,112.863636363636,0.103333333333333,1.14,11.7783974358974,17.1666666666667,579.895833333333,29130,8.21,28885.8064516129,"Winter"
"267","Central",2003-01-01,NA,NA,0.00222421064098483,NA,0.00234873368071659,NA,1,0.975,0.3575,NA,48.6666666666667,0.213333333333333,1.325,10.503125,25.475,389.390625,51935.4838709677,8.21,51440.935483871,"Winter"
"268","Central",2003-02-01,NA,NA,NA,NA,NA,NA,2,3.4125,0.4075,NA,68,0.173333333333333,1.235,11.8404347826087,37.9333333333333,387.7,36085.7142857143,8.21,29622.8571428571,"Winter"
"269","Central",2003-03-01,NA,NA,NA,NA,NA,NA,3,6.825,0.381743444905151,NA,100.571428571429,0.15,0.99625,15.4333333333333,34.2666666666667,397.766666666667,22922.5806451613,8.21,15779.6129032258,"Spring"
"270","Central",2003-04-01,NA,NA,NA,NA,NA,NA,4,15.9211111111111,0.0278435473631705,NA,80,0.116666666666667,0.855555555555556,16.015,27.3333333333333,406.165416666667,21586.6666666667,8.21,22053.8666666667,"Spring"
"271","Central",2003-05-01,NA,NA,NA,NA,NA,NA,5,13.6463888888889,0.13248144962918,NA,81.3928571428571,0.1,0.5,18.4970588235294,22.3383333333333,398.676470588235,40538.7096774194,8.21,41937.7419354839,"Spring"
"272","Central",2003-06-01,NA,NA,NA,NA,NA,NA,6,2.75083333333333,0.0808333333333333,NA,73.962962962963,0.133333333333333,0.470833333333333,22.7071428571429,32.7,260.37619047619,22276.6666666667,8.21,11802,"Summer"
"273","Central",2003-07-01,NA,NA,NA,NA,NA,NA,7,5.10916666666667,0.0645572207551838,NA,78.2222222222222,0.123333333333333,0.416666666666667,25.1633333333333,45.5666666666667,271.08,22429.0322580645,8.21,9703.16129032258,"Summer"
"274","Central",2003-08-01,NA,NA,NA,NA,NA,NA,8,3.90333333333333,0.0983333333333333,NA,72.2105263157895,0.166666666666667,0.435833333333333,24.4128260869565,23.3333333333333,372.208695652174,19583.8709677419,8.21,6928.22580645161,"Summer"
"275","Central",2003-09-01,NA,NA,NA,NA,NA,NA,9,5.95055555555556,0.104444444444444,NA,87.1363636363636,0.13,0.515555555555556,22.8518390804598,20.8275,450.758620689655,15346.6666666667,8.21,3486.6,"Autumn"
"276","Central",2003-10-01,NA,NA,NA,NA,NA,NA,10,15.467,0.067,NA,98.8181818181818,0.0966666666666667,0.559,19.6842857142857,24.9666666666667,528.267857142857,11004.8387096774,7.51,4304.67741935484,"Autumn"
"277","Central",2004-01-01,NA,NA,NA,NA,NA,NA,1,1.12333333333333,0.603333333333333,NA,59.875,0.193333333333333,1.38,9.31875,21.7666666666667,314.25,36767.7419354839,7.51,32138.1935483871,"Winter"
"278","Central",2004-04-01,NA,NA,NA,NA,NA,NA,4,8.081,0.0528009096202441,NA,79.1428571428571,0.09,0.633,17.934375,26.6333333333333,381.15625,23793.3333333333,7.51,22006.5,"Spring"
"279","Central",2004-07-01,0.676503755286785,NA,0.0961986234380985,NA,0.103445578328441,NA,7,4.784,0.12081750957761,NA,75.9666666666667,0.113333333333333,0.551,24.4176470588235,25.3333333333333,465.4375,20441.935483871,7.51,7378.16129032258,"Summer"
"280","Central",2004-10-01,5.68067440470904,NA,0.413008169297934,NA,0.437663146863396,NA,10,4.434,0.202,NA,96.1363636363636,0.106666666666667,0.665,18.37625,20.5,573.375,12606.4516129032,8.49,8517.38709677419,"Autumn"
"281","Central",2005-01-01,2.25980102088783,NA,0.0658434790658044,NA,0.0700538316475226,NA,1,0.92,0.24,NA,60.25,0.29,1.07,8.7425,29.2,390.375,33680.6451612903,8.49,33624,"Winter"
"282","Central",2005-04-01,1.07575155179983,NA,0.0550779725828485,NA,0.0573318260381918,NA,4,11.8733333333333,0.079830847516035,NA,85.5714285714286,0.11,0.41,16.1922222222222,24.8,312.011111111111,22133.3333333333,8.49,29903.0333333333,"Spring"
"283","Central",2005-07-01,1.68395553327305,NA,0.25682372403858,NA,0.269933323230565,NA,7,7.702,0.0704854093152098,NA,83.4,0.0966666666666667,0.86,24.0833333333333,24.6666666666667,189.903333333333,19667.7419354839,8.49,9441.06451612903,"Summer"
"284","Central",2005-10-01,5.21863586936217,NA,0.380593924230702,NA,0.401834961940887,NA,10,2.885,0.091,NA,101.159090909091,0.0866666666666667,0.623,18.7928,12.7,444.964,14074.1935483871,13.2,4467.1935483871,"Autumn"
"285","Central",2005-11-01,1.29547341732331,NA,0.0614414501954141,NA,0.0643063450809565,NA,11,1.974,0.162,NA,109.454545454545,0.0433333333333333,0.905,14.89625,13.4666666666667,485.4375,13386.6666666667,13.2,5008.66666666667,"Autumn"
"286","Central",2005-12-01,1.90068845267938,NA,0.0560225788269678,NA,0.0589213420330609,NA,12,1.492,0.596,NA,121.166666666667,0.126666666666667,1.118,10.4,15.5,616.3,35458.064516129,13.2,42829,"Winter"
"287","Central",2006-01-01,0.790811676456215,NA,0.0233988098466101,NA,0.0245151619701427,NA,1,1.77666666666667,0.0766666666666667,NA,75.25,0.163333333333333,0.956666666666667,10.5363636363636,11.0333333333333,336.7,66151.6129032258,13.2,145921.064516129,"Winter"
"288","Central",2006-02-01,0.625425696526443,NA,0.020866899530288,NA,0.0221263503868524,NA,2,7.63,0.152567842862724,NA,75.125,0.08,0.523333333333333,12.1,22.3333333333333,299,48921.4285714286,13.2,52129.1071428571,"Winter"
"289","Central",2006-03-01,4.25242824272174,NA,0.150019012727765,NA,0.165414335527522,NA,3,5.462,0.0533333333333333,NA,90.0714285714286,0.0966666666666667,0.483333333333333,11.6617647058824,19.5666666666667,268.241176470588,67412.9032258065,13.2,115393.322580645,"Spring"
"290","Central",2006-04-01,3.49127508636061,NA,0.188203134606473,NA,0.20245384650691,NA,4,10.906,0.0433333333333333,NA,58.9285714285714,0.13,0.246666666666667,14.4857142857143,22.1666666666667,200.285714285714,77646.6666666667,13.2,179437.633333333,"Spring"
"291","Central",2006-05-01,4.32323004392056,NA,0.384102016389781,NA,0.415030084216374,NA,5,3.2725,0.0566666666666667,NA,74.9285714285714,0.13,0.163333333333333,19.7466666666667,23.8,137.178333333333,52145.1612903226,13.2,81325.8064516129,"Spring"
"292","Central",2006-06-01,3.52292302491649,NA,0.441135990701507,NA,0.524446962877513,NA,6,8.153,0.04,NA,70.3666666666667,0.0966666666666667,0.196666666666667,23.1275,29.1,152.425,27210,13.2,35325.2,"Summer"
"293","Central",2006-07-01,2.57525849633947,NA,0.39533791448382,NA,0.42059637799091,NA,7,5.4825,0.099000676618889,NA,68.48,0.09,0.333333333333333,26.4720430107527,18.4333333333333,253.043010752688,18587.0967741935,13.2,10261.2903225806,"Summer"
"294","Central",2006-08-01,0.563886002320972,NA,0.0707842612398037,NA,0.0755607243110102,NA,8,5.66416666666667,0.153333333333333,NA,64.7894736842105,0.09,0.48,23.7826086956522,16.1666666666667,322.673913043478,18864.5161290323,13.2,8175.87096774194,"Summer"
"295","Central",2006-09-01,7.98425940051083,NA,0.811675705135489,NA,0.958232149458983,NA,9,4.61033333333333,0.14625,NA,80.975,0.0866666666666667,0.55875,22.1791666666667,9.7,322.583333333333,18010,13.2,7920.16666666667,"Autumn"
"296","Central",2006-10-01,0.343024349094409,NA,0.0264985593651401,NA,0.0273318505281819,NA,10,3.03466666666667,0.09,NA,102.454545454545,0.0766666666666667,0.633333333333333,17.4617283950617,16.8333333333333,293.602469135802,11721.6129032258,6.19,3987.54838709677,"Autumn"
"297","Central",2006-11-01,3.84620707314306,NA,0.238080595004015,NA,0.265208523713443,NA,11,1.504,0.06125,NA,118,0.07,0.70625,14.4708333333333,9.23333333333333,441.073809523809,12146.6666666667,6.19,5230.6,"Autumn"
"298","Central",2006-12-01,0.605249330304167,NA,0.0178779656492419,NA,0.0187627292394292,NA,12,1.536,0.1675,NA,127.75,0.08,1.055,10.1129166666667,11.5333333333333,507.420833333333,16951.6129032258,6.19,9019.35483870968,"Winter"
"299","Central",2007-01-01,3.511984880659,NA,0.103592388072229,NA,0.108871531300429,NA,1,8.846,0.15,NA,78.375,0.0966666666666667,1.28333333333333,7.89733333333333,20.2333333333333,603.374666666667,13822.5806451613,6.19,8242.70967741935,"Winter"
"300","Central",2007-02-01,0.82802226679492,NA,0.0240313114052369,NA,0.0256686902706425,NA,2,22.804,0.0482386952460123,NA,101.3125,0.14,1.24333333333333,10.65,30.4333333333333,448.691666666667,22700,6.19,21234.4285714286,"Winter"
"301","Central",2007-03-01,3.5538461170353,NA,0.126589011947565,NA,0.138787215086537,NA,3,4.6,0.0466666666666667,NA,103.181818181818,0.113333333333333,1.32,14.7757936507937,17.8333333333333,353.640079365079,18322.5806451613,6.19,14003.9677419355,"Spring"
"302","Central",2007-04-01,4.87555515490324,NA,0.333872499605524,NA,0.353332008683318,NA,4,6.13055555555555,0.0629833144818743,NA,88.0555555555556,0.146666666666667,0.943333333333333,17.4666666666667,18.4666666666667,400.929523809524,13631,6.19,11306.2333333333,"Spring"
"303","Central",2007-05-01,5.63735185791533,NA,0.414420605423345,NA,0.474086705550302,NA,5,7.08416666666667,0.0765782291566332,NA,74.3888888888889,0.103333333333333,0.7,19.9392857142857,12.9333333333333,359.582142857143,9362.58064516129,6.19,9379.8064516129,"Spring"
"304","Central",2007-06-01,1.43266857242867,NA,0.137985294774986,NA,0.144902291272799,NA,6,2.04472222222222,0.136666666666667,NA,68.94,0.116666666666667,0.76,23.4442307692308,21.8333333333333,415.423076923077,12290.3333333333,6.19,7846.5,"Summer"
"305","Central",2007-07-01,3.62926240068018,NA,0.447018797464114,NA,0.471373612819748,NA,7,3.72402777777778,0.03,NA,72.34,0.113333333333333,0.453333333333333,24.5272222222222,22.4333333333333,381.103333333333,19064.5161290323,6.19,5360.8064516129,"Summer"
"306","Central",2007-08-01,3.4802681169736,NA,0.427994917140033,NA,0.473151440621759,NA,8,3.21375,0.04,NA,92.6315789473684,0.08,0.466666666666667,24.3272,19.3666666666667,507.266666666667,17122.5806451613,6.19,3737.12903225806,"Summer"
"307","Central",2007-09-01,1.41925622530625,NA,0.15788332695905,NA,0.166271222580257,NA,9,3.9675,0.02875,NA,99.0454545454545,0.07,0.5375,22.2996296296296,13.5,569.740740740741,15196.6666666667,6.19,4517.16666666667,"Autumn"
"308","Central",2007-10-01,6.55161721021167,NA,0.450619941839278,NA,0.504474525186298,NA,10,1.9025,0.0533333333333333,NA,124.545454545455,0.0733333333333333,0.906666666666667,17.9467741935484,22.3333333333333,547.803225806452,10541.935483871,5.16,3683,"Autumn"
"309","Central",2007-11-01,1.25407717927328,NA,0.0692980312492146,NA,0.072735300087253,NA,11,4.88722222222223,0.0533333333333333,NA,158.416666666667,0.0933333333333333,0.846666666666667,14.9855555555556,16.5666666666667,485.624444444444,10005,5.16,4290.9,"Autumn"
"310","Central",2007-12-01,0.723436015921326,NA,0.0214771278649578,NA,0.0224265164935611,NA,12,1.17571428571429,0.103333333333333,NA,130.5,0.09,1.36,9.67987654320988,18.8,561.728395061728,12121.2903225806,5.16,7185.58064516129,"Winter"
"311","Central",2008-01-01,7.62745875653232,NA,0.208382947941068,NA,0.236451221452502,NA,1,0.904166666666667,0.22,NA,70.625,0.313333333333333,1.75,8.07549019607843,19.075,535.936764705882,22480.6451612903,5.16,24560.064516129,"Winter"
"312","Central",2008-02-01,6.34007433114776,NA,0.166069041686344,NA,0.196542304265581,NA,2,0.998333333333333,0.116666666666667,NA,38.875,0.166666666666667,1.88333333333333,10.6323529411765,16.0333333333333,327.217647058824,26306.8965517241,5.16,24128.1724137931,"Winter"
"313","Central",2008-03-01,5.27790587428191,NA,0.225654252624195,NA,0.259910992276071,NA,3,2.76416666666667,0.0533333333333333,NA,66.95,0.123333333333333,1.50666666666667,13.9683333333333,18.175,479.733333333333,13703.2258064516,5.16,12220.1935483871,"Spring"
"314","Central",2008-04-01,1.35700306152806,NA,0.0729255951836627,NA,0.0772186511002318,NA,4,5.63583333333333,0.0366666666666667,NA,94.047619047619,0.09,0.9,16.6064814814815,17.088,455.252160493827,10192.3333333333,5.16,9540,"Spring"
"315","Central",2008-05-01,17.2039786505501,NA,1.26997982620581,NA,1.47954216394731,NA,5,2.77904761904762,0.05625,NA,71.4642857142857,0.0866666666666667,0.7025,20.3340277777778,14.485,418.5875,8788.38709677419,5.16,8214.83870967742,"Spring"
"316","Central",2008-06-01,7.62966990018212,NA,0.721191791990602,NA,0.816374679319487,NA,6,2.99095238095238,0.06125,NA,61.7733333333333,0.103333333333333,0.75625,22.2587962962963,15.488,449.814814814815,11310.3333333333,5.16,7332.4,"Summer"
"317","Central",2008-07-01,9.40966113054339,NA,1.2770429227965,NA,1.41873446592341,NA,7,2.97166666666667,0.04,NA,67.9824561403509,0.11,0.7125,24.7533950617284,13.5566666666667,422.707716049383,12519.3548387097,5.16,3674.38709677419,"Summer"
"318","Central",2008-08-01,3.08665907397053,NA,0.413919413579747,NA,0.437571408032498,NA,8,2.32714285714286,0.05875,NA,93.375,0.0933333333333333,0.62125,24.81,9.33,535.001666666667,10816.1290322581,5.16,3074.03225806452,"Summer"
"319","Central",2008-09-01,0.558909162413293,NA,0.0802603713338179,NA,0.0847808146104004,NA,9,2.87785714285714,0.0425,NA,101.454545454545,0.0966666666666667,0.7,23.030303030303,7.75714285714286,640.312121212121,10332.6666666667,5.16,4071.66666666667,"Autumn"
"320","Central",2008-10-01,3.71032973528649,NA,0.377821289926013,NA,0.403106330980821,NA,10,2.63321428571429,0.05375,NA,129.727272727273,0.0866666666666667,0.94,18.2348484848485,9.42083333333333,580.509595959596,7767.41935483871,5.78,3186.09677419355,"Autumn"
"321","Central",2008-11-01,3.59080067967583,NA,0.19702813130749,NA,0.208463630369476,NA,11,1.55428571428571,0.0925,NA,173.136363636364,0.0866666666666667,1.1575,15.3145161290323,13.23,602.025806451613,9739.66666666667,5.78,5817.73333333333,"Autumn"
"322","Central",2008-12-01,1.42962740527319,NA,0.060121298016297,NA,0.0629036058320204,NA,12,1.48952380952381,0.0775,NA,175.75,0.0766666666666667,1.4025,10.0746376811594,13.599,694.624637681159,8873.22580645161,5.78,7113.41935483871,"Winter"
"323","Central",2009-01-01,5.3764577398773,NA,0.156455554367127,NA,0.166670189936196,NA,1,1.4275,0.0745285039705535,NA,141.785714285714,0.0833333333333333,1.71666666666667,8.71730769230769,12.2057142857143,739.05,9142.58064516129,5.78,6306.09677419355,"Winter"
"324","Central",2009-02-01,5.08278927714511,NA,0.142479775866047,NA,0.162572583418757,NA,2,2.468,0.0633333333333333,NA,141.535714285714,0.0966666666666667,2.2,10.516,13.2433333333333,701.794736842105,20469.2857142857,5.78,22752.6428571429,"Winter"
"325","Central",2009-03-01,3.23087960904454,NA,0.148896800395439,NA,0.159456461518665,NA,3,1.55666666666667,0.04,NA,104.45,0.113333333333333,1.16333333333333,13.6145833333333,17.54375,441.098717948718,22619.3548387097,5.78,19926.8709677419,"Spring"
"326","Central",2009-04-01,3.27001639967289,NA,0.161074569183498,NA,0.181186458451448,NA,4,1.9375,0.03,NA,131.214285714286,0.0933333333333333,0.963333333333333,16.9557692307692,12.54,375.619230769231,13603.3333333333,5.78,12039.7666666667,"Spring"
"327","Central",2009-05-01,2.52433375280004,NA,0.226887018724051,NA,0.243927442999419,NA,5,1.87571428571429,0.0375,NA,112.142857142857,0.09,0.6,20.284,17.2235714285714,369.068,16374.1935483871,5.78,15884.9677419355,"Spring"
"328","Central",2009-06-01,17.6264498388432,NA,1.88827135435574,NA,2.17691300089084,NA,6,3.27309523809524,0.03125,NA,103.646666666667,0.1,0.5875,22.8578703703704,20.2783333333333,367.244907407407,11953.3333333333,5.78,8064.63333333333,"Summer"
"329","Central",2009-07-01,4.24835642050136,NA,0.482872313459463,NA,0.519204770076682,NA,7,2.55785714285714,0.0475,NA,116.736842105263,0.09,0.25,24.4983333333333,13.785,366.9,18622.5806451613,5.78,5214.25806451613,"Summer"
"330","Central",2009-08-01,5.13985580847574,NA,0.692868403088707,NA,0.749305113206037,NA,8,2.18880952380952,0.0325,NA,130.083333333333,0.07,0.1525,24.2694444444444,10.8041666666667,465.775,15093.5483870968,5.78,4238.12903225806,"Summer"
"331","Central",2009-09-01,5.96707058699106,NA,0.664185275488951,NA,0.722713048568517,NA,9,3.01214285714286,0.0552556985063711,NA,135.977272727273,0.0633333333333333,0.37,23.7984848484848,7.55428571428571,534.680303030303,11450,5.78,3887.03333333333,"Autumn"
"332","Central",2009-10-01,12.0956823608675,NA,0.891618932924419,NA,0.984149066292351,NA,10,1.98142857142857,0.06625,NA,151.636363636364,0.07,0.7825,18.7090909090909,5.8090625,473.669696969697,9780.96774193548,7.08,6365.03225806452,"Autumn"
"333","Central",2009-11-01,2.36275665532196,NA,0.129587950886947,NA,0.144069566178455,NA,11,1.22380952380952,0.0425,NA,158.431818181818,0.0766666666666667,0.62,14.7489898989899,5.44333333333333,397.452525252525,9007.66666666667,7.08,4654.4,"Autumn"
"334","Central",2009-12-01,6.11133167217141,NA,0.168769388921033,NA,0.189451281837314,NA,12,1.2225,0.0366666666666667,NA,196.833333333333,0.0733333333333333,0.72,9.42319444444444,6.22377192982456,497.907638888889,10611.935483871,7.08,6370.77419354839,"Winter"
"335","Central",2010-01-01,2.1388267899958,NA,0.0157549744873137,NA,0.0165045533942659,NA,1,1.02,0.0766666666666667,NA,160.321428571429,0.09,1.52,9.36923076923077,11.228,684.675,26808.7096774194,7.08,26955,"Winter"
"336","Central",2010-02-01,5.2197920852933,NA,0.086890908468814,NA,0.0903473077023616,NA,2,0.81,0.126666666666667,NA,84.8214285714286,0.176666666666667,1.45333333333333,11.5012698412698,12.842,446.163492063492,28992.8571428571,7.08,29982.1428571429,"Winter"
"337","Central",2010-03-01,4.18335187208997,NA,0.0468059199695718,NA,0.0504235968698928,NA,3,1.85142857142857,0.0866666666666667,NA,109.825,0.2,0.85,13.8302469135802,10.54725,402.864285714286,19745.1612903226,7.08,17121.4838709677,"Spring"
"338","Central",2010-04-01,1.56081986858082,NA,0.065914908774989,NA,0.0716826377806656,NA,4,2.23714285714286,0.0533333333333333,NA,138.857142857143,0.13,0.936666666666667,15.7826923076923,9.17666666666667,471.394230769231,18833.3333333333,7.08,24604.4666666667,"Spring"
"339","Central",2010-05-01,6.82231083095735,NA,0.270571012572488,NA,0.322026369359469,NA,5,5.86333333333333,0.0321071736549493,NA,117.428571428571,0.1,0.4775,17.7724358974359,12.7001851851852,384.026923076923,17280.6451612903,7.08,20681.7419354839,"Spring"
"340","Central",2010-06-01,7.70316743126799,NA,0.392851328614123,NA,0.459160871183529,NA,6,2.22714285714286,0.0425,NA,101.92,0.08,0.4,22.2103603603604,24.3588095238095,252.346464646465,20940,7.08,16524.9666666667,"Summer"
"341","Central",2010-07-01,3.47073096821402,NA,0.542030629663381,NA,0.596948004658419,NA,7,2.26375,0.0564534658461344,NA,117.04,0.106666666666667,0.46,23.7351351351351,13.9533333333333,250.465990990991,17416.1290322581,7.08,6700.83870967742,"Summer"
"342","Central",2010-08-01,1.24974906616584,NA,0.274505590967233,NA,0.286195779677183,NA,8,2.81645833333333,0.0347506315098144,NA,140.684210526316,0.103333333333333,0.45,23.4360215053763,7.44588888888889,339.084946236559,16709.6774193548,7.08,4003.93548387097,"Summer"
"343","Central",2010-09-01,6.82410083281626,NA,0.532933661124235,NA,0.633999925031486,NA,9,1.9740625,0.04,NA,173.772727272727,0.09,0.67,22.4073529411765,4.95777777777778,490.112745098039,16580,7.08,5885.26666666667,"Autumn"
"344","Central",2010-10-01,3.71766557754635,NA,0.0494729594067458,NA,0.0521862132512871,NA,10,1.93285714285714,0.05125,NA,174.727272727273,0.0866666666666667,0.77125,20.6477941176471,6.21735294117647,494.190196078431,12005.1612903226,10.54,5473.25806451613,"Autumn"
"345","Central",2010-11-01,1.67556932429495,NA,0.0487550662835294,NA,0.0513732455900675,NA,11,2.6503125,0.04125,NA,203.409090909091,0.0733333333333333,0.76,15.0529411764706,5.61064814814815,436.255392156863,13043.3333333333,10.54,7020.86666666667,"Autumn"
"346","Central",2010-12-01,1.79280306873225,NA,0.0763383346536567,NA,0.0807147756062312,NA,12,0.8275,0.0533333333333333,NA,203.083333333333,0.0533333333333333,0.753333333333333,10.756,6.45175925925926,398.228666666667,45700,10.54,48138.064516129,"Winter"
"347","Central",2011-01-01,4.67748151032106,NA,0.084284936929595,NA,0.0897917643720291,NA,1,0.614285714285714,0.0733333333333333,NA,90.1428571428571,0.136666666666667,0.76,8.67839506172839,16.104,267.900396825397,34964.5161290323,10.54,39475.7741935484,"Winter"
"348","Central",2011-02-01,2.78559031330988,NA,0.0827932677402852,NA,0.0859918356211634,NA,2,2.85166666666667,0.0533333333333333,NA,93.6428571428571,0.0633333333333333,0.546666666666667,10.5701923076923,26.0725,283.26875,24575,10.54,28251,"Winter"
"349","Central",2011-03-01,4.06298558868458,NA,0.152147840587913,NA,0.160345580799336,NA,3,2.08785714285714,0.0466666666666667,NA,91.15,0.09,0.613333333333333,12.9525252525253,18.6328333333333,285.567901234568,57983.8709677419,10.54,104134.741935484,"Spring"
"350","Central",2011-04-01,6.05035711678807,NA,0.0906657809767369,NA,0.0947622200538187,NA,4,4.13285714285714,0.0233333333333333,NA,94.5,0.09,0.123333333333333,16.3092592592593,18.3038333333333,204.272222222222,53733.3333333333,10.54,85043.3333333333,"Spring"
"351","Central",2011-05-01,3.26039337610701,NA,0.245611238616634,NA,0.257374079956395,NA,5,2.83071428571429,0.0266666666666667,NA,102.678571428571,0.113333333333333,0.253333333333333,17.6794871794872,18.4935,208.845512820513,35580.6451612903,10.54,47059.1290322581,"Spring"
"352","Central",2011-06-01,3.96437044092224,NA,0.28302768799676,NA,0.291574314990963,NA,6,2.28071428571429,0.0233333333333333,NA,93.48,0.08,0.3,20.9030555555556,8.5480625,191.908796296296,40506.6666666667,10.54,42036.8666666667,"Summer"
"353","Central",2011-07-01,3.44023618797827,NA,0.865126471888093,NA,0.892979029292653,NA,7,4.984375,0.0116835017021125,NA,89.16,0.103333333333333,0.216666666666667,23.9342105263158,9.67705882352941,184.722368421053,21632.2580645161,10.54,17654.5161290323,"Summer"
"354","Central",2011-08-01,4.57740631286713,NA,0.635528536295,NA,0.668110034304346,NA,8,2.92,0.0233333333333333,NA,101.973684210526,0.09,0.26,23.2333333333333,7.16705882352941,227.605729166667,17190.3225806452,10.54,8863.32258064516,"Summer"
"355","Central",2011-09-01,8.48779653668322,NA,0.399799479109575,NA,0.422000230831999,NA,9,3.32645833333333,0.02,NA,131.227272727273,0.08,0.303333333333333,22.482380952381,11.3438333333333,251.088235294118,21046.6666666667,10.54,12205.8,"Autumn"
"356","Central",2011-10-01,8.61841366026705,NA,0.626767986343064,NA,0.689850894329529,NA,10,1.9825,0.0233333333333333,NA,134.181818181818,0.0733333333333333,0.363333333333333,18.4666666666667,6.14676470588235,227.989523809524,17654.8387096774,6.89,12077.2903225806,"Autumn"
"357","Central",2011-11-01,2.86038354722148,NA,0.0906914139039352,NA,0.0938219416573456,NA,11,1.820625,0.0566666666666667,NA,172.681818181818,0.09,0.833333333333333,13.318,4.26270833333333,285.883619047619,12710,6.89,8269.4,"Autumn"
"358","Central",2011-12-01,3.61026969504337,NA,0.0565536197569471,NA,0.059325212691701,NA,12,1.43928571428571,0.0566666666666667,NA,174.5,0.0833333333333333,0.916666666666667,9.2268115942029,4.2021875,315.91231884058,14480.6451612903,6.89,5372.70967741936,"Winter"
"359","Central",2012-01-01,8.10834827382091,NA,0.224158800985482,NA,0.251358796488448,NA,1,1.88125,0.0766666666666667,NA,174.142857142857,0.16,1.50333333333333,8.69506172839506,4.26,655.353174603175,15003.2258064516,6.89,11417.3870967742,"Winter"
"360","Central",2012-02-01,2.62290838446716,NA,0.0881856763609131,NA,0.0938890811856012,NA,2,1.5825,0.0766666666666667,NA,127.142857142857,0.156666666666667,1.42666666666667,11.229012345679,6.13875,536.03253968254,13227.5862068966,6.89,10796.8620689655,"Winter"
"361","Central",2012-03-01,5.44931537402284,NA,0.221207127467411,NA,0.239769876457005,NA,3,1.49857142857143,0.0766666666666667,NA,131.525,0.13,1.61666666666667,13.0442708333333,4.78416666666667,496.648717948718,19610.6451612903,6.89,20114.4193548387,"Spring"
"362","Central",2012-04-01,5.05261442801854,NA,0.255311514104427,NA,0.279372556264509,NA,4,3.62625,0.07,NA,120.142857142857,0.1,0.653333333333333,16.9461538461538,5.31,475.259615384615,25670,6.89,27781.9333333333,"Spring"
"363","Central",2012-05-01,8.71661543016461,NA,0.837020772418868,NA,0.923021903996748,NA,5,2.530625,0.04,NA,102.611111111111,0.0933333333333333,0.413333333333333,20.8344696969697,6.20625,347.804545454545,14042.2580645161,6.89,12492.8064516129,"Spring"
"364","Central",2012-06-01,23.1026744537814,NA,1.85974358145675,NA,2.22172299376709,NA,6,1.97375,0.0833333333333333,NA,104.52,0.1,0.636666666666667,22.6984210526316,6.87119047619048,369.255238095238,13500.6666666667,6.89,8305.76666666667,"Summer"
"365","Central",2012-07-01,8.78820364740123,NA,1.14322119696097,NA,1.31203958826413,NA,7,12.50125,0.04,NA,124.84,0.106666666666667,0.396666666666667,24.1184210526316,5.765,392.230263157895,20283.8709677419,6.89,7534.70967741936,"Summer"
"366","Central",2012-08-01,2.72005477711666,NA,0.373602909425172,NA,0.39388258501526,NA,8,4.3325,0.025852480516769,NA,153.368421052632,0.12,0.216666666666667,24.2348958333333,4.4852380952381,401.53,17877.4193548387,6.89,4641.41935483871,"Summer"
"367","Central",2012-09-01,2.16394684565071,NA,0.267703749741411,NA,0.294580364963098,NA,9,1.86571428571429,0.0566666666666667,NA,185.363636363636,0.183333333333333,0.496666666666667,22.8558823529412,3.09294117647059,547.414705882353,15350,6.89,4886.8,"Autumn"
"368","Central",2012-10-01,2.20482210869262,NA,0.248470354776827,NA,0.265841015577105,NA,10,2.14424660405668,0.0333333333333333,NA,196.363636363636,0.183333333333333,0.793333333333333,20.1151960784314,3.78823529411765,518.473039215686,11451.6129032258,5.83,4476.90322580645,"Autumn"
"369","Central",2012-11-01,4.49728976161265,NA,0.317569673492673,NA,0.346291311644174,NA,11,1.775,0.04,NA,196.954545454545,0.113333333333333,0.72,16.4764705882353,2.85382352941176,434.963235294118,11910.3333333333,5.83,6291.7,"Autumn"
"370","Central",2012-12-01,1.36548058019382,NA,0.0585767569962345,NA,0.0618210436252929,NA,12,0.5175,0.146666666666667,NA,146.75,0.19,1.44,11.7144444444444,6.98352941176471,477.086666666667,45996.7741935484,5.83,48250.8709677419,"Winter"
"371","Central",2013-01-01,0.255016269361233,NA,0.00762961712868057,NA,0.00790550435019823,NA,1,0.76,0.133333333333333,NA,79.5952380952381,0.226666666666667,1.57666666666667,7.3275641025641,13.385625,373.8525,23719.3548387097,5.83,22289.4516129032,"Winter"
"372","Central",2013-02-01,6.30224781065127,NA,0.194314440815436,NA,0.220578673372794,NA,2,1.67875,0.12,NA,141.607142857143,0.11,1.15666666666667,10.5115384615385,6.21928571428571,435.503333333333,15878.5714285714,5.83,13428.8214285714,"Winter"
"373","Central",2013-03-01,4.42055595774541,NA,0.23530593345663,NA,0.26965391342247,NA,3,2.5075,0.0533333333333333,NA,183.575,0.12,1.19333333333333,14.7114583333333,3.745,397.610256410256,13435.4838709677,5.83,9626.90322580645,"Spring"
"374","Central",2013-04-01,6.28786445760252,NA,0.35829144194606,NA,0.396058797429951,NA,4,9.019375,0.0368016228498891,NA,136.464285714286,0.166666666666667,1.12333333333333,17.4942307692308,7.785625,400.511538461538,12397.6666666667,5.83,12865.7,"Spring"
"375","Central",2013-05-01,3.34025509768822,NA,0.365970359440882,NA,0.399800542270737,NA,5,6.4684375,0.07,NA,86.4444444444444,0.133333333333333,0.42,20.9329365079365,10.4645833333333,329.638888888889,11377.7419354839,5.83,10067.8709677419,"Spring"
"376","Central",2013-06-01,9.76581981658819,NA,1.09904613323886,NA,1.19066118649039,NA,6,2.451875,0.0266666666666667,NA,119.32,0.15,0.603333333333333,22.5986111111111,7.9875,391.408558558559,13203.3333333333,5.83,7902.03333333333,"Summer"
"377","Central",2013-07-01,1.54628299343146,NA,0.253301975541687,NA,0.262127205289767,NA,7,17.13875,0.0197274954314344,NA,135.52,0.156666666666667,0.376666666666667,25.3006944444444,6.47464285714286,432.585135135135,17487.0967741935,5.83,5443.54838709677,"Summer"
"378","Central",2013-08-01,NA,NA,0,NA,0,NA,8,4.96895833333334,0.03,NA,155.921052631579,0.123333333333333,0.28,24.1483888888889,5.16653846153846,542.170555555556,17606.4516129032,5.83,5083.67741935484,"Summer"
"379","Central",2013-09-01,0.725647988206403,NA,0.0810934638949425,NA,0.0849491404014167,NA,9,6.634375,0.0466666666666667,NA,139.090909090909,0.21,0.540350299912971,23.1770588235294,4.23911764705882,611.744117647059,13480,5.83,5591.76666666667,"Autumn"
"380","Central",2013-10-01,0.0117226540053029,NA,0.000957478512490699,NA,0.000972936361970305,NA,10,4.941875,0.0366666666666667,NA,131.409090909091,0.136666666666667,0.613333333333333,18.6151960784314,4.38235294117647,533.530882352941,7974.83870967742,4.07,4273.51612903226,"Autumn"
"381","Central",2013-11-01,4.68892709908797,NA,0.207924218893152,NA,0.232472554726426,NA,11,2.460625,0.03,NA,191.954545454545,0.106666666666667,0.523333333333333,14.4166666666667,2.98735294117647,529.988725490196,8783.33333333333,4.07,5567.96666666667,"Autumn"
"382","Central",2013-12-01,1.21684708850061,NA,0.0360808493292037,NA,0.0377222597435189,NA,12,1.250625,0.0733333333333333,NA,217.5,0.166666666666667,1.36333333333333,8.41736111111111,3.25235294117647,609.995833333333,8204.83870967742,4.07,4951.1935483871,"Winter"
"383","Central",2014-01-01,0.209217078844065,NA,0.00626189141198782,NA,0.006485729444166,NA,1,1.6225,0.11,NA,189.428571428571,0.156666666666667,1.5,9.37211538461538,2.82375,778.7625,6329.03225806452,4.07,4780.41935483871,"Winter"
"384","Central",2014-02-01,0.131674907631025,NA,0.00497089037959966,NA,0.00513532139760999,NA,2,0.964375,0.0933333333333333,NA,172.5,0.19,1.85,11.7711538461538,3.113125,884.425,10736.7857142857,4.07,11061.0357142857,"Winter"
"385","Central",2014-03-01,0.771316038934136,NA,0.0395742758285843,NA,0.0424223821413775,NA,3,1.5225,0.0733333333333333,NA,164.35,0.216666666666667,1.88333333333333,15.403125,3.42125,622.830769230769,14774.8387096774,4.07,12723.1290322581,"Spring"
"386","Central",2014-04-01,0.624931265734953,NA,0.0428461868202406,NA,0.0449730605873621,NA,4,1.67875,0.0433333333333333,NA,172.571428571429,0.186666666666667,1.46,17.7403846153846,3.80625,514.213141025641,9636.66666666667,4.07,7912.73333333333,"Spring"
"387","Central",2014-05-01,0.826525822006277,NA,0.073658962393371,NA,0.0786414184481787,NA,5,1.64166666666667,0.0325,NA,166.25,0.125,0.3675,20.3216049382716,3.73444444444444,404.829012345679,5749.67741935484,4.07,4174.38709677419,"Spring"
"388","Central",2014-06-01,0.917161896077109,NA,0.118577630621711,NA,0.123403140042978,NA,6,2.12555555555556,0.012963098307373,NA,180.973333333333,0.13375,0.29125,24.1150438596491,3.26522222222222,607.725,8900,4.07,5406.03333333333,"Summer"
"389","Central",2014-07-01,0.510318388507967,NA,0.0813897856170649,NA,0.0852231708808305,NA,7,5.04559127214761,0.0222964613058139,NA,144.26,0.165,0.255,25.2778378378378,4.60466666666667,719.210964912281,9144.1935483871,4.07,4084.96774193548,"Summer"
"390","Central",2014-08-01,0.324592496450368,NA,0.0467342877705286,NA,0.0500626804530898,NA,8,5.05055555555556,0.02,NA,166.473684210526,0.1825,0.23125,24.7603645833333,4.57977777777778,754.117708333333,8543.54838709677,4.07,3418.61290322581,"Summer"
"391","Central",2014-09-01,3.27313842718356,NA,0.430121688060387,NA,0.492192306691834,NA,9,6.4962962962963,0.0236135052377358,NA,165.681818181818,0.16375,0.2725,23.7274761904762,3.73098039215686,753.558095238095,8254.33333333333,4.07,3201.06666666667,"Autumn"
"392","Central",2014-10-01,1.66946414247337,NA,0.189685344027093,NA,0.206991384342746,NA,10,6.01425925925926,0.0433333333333333,NA,199.954545454545,0.191666666666667,0.479166666666667,21.4877941176471,2.69539215686275,893.228431372549,6324.51612903226,4,4720.61290322581,"Autumn"
"393","Central",2014-11-01,1.03808855186437,NA,0.0540959105088608,NA,0.0569395496574381,NA,11,2.255,0.05875,NA,193,0.12125,0.5425,16.1580952380952,3.40481481481482,711.800952380952,7596.66666666667,4,5433.7,"Autumn"
"394","Central",2014-12-01,2.40801654740148,NA,0.0698250781170443,NA,0.0746485129694459,NA,12,0.577222222222222,0.14625,NA,197.444444444444,0.205,1.42625,13.2735294117647,6.41944444444444,668.743137254902,33066.1290322581,4,33506.935483871,"Winter"
"395","Central",2015-01-01,2.19006300929764,NA,0.0629575074120728,NA,0.0678919532882268,NA,1,0.772962962962963,0.115,NA,80.0714285714286,0.1975,1.42,9.52530864197531,12.2035185185185,476.38373015873,10733.2258064516,4,6051.35483870968,"Winter"
"396","Central",2015-02-01,0.843966708918016,NA,0.0264713581394202,NA,0.0279469650306626,NA,2,1.45944444444444,0.12,NA,98.7669172932331,0.237,1.615,13.4748079877112,8.75,588.955619047619,17869.2857142857,4,16257.5357142857,"Winter"
"397","Central",2015-03-01,0.430750783942704,NA,0.0253221207170752,NA,0.0262757978205049,NA,3,4.663,0.045,NA,112.842105263158,0.161,0.857,16.2859375,7.22222222222222,557.950641025641,7972.90322580645,4,5988.74193548387,"Spring"
"398","Central",2015-04-01,2.24955475213852,NA,0.127276580289492,NA,0.139243638325471,NA,4,15.7165,0.042,NA,104.192307692308,0.161,0.738636297049466,18.2825,11.48,579.357692307692,6341.33333333333,4,6818.26666666667,"Spring"
"399","Central",2015-05-01,3.10740950506848,NA,0.261053678084885,NA,0.300977759071208,NA,5,4.2795,0.064,NA,123.923076923077,0.168,0.476,20.7938461538462,6.565625,744.019230769231,7320.32258064516,4,5908.90322580645,"Spring"
"400","Central",2015-06-01,1.60159188564176,NA,0.209029119664183,NA,0.221607879934927,NA,6,2.371,0.045,NA,131.64,0.162,0.399,24.5826754385965,5.21644444444444,816.297807017544,6886,4,4796.46666666667,"Summer"
"401","Central",2015-07-01,0.299729415468018,NA,0.042365593064274,NA,0.0446596829047347,NA,7,4.97066666666667,0.032,NA,115.34,0.177,0.346,25.2484649122807,6.21811111111111,840.961842105263,7886.12903225806,4,4763.58064516129,"Summer"
"402","Central",2015-08-01,3.23108479774758,NA,0.490678283176537,NA,0.53695263093455,NA,8,3.92933333333333,0.025,NA,127.578947368421,0.161,0.284695645888103,24.9120833333333,5.02666666666667,896.916666666667,7779.67741935484,4,4470.06451612903,"Summer"
"403","Central",2015-09-01,0.454523094494987,NA,0.0645930427486491,NA,0.06685490265658,NA,9,4.151,0.033394059255758,NA,128.916666666667,0.166,0.321514728104521,23.5745714285714,5.05527777777778,812.528571428571,7901,4,4825.73333333333,"Autumn"
"404","Central",2015-10-01,2.36623344352279,NA,0.260745794612221,NA,0.28394111639991,NA,10,2.78733333333333,0.0275,NA,184.318181818182,0.165,0.354534854590427,21.3951428571429,3.58657407407407,758.635714285714,7004.83870967742,6.71,4737.58064516129,"Autumn"
"405","Central",2015-11-01,1.04359044401348,NA,0.105585624185666,NA,0.109324753980027,NA,11,3.70333333333333,0.046,NA,169.909090909091,0.124,0.452,14.1065151515152,5.29588235294118,630.909090909091,6122,6.71,4769.06666666667,"Autumn"
"406","Central",2015-12-01,0.868247175656835,NA,0.0324612021772395,NA,0.0338616398506166,NA,12,12.4055,0.056,NA,127.941176470588,0.103,0.612,10.5671111111111,6.46361111111111,702.511111111111,10542.2580645161,6.71,9248.61290322581,"Winter"
"407","Central",2016-01-01,1.4696253421692,NA,0.0424358123223517,NA,0.0455583856072453,NA,1,1.36366666666667,0.129,NA,104.142857142857,0.122,0.972,9.14950617283951,11.1718518518519,637.818421052632,27404.1935483871,6.71,27636.2258064516,"Winter"
"408","Central",2016-02-01,1.64253532259359,NA,0.0507715582266981,NA,0.0536235239558391,NA,2,1.6795,0.121,NA,75.1428571428571,0.221,0.953,12.4962962962963,13.18,416.538095238095,21165.5172413793,6.71,17844.3448275862,"Winter"
"409","Central",2016-03-01,1.07996650001084,NA,0.0574198760834674,NA,0.0593981575005963,NA,3,1.9145,0.051,NA,96.175,0.145,0.776,15.4286868686869,8.64333333333333,346.586419753086,53790.3225806452,6.71,63654.3548387097,"Spring"
"410","Central",2016-04-01,0.355500656327899,NA,0.0265681503887533,NA,0.0273735505372482,NA,4,2.6565,0.05625,NA,99.4285714285714,0.154,0.40375,18.6733333333333,7.58333333333333,372.377777777778,19436.6666666667,6.71,20873.9,"Spring"
"411","Central",2016-05-01,4.4160897750679,NA,0.371468367408035,NA,0.406091752468811,NA,5,9.48666666666667,0.0326697370557425,NA,101.928571428571,0.14,0.301860478210729,19.9725925925926,6.635625,325.074074074074,13329.0322580645,6.71,12154.1290322581,"Spring"
"412","Central",2016-06-01,1.88472952125028,NA,0.213001853745562,NA,0.226173077274983,NA,6,3.4065,0.0466666666666667,NA,122.12,0.156666666666667,0.32,23.5075,6.21566666666667,360.3875,13840,6.71,7049.03333333333,"Summer"
"413","Central",2016-07-01,0.614121034419563,NA,0.0823383555867572,NA,0.0854533475012655,NA,7,9.7505,0.0188817397109233,NA,99.2,0.133333333333333,0.0916666666666667,24.7118918918919,8.54766666666667,384.22972972973,18441.935483871,6.71,8252.03225806452,"Summer"
"414","Central",2016-08-01,0.0596255779868959,NA,0.00781340848849989,NA,0.00798982745024405,NA,8,6.66333333333333,0.0266666666666667,NA,131.421052631579,0.0633333333333333,0.1,24.3001075268817,6.84107142857143,367.1,18851.6129032258,6.71,6195.1935483871,"Summer"
"415","Central",2016-09-01,2.00554198738217,NA,0.226228655358354,NA,0.240665038485861,NA,9,3.64142857142857,0.0166666666666667,NA,164.954545454545,0.1,0.0933333333333333,22.7587096774194,4.15285714285714,462.806451612903,16630,6.71,5189.76666666667,"Autumn"
"416","Central",2016-10-01,0.993490993473649,NA,0.0588557438509253,NA,0.0620145059571402,NA,10,2.45136363636364,0.0475,NA,206.227272727273,0.165,0.6925,19.2273333333333,2.9871875,567.293518518519,11633.8709677419,14.14,7614.93548387097,"Autumn"
"417","Central",2016-12-01,2.62704160972434,NA,0.0767687477476945,NA,0.0814382899014546,NA,12,1.202,0.055,NA,141.045454534617,0.0825,0.625,10.2399999947018,6.20333333333333,591.738709677419,39925.8064516129,14.14,35362.4516129032,"Winter"
"418","Central",2017-01-01,0.00859105179319969,NA,0.000263192662133067,NA,0.00026632260558919,NA,1,1.4080303030303,0.1275,NA,53.926553585435,0.225,0.9425,9.93073058576889,21.4261111111111,289.112698412698,67500,14.14,143948.451612903,"Winter"
"419","Central",2017-02-01,0.114559028987461,NA,0.00369423426819775,NA,0.00382082682338545,NA,2,1.4925,0.08,NA,60.9098836252856,0.13,1.0575,11.7995430261345,15.8183333333333,264.952631578947,82107.1428571429,14.14,269002.464285714,"Winter"
"420","Central",2017-03-01,0.04811855999096,NA,0.00155655452735012,NA,0.00157921297519922,NA,3,2.73363636363636,0.0325,NA,81.2623317396694,0.1,0.4975,13.9340546434867,11.9042857142857,198.005357142857,66770.9677419355,14.14,124338.612903226,"Spring"
"421","Central",2017-04-01,1.05343779385763,NA,0.0616282864802979,NA,0.0642597054253154,NA,4,3.20590909090909,0.03,NA,103.130434782609,0.0925,0.31,15.66,8.6,162.108333333333,67336.6666666667,14.14,106997.466666667,"Spring"
"422","Central",2017-05-01,1.19898855745435,NA,0.0852349841488352,NA,0.0923221189239851,NA,5,2.64428571428571,0.0275,NA,91.6190476190476,0.1,0.19,18.7711437908497,NA,177.128260869565,48345.1612903226,14.14,65149.3225806452,"Spring"
"423","Central",2017-06-01,2.59821246798066,NA,0.3117851515776,NA,0.370511506842265,NA,6,1.86924242424242,0.035,NA,95.5901639344262,0.09,0.175,21.4666666666667,11.2166666666667,170.423076923077,26166.6666666667,14.14,28121.3,"Summer"
"424","Central",2017-07-01,0.540888820961008,NA,0.0893664764914617,NA,0.0921533251819876,NA,7,5.16454545454545,0.05,NA,83.5062497168779,0.11,3.9725,24.0052150578653,10.35,142.315789473684,15000,14.14,9651.22580645161,"Summer"
"425","Central",2017-08-01,0.02,NA,0.00289931061863541,NA,0.00298,NA,8,4.13227272727273,0.025,NA,116.541665891806,0.09,0.225,23.9008552430805,8.75833333333333,208.157575757576,19980.6451612903,14.14,10235.935483871,"Summer"
"426","Central",2017-09-01,1.36803800041629,NA,0.134715182258676,NA,0.143740637861332,NA,9,3.205,0.0314285714285714,NA,152.096772809182,0.094,0.305428571428571,22.5236667175293,6.66666666666667,217.976388888889,21266.6666666667,14.14,12936.7333333333,"Autumn"
"427","Central",2017-10-01,0.484628949199598,NA,0.0364325371858715,NA,0.0379278731652141,NA,10,2.04409090909091,0.0375,NA,171.333332716624,0.11,0.57,17.5023969651697,5.45555555555556,250.846759259259,13316.1290322581,7.14,9340.58064516129,"Autumn"
"428","Central",2017-11-01,0.601386742596632,NA,0.0292151500446633,NA,0.0304102134863609,NA,11,1.25318181818182,0.0542857142857143,NA,183.1259826938,0.0878571428571429,0.664285714285714,14.9869680972809,5.81111111111111,283.354166666667,13666.6666666667,7.14,9046.36666666667,"Autumn"
"429","Central",2017-12-01,0.458853205257188,NA,0.0134540987051045,NA,0.0142244493629728,NA,12,1.66318181818182,0.06,NA,155.624998351559,0.0885714285714286,0.68,10.3792308425903,7.97777777777778,458.82688172043,14425.8064516129,7.14,6841.12903225806,"Winter"
"430","Central",2018-01-01,0.787299180568474,NA,0.0293477569212089,NA,0.0301749508266462,NA,1,1.23632746129635,0.0666666666666667,NA,154.561643019114,0.0966666666666667,0.838333333333333,10.2857164707111,NA,570.270454545455,18180.6451612903,7.14,16992,"Winter"
"431","Central",2018-02-01,1.14377461082721,NA,0.0359264814212186,NA,0.0378811597274376,NA,2,0.945112491509062,0.0357142857142857,NA,168.406778978089,0.107142857142857,1.01285714285714,11.8155217418947,NA,450.038888888889,13532.1428571429,7.14,11570.25,"Winter"
"432","Central",2018-03-01,0.0566539333244125,NA,0.00298267994962642,NA,0.00310296608181326,NA,3,2.57545454545455,0.0371428571428571,NA,164.476470562991,0.0878571428571429,0.852857142857143,12.6514645944461,NA,421.935714285714,26558.064516129,7.14,28192.6774193548,"Spring"
"433","Central",2018-04-01,0.938328092062111,NA,0.0642231230307779,NA,0.0672690154830259,NA,4,3.27483333333333,0.0569444444444445,NA,104.321428571429,0.126388888888889,0.492222222222222,17.1782222222222,NA,318.672222222222,35520,7.14,41906.1,"Spring"
"434","Central",2018-05-01,2.51896249929537,NA,0.179413330602329,NA,0.192761413957342,NA,5,2.07192307692308,0.0292359098989982,NA,134.277777777778,0.101428571428571,0.306875,20.1810611111111,NA,299.494444444444,10838.064516129,7.14,12687.1935483871,"Spring"
"435","Central",2018-06-01,0.767455457544344,NA,0.10785055659789,NA,0.114315674847868,NA,6,2.37916666666667,0.0275,NA,131.480769230769,0.12,0.3275,23.4572619047619,6.03333333333333,320.15375,12063.3333333333,7.14,7317.6,"Summer"
"436","Central",2018-07-01,0.173575942684445,NA,0.0295049338944374,NA,0.0323188770228292,NA,7,5.06807692307692,0.0258333333333333,NA,139.032258233716,0.112,0.264815257515226,24.9189422563406,4.81666666666667,333.355072463768,15335.4838709677,7.14,6651.77419354839,"Summer"
"437","Central",2018-08-01,0.665248924257206,NA,0.116595355288587,NA,0.124248389531319,NA,8,5.52454545454545,0.0368505661878735,NA,124.934782940408,0.115833333333333,0.162505103404944,24.1263289574071,5.74166666666667,394.988235294118,18477.4193548387,7.14,5759.8064516129,"Summer"
"438","Central",2018-09-01,0.415412382536719,NA,0.0557194133427504,NA,0.0573653725479268,NA,9,2.41363636363636,0.027108624631539,NA,157.718749120831,0.1518,0.279445553298574,22.033695602417,4.14444444444444,589.302777777778,16876.6666666667,7.14,6078.26666666667,"Autumn"
"439","Central",2018-10-01,1.17745523043054,NA,0.119116588533828,NA,0.123360777067054,NA,10,1.53899074226385,0.03575,NA,162.133332061767,0.129583333333333,0.519831157876777,19.014798091595,4.32222222222222,565.377272727273,11167.4193548387,10.34,5005.70967741936,"Autumn"
"440","Central",2018-11-01,0.289860203583336,NA,0.0153976158474253,NA,0.0160158651537449,NA,11,0.941421468491317,0.0560292153051123,NA,204.085713604518,0.106166666666667,0.665592368665772,14.7275435114321,3.98888888888889,466.909090909091,9611.66666666667,10.34,7894.5,"Autumn"
"441","Central",2018-12-01,0.994273753852875,NA,0.0372319156619163,NA,0.0387766764002621,NA,12,0.967383493512558,0.0887380705849268,NA,175.16128709752,0.1084,0.8542,11.3815238095238,3.47777777777778,595.606896551724,15093.5483870968,10.34,10077.4193548387,"Winter"
"442","Central",2019-01-01,0.702344253215123,NA,0.0229158988645965,NA,0.0235888570435758,NA,1,0.89472816450733,0.1212,NA,105.555554848247,0.146,1.294,10.0884633204789,NA,595.631818181818,31577.4193548387,10.34,32308.7741935484,"Winter"
"443","Central",2019-02-01,0.256237302345112,NA,0.00853833660516247,NA,0.00896830558207891,NA,2,1.26309347256646,0.0948222219207324,NA,80.5514708362958,0.1574,0.904,10.2208855881289,NA,394.863043478261,55289.2857142857,10.34,81926.8928571429,"Winter"
"444","Central",2019-03-01,4.47574132733646,NA,0.182208760132163,NA,0.196932618402804,NA,3,1.48348255480872,0.0247788155497983,NA,125.93258373657,0.084,0.6034,13.2936538113081,NA,274.420689655172,69916.1290322581,10.34,120729.935483871,"Spring"
"445","Central",2019-04-01,2.85938279494828,NA,0.136439988554865,NA,0.142824719715567,NA,4,1.20837505280428,0.0253024232410826,NA,138.535714285714,0.07,0.2504,17.0646379310345,NA,232.479310344828,63670,10.34,85681.5666666667,"Spring"
"446","Central",2019-05-01,4.17886459961618,NA,0.290668744449478,NA,0.313911357152548,NA,5,1.18023096018367,0.0372703147260472,NA,115.571428571429,0.0816,0.20190666619828,18.6493076923077,NA,200.303846153846,36503.2258064516,10.34,50116.7419354839,"Spring"
"447","Central",2019-06-01,2.20199052491273,NA,0.134163853346137,NA,0.141580693152646,NA,6,1.62594171788628,0.0235660173743963,NA,105.766666666667,0.0884,0.112816779350769,22.6223571428571,10.4916666666667,135.435714285714,29880,10.34,32967.0333333333,"Summer"
"448","Central",2019-07-01,4.15042908026922,NA,0.571702487883575,NA,0.618378011903839,NA,7,2.26125,0.0411345156184397,NA,120.833333333333,0.0815,0.21875,24.09684,7.275,179.092,18022.5806451613,10.34,7633.67741935484,"Summer"
"449","Central",2019-08-01,0.989105384629992,NA,0.113486105793923,NA,0.118772476044689,NA,8,2.42354166666667,0.0212746541248635,NA,154.535712923322,0.094,0.176338471682742,25.0691111111111,7.94166666666667,212.488888662833,20651.6129032258,10.34,11687.064516129,"Summer"
"450","Central",2019-09-01,0.485190419123554,NA,0.0545898952251846,NA,0.0582228502948264,NA,9,2.83749870448094,0.0277704033441841,NA,165.937499135733,0.0982,0.201547266374156,23.3167037319607,4.575,210.433333333333,20870,10.34,12471.7333333333,"Autumn"
"451","Central",2019-10-01,0.927910756819257,NA,0.0636519070403587,NA,0.0710720910129561,NA,10,2.946,0.0458622252047645,NA,182.374999940395,0.0704,0.188176793815568,17.7192894636455,4.53333333333333,203.005263398823,14280.6451612903,6.12,13226.6451612903,"Autumn"
"452","Central",2019-11-01,1.02996005695469,NA,0.0457243221006349,NA,0.0505883549764934,NA,11,1.546639483345,0.0898483457439578,NA,215.5625,0.09225,0.5575,15.1570526315789,2.86666666666667,310.252631578947,10621,6.12,6787.63333333333,"Autumn"
"453","Central",2019-12-01,0.977444160490737,NA,0.0275986825928944,NA,0.0305692232383013,NA,12,1.06625,0.134418477093335,NA,146.755812855654,0.0779907099621836,0.9022,11.0501927063465,14.4,369.140624809265,19409.6774193548,6.12,14507.5806451613,"Winter"
"454","Central",2020-01-01,2.23108866857561,0,0.0616762983026278,0,0.0701522734883691,0,1,3.812928298919,0.125405387510546,NA,175.752573342667,0.1265,1.069,9.77335648148149,NA,391.926469870175,16458.064516129,6.12,12917.6451612903,"Winter"
"455","Central",2020-02-01,1.15652268323644,0,0.0356326951316705,0,0.0406269255270112,0,2,2.735,0.0856682765446604,NA,145.010306572791,0.0876,0.776,11.1195044146512,NA,355.857943925234,13586.2068965517,6.12,11768.0689655172,"Winter"
"456","Central",2020-03-01,1.93617353897239,0,0.0826789768456447,0,0.0941636994289387,0,3,1.73307692307692,0.119988536374488,NA,178.439390435363,0.0906,0.658333333333333,14.1296403575696,NA,369.593519507514,12067.7419354839,6.12,10325.4838709677,"Spring"
"457","Central",2020-06-01,2.90994327055767,0,0.325513228361874,0,0.381480501973422,0,6,1.852,0.0247258399793646,NA,139.880952380952,0.1126,0.330455562696792,23.5839,4.61666666666667,313.266666666667,12290,6.12,7108.26666666667,"Summer"
"458","Central",2020-07-01,2.54811121742498,0,0.455833668637911,0,0.52382909850051,0,7,4.732,0.016692819692893,NA,154.099999427795,0.1104,0.152806116068787,24.900676515467,6.46666666666667,271.948571602958,13800,6.12,4526.61290322581,"Summer"
"459","Central",2020-08-01,0.844367720711504,0,0.143422825520841,0,0.157469788038953,0,8,6.05234375,0.025691807603871,NA,138.785713649931,0.122,0.179635908683296,25.1376071156093,4.80833333333333,375.846428462437,13603.2258064516,6.12,3395.61290322581,"Summer"
"460","Central",2020-09-01,3.61557598712134,0,0.476632127098636,0,0.580031391162741,0,9,6.50368303078899,0.0289642376965843,NA,147.545453851873,0.1576,0.419005698075984,22.7348964070287,4.34444444444444,560.044826954809,11640,6.12,4271.6,"Autumn"
"461","Central",2020-10-01,0.57578883207849,0,0.0721547434642882,0,0.0769838798197906,0,10,1.51898745770349,0.0261818464516546,NA,177.88888809416,0.1336,0.748200665763812,20.9288275072821,2.92222222222222,478.065516820447,8589.35483870968,3.8,4325.12903225806,"Autumn"
"462","Central",2020-11-01,1.77713477711673,0,0.097870799871076,0,0.110012898498955,0,11,1.24626101830695,0.0164094418496825,NA,211.304346167523,0.088,0.565216638081707,14.0510312976837,2.11111111111111,512.628124809265,8454.33333333333,3.8,5069.13333333333,"Autumn"
"463","Central",2021-03-01,1.70923396787073,0,0.0688146674758471,0,0.0750963326669205,0,3,1.92247863247863,0.0974867103272118,NA,169.245760828762,0.1308,1.312,12.9102464976781,NA,499.132307035006,9457.09677419355,3.8,8915.38709677419,"Spring"
"464","Central",2021-04-01,1.42565357530111,0,0.0906372078907385,0,0.0976554382851811,0,4,6.14877974203455,0.0406493363815049,NA,181.666666666667,0.1242,0.868166666666667,17.6509677419355,NA,542.435483870968,7862,3.8,6559,"Spring"
"465","Central",2021-05-01,0.949440490985295,0,0.10425587292974,0,0.112990320475085,0,5,4.87933333333333,0.0238878360526128,NA,161.653846153846,0.111,0.395704100087835,20.2381304347826,NA,514.113043478261,7124.51612903226,3.8,4748.54838709677,"Spring"
"466","Central",2021-06-01,5.58071743949524,0,0.814174327861958,0,0.921193527022148,0,6,2.55666666666667,0.0353813407666582,NA,140.777777777778,0.122,0.297869790605203,23.3986533333333,5.40833333333333,640.093333333333,6598.33333333333,3.8,3077.3,"Summer"
"467","Central",2021-07-01,4.41632561373969,0,0.726743973923065,0,0.819136049363173,0,7,7.66266666666667,0.0271939826015891,NA,142.812499304612,0.138142857142857,0.202704272023614,25.3957353389964,5.13333333333333,619.870588414809,7454.83870967742,3.8,3452.35483870968,"Summer"
"468","Central",2021-08-01,3.47295705552085,0,0.577302381629578,0,0.648424656604109,0,8,7.99041666666667,0.025540045418893,NA,121.821428571429,0.137714285714286,0.197109483710723,24.8751875,6.3,583.1,7569.03225806452,3.8,3675.58064516129,"Summer"
"469","Central",2021-09-01,0.904669395431559,0,0.124021635169247,0,0.151112506038243,0,9,2.72461538461538,0.0267090051162522,NA,156.391303601472,0.111142857142857,0.285607498086465,23.8078000435965,3.83333333333333,517.177142857143,7608,3.8,3086.83333333333,"Autumn"
"470","Central",2021-11-01,1.36921735896167,0,0.0755947236000731,0,0.0840041105315657,0,11,0.878333333333333,0.0743981437963084,NA,110.812500119209,0.122785714285714,0.638736639174478,15.4025294173745,13.2611111111111,464.435294835708,8606,4.55,3396.3,"Autumn"
"471","Central",2021-12-01,2.64267939750406,0,0.0893267576673948,0,0.115939012942512,0,12,1.03995350192337,0.0521864027625416,NA,157.777777777778,0.0964285714285714,0.857513560444893,12.1544074074074,5.5,520.492592592593,17871.935483871,4.55,19869.3870967742,"Winter"
"472","Central",2022-01-01,1.48752363818069,0,0.0348171948448616,0,0.0418729140971486,0,1,0.499632318989374,0.1202,NA,107.75,0.17975,1.32,9.58222222222222,NA,426.111111111111,17035.4838709677,4.55,12146.5161290323,"Winter"
"473","Central",2022-02-01,8.46894168287967,0,0.22197690852208,0,0.297590198070826,0,2,1.0297912280336,0.0601456066453829,NA,127.75,0.18125,1.7024,11.4111111111111,NA,480.333333333333,12192.8571428571,4.55,11369.4285714286,"Winter"
"474","Central",2022-03-01,8.46107467859312,0,0.295448317872173,0,0.415037486873839,0,3,1.718,0.0424363193675876,NA,167.071428571429,0.0755,1.0596,14.246,NA,418.266666666667,10496.4516129032,4.55,9343.25806451613,"Spring"
"475","Central",2022-04-01,6.37636229124686,0,0.399888218353269,0,0.488362764811266,0,4,1.9675,0.0424372625976801,NA,153.821428571429,0.13475,1.06,17.164,NA,450.666666666667,8231.33333333333,4.55,7399.26666666667,"Spring"
"476","Central",2022-05-01,1.98881825975718,0,0.215836001731074,0,0.23117137710542,0,5,2.35142857142857,0.0414519952510018,NA,142.880952380952,0.1425,0.73725,19.5231111111111,NA,390.622222222222,7167.09677419355,4.55,4530.03225806452,"Spring"
"477","Central",2022-06-01,3.74200671872103,0,0.539038313298051,0,0.625038086674589,0,6,3.6075,0.0218392576632711,NA,145.45,0.19725,0.838466666666667,23.669375,3.70833333333333,470.78125,8866.66666666667,4.55,5029.13333333333,"Summer"
"478","Central",2022-07-01,2.46061347077158,0,0.448793869661476,0,0.510511895067121,0,7,5.23,0.0322692007845035,NA,142.5,0.15275,0.347409410345834,25.741,4.25833333333333,536.75,12106.4516129032,4.55,5300.45161290323,"Summer"
"479","Central",2022-08-01,2.73754042896204,0,0.440301121549204,0,0.504321244138722,0,8,3.4375,0.0301624704699498,NA,145.166666666667,0.1295,0.19038928417194,25.012,4.75833333333333,443.75,9916.77419354839,4.55,3188.22580645161,"Summer"
"480","Central",2022-09-01,1.02537458310349,0,0.172411422361763,0,0.188559634817404,0,9,2.995,0.0300706304409541,NA,162.25,0.154,0.285576037027407,24.1946153846154,4.72222222222222,494.307692307692,8752.66666666667,4.55,3442.13333333333,"Autumn"
"481","Central",2022-10-01,2.5614025844329,0,0.300124625105943,0,0.342314069671112,0,10,1.945,0.0420629282755544,NA,203.5,0.141,0.2951724062172,21.2484615384615,4.22222222222222,579.923076923077,6846.12903225806,9.33,4339.03225806452,"Autumn"
"482","Central",2022-11-01,2.52634727027187,0,0.0999027334245894,0,0.112073837514097,0,11,1.7875,0.0407124502471415,NA,188.75,0.08625,0.339,14.0338461538462,3.2,495.769230769231,6846,9.33,4788.16666666667,"Autumn"
"483","Central",2022-12-01,2.80279152491223,0,0.0806735494455396,0,0.0881854797248758,0,12,0.925,0.0816123146853643,NA,146.25,0.09,0.721,10.0615384615385,8.91111111111111,619.384615384615,11701.6129032258,9.33,13240.3548387097,"Winter"
"484","Central",2023-01-01,6.1563446692934,0,0.191734365763217,0,0.216483492861901,0,NA,NA,NA,NA,NA,NA,NA,NA,NA,NA,NA,NA,NA,"Autumn"
"485","Central",2023-02-01,6.15361002134842,0,0.191532692508339,0,0.215473619564659,0,NA,NA,NA,NA,NA,NA,NA,NA,NA,NA,NA,NA,NA,"Autumn"
"486","Central",2023-03-01,4.88764483480261,0,0.214243101870133,0,0.238234455630001,0,NA,NA,NA,NA,NA,NA,NA,NA,NA,NA,NA,NA,NA,"Autumn"
"487","Central",2023-04-01,7.62198079290142,0,0.361054466242269,0,0.418586456738173,0,NA,NA,NA,NA,NA,NA,NA,NA,NA,NA,NA,NA,NA,"Autumn"
"488","Central",2023-05-01,7.11568462852371,0,0.483779829921123,0,0.541897181342007,0,NA,NA,NA,NA,NA,NA,NA,NA,NA,NA,NA,NA,NA,"Autumn"
"489","Central",2023-06-01,6.76294577803854,0,0.525694391857435,0,0.64729321551988,0,NA,NA,NA,NA,NA,NA,NA,NA,NA,NA,NA,NA,NA,"Autumn"
"490","Central",2023-07-01,16.7819940113302,0,2.24609108840365,0,2.77487327186846,0,NA,NA,NA,NA,NA,NA,NA,NA,NA,NA,NA,NA,NA,"Autumn"
"491","Central",2023-08-01,15.5981639744293,0,2.3255322161121,0,2.85405434567915,0,NA,NA,NA,NA,NA,NA,NA,NA,NA,NA,NA,NA,NA,"Autumn"
"492","Central",2023-09-01,11.3557927008303,0,1.27541986599013,0,1.52325401570327,0,NA,NA,NA,NA,NA,NA,NA,NA,NA,NA,NA,NA,NA,"Autumn"
"493","Central",2023-10-01,9.26693928104031,0,1.03376151663976,0,1.20622773794713,0,NA,NA,NA,NA,NA,NA,NA,NA,NA,NA,NA,NA,NA,"Autumn"
"494","Central",2023-11-01,3.76640384215811,0,0.193170577184064,0,0.229139535006098,0,NA,NA,NA,NA,NA,NA,NA,NA,NA,NA,NA,NA,NA,"Autumn"
"495","Central",2023-12-01,2.01229470901358,0,0.0743355640875062,0,0.0856755711695772,0,NA,NA,NA,NA,NA,NA,NA,NA,NA,NA,NA,NA,NA,"Autumn"
"496","Confluence",1976-02-01,0.159196942613511,NA,0.00517722593452922,NA,0.0055718929914729,NA,2,7.71818181818182,NA,0.07,65.5,0.111666666666667,0.3925,11.0833333333333,17.1575,1089.83333333333,12772.4137931034,5.29,7471.31034482759,"Winter"
"497","Confluence",1976-06-01,0.200862134183735,NA,0.0146729588159084,NA,0.0154663843321476,NA,6,5.56416666666667,NA,0.04,39.3333333333333,0.142083333333333,0.22875,19.6666666666667,19.225,1475.875,10934.6666666667,5.29,3775.13333333333,"Summer"
"498","Confluence",1976-10-01,0.0403423189761813,NA,0.00377094303386465,NA,0.0038728626217134,NA,10,6.03458333333333,NA,0.0383333333333333,65.3620689655172,0.145833333333333,0.284166666666667,20.2172413793103,13.8745833333333,1641.12068965517,8102.90322580645,3.11,3611.48387096774,"Autumn"
"499","Confluence",1977-03-01,0.00706125165235837,NA,0.00030532040714305,NA,0.000310695072703768,NA,3,7.10875,NA,0.065625,34.7272727272727,0.212083333333333,0.61875,12.7083333333333,14.7416666666667,3294.16666666667,6572.90322580645,3.11,3007.25806451613,"Spring"
"500","Confluence",1977-06-01,0.0741002666868469,NA,0.00767130224999365,NA,0.00792872853549262,NA,6,6.94041666666667,NA,0.035,46.15,0.15,0.36125,21.8438888888889,25.345,3442.78571428571,6865.33333333333,3.11,2383.16666666667,"Summer"
"501","Confluence",1977-10-01,0.170070220286099,NA,0.0156417163148522,NA,0.0163267411474655,NA,10,7.26291666666667,NA,0.0825,44.4558823529412,0.169166666666667,0.347916666666667,18.6147058823529,15.64,4926.47058823529,4494.1935483871,8.65,2045.90322580645,"Autumn"
"502","Confluence",1978-06-01,3.37361199801199,NA,0.304387510799503,NA,0.323866751809151,NA,6,5.92615384615385,NA,0.0409090909090909,32.575,NA,0.3275,21.1109523809524,14.4590909090909,340.214285714286,12660,8.65,8945.4,"Summer"
"503","Confluence",1978-10-01,1.01178545143083,NA,0.0920759457807426,NA,0.09713140333736,NA,10,5.78875,NA,0.0471428571428571,47.515625,NA,0.200416666666667,19.23125,16.4083333333333,340.602941176471,12487.0967741935,6.67,9599.96774193548,"Autumn"
"504","Confluence",1979-05-01,1.83155160461495,NA,0.168094698774952,NA,0.175828954043035,NA,5,5.96375,0.03125,NA,33.25,NA,0.262727272727273,19,17.2704166666667,292.25,17983.8709677419,6.67,13434.7096774194,"Spring"
"505","Confluence",1979-09-01,6.13051356702571,NA,0.750951010990477,NA,0.821488817981445,NA,9,10.03875,0.0440909090909091,NA,47.4583333333333,0.143333333333333,0.1645,23.0833333333333,15.5704166666667,1756.41666666667,14566.6666666667,6.67,4971.7,"Autumn"
"506","Confluence",1980-06-01,2.30648841144963,NA,0.205005769678109,NA,0.221422887499164,NA,6,4.86038461538462,0.0427272727272727,NA,48.1538461538462,NA,0.216818181818182,20.3266666666667,14.7363636363636,207.884615384615,17813.3333333333,9.04,14790.3,"Summer"
"507","Confluence",1980-07-01,0.518384593182302,NA,0.0517573938175405,NA,0.0554671514705063,NA,7,9,0.0337291558333333,NA,44.3913043478261,NA,0.189824524615385,21.0492,16.3745833333333,202.579710144928,17725.8064516129,9.04,11065.2258064516,"Summer"
"508","Confluence",1980-08-01,0.478143768397606,NA,0.0474499930242718,NA,0.0511613832185438,NA,8,5.81941176470588,0.03235200875,NA,47.6363636363636,NA,0.143353789615385,22.8421428571429,12.0433333333333,407.863636363636,14916.1290322581,9.04,4121.67741935484,"Summer"
"509","Confluence",1980-09-01,0.151006439294643,NA,0.0138751598927038,NA,0.0144966181722857,NA,9,10.0494444444444,0.0339779496153846,NA,53.875,NA,0.113911497727273,20.4276315789474,13.0708333333333,587.921875,15886.6666666667,9.04,9803,"Autumn"
"510","Confluence",1980-10-01,0.428871664953469,NA,0.0280284156577053,NA,0.0295921448817894,NA,10,3.725,0.0466666666666667,NA,58.8030303030303,NA,0.182083333333333,17.1884375,15.8145833333333,328.757575757576,11343.5483870968,6.21,7320.83870967742,"Autumn"
"511","Confluence",1980-11-01,0.213021786817331,NA,0.00889156865219875,NA,0.00937295861996257,NA,11,2.94058823529412,0.0572727272727273,NA,54.75,0.125454545454545,0.255454545454545,14.3545787545788,20.2545454545455,476.78125,10871.6666666667,6.21,6661.8,"Autumn"
"512","Confluence",1980-12-01,0.068544452832856,NA,0.00205438100355805,NA,0.00212487803781854,NA,12,1.14529411764706,0.107272727272727,NA,43,0.123636363636364,0.417272727272727,9.15320512820513,19.9909090909091,311.96875,16687.0967741935,6.21,12486.8064516129,"Winter"
"513","Confluence",1981-01-01,0.103039454806998,NA,0.00301515799755037,NA,0.00319422309901693,NA,1,NA,0.1125,NA,54.2857142857143,0.121666666666667,0.4125,9.50709677419355,19.2333333333333,1447.21428571429,18509.6774193548,6.21,18325.2580645161,"Winter"
"514","Confluence",1981-02-01,0.164385673410442,NA,0.006068600793396,NA,0.00641104126300726,NA,2,1.72363636363636,0.126666666666667,NA,29.8571428571429,0.166666666666667,0.605,12.0520634920635,13.5666666666667,269.571428571429,24239.2857142857,6.21,21171.3928571429,"Winter"
"515","Confluence",1981-03-01,2.08390411498944,NA,0.0865714153600373,NA,0.0916917810595353,NA,3,3.46272727272727,0.12,NA,37.75,0.24,0.522083333333333,13.1677419354839,12.4141666666667,315.928571428571,24509.6774193548,6.21,26483.2580645161,"Spring"
"516","Confluence",1981-04-01,1.03152543258454,NA,0.0528521983746188,NA,0.0629230513876572,NA,4,12.2704545454545,0.0525,NA,46.6785714285714,0.1255,0.262727272727273,17.4870967741935,14.6518181818182,308.821428571429,17224.3333333333,6.21,11647.6666666667,"Spring"
"517","Confluence",1981-05-01,3.19904937902368,NA,0.255827654253345,NA,0.307108740386273,NA,5,22.23375,0.03875,NA,36.2307692307692,0.165,0.132272727272727,20.1043010752688,15.82375,577.785714285714,13780.6451612903,6.21,9142.54838709677,"Spring"
"518","Confluence",1981-06-01,6.5479038615813,NA,0.599388257394743,NA,0.785748463389755,NA,6,4.88,0.045,NA,36.1304347826087,0.18,0.239583333333333,23.2277419354839,21.7954545454545,683.108695652174,10728.6666666667,6.21,4595.8,"Summer"
"519","Confluence",1981-07-01,0.875811335344577,NA,0.0943356512364601,NA,0.105097360241349,NA,7,4.70583333333333,0.0520833333333333,NA,38.5,0.16,0.24125,23.011498655914,17.1409090909091,1259.34782608696,15303.2258064516,6.21,5305.74193548387,"Summer"
"520","Confluence",1981-08-01,0.94805748059806,NA,0.0922539620926093,NA,0.101442150423992,NA,8,NA,0.0454166666666667,NA,45.2142857142857,NA,0.2,21.9270967741935,17.0318181818182,1728.85714285714,14851.6129032258,6.21,3148.1935483871,"Summer"
"521","Confluence",1981-09-01,1.36556536665974,NA,0.135073159044337,NA,0.146115494232592,NA,9,6.66363636363636,0.0529166666666667,NA,48.1029411764706,0.18,0.1875,20.6647619047619,12.9681818181818,1300.13235294118,12803.3333333333,6.21,4695.86666666667,"Autumn"
"522","Confluence",1981-10-01,4.04282809829959,NA,0.343445517301701,NA,0.38811149743676,NA,10,4.66166666666667,0.055,NA,53.7794117647059,0.135,0.261818181818182,18.2775324675325,13.9454545454545,2067.0303030303,9895.16129032258,12.76,5213.77419354839,"Autumn"
"523","Confluence",1981-11-01,0.478312984184582,NA,0.0245807734837638,NA,0.026307214130152,NA,11,2.382,0.104166666666667,NA,51.6515151515151,0.1625,0.3825,15.31,15.6545454545455,1086.12121212121,32939.3333333333,12.76,36000.6,"Autumn"
"524","Confluence",1981-12-01,12.8500193920695,NA,0.369967906259031,NA,0.501150756290711,NA,12,0.902727272727273,0.0625,NA,40.962962962963,0.106666666666667,0.319166666666667,10.9866666666667,23.8818181818182,183.310344827586,62058.064516129,12.76,86287.3870967742,"Winter"
"525","Confluence",1982-01-01,0.628025296050584,NA,0.0182590970857892,NA,0.0194687841775681,NA,1,1.29,0.356666666666667,NA,35.8571428571429,0.225833333333333,0.759166666666667,8.02375,12.9909090909091,217.785714285714,64609.6774193548,12.76,97674.0322580645,"Winter"
"526","Confluence",1982-02-01,3.78260728914152,NA,0.151834155950149,NA,0.166434720722227,NA,2,2.42,0.243333333333333,NA,29.1428571428571,0.177,0.4125,11.0066666666667,17.72,182.928571428571,59432.1428571429,12.76,92555.1785714286,"Winter"
"527","Confluence",1982-03-01,0.813117246172742,NA,0.0294127677094574,NA,0.031711572600737,NA,3,2.085,0.128333333333333,NA,47.3928571428571,NA,0.34625,12.0938271604938,21.65,172.214285714286,62812.9032258065,12.76,80088.3870967742,"Spring"
"528","Confluence",1982-04-01,1.90532505881791,NA,0.0616271753129575,NA,0.0743076772938986,NA,4,1.852,0.07875,NA,34.3571428571429,0.152,0.265,14.267037037037,18.0363636363636,178.807692307692,76580,12.76,142192.366666667,"Spring"
"529","Confluence",1982-05-01,0.43889941930741,NA,0.0387865781027483,NA,0.0421343442535113,NA,5,5.59111111111111,0.0483333333333333,NA,58.4615384615385,0.103333333333333,0.160833333333333,19.2793650793651,25.0445454545455,154.642857142857,42358.064516129,12.76,57781.9677419355,"Spring"
"530","Confluence",1982-06-01,0.257843912008504,NA,0.0210729139638767,NA,0.0221745764327314,NA,6,17.8754166666667,0.0377272727272727,NA,47.7045454545455,0.19,0.154545454545455,20.1275595238095,14.365,173.695652173913,25810,12.76,28123,"Summer"
"531","Confluence",1982-07-01,6.70790358965392,NA,0.635613243709206,NA,0.717745684092969,NA,7,17.2258333333333,0.04,NA,45.4782608695652,NA,0.192272727272727,22.2576436781609,13.7772727272727,236.739130434783,17632.2580645161,12.76,16740.8387096774,"Summer"
"532","Confluence",1982-08-01,0.096671658626671,NA,0.0112709319954695,NA,0.0116005990352005,NA,8,13.3033333333333,0.0466666666666667,NA,41.0869565217391,NA,0.122083333333333,22.4027564102564,13.445,263.891304347826,20609.6774193548,12.76,13309.2580645161,"Summer"
"533","Confluence",1982-09-01,1.09235828306063,NA,0.125332878126912,NA,0.131082993967276,NA,9,14.2195,0.035,NA,59.6,NA,0.112083333333333,19.5059027777778,12.4195454545455,200.142857142857,24856.6666666667,12.76,25801.8333333333,"Autumn"
"534","Confluence",1982-10-01,0.204527556245256,NA,0.0152478218449262,NA,0.0157486218308847,NA,10,14.1841666666667,0.0331818181818182,NA,73.6944444444444,0.07,0.176666666666667,16.9558823529412,13.442,168.957142857143,19229.0322580645,15.29,22975.3870967742,"Autumn"
"535","Confluence",1982-11-01,1.1236166534263,NA,0.0518039211789178,NA,0.0550572160178887,NA,11,4.18166666666667,0.0516666666666667,NA,68.1944444444444,0.0933333333333333,0.225,12.5222222222222,20.8727272727273,162.583333333333,31523.3333333333,15.29,39152.3333333333,"Autumn"
"536","Confluence",1982-12-01,1.74857657630618,NA,0.0510498171475071,NA,0.0542058738654917,NA,12,1.7,0.166666666666667,NA,33.1142857142857,0.1775,0.326666666666667,9.90857142857143,19.1454545454545,186.085714285714,57706.4516129032,15.29,88908,"Winter"
"537","Confluence",1983-01-01,0.741916771953634,NA,0.0212461566272069,NA,0.0229994199305627,NA,1,1.76416666666667,0.219166666666667,NA,27.6923076923077,0.2225,0.441666666666667,9.16428571428571,15.6254545454545,190.821428571429,47512.9032258065,15.29,89761.5483870968,"Winter"
"538","Confluence",1983-02-01,3.79351465130088,NA,0.13916417924233,NA,0.147947071400734,NA,2,1.58636363636364,0.32,NA,34.8333333333333,0.2425,0.483333333333333,11.5833333333333,14.5490909090909,211.083333333333,79039.2857142857,15.29,175756.25,"Winter"
"539","Confluence",1983-03-01,0.655946025620759,NA,0.0231500224185479,NA,0.0255818949992096,NA,3,3.4225,0.470833333333333,NA,31.3571428571429,0.348333333333333,0.4,12.4428571428571,14.9083333333333,222.5,78290.3225806452,15.29,266623.161290323,"Spring"
"540","Confluence",1983-04-01,0.93114407111466,NA,0.0328736533823703,NA,0.0363146187734718,NA,4,5.46833333333333,0.0941666666666667,NA,43.7142857142857,0.304166666666667,0.56,13.3071428571429,13.4833333333333,214.5,60510,15.29,118099.733333333,"Spring"
"541","Confluence",1983-05-01,0.49267998402202,NA,0.0252529784539634,NA,0.0270973991212111,NA,5,7.23083333333333,0.1775,NA,54.2142857142857,0.32,0.348333333333333,15.2,17.0833333333333,200.142857142857,62283.8709677419,15.29,98658.8387096774,"Spring"
"542","Confluence",1983-06-01,0.542039062733246,NA,0.0475696465507798,NA,0.0520357500223916,NA,6,5.77583333333333,0.0416666666666667,NA,56.2857142857143,0.0975,0.154545454545455,20.6,18.3816666666667,126.785714285714,48380,15.29,70929.4,"Summer"
"543","Confluence",1983-07-01,1.77522655343398,NA,0.177896792832412,NA,0.189949241217435,NA,7,4.38666666666667,0.0341666666666667,NA,56.0797101449275,0.0766666666666667,0.144166666666667,21.5042753623188,16.0916666666667,124.449275362319,31000,15.29,43759.1935483871,"Summer"
"544","Confluence",1983-09-01,0.163304263720968,NA,0.0149683000873202,NA,0.015677209317213,NA,9,17.2516666666667,0.0408333333333333,NA,65,0.0875,0.230909090909091,20.8918918918919,14.3583333333333,174.783783783784,24616.6666666667,15.29,31441.5666666667,"Autumn"
"545","Confluence",1983-11-01,1.06908470462966,NA,0.0705730892069553,NA,0.0758379946129873,NA,11,1.641,0.052,NA,59.6285714285714,0.093,0.263,14.4885714285714,12.89,166.942857142857,48820,10,74137.1333333333,"Autumn"
"546","Confluence",1983-12-01,0.69104441229189,NA,0.0227478543294623,NA,0.0241865544302161,NA,12,0.547777777777778,0.065,NA,39.52,0.114,0.38,10.616,14.22,185.6,74512.9032258065,10,154586.870967742,"Winter"
"547","Confluence",1984-01-01,0.183350786132832,NA,0.00530414104846697,NA,0.0056838743701178,NA,1,2.008,0.072,NA,42.6666666666667,0.104,0.384,9.46666666666667,13.89,210.166666666667,56803.2258064516,10,100905.806451613,"Winter"
"548","Confluence",1984-02-01,0.791148732501951,NA,0.025638136041505,NA,0.0276902056375683,NA,2,1.78444444444444,0.084,NA,77.9166666666667,0.074,0.427,10.9833333333333,12.49,247.583333333333,32372.4137931034,10,41515.4482758621,"Winter"
"549","Confluence",1984-03-01,2.85423186720651,NA,0.129753187568493,NA,0.139857361493119,NA,3,2.05777777777778,0.054,NA,73.25,0.087,0.288,13.5166666666667,11.26,221.333333333333,31425.8064516129,10,34915.5161290323,"Spring"
"550","Confluence",1984-04-01,1.3169493407243,NA,0.0671012833896216,NA,0.0724322137398367,NA,4,2.903,0.053,NA,72.5,0.085,0.22,14.9666666666667,12.58,186.916666666667,17933.3333333333,10,14637.1333333333,"Spring"
"551","Confluence",1984-05-01,34.0651949520975,NA,2.19907172060482,NA,2.62302001131151,NA,5,7.719,0.031,NA,49.3333333333333,0.102,0.235,18.25,20.25,404.666666666667,15406.4516129032,10,11092.7741935484,"Spring"
"552","Confluence",1984-06-01,4.6628223798146,NA,0.40364602454712,NA,0.447630948462201,NA,6,14.852,0.025,NA,42.75,0.107,0.167,20.3666666666667,15.75,460.5,14990,10,7925,"Summer"
"553","Confluence",1984-07-01,6.0124018810247,NA,0.72903410542454,NA,0.80566185205731,NA,7,2.966,0.035,NA,50.8095238095238,NA,0.175,23.857380952381,13.64,384.047619047619,21632.2580645161,10,10127.4193548387,"Summer"
"554","Confluence",1984-08-01,2.85463600331203,NA,0.354943778182096,NA,0.382521224443812,NA,8,10.289,0.04,NA,58.3333333333333,NA,0.09,23.9416666666667,12.365,371.125,18783.8709677419,10,8178.61290322581,"Summer"
"555","Confluence",1984-09-01,11.4029104797545,NA,1.34625834372707,NA,1.5279900042871,NA,9,12.1035,0.0409140904545455,NA,82.75,NA,0.0841187204166667,22.5051282051282,13.934,272.371428571429,17693.3333333333,10,13586.2333333333,"Autumn"
"556","Confluence",1984-10-01,28.6376727822789,NA,1.94280012551087,NA,2.46283985927599,NA,10,9.587,0.0369273505555556,NA,65.2758620689655,0.105,0.143351671363636,16.8628571428571,12.709,231.678571428571,13235.4838709677,6.47,11899.3225806452,"Autumn"
"557","Confluence",1984-11-01,0.303646839508391,NA,0.0178390786029373,NA,0.0185224572100119,NA,11,16.595,0.05720484625,NA,71.7692307692308,0.118,0.244291362307692,13.7969696969697,11.684,336.615384615385,26280,6.47,25952.7333333333,"Autumn"
"558","Confluence",1984-12-01,2.34807977461992,NA,0.0684780231692324,NA,0.0727904730132174,NA,12,1.30333333333333,0.084,NA,42.0689655172414,0.107,0.398,9.79310344827586,12.771,215.103448275862,32558.064516129,6.47,31066.3225806452,"Winter"
"559","Confluence",1985-01-01,19.4060439464414,NA,0.512829722470016,NA,0.601587362339684,NA,1,1.39111111111111,0.104545454545455,NA,88.6923076923077,0.0972727272727273,0.496363636363636,8.06923076923077,11.0390909090909,286.538461538462,16790.3225806452,6.47,15120.2258064516,"Winter"
"560","Confluence",1985-02-01,34.6444808516605,NA,0.731233240629169,NA,1.07397890640147,NA,2,2.38363636363636,0.125454545454545,NA,72.2307692307692,0.136363636363636,0.464545454545455,9.34615384615385,15.0818181818182,272.384615384615,18271.4285714286,6.47,15589.9285714286,"Winter"
"561","Confluence",1985-03-01,0.788264681523567,NA,0.0286446946511656,NA,0.0307423225794191,NA,3,2.93318181818182,0.1075,NA,88.8846153846154,0.108888888888889,0.3515,12.5,13.4845454545455,503.153846153846,14309.6774193548,6.47,10409.8064516129,"Spring"
"562","Confluence",1985-04-01,1.67997516545243,NA,0.0944376006973564,NA,0.102478485092598,NA,4,4.571,0.0759090909090909,NA,79.0769230769231,NA,0.297272727272727,16.1615384615385,14.305,473.75,12495.3333333333,6.47,6846.1,"Spring"
"563","Confluence",1985-05-01,11.3914110470195,NA,0.761373092575644,NA,0.877138650620499,NA,5,21.6481818181818,0.04,NA,52,NA,0.138888888888889,18.4230769230769,17.4965,615.269230769231,13432.2580645161,6.47,7290.67741935484,"Spring"
"564","Confluence",1985-06-01,0.720499880213834,NA,0.0773870568444295,NA,0.0864599856256601,NA,6,5.25727272727273,0.047,NA,46.4772727272727,NA,0.197272727272727,21.8263636363636,15.7045454545455,676.590909090909,13310,6.47,5113.33333333333,"Summer"
"565","Confluence",1985-08-01,11.2592472884693,NA,0.927144989805446,NA,1.08088773969305,NA,8,8.34045454545454,0.0442857142857143,NA,63.3846153846154,NA,0.13,21.7230769230769,18.8409090909091,1445.70833333333,13448.3870967742,6.47,2248.48387096774,"Summer"
"566","Confluence",1985-10-01,7.66714410630194,NA,0.583780858439033,NA,0.708859478681119,NA,10,5.504,0.052,NA,69.7571428571429,NA,0.171818181818182,17.5214285714286,11.2625,1807.45714285714,9710.64516129032,9.96,3365.54838709677,"Autumn"
"567","Confluence",1985-12-01,3.16321478137041,NA,0.0934193066527988,NA,0.10042660377668,NA,12,1.357,0.169090909090909,NA,63.6551724137931,0.139090909090909,0.39,9.93103448275862,18.8,1394.86206896552,16106.4516129032,9.96,9430.16129032258,"Winter"
"568","Confluence",1986-01-01,0.775760244697578,NA,0.0228872795339455,NA,0.0240485675856249,NA,1,0.68,0.185454545454545,NA,76.1666666666667,0.156363636363636,0.487272727272727,9.45384615384615,17.4,2347.76923076923,19964.5161290323,9.96,15208.8387096774,"Winter"
"569","Confluence",1986-02-01,1.24796421469231,NA,0.0406649123667379,NA,0.0436787475142309,NA,2,0.771111111111111,0.101818181818182,NA,46.3846153846154,0.153636363636364,0.487272727272727,11.2076923076923,13.2,307.230769230769,68892.8571428571,9.96,205414.107142857,"Winter"
"570","Confluence",1986-03-01,1.63470029180974,NA,0.0592922892916701,NA,0.0637533113805799,NA,3,1.04666666666667,0.0727272727272727,NA,38.1538461538462,0.149090909090909,0.273636363636364,14.2846153846154,11.5272727272727,193.653846153846,74983.8709677419,9.96,169447.483870968,"Spring"
"571","Confluence",1986-04-01,7.03481546046539,NA,0.372891267022167,NA,0.429123743088389,NA,4,3.102,0.0636363636363636,NA,50.1818181818182,0.1,0.242727272727273,16.1818181818182,13.2636363636364,193.545454545455,25826.6666666667,9.96,46539.0666666667,"Spring"
"572","Confluence",1986-05-01,9.1984540718096,NA,0.706635820992775,NA,0.791067050175625,NA,5,11.2011111111111,0.0495454545454545,NA,42.5384615384615,0.118636363636364,0.352272727272727,18.7692307692308,17.3590909090909,230.5,12761.2903225806,9.96,15810.1290322581,"Spring"
"573","Confluence",1986-06-01,6.38817188081158,NA,0.769936980538723,NA,0.856015032028751,NA,6,23.1145454545455,0.0516666666666667,NA,35.3636363636364,0.155,0.224545454545455,21.0609090909091,14.7236363636364,246.340909090909,11820,9.96,9222.7,"Summer"
"574","Confluence",1986-07-01,7.7413276458999,NA,0.742038101866156,NA,0.828322058111289,NA,7,13.3468181818182,0.0421428571428571,NA,40.0909090909091,0.1225,0.164090909090909,22.5581818181818,12.795,364.704545454545,16880.6451612903,9.96,7292.90322580645,"Summer"
"575","Confluence",1986-08-01,33.5472143174593,NA,2.33194015829835,NA,3.22053257447609,NA,8,10.9959090909091,0.0315,NA,37.0384615384615,NA,0.131363636363636,21.9769230769231,16.1363636363636,566.269230769231,15112.9032258065,9.96,5054.25806451613,"Summer"
"576","Confluence",1986-09-01,1.70756283979243,NA,0.137477503085418,NA,0.146850404222149,NA,9,3.235,0.0345454545454545,NA,34.0428571428571,NA,0.203181818181818,19.7057142857143,19.4235,434.571428571429,18140,9.96,10725.9333333333,"Autumn"
"577","Confluence",1986-10-01,0.980214164324507,NA,0.063941713344541,NA,0.067634777338391,NA,10,4.22272727272727,0.0372727272727273,NA,45.4571428571429,0.115454545454545,0.249090909090909,17.3371428571429,14.241,309.314285714286,15445.1612903226,5.86,10608.4193548387,"Autumn"
"578","Confluence",1986-11-01,10.0160694714329,NA,0.427853142195282,NA,0.490787404100214,NA,11,1.27818181818182,0.0790909090909091,NA,51.5428571428571,0.139090909090909,0.21,14.1171428571429,14.63,482.857142857143,12680,5.86,7731.66666666667,"Autumn"
"579","Confluence",1987-01-01,1.97383350368459,NA,0.0602630680690105,NA,0.0611888386142222,NA,1,1.06,0.15,NA,77.8,0.125,0.38,8.9,14.925,670.9,13170.9677419355,5.86,10818.1612903226,"Winter"
"580","Confluence",1987-02-01,51.7555796435244,NA,1.09560097271806,NA,2.01846760609745,NA,2,1.51545454545455,0.129090909090909,NA,63.6666666666667,0.127272727272727,0.461818181818182,11,16.29,936.769230769231,17403.5714285714,5.86,16859.1428571429,"Winter"
"581","Confluence",1987-03-01,1.94311290446734,NA,0.08176764367397,NA,0.0854969677965631,NA,3,1.377,0.138181818181818,NA,59.0769230769231,0.152727272727273,0.514545454545455,12.8307692307692,23.041,342.615384615385,21577.4193548387,5.86,22915.9677419355,"Spring"
"582","Confluence",1987-04-01,2.02942226906115,NA,0.159736608358058,NA,0.174530315139259,NA,4,5.74090909090909,0.0715,NA,58.4615384615385,NA,0.46,17.7461538461538,21.105,621.461538461538,11826.3333333333,5.86,6212.23333333333,"Spring"
"583","Confluence",1987-05-01,0,NA,0,NA,0,NA,5,NA,0.0444444444444444,NA,56.6923076923077,NA,0.235,21.4307692307692,16.92,1394.80769230769,9996.12903225806,5.86,4845.03225806452,"Spring"
"584","Confluence",1987-06-01,0.267593905671006,0.213927064851079,0.0238380228729226,0.0832866557444603,0.0256890149444166,0.0855708259404316,6,5.08045454545455,0.0409090909090909,NA,48.8409090909091,0.15,0.326818181818182,20.8468181818182,18.505,1430.68181818182,10067.3333333333,5.86,3382.16666666667,"Summer"
"585","Confluence",1987-07-01,3.94080508044872,0.125083994448188,0.393039613077372,0.0448109399428367,0.421666143608013,0.0472256978511987,7,3.62136363636364,0.0513636363636364,NA,44.4318181818182,NA,0.315909090909091,20.9636363636364,17.195,1538.97727272727,15141.935483871,5.86,3723.83870967742,"Summer"
"586","Confluence",1987-08-01,1.60245207439777,0.476178150035792,0.160068237308647,0.172623171253565,0.171462371960562,0.18619358520946,8,3.6745,0.0409090909090909,NA,51.0769230769231,NA,0.236363636363636,22.5,20.275,2102.26923076923,14438.7096774194,5.86,2772.12903225806,"Summer"
"587","Confluence",1987-09-01,0.660144529143069,0.287714864660445,0.0751167730380211,0.10938405706236,0.0792173434971683,0.116258244946894,9,6.93272727272727,0.0488888888888889,NA,58.7142857142857,NA,0.195909090909091,20.3828571428571,16.09,1756.54285714286,11625,5.86,1737.36666666667,"Autumn"
"588","Confluence",1987-10-01,20.7282545672817,0.378979080314977,1.21353912390264,0.152327522686361,1.78262989278623,0.161957102345945,10,NA,0.0659090909090909,NA,71.2777777777778,NA,0.306363636363636,19.3777777777778,14.6611111111111,2644.29166666667,9509.03225806452,4.65,3761.25806451613,"Autumn"
"589","Confluence",1987-11-01,2.59483428544454,0.990320535723058,0.181285214325446,0.350920678634166,0.19980223997923,0.376422951164312,11,1.88954545454545,0.0845454545454545,NA,80.8939393939394,0.145,0.414545454545455,15.4444444444444,21.095,2529.29166666667,8129.33333333333,4.65,4291.03333333333,"Autumn"
"590","Confluence",1987-12-01,1.43709812538337,1.64876844817634,0.0596208629252941,0.469812146345903,0.0632323175168684,0.50335925265219,12,1.10818181818182,0.109090909090909,NA,53.7647058823529,0.15,0.486363636363636,10.1138888888889,17.52,2250.47222222222,15743.8709677419,4.65,9454.09677419355,"Winter"
"591","Confluence",1988-01-01,7.13754718941732,5.17345926525405,0.185587245299792,1.20239083039356,0.221263962871937,1.32879194744444,1,0.953636363636364,0.116363636363636,NA,32.3846153846154,0.149090909090909,0.371818181818182,8.32307692307692,15.47,1053.46153846154,25400,4.65,19590.7096774194,"Winter"
"592","Confluence",1988-02-01,2.47836629538908,6.46928344518181,0.0984721217347124,1.46970956677225,0.109048116997119,1.59329107541797,2,1.64,0.134545454545455,NA,61.4615384615385,0.136363636363636,0.472727272727273,12.0846153846154,16.98,2386.23076923077,12187.9310344828,4.65,3039.31034482759,"Winter"
"593","Confluence",1988-03-01,21.0004272228971,NA,0.910088502628262,NA,1.15502349725934,NA,3,3.28454545454545,0.0959090909090909,NA,68.5,NA,0.435909090909091,14.7538461538462,20.6944444444444,3156.46153846154,11348.3870967742,4.65,4480.64516129032,"Spring"
"594","Confluence",1988-04-01,0.517006529558829,1.75346106640991,0.0249704091317226,0.611111057387107,0.0284353591257356,0.645597502709814,4,8.75227272727273,0.0604545454545455,NA,63.2307692307692,NA,0.245454545454545,17.9,23.015,1160.96153846154,16886.6666666667,4.65,11417.4333333333,"Spring"
"595","Confluence",1988-05-01,17.6216405638104,1.05060185043896,1.20312289984811,0.362419940840384,1.5154610884877,0.37184742283551,5,10.6142857142857,0.0536363636363636,NA,50.1538461538462,NA,0.226818181818182,18.6913333333333,17.325,1118.15384615385,10973.8709677419,4.65,4658.64516129032,"Spring"
"596","Confluence",1988-06-01,1.9460858897684,1.76864778142711,0.151679550056884,0.27930247559764,0.167363386520082,0.289624342659808,6,10.77,0.0571428571428571,NA,40.6363636363636,0.158,0.283181818181818,20.6855555555556,14.4065,1443.76315789474,10578.3333333333,4.65,3082.06666666667,"Summer"
"597","Confluence",1988-07-01,0.0950174642389949,0.168525004681475,0.0109690723031211,0.058353673229053,0.0114020957086794,0.0596553454547431,7,2.775,0.0395454545454545,NA,45.4090909090909,NA,0.281363636363636,23.0422916666667,20.8227272727273,2056.22727272727,14641.935483871,4.65,3731.64516129032,"Summer"
"598","Confluence",1988-08-01,6.16902169388837,0.0835183249648123,0.608416214351093,0.0307855152085435,0.660085321246055,0.0316241961756849,8,3.20607142857143,0.045,NA,48.2045454545455,NA,0.197272727272727,21.9998,21.6440909090909,1827.77272727273,13287.0967741935,4.65,2304.87096774194,"Summer"
"599","Confluence",1988-09-01,8.8397116865611,2.52359083392371,0.836653256864911,0.957193456240391,0.945849150462038,1.00114357411037,9,2.19142857142857,0.0495454545454545,NA,64.0833333333333,NA,0.235454545454545,19.80275,11.77,1740.48611111111,11536.6666666667,4.65,2250.93333333333,"Autumn"
"600","Confluence",1988-10-01,5.68484457181564,1.15075594733682,0.419514095452459,0.42303428970695,0.488896633176145,0.460898219004543,10,2.026,0.064668494,NA,67.0972222222222,0.15,0.281882588666667,18.8385365853659,15.2616666666667,2195.02777777778,9314.1935483871,6.13,3141.64516129032,"Autumn"
"601","Confluence",1988-11-01,2.28264942753695,2.53834677378196,0.14664187157153,0.855355432486908,0.15750281050005,0.90975346780908,11,1.73090909090909,0.0787079192857143,NA,79.4166666666667,0.145454545454545,0.412789228928571,15.5613157894737,26.83,2497,11355.6666666667,6.13,6619.3,"Autumn"
"602","Confluence",1988-12-01,2.65876679440492,5.2177880953073,0.0914944044572076,1.79782258107742,0.103691904981792,2.08170787267041,12,1.02888888888889,0.135454545454545,NA,58.2,0.191818181818182,0.498181818181818,11.44,19.86,3330.07142857143,12387.7419354839,6.13,7230.93548387097,"Winter"
"603","Confluence",1989-01-01,7.58667332817697,0.947288827119227,0.203061016382053,0.230298201249274,0.235186873173486,0.240561846972982,1,0.915714285714286,0.164545454545455,NA,61.8181818181818,0.17,0.474545454545455,7.969375,14.49,2796.92307692308,12825.1612903226,6.13,3603.8064516129,"Winter"
"604","Confluence",1989-02-01,2.3616031033181,2.76934927697709,0.0675731905248012,0.68587085401554,0.0732096962028611,0.748743408993314,2,1.55833333333333,0.138331080769231,NA,80.7692307692308,0.152727272727273,0.446343545384615,9.675625,12.01,5267.69230769231,12057.1428571429,6.13,6378.53571428571,"Winter"
"605","Confluence",1989-03-01,NA,0,NA,0,NA,0,3,1.46769230769231,0.0618181818181818,NA,45.3846153846154,0.100909090909091,0.24,13.38625,13.8222222222222,1279.61538461538,43374.1935483871,6.13,38928.3225806452,"Spring"
"606","Confluence",1989-05-01,0.200615593937073,0.361262308640844,0.0148427303198828,0.123576942469385,0.0154474007331546,0.126741938850124,5,9.01642857142857,0.1,NA,46.0769230769231,NA,0.222272727272727,18.9375,11.2,598.884615384615,13799.3548387097,6.13,7378.61290322581,"Spring"
"607","Confluence",1989-06-01,44.3064947255904,3.59586371407947,2.26445148431423,1.38962114903014,3.81035854640077,1.43834548563179,6,6.81571428571429,0.0534142185259153,NA,39.75,NA,0.228012920714286,20.2572,13.755,684.840909090909,13286.6666666667,6.13,6155.73333333333,"Summer"
"608","Confluence",1989-07-01,19.6736219096934,1.61941845668934,1.66998916157888,0.439886975249488,2.10507754433719,0.45224253981292,7,3.22214285714286,0.0436363636363636,NA,49.9545454545455,NA,0.206363636363636,22.2968,15.49,837.977272727273,18767.7419354839,6.13,6162.61290322581,"Summer"
"609","Confluence",1989-08-01,5.08274199456771,1.08013916746924,0.571446250081177,0.4223106321124,0.609929039348125,0.43348654339804,8,3.295,0.0568922141820276,NA,59.7692307692308,NA,0.155680753333333,21.7778571428571,14.1385,710.461538461538,18319.3548387097,6.13,4468.54838709677,"Summer"
"610","Confluence",1989-09-01,0.878700760795899,0.143103591917631,0.0798496216866088,0.10637375754244,0.0843552730364063,0.108833840736679,9,5.597,0.0713636363636364,NA,63.9117647058824,NA,0.205909090909091,19.8029411764706,14.63,1090.45588235294,16463.3333333333,6.13,6445.96666666667,"Autumn"
"611","Confluence",1989-10-01,0.0394150535253853,0.457055349068193,0.003299032769201,0.00510940581076778,0.00338969460318314,0.00515724739082647,10,3.13923076923077,0.0727862092857143,NA,67.4411764705882,NA,0.32421709,19.4240540540541,29.9645,1165.98529411765,14274.1935483871,4.81,4887.45161290323,"Autumn"
"612","Confluence",1989-11-01,0,0,0,0,0,0,11,2.72272727272727,0.0991100915413435,NA,74.6666666666667,0.103636363636364,0.333636363636364,15.1424242424242,32.71,1878.12121212121,14830,4.81,5477.8,"Autumn"
"613","Confluence",1989-12-01,0,0,0,0,0,0,12,1.96076923076923,0.15774136,NA,92.6060606060606,0.107272727272727,0.278186575,11.2283333333333,19.8,1954.48484848485,15396.7741935484,4.81,4399.16129032258,"Winter"
"614","Confluence",1990-01-01,3.08553612120968,1.34123008716025,0.0898943084554003,0.353220859250473,0.0956516197575001,0.364775376130119,1,2.92166666666667,0.122727272727273,NA,50.4615384615385,0.125454545454545,0.301818181818182,9.82,21.99,1171.15384615385,18909.6774193548,4.81,9885.74193548387,"Winter"
"615","Confluence",1990-02-01,1.76958000822028,0.575767310417598,0.0648145337943613,0.177094771543722,0.0690136203205911,0.180844183124159,2,1.9825,0.18334416,NA,53.3636363636364,0.166363636363636,0.456407105714286,9.57071428571428,34.6888888888889,1569.63636363636,13803.5714285714,4.81,6787.57142857143,"Winter"
"616","Confluence",1990-03-01,1.17076661770222,0.209422831280389,0.0621674636014932,0.0829458550946479,0.0643921639736223,0.0845157991788223,3,2.87818181818182,0.119090909090909,NA,76.4615384615385,0.163636363636364,0.419090909090909,14.4615384615385,27.55,2389.38461538462,12867.7419354839,4.81,3813.12903225806,"Spring"
"617","Confluence",1990-04-01,4.22411199078389,0.820999556699866,0.271081448123895,0.0518819099051376,0.291463727364088,0.0526189733239356,4,3.59892857142857,0.103885147857143,NA,68.5769230769231,0.11,0.339679468571429,17.25625,16.4455,3112.03846153846,15271.3333333333,4.81,5922.76666666667,"Spring"
"618","Confluence",1990-05-01,9.38429916086193,0.367697023560895,0.7506277893196,0.145077616069107,0.807049727834126,0.147078809424358,5,4.74928571428571,0.0927052840035622,NA,47.4615384615385,NA,0.400207193846154,19.076875,14.4261111111111,2040.5,10402.2580645161,4.81,7700.16129032258,"Spring"
"619","Confluence",1990-06-01,13.8890381736165,1.26530641996967,1.29921374584169,0.488363248198594,1.48612708457697,0.505335035274699,6,2.13166666666667,0.0486363636363636,NA,50.9523809523809,NA,0.449545454545455,21.8582608695652,19.913,1697.02272727273,10518.6666666667,4.81,4846.43333333333,"Summer"
"620","Confluence",1990-07-01,24.2872235165338,0.617870613099526,2.43240914815538,0.24083411620532,2.91446682198406,0.248117172823724,7,3.17269230769231,0.0472030049918184,NA,53.4090909090909,NA,0.327919657857143,22.7864,26.465,1584.77272727273,13506.4516129032,4.81,3965.83870967742,"Summer"
"621","Confluence",1990-08-01,2.46905067811407,0.110481861621003,0.279661894210505,0.0320113333258483,0.296286081373689,0.0325896856614244,8,2.81428571428571,0.0347651416520503,NA,57.6153846153846,NA,0.244090909090909,22.8,33.685,1387.69230769231,13838.7096774194,4.81,4460.87096774194,"Summer"
"622","Confluence",1990-09-01,5.23669826702047,0.968423288386206,0.511939506935953,0.165196536533097,0.56032671457119,0.172427415768194,9,2.82863636363636,0.077,NA,63.0285714285714,NA,0.245,21.2857142857143,28.1545454545455,1316.6,10029.3333333333,4.81,2450.16666666667,"Autumn"
"623","Confluence",1990-10-01,7.48708850189343,1.88881420415525,0.524568752637266,0.863960929002416,0.576505814645794,0.947502096788747,10,2.86090909090909,0.0611757507710718,NA,79.5833333333333,0.129,0.381818181818182,19.2416666666667,26.5254545454545,2727.19444444444,7620.32258064516,4.21,3405.09677419355,"Autumn"
"624","Confluence",1990-11-01,1.26621279645227,7.44423237291353,0.0588052773800095,2.36896659851686,0.0620444270261612,2.66913881933947,11,1.29727272727273,0.0663636363636364,NA,83.6470588235294,0.143333333333333,0.415454545454545,13.5529411764706,18.9272727272727,2297.36363636364,7722.66666666667,4.21,4494.93333333333,"Autumn"
"625","Confluence",1990-12-01,3.67938579576964,6.80568253639524,0.117620609559972,2.35462089541661,0.128778502851937,2.66219619311852,12,1.31785714285714,0.135454545454545,NA,101.205882352941,0.169090909090909,0.422727272727273,10.037027027027,19.4545454545455,3553.97058823529,10818.3870967742,4.21,6383.45161290323,"Winter"
"626","Confluence",1991-01-01,3.86447600047016,5.07605787609929,0.109628017745886,1.35628448920534,0.119798756014575,1.48618785250764,1,2.58923076923077,0.197272727272727,NA,94.4523809523809,0.138181818181818,0.375454545454545,7.64,17.0145454545455,2572.11627906977,8983.87096774194,4.21,3972.93548387097,"Winter"
"627","Confluence",1991-02-01,3.50671572063832,7.79370731565025,0.141496593102569,2.6869561973014,0.154295491708086,3.0899884646663,2,6.71357142857143,0.205745716428571,NA,81.2432432432432,0.158181818181818,0.540035351428571,10.5978048780488,26.3363636363636,2598.44736842105,8133.21428571429,4.21,7361.46428571429,"Winter"
"628","Confluence",1991-03-01,5.56997826918791,3.09939517582079,0.226112563791741,1.16127439138659,0.245079043844268,1.23557318449114,3,1.90178571428571,0.197182867142857,NA,43.6744186046512,NA,0.721189124285714,12.3274468085106,24.2222222222222,1262.16279069767,25754.8387096774,4.21,24579.3870967742,"Spring"
"629","Confluence",1991-04-01,3.03938177938886,26.2724330212919,0.154176364230409,5.824282075542,0.167165997866387,6.74056123792095,4,1.95576923076923,0.14620434,NA,39.1176470588235,NA,0.596648475714286,14.881,24.69,783.117647058824,10879,4.21,3701.4,"Spring"
"630","Confluence",1991-05-01,3.64139052156658,5.63831049227434,0.240427901668159,1.29711561027876,0.251255945988094,3.38484232748407,5,5.56692307692308,0.0802866041191473,NA,48.7647058823529,NA,0.517272727272727,17.4868421052632,24.9611111111111,2225.44117647059,7331.93548387097,4.21,3862.03225806452,"Spring"
"631","Confluence",1991-06-01,13.6235432911255,10.5251084203552,0.972171281630987,3.57323344954092,1.17162472303679,4.07087901852581,6,2.43307692307692,0.101227567857143,NA,47.2173913043478,NA,0.448943556428571,20.6741379310345,23.585,1956.65384615385,8929.66666666667,4.21,4002.23333333333,"Summer"
"632","Confluence",1991-07-01,2.11068396358853,8.84333987734328,0.21361704348686,3.22693367839274,0.225843184103973,3.52298450440455,7,2.10863636363636,0.0581818181818182,NA,47.6133333333333,0.187,0.415454545454545,21.9532051282051,21.5555555555556,2022.94,9514.1935483871,4.21,3318.48387096774,"Summer"
"633","Confluence",1991-08-01,3.52406482362918,10.8610720973796,0.347564379488428,3.73990000883819,0.377074936128323,4.31743672381937,8,2.81214285714286,0.0782802092857143,NA,46.0588235294118,NA,0.356777652142857,21.756,35.31,1762.73529411765,9514.83870967742,4.21,2557.64516129032,"Summer"
"634","Confluence",1991-09-01,8.09188364322009,36.8265861274892,0.75232285224018,11.8982050868231,0.86583154982455,14.7116736415639,9,4.19571428571429,0.0792211552512493,NA,55.3255813953488,NA,0.305,21.3668085106383,24.47,2327.18181818182,9948,4.21,3760.93333333333,"Autumn"
"635","Confluence",1991-10-01,2.32350292219349,1.02584080598888,0.238005595568685,0.392311585525537,0.248614812674703,0.444731665683729,10,1.99,0.0568181818181818,NA,74.1363636363636,NA,0.331818181818182,20.8545454545455,19.165,1285.76136363636,9398.06451612903,4.06,3909.09677419355,"Autumn"
"636","Confluence",1991-11-01,1.50576973461379,1.65994560542416,0.0852468849860015,0.62219372818598,0.0918519538114414,0.653335331371415,11,1.29142857142857,0.0936363636363636,NA,95.3714285714286,0.143636363636364,0.500909090909091,14.2812195121951,20.93,2431.02631578947,6958.33333333333,4.06,3909.33333333333,"Autumn"
"637","Confluence",1991-12-01,15.7425009248159,4.8315188928401,0.393657359421937,1.21195131393025,0.488017528669292,1.30480715559342,12,1.12071428571429,0.158260907142857,NA,114.27027027027,0.145454545454545,0.433537457857143,9.58439024390244,18.93,2167.36842105263,9259.35483870968,4.06,7622.51612903226,"Winter"
"638","Confluence",1992-01-01,4.67716883944331,13.9212455081663,0.124164517330949,3.00056279044565,0.144992234022742,3.3199866090726,1,0.887692307692308,0.189152421428571,NA,95.0789473684211,0.142727272727273,0.405854330714286,8.59,15.663,1698.18421052632,10440.9677419355,4.06,6413.38709677419,"Winter"
"639","Confluence",1992-02-01,2.74637506903522,2.11603517049069,0.12332962039023,0.802873746933364,0.134572378382726,0.985819047958213,2,1.00384615384615,0.151904870714286,NA,85.1555555555556,0.178181818181818,0.761379588214286,10.2323958333333,19.41,1379.13333333333,26061.3793103448,4.06,28758.8275862069,"Winter"
"640","Confluence",1992-03-01,31.1100063063634,33.9430584578851,1.23032458953706,11.2287709776945,1.71105034684999,13.593328417367,3,1.13678571428571,0.133928561428571,NA,51.8837209302326,NA,0.556035670714286,14.9186956521739,21.435,324.431818181818,20335.4838709677,4.06,13282.6774193548,"Spring"
"641","Confluence",1992-04-01,4.33951411478075,4.02211870585039,0.280870637972375,1.5075993491011,0.299426473919872,1.59844706594489,4,3.72571428571429,0.111748935980203,NA,51.0588235294118,NA,0.444010197857143,17.777,15.7738888888889,604.735294117647,9448.33333333333,4.06,6258.43333333333,"Spring"
"642","Confluence",1992-05-01,3.10972981002167,19.4613931502684,0.310690358043412,6.69680280654771,0.332741089672319,7.69263737913244,5,15.9311538461538,0.0340746303394818,NA,40.0588235294118,NA,0.321818181818182,20.893,19.376,2133.41176470588,6413.87096774194,4.06,3254.58064516129,"Spring"
"643","Confluence",1992-06-01,0.523554383917813,15.9197017348763,0.054212221609097,5.35049410812059,0.0560203190792059,6.03579828281264,6,4.18107142857143,0.0651672235714286,NA,45.8823529411765,NA,0.365452524285714,21.8160416666667,24.8515,2535.86363636364,8510,4.06,3426,"Summer"
"644","Confluence",1992-07-01,1.30155177269069,9.63171593248951,0.149228866818374,3.54311009652518,0.156186212722883,3.61988965717544,7,2.25583333333333,0.0461765308442672,NA,53.8076923076923,NA,0.372671320769231,22.4196428571429,22.872,1987.51923076923,8308.70967741935,4.06,2982.74193548387,"Summer"
"645","Confluence",1992-08-01,2.7126161612642,6.53851872774972,0.300669228081258,2.40730574272402,0.325513939351704,2.87325402366485,8,2.3525,0.0311264217311107,NA,55.4117647058824,NA,0.313114042307692,22.9016666666667,28.227,2815.5625,8717.74193548387,4.06,2824.45161290323,"Summer"
"646","Confluence",1992-09-01,1.44321381081432,4.72806382671277,0.131611385330021,1.67531212385237,0.138548525838175,1.74282626369348,9,1.84607142857143,0.0511896572905429,NA,65.4545454545455,NA,0.333090987857143,20.8078723404255,20.8465,2405.04545454545,9815,4.06,3366.06666666667,"Autumn"
"647","Confluence",1992-10-01,4.52253930649494,18.4012581011033,0.442753892784315,6.14788825731434,0.483911705794959,7.32747739674553,10,1.92272727272727,0.0475672323940406,NA,81.1666666666667,NA,0.373181818181818,20.2813953488372,20.775,1994.36904761905,6645.16129032258,8.54,4350.48387096774,"Autumn"
"648","Confluence",1992-11-01,0.0377797792942994,9.81794297544872,0.00285106078187786,3.61829641685532,0.00290904300566106,4.00877756034044,11,1.17928571428571,0.0834092,NA,87.2631578947368,0.141818181818182,0.446301337857143,16.8948780487805,22.2727272727273,1512.21052631579,6380,8.54,4125.83333333333,"Autumn"
"649","Confluence",1992-12-01,7.37295131136704,34.5892067242916,0.302064818770829,11.2443518391568,0.32440985770015,13.6900352481814,12,0.850714285714286,0.123363074419762,NA,89.0526315789474,0.140909090909091,0.546106950714286,10.7575609756098,17.6872727272727,2772.5,12440.3225806452,8.54,11602.7419354839,"Winter"
"650","Confluence",1993-01-01,5.84920126408801,23.8073599647486,0.152536720612237,4.42424255764054,0.181325239186728,3.421147449678,1,0.944285714285714,0.147956475,NA,21.7368421052632,0.257272727272727,0.951108035,7.76829268292683,20.08,284.052631578947,48261.2903225806,8.54,57885.8709677419,"Winter"
"651","Confluence",1993-02-01,7.71103570019837,2.73398811288743,0.234501219155533,0.913797985150291,0.269886249506943,2.59348031911461,2,1.38153846153846,0.139383259285714,NA,19,0.187272727272727,0.630437343571429,10.211914893617,19.8272727272727,260.372093023256,48596.4285714286,8.54,55021.6428571429,"Winter"
"652","Confluence",1993-03-01,4.79160938387283,34.3165813121336,0.307126530484613,1.70229552709932,0.330621047487225,1.67563565487539,3,1.66307692307692,0.0894443635714286,NA,49.9090909090909,0.145454545454545,0.485216887142857,14.5782978723404,22.8272727272727,284.372093023256,49338.7096774194,8.54,63968.6129032258,"Spring"
"653","Confluence",1993-04-01,0.81848695064044,29.2324293033519,0.0423146185510267,9.579400936645,0.0450167822852242,11.2232601191559,4,2.86785714285714,0.058962003186612,NA,59.8333333333333,0.0709090909090909,0.226741216428571,14.4684444444444,19.6272727272727,190.809523809524,43213.3333333333,8.54,44295.9333333333,"Spring"
"654","Confluence",1993-05-01,1.13350970146085,23.9364653544797,0.0836647552659441,8.00312004125504,0.0872802470124858,9.22094823652795,5,29.38,0.0232174476183189,NA,56.7272727272727,0.0918181818181818,0.134,17.6576595744681,23.6545454545455,193.75,24954.8387096774,8.54,25188.1935483871,"Spring"
"655","Confluence",1993-06-01,0.774954526408896,42.3521683011276,0.0711081768700343,0.0199434289167285,0.074395634535254,16.9026719995701,6,9.22785714285714,0.0351395257837658,NA,49.1153846153846,0.0781818181818182,0.113052232857143,20.1006896551724,25.6545454545455,166,30473.3333333333,8.54,27078.2,"Summer"
"656","Confluence",1993-07-01,5.56923792716021,51.8894639829776,0.532052377432027,18.0360647025712,0.595908458206143,22.2420522929073,7,NA,0.0452041030232795,NA,49.94,NA,0.1745,21.8311111111111,18.8409090909091,262.270833333333,19861.2903225806,8.54,9449.67741935484,"Summer"
"657","Confluence",1993-08-01,2.27160071150228,74.7821889987264,0.221626215437385,11.9649656969465,0.243061276130743,13.9883495665766,8,3.42818181818182,0.0588558507142857,NA,60.5227272727273,0.0590909090909091,0.165465416923077,21.3240425531915,17.0454545454545,197.818181818182,21080.6451612903,8.54,9421.90322580645,"Summer"
"658","Confluence",1993-09-01,2.70742803310387,6.82771690081694,0.305748554797516,0.031776389182088,0.324891363972464,2.6601204996137,9,3.57857142857143,0.0537545951182785,NA,59.0975609756098,0.07,0.191818181818182,21.5334042553191,17.87,363.840909090909,15826.6666666667,8.54,5305.83333333333,"Autumn"
"659","Confluence",1993-10-01,0.423773665132834,5.90151390170611,0.0314115888365949,2.13918356940777,0.0326305722152282,2.38356579312249,10,1.53272727272727,0.0934167,NA,71.9285714285714,0.0836363636363636,0.269355377857143,18.6985106382979,16.2090909090909,887.295454545455,13819.3548387097,5.02,5117.83870967742,"Autumn"
"660","Confluence",1993-11-01,0.551403941033448,38.9374850280267,0.0363522103471594,0.283794826492637,0.0380468719313079,15.4449478836119,11,1.38461538461538,0.118323075714286,NA,78.7567567567568,0.154545454545455,0.326912009285714,13.9948780487805,14.8454545454545,1381.26315789474,12093.3333333333,5.02,7380.6,"Autumn"
"661","Confluence",1993-12-01,1.39070903238272,27.2473343125477,0.0455738410168192,9.0909554496492,0.0486748161333952,10.8751508631894,12,0.738571428571429,0.158181818181818,NA,83.6315789473684,0.0827272727272727,0.354545454545455,10.1836585365854,19.73,1317.57894736842,20341.935483871,5.02,12360.8387096774,"Winter"
"662","Confluence",1994-01-01,0.0348939357497263,80.5934748652554,0.00105830424584778,9.66396631203823,0.00108171200824152,14.3484975646826,1,0.724166666666667,0.155454545454545,NA,98.6315789473684,0.0790909090909091,0.354545454545455,8.32560975609756,17.6363636363636,595.184210526316,14190.3225806452,5.02,10787.1612903226,"Winter"
"663","Confluence",1994-02-01,0.736734704570714,20.7258296503232,0.0220219047293069,4.72347391088078,0.0228387758416921,5.60561848389877,2,1.16285714285714,0.158279486428571,NA,68.3809523809524,0.09,0.457143193571429,9.85130434782609,17.3454545454545,551.441860465116,20196.4285714286,5.02,20557.0357142857,"Winter"
"664","Confluence",1994-03-01,1.08008300700708,32.1295717708098,0.0566016981816154,0.0223326272382631,0.0594045653853894,12.8518287083239,3,1.35285714285714,0.149690191428571,NA,70.5909090909091,0.126363636363636,0.533092955714286,14.2765957446809,18.7272727272727,296.53488372093,13460.6451612903,5.02,10595.0967741935,"Spring"
"665","Confluence",1994-04-01,0.224242855557894,43.8574750221095,0.0150942523240482,0.15215361372906,0.0154727570334947,17.3937630550914,4,2.38285714285714,0.120931167857143,NA,75.75,0.101818181818182,0.461170565,16.1191304347826,21.5181818181818,432.454545454545,8435,5.02,8149.66666666667,"Spring"
"666","Confluence",1994-05-01,4.38941318909267,44.6514512975242,0.313195626398181,14.7507354431117,0.337984815560136,17.9352471856764,5,6.72071428571429,0.0636112190700475,NA,59.5909090909091,0.105454545454545,0.483636363636364,18.64375,17.5,593.619047619048,8847.74193548387,5.02,7941.22580645161,"Spring"
"667","Confluence",1994-06-01,1.29617336502162,20.7044417459037,0.116437265628916,5.69131647426306,0.124432643042076,6.3784529223292,6,2.56666666666667,0.0815834657142857,NA,42.7903225806452,0.125,0.366543074285714,21.1025675675676,21.6318181818182,1089.17647058824,8091,5.02,3781.5,"Summer"
"668","Confluence",1994-07-01,0.618938006962542,11.2107533716495,0.063757848538823,0.313890146629208,0.066226366744992,4.48430134865979,7,1.59214285714286,0.0536363636363636,NA,52.9677419354839,NA,0.301363636363636,22.0425490196078,16.5227272727273,1663.73655913978,11863.8709677419,5.02,4494.64516129032,"Summer"
"669","Confluence",1994-08-01,2.08278169754357,20.4598002779327,0.258509277218954,7.09803084397949,0.279092747470839,8.14030658420939,8,1.86666666666667,0.0373948481793261,NA,69.4081632653061,0.0854545454545454,0.217272727272727,22.6709756097561,15.7818181818182,1233.13513513514,12145.1612903226,5.02,3334.64516129032,"Summer"
"670","Confluence",1994-09-01,0.985220625726117,34.1238431639664,0.0995706122538057,11.3535526709442,0.105418606952695,13.5978323325921,9,2.08035714285714,0.0595454545454545,NA,70.2916666666667,NA,0.162272727272727,20.9852830188679,22.0636363636364,1133.39215686275,14413.3333333333,5.02,5505.93333333333,"Autumn"
"671","Confluence",1994-10-01,0.305801684450398,2.67022104572539,0.0225059215198633,1.00302705657918,0.0235467297026807,1.06574038985116,10,1.05214285714286,0.0723304471428571,NA,84.875,0.1,0.313817246428571,18.7784615384615,24.8145454545455,1431.55102040816,8255.16129032258,12.89,3217.1935483871,"Autumn"
"672","Confluence",1994-11-01,3.45255479856954,3.2236011621195,0.109199227077682,1.16782070534409,0.120839417949934,1.22140042228022,11,0.605833333333333,0.164152421428571,NA,86.3421052631579,0.114545454545455,0.441730127142857,10.9073170731707,22.9645454545455,1737.02564102564,9488.66666666667,12.89,5356.16666666667,"Autumn"
"673","Confluence",1994-12-01,4.32804525661779,14.7669545757598,0.122259000565853,3.60618232755323,0.134169402955152,3.98704936562497,12,0.425,0.166363636363636,NA,75.0555555555556,0.121818181818182,0.63,8.9925,22.83,799.05,16371.2903225806,12.89,9629.48387096774,"Winter"
"674","Confluence",1995-01-01,0.250945212216217,8.15978998701078,0.00829193901504959,2.76936966546398,0.0087830824275676,3.05546540560331,1,0.588181818181818,0.073,NA,38.0851063829787,0.153,0.484,10.0112,22.91,682.125,62209.6774193548,12.89,107487.483870968,"Winter"
"675","Confluence",1995-02-01,0.282920041471924,9.3024150492042,0.0106412085620715,3.33433145398903,0.011033881617405,3.72140653320943,2,0.777272727272727,0.0646339825,NA,35.375,0.144,0.451064686666667,11.2282,20.558,797.958333333333,58182.1428571429,12.89,72835.9642857143,"Winter"
"676","Confluence",1995-03-01,0.720310952653341,1.15759385587164,0.0267711520250588,0.17779133155275,0.0280921271534803,0.181747655446122,3,0.9325,0.0849078675,NA,46.1086956521739,0.139,0.4335842775,12.1194230769231,57.936,810.42,71922.5806451613,12.89,200644.903225806,"Spring"
"677","Confluence",1995-04-01,7.91636104417143,2.75507776062928,0.383663161049892,0.855330521601854,0.435399857429429,0.891530129750506,4,2.5925,0.048,NA,60.3166666666667,0.075,0.186,15.1662711864407,26.31,287.438596491228,61436.6666666667,12.89,90836.9,"Spring"
"678","Confluence",1995-05-01,1.19397985100175,1.33946983046615,0.0567490739551764,0.520009629136798,0.0585050126990856,0.535838629092727,5,3.61416666666667,0.03525054,NA,69.8235294117647,0.072,0.14023803,15.9327027027027,18.22,172.439393939394,63180.6451612903,12.89,98047.4838709677,"Spring"
"679","Confluence",1995-06-01,2.58725478853957,1.49715716487287,0.227636958516708,0.326449984513789,0.248376459699799,0.334890946843827,6,1.59,0.0505681983333333,NA,66.9848484848485,0.064,0.14551817,18.2445945945946,17.174,157.455882352941,38956.6666666667,12.89,46754.0333333333,"Summer"
"680","Confluence",1995-07-01,2.14348319217641,0.74588189084509,0.239217241022387,0.198617625081368,0.257217983061169,0.202146381389607,7,1.84083333333333,0.0442330579172257,NA,66.1709401709402,0.07,0.119743199166667,20.729126984127,17.868,142.179166666667,29232.2580645161,12.89,26789.2258064516,"Summer"
"681","Confluence",1995-08-01,3.90583937651163,5.01056862740572,0.451773781406739,1.18211271246324,0.523382476452558,1.24262196616085,8,2.393,0.037,NA,61.8511904761905,0.068,0.169,22.6031666666667,24.282,200.505747126437,18716.1290322581,12.89,10875.7741935484,"Summer"
"682","Confluence",1995-09-01,3.57332245943662,2.7210428670933,0.371284823694002,0.783100100457868,0.428798695132394,0.846528020757076,9,1.81333333333333,0.0541820875,NA,74.1875,0.061,0.1536113825,20.6018367346939,20.8244444444444,405.170212765957,23270,12.89,19629.4,"Autumn"
"683","Confluence",1995-10-01,4.31671413911921,2.34087202008131,0.330698154303202,0.673140276799571,0.371237415964252,0.706825663190357,10,1.45333333333333,0.068,NA,86.0212765957447,0.074,0.254,17.920612244898,19.49,172.875,14145.1612903226,10.26,11371.3548387097,"Autumn"
"684","Confluence",1995-11-01,1.86205615826883,0.783299666954564,0.113534053157773,0.352467294669818,0.128481874920549,0.365196662105573,11,1.069,0.066,NA,86,0.131,0.321,15.69375,17.75,474.5625,12610,10.26,8383.36666666667,"Autumn"
"685","Confluence",1995-12-01,5.48903025114698,0.69915728102951,0.20431450307502,0.185000733432138,0.214072179794732,0.188772465877968,12,0.821,0.094,NA,73.1304347826087,0.135,0.471,13.2645833333333,18.59,325.729166666667,24570.9677419355,10.26,27709.0322580645,"Winter"
"686","Confluence",1996-01-01,13.1009884432905,1.17056555079725,0.343146821424496,NA,0.407513910300697,NA,1,0.88,0.08,NA,53.0731707317073,0.1,0.425,10.4208888888889,19.44,230.511627906977,32867.7419354839,10.26,32144.3548387097,"Winter"
"687","Confluence",1996-02-01,2.33271886602866,0.276185640375823,0.085458602475385,0.159872587167565,0.0923910011440969,0.16497,2,1.13142857142857,0.09139694,NA,36.1666666666667,0.125,0.486923415,11.9028888888889,15.22,205.418604651163,75272.4137931034,10.26,126912.482758621,"Winter"
"688","Confluence",1996-03-01,6.12941139558527,0.423881919947679,0.199553229297064,0.0692445671981946,0.324171052160956,0.0704,3,1.6,0.04332791,NA,50.4418604651163,0.09,0.2816983225,11.858,15.6,212.023255813953,56235.4838709677,10.26,89147.8064516129,"Spring"
"689","Confluence",1996-04-01,20.3944752451719,0.214153954181436,0.731830490694799,0,0.919067777086763,0,4,1.945,0.071810895,NA,74.2413793103448,0.065,0.2772273275,15.1245161290323,20.46,226.285714285714,35983.3333333333,10.26,42032.4,"Spring"
"690","Confluence",1996-05-01,35.662608795036,0.214153954181436,2.14251096320116,0,2.63516065891642,0,5,2.25857142857143,0.0600950375,NA,73.7931034482759,0.075,0.2576300375,18.0333333333333,17.12,166.388888888889,40112.9032258065,10.26,46021.0322580645,"Spring"
"691","Confluence",1996-06-01,NA,NA,NA,NA,NA,NA,6,1.79,0.05,NA,60.1612903225806,0.065,0.185,21.096,21.68,180.181818181818,23533.3333333333,10.26,15269.7333333333,"Summer"
"692","Confluence",1996-07-01,4.45002387115058,0.430599794615082,0.456265490385116,0,0.534002864538069,0,7,2.22428571428571,0.05,NA,63.4074074074074,0.08,0.18,22.2807894736842,16.68,268.981481481481,20683.8709677419,10.26,9156.09677419355,"Summer"
"693","Confluence",1996-08-01,15.8211735305833,1.48009360920863,1.69418951171532,0.10167789414838,2.12003725309816,0.1036,8,1.86571428571429,0.035,NA,70.6976744186046,0.07,0.125,22.7986666666667,19.64,292.093023255814,21303.2258064516,10.26,9592.25806451613,"Summer"
"694","Confluence",1996-09-01,22.0402890874826,1.74100622869424,1.78801030788235,0,2.11586775239833,0,9,1.45285714285714,0.07,NA,78.5714285714286,0.09,0.195,20.4222727272727,19.2,390.425,17600,10.26,7292.63333333333,"Autumn"
"695","Confluence",1996-10-01,12.966535930551,0.22376391553448,0.881450938540682,0.141803524319824,0.998423266652425,0.1448,10,1.49714285714286,0.075,NA,78.1875,0.075,0.255,18.8467647058824,15.72,758.75,12690.3225806452,10.82,4768.96774193548,"Autumn"
"696","Confluence",1996-11-01,17.2146348102297,1.34901425943582,0.654910556930145,0,0.802105317711886,0,11,0.905,0.137246602,NA,94.5581395348837,0.08,0.304312104,13.41,18.6,923.953488372093,15500,10.82,10035.4333333333,"Autumn"
"697","Confluence",1996-12-01,34.4568478910866,0.839052746920098,1.09026627252008,0,1.4499477385252,0,12,0.782,0.105,NA,60.0243902439024,0.095,0.39,11.2238095238095,16.36,269.761904761905,58419.3548387097,10.82,84409.8709677419,"Winter"
"698","Confluence",1997-01-01,35.2684860855378,1.34351016485515,0.981798020438609,0.095717378915881,1.28495727167504,0.09774,1,0.758,0.078215355,NA,25.2,0.145,0.3990882625,10.8485714285714,16.56,145.4,87109.6774193548,10.82,262461.483870968,"Winter"
"699","Confluence",1997-02-01,14.2520117270311,1.34351016485515,0.394151891410942,0,0.487682590368344,0,2,2.08285714285714,0.072021,NA,31.6904761904762,0.105,0.347444935,10.6163636363636,11.88,198.309523809524,57328.5714285714,10.82,118675.892857143,"Winter"
"700","Confluence",1997-03-01,70.7241785378695,0,1.98321316828033,0,3.26518391864421,0,3,1.086,0.1,NA,58.6444444444444,0.07,0.35,11.5622222222222,13.82,167.288888888889,24467.7419354839,10.82,33774.8709677419,"Spring"
"701","Confluence",1997-04-01,8.65504044337367,0.854225527220316,0.549333432238233,0.375470293465911,0.660962702832109,0.388,4,4.36285714285714,0.09514506,NA,59.5892857142857,0.085,0.34051646875,16.2966111111111,15.68,302.136904761905,13493.3333333333,10.82,14212.8666666667,"Spring"
"702","Confluence",1997-05-01,32.7187701530118,0.403405684140838,2.83666682636105,0,3.28529445591268,0,5,3.40571428571429,0.10895696,NA,54.6845238095238,0.11,0.49055023,20.247,12.36,320.565476190476,11408.7096774194,10.82,12349.7419354839,"Spring"
"703","Confluence",1997-06-01,33.2777932743207,0,2.94453871812763,0,3.69026007835345,0,6,2.23,0.0781828325,NA,52.8648648648649,0.11,0.412029715,21.3766666666667,13.8,409.148648648649,15223.3333333333,10.82,8306.66666666667,"Summer"
"704","Confluence",1997-07-01,43.5879315347368,0.570336300002684,4.62117455917118,0,6.27588015570854,0,7,1.77,0.075,NA,57.3378378378378,0.1,0.235,22.2264102564103,15.44,434.416666666667,20838.7096774194,10.82,9383.09677419355,"Summer"
"705","Confluence",1997-08-01,21.9858955902462,0.847958021438808,2.37284306340274,0.2173944697627,2.77726876557004,0.2228,8,2.15571428571429,0.06643946,NA,64.3255813953488,0.085,0.1592596075,22.2840425531915,14.2,390.860465116279,18716.1290322581,10.82,8717.83870967742,"Summer"
"706","Confluence",1997-09-01,22.600710804703,1.30590729616692,2.40315090263193,0,2.80961423662931,0,9,1.60571428571429,0.07,NA,77.0952380952381,0.095,0.225,22.0763043478261,12.52,379.878048780488,14000,10.82,3976.5,"Autumn"
"707","Confluence",1997-10-01,6.91058695775415,0.0787257460887864,0.482624762279532,0.280396064762822,0.594310478366856,0.288,10,1.63285714285714,0.0936117925,NA,77.3255813953488,0.085,0.2827388325,17.3814893617021,11.92,1419.90697674419,12009.0322580645,13.31,4842,"Autumn"
"708","Confluence",1997-11-01,21.4144528547926,0.0474435804779136,1.22924982887453,0,1.42011007349247,0,11,2.08857142857143,0.138844405,NA,82.1395348837209,0.1,0.3246873025,16.218085106383,11.24,1877.79069767442,14793.3333333333,13.31,10013.5333333333,"Autumn"
"709","Confluence",1997-12-01,19.4526868402592,0,0.695620704368387,0,0.79845135981848,0,12,0.448,0.19,NA,50.8372093023256,0.135,0.48,11.7209302325581,17.6,831.619047619048,22009.6774193548,13.31,14613.6774193548,"Winter"
"710","Confluence",1998-01-01,16.2633340966025,0.0261604064415605,0.428022137677427,0.00511786172439112,0.504163356994677,0.0052,1,0.902857142857143,0.00657339149271138,NA,50.046511627907,0.115,0.465,9.07244444444444,17.68,497.813953488372,51783.8709677419,13.31,68871.4838709677,"Winter"
"711","Confluence",1998-02-01,8.19078925748137,0.456463933038715,0.23963433491959,0.00292734910407272,0.269518050845143,0.00297,2,1.25,0.04924462,NA,25.0625,0.225,0.3354827075,10.5427777777778,16.2,259.5,81367.8571428571,13.31,224704.035714286,"Winter"
"712","Confluence",1998-03-01,56.2748675823677,0.222217811507487,1.86843475871813,0.196116844420604,2.38796491786913,0.20428,3,5.742,0.06341295,NA,41.2790697674419,0.13,0.3671760575,11.8368888888889,12.66,213.651162790698,63829.0322580645,13.31,104584.387096774,"Spring"
"713","Confluence",1998-04-01,52.7193207493654,2.57736501732464,2.22454874338934,0.0802566900635935,2.88090841806477,0.084,4,4.72571428571429,0.0477538725,NA,59.8541666666667,0.09,0.247796375,13.7930769230769,12.184,250.479166666667,57683.3333333333,13.31,88661.2333333333,"Spring"
"714","Confluence",1998-05-01,26.2739928990964,0.00230020866623272,1.3039291955087,0.159735973613208,1.54403226970948,0.168,5,1.52571428571429,0.0746323075,NA,60.18,0.09,0.2523774125,15.7067857142857,12.6,207.423076923077,48251.6129032258,13.31,67140.3225806452,"Spring"
"715","Confluence",1998-06-01,50.4449481098089,0.255713867388455,3.14540795763517,0.0668233649714546,4.31030236022155,0.068,6,1.71571428571429,0.06,NA,51.3095238095238,0.08,0.185,18.2894047619048,12.282,185.392857142857,55690,13.31,71643.1666666667,"Summer"
"716","Confluence",1998-07-01,21.047181086089,5.48920568750285,2.50787479458315,0.069996260309122,3.01877975754916,0.072,7,2.25285714285714,0.07,NA,51.009009009009,0.1,0.245,21.8562162162162,17.53,179.195238095238,26796.7741935484,13.31,31360.1935483871,"Summer"
"717","Confluence",1998-08-01,6.86319199900631,0,0.830514471228081,0.0741346936783466,0.918021330963684,0.076,8,2.99714285714286,0.06,NA,62.8,0.075,0.21,22.7281034482759,18.798,202.479166666667,25177.4193548387,13.31,20010.2580645161,"Summer"
"718","Confluence",1998-09-01,29.5351544151059,0,2.82559959822646,0,3.54421852981271,0,9,2.32,0.065,NA,62.0697674418605,0.085,0.195,20.9632857142857,15.742,167.548387096774,25316.6666666667,13.31,20116.7333333333,"Autumn"
"719","Confluence",1998-10-01,41.0878809891548,0.0282188966773462,1.36895815643747,0,2.00552073248665,0,10,2.702,0.08,NA,62.7741935483871,0.085,0.3,16.1970833333333,15.96,189.71875,15758.064516129,9.8,12297.3870967742,"Autumn"
"720","Confluence",1998-11-01,38.4643746126452,0,1.36435956760538,0.0118801181381526,1.7043834039598,0.012,11,4.41428571428571,0.1,NA,74.046511627907,0.09,0.35,13.0797777777778,20.34,290.174418604651,20920,9.8,20569.7666666667,"Autumn"
"721","Confluence",1998-12-01,29.3782911042704,0,0.739356125200482,0,0.910727024232382,0,12,1.338,0.08,NA,62.1428571428571,0.075,0.35,9.14545454545454,21.722,620.454545454545,44374.1935483871,9.8,47241.2903225806,"Winter"
"722","Confluence",1999-01-01,47.36421280933,0,1.23999429219361,0,1.46829059708923,0,1,1.58333333333333,0.151480726666667,NA,85.75,0.165,0.414528906666667,7.685,22.64,280.6875,34503.2258064516,9.8,38021.7096774194,"Winter"
"723","Confluence",1999-02-01,52.5842147541763,0,1.06364484222795,0,1.63011065737946,0,2,1.76,0.0689494633333333,NA,42.7380952380952,0.12,0.38832743,9.05953488372093,24.675,187.170731707317,67146.4285714286,9.8,98804.3571428571,"Winter"
"724","Confluence",1999-03-01,23.9426357516296,0,0.62389319621554,0,0.742221708300517,0,3,2.44285714285714,0.0411643275,NA,60.2093023255814,0.055,0.13434716,10.6882222222222,24.74,151.953488372093,56838.7096774194,9.8,69107.1290322581,"Spring"
"725","Confluence",1999-04-01,49.9683317619064,0,1.46821571598975,0,1.94876493871435,0,4,2.214,0.105,NA,58.2708333333333,0.065,0.26,14.5,18.9,238.678571428571,30676.6666666667,9.8,35493.8,"Spring"
"726","Confluence",1999-05-01,48.6306103819488,0,2.56810602533188,0,3.27687308531788,0,5,3.584,0.09533599,NA,59.7321428571429,0.08,0.275084196666667,16.6955172413793,16.2,215.714285714286,19735.4838709677,9.8,22229.2903225806,"Spring"
"727","Confluence",1999-06-01,21.2137829383777,0,1.48085428232368,0,1.77282096877188,0,6,2.255,0.12337542,NA,50.3892857142857,0.09,0.2770785075,18.9138333333333,36.48,224.821428571429,17236.6666666667,9.8,13768.4,"Summer"
"728","Confluence",1999-07-01,27.9257696211546,0,2.93305846021841,0,3.34566737242547,0,7,2.548,0.075,NA,52.9189189189189,0.09,0.25,21.5282051282051,22.58,1308.45945945946,22241.935483871,9.8,10579,"Summer"
"729","Confluence",1999-08-01,11.0431453595598,0,0.914380805450492,0,1.06492356443048,0,8,2.29,0.0791508125,NA,54.18,0.16,0.1878614025,21.1868965517241,21.08,405.18,18029.0322580645,9.8,6020.35483870968,"Summer"
"730","Confluence",1999-09-01,33.2197941960732,0.0288363012804706,2.61613865727342,0,3.11297808928881,0,9,2.44857142857143,0.09,NA,60.7441860465116,0.095,0.235,20.0908333333333,32.1,894.46511627907,15830,9.8,4831.6,"Autumn"
"731","Confluence",1999-10-01,32.587947845975,0.0787247916087029,2.33314008335375,0.00495718504934021,2.9394280795577,0.005,10,2.16833333333333,0.09,NA,65.40625,0.09,0.275,18.7808108108108,17.88,1135.09375,12380.6451612903,8.94,4280.09677419355,"Autumn"
"732","Confluence",1999-11-01,13.3439237944387,0.0584004698986032,0.626309064280454,0.0328653876510455,0.813117591126493,0.034,11,1.28,0.1493421525,NA,81.9354838709677,0.095,0.3169984575,15.7176315789474,19.24,1248.09375,13843.3333333333,8.94,6804.16666666667,"Autumn"
"733","Confluence",1999-12-01,71.5931537283926,0.0521019605189147,1.96896022588102,0.0156685821710955,2.21938776558017,0.01604,12,1.32571428571429,0.135,NA,101.096774193548,0.095,0.32,10.8618918918919,22.6,763.5625,16548.3870967742,8.94,10467.2903225806,"Winter"
"734","Confluence",2000-01-01,13.7409674676302,0.00437330789874877,0.3427443094485,0.00797257713928812,0.425969991496535,0.0081,1,1.29333333333333,0.165,NA,88.8108108108108,0.08,0.325,9.42641025641026,16.76,993.837837837838,24338.7096774194,8.94,21545.5806451613,"Winter"
"735","Confluence",2000-02-01,33.8959316496493,0.293836228978932,0.986654606012701,0.0034533256830739,1.18440386255971,0.00351,2,1.40714285714286,0.09124436,NA,53.3846153846154,0.12,0.3537405825,11.2128888888889,15.92,214.186046511628,62372.4137931034,8.94,94092.275862069,"Winter"
"736","Confluence",2000-03-01,13.8486930318966,0.152717367207741,0.537946103800882,0,0.614180040345996,0,3,1.8,0.065,NA,52.3272727272727,0.065,0.245,11.9256140350877,21.22,192.745454545455,58561.2903225806,8.94,87838.3548387097,"Spring"
"737","Confluence",2000-04-01,65.3987034658677,1.3997597113254,3.36691944895571,0.027400590690763,4.32847053065931,0.028,4,3.80571428571429,0.095,NA,59.1964285714286,0.08,0.275,15.9046666666667,15.42,239.517857142857,26640,8.94,27294.3,"Spring"
"738","Confluence",2000-05-01,52.0020190166,0.230732265047426,2.94309626154332,0.432463485023383,3.5881393121454,0.464,5,2.74142857142857,0.09971234,NA,61.3071428571429,0.075,0.3010154725,17.9184210526316,13.08,188.070588235294,20448.3870967742,8.94,22146.1290322581,"Spring"
"739","Confluence",2000-06-01,29.5144161107659,NA,2.37403923938952,0.0157626954564278,3.01923274031979,0.016,6,2.575,0.06,NA,48.5315315315315,0.115,0.375,21.4304385964912,24.26,266.252252252252,16086.6666666667,8.94,8942.4,"Summer"
"740","Confluence",2000-07-01,27.7887319316512,NA,2.58444860983609,0.0118801181381526,3.16897761375523,0.012,7,2.52428571428571,0.065,NA,51.527027027027,0.105,0.285,20.8457894736842,16.6,416.736111111111,20848.3870967742,8.94,9220.64516129032,"Summer"
"741","Confluence",2000-08-01,22.7153285249531,NA,2.41573626358099,0,2.80695089375293,0,8,2.50571428571429,0.05,NA,61.48,0.095,0.205,22.1653333333333,18.56,451.2,17696.7741935484,8.94,6098.1935483871,"Summer"
"742","Confluence",2000-09-01,59.8103977631432,0.0492815434168934,4.14899675504525,0,5.99544009144541,0,9,5.16142857142857,0.055,NA,64.8205128205128,0.095,0.23,21.1419318181818,23.02,854.410256410256,15163.3333333333,8.94,4662.63333333333,"Autumn"
"743","Confluence",2000-10-01,19.3789282724024,0.000546144405582889,1.44009083048733,0.0236746063749856,1.81526390684654,0.024,10,1.77571428571429,0.095,NA,65.4047619047619,0.115,0.28,18.566875,17.4,1164.6976744186,11683.8709677419,5.76,5736.58064516129,"Autumn"
"744","Confluence",2000-11-01,23.3383591867894,0.0214247628007561,0.828808520029727,0.000864455693052268,1.26445841281104,0.000872,11,1.16571428571429,0.13,NA,71.1627906976744,0.11,0.37,12.8933333333333,10.3,1650.51162790698,12283.3333333333,5.76,4742.9,"Autumn"
"745","Confluence",2000-12-01,108.598057367192,0.0478111141254495,3.04354173862911,0.00429691244141023,3.3682385305474,0.0044,12,1.11285714285714,0.21,NA,78.4186046511628,0.1,0.355,10.6106666666667,19.72,3183.3488372093,13670.9677419355,5.76,5996.61290322581,"Winter"
"746","Confluence",2001-01-01,2.74157574916693,0.0528609831997181,0.0788442489515614,0.0175223505693829,0.0849888482241749,0.01804,1,1.282,0.18,NA,79.6046511627907,0.085,0.36,9.35627906976744,25.92,2418.03571428571,17190.3225806452,5.76,15211.4516129032,"Winter"
"747","Confluence",2001-02-01,3.92714516839575,0.213305111140308,0.111602178004918,0.00922362004772728,0.121741500220268,0.00945,2,1.22571428571429,0.185,NA,47.0526315789474,0.105,0.4,9.3485,23.78,576.105263157895,20867.8571428571,5.76,19567.9285714286,"Winter"
"748","Confluence",2001-03-01,11.8903657045691,0.0197339129061146,0.515865587181894,0.0345403530740874,0.559786582658193,0.0358425,3,1.56,0.12,NA,41.3409090909091,0.13,0.415,13.5552173913043,14.34,252.522727272727,24696.7741935484,5.76,23427.3870967742,"Spring"
"749","Confluence",2001-04-01,41.7430391859078,0.0557704961125173,1.87948976453314,0.00119229330888124,2.48747337969259,0.0012,4,3.83,0.15,NA,52.5,0.1,0.405,15.4478888888889,13.06,354.761904761905,12306,5.76,12219.0666666667,"Spring"
"750","Confluence",2001-05-01,23.1369180966787,0.148476078705997,1.69586355766976,0.0195486907933578,2.1914916856105,0.02,5,6.23285714285714,0.0911055375,NA,43.4702380952381,0.12,0.4946547625,19.7185555555556,12.1,475.636904761905,9060,5.76,9706.83870967742,"Spring"
"751","Confluence",2001-06-01,12.1101644678425,0.022948429369637,1.18343383355747,0.0750264489096348,1.32125105612712,0.0776,6,3.68857142857143,0.06,NA,39.5135135135135,0.12,0.51,21.4874358974359,10.32,508.148648648649,12383.3333333333,5.76,7509.2,"Summer"
"752","Confluence",2001-07-01,18.9289138842556,0.0265565471133981,1.85511948128656,0.0118801181381526,2.2462138199512,0.012,7,2.72142857142857,0.09,NA,44.0555555555556,0.105,0.4,21.5068965517241,9.16,1119.57407407407,14935.4838709677,5.76,4722.77419354839,"Summer"
"753","Confluence",2001-08-01,22.5290499707189,0.0465111906678364,1.88428740309631,0.0117687992664372,2.66038349737647,0.012,8,2.566,0.09,NA,63.3157894736842,0.095,0.275,21.6931578947368,11.46,1440.5625,13219.3548387097,5.76,3226.83870967742,"Summer"
"754","Confluence",2001-09-01,19.1920394926308,0.115855202976882,1.63319326266709,0.011655665567217,2.05354822571149,0.012,9,2.13142857142857,0.09,NA,58.2666666666667,0.105,0.325,21.0204255319149,26.12,1467.45238095238,12360,5.76,4165.26666666667,"Autumn"
"755","Confluence",2001-10-01,9.69356593073764,0.0201147309910809,0.70940109469532,0.0465026760254374,0.846407148475015,0.048,10,1.955,0.075,NA,56.7065217391304,0.105,0.365,18.9305319148936,24.325,2217.66666666667,8370.32258064516,6.35,4275.58064516129,"Autumn"
"756","Confluence",2001-11-01,2.20135944110918,0.0102466718426817,0.117189620145758,0.019315109468601,0.123260724250412,0.02,11,1.82285714285714,0.15,NA,76.0869565217391,0.115,0.495,16.094375,16.34,2173.88095238095,12303,6.35,8213,"Autumn"
"757","Confluence",2001-12-01,0.856879782523611,0.00615183907377408,0.0279411381991956,0.00589805005934283,0.0294739043913244,0.006,12,1.19,0.17,NA,43.6521739130435,0.14,0.61,10.3945652173913,15.02,583.418604651163,27377.4193548387,6.35,24737.2580645161,"Winter"
"758","Confluence",2002-01-01,22.6013907357967,0.0197006291529565,0.623738603336368,0.002373193600764,0.72016474851154,0.0024,1,1.99142857142857,0.125,NA,23.3333333333333,0.2,0.465,10.87,15.42,228.133333333333,38270.9677419355,6.35,38731.4193548387,"Winter"
"759","Confluence",2002-02-01,1.7266654119474,0.0133138972573785,0.0559075445655444,0.0117902504350422,0.0586891891109331,0.012,2,1.278,0.155,NA,54.4285714285714,0.105,0.505,9.00321428571429,21.8,445.821428571429,18175,6.35,12029.6785714286,"Winter"
"760","Confluence",2002-03-01,15.7150368906925,NA,0.685373754751386,0.00507293567303788,0.733802377540006,0.00513,3,2.31142857142857,0.1543784175,NA,59.325,0.1,0.3554977125,12.3368292682927,21.6,310.871794871795,21322.5806451613,6.35,16982.1290322581,"Spring"
"761","Confluence",2002-04-01,11.5256224135598,0.00304175731335159,0.599708233439582,0,0.703062967227149,0,4,6.67428571428571,0.09,NA,61.7380952380952,0.085,0.33,16.0307777777778,15.66,313.85119047619,14476.6666666667,6.35,11943.2333333333,"Spring"
"762","Confluence",2002-05-01,23.2627347664561,0.0569273323932794,1.36864393778816,0.00396574803947217,1.52541066593674,0.004,5,7.88428571428571,0.085,NA,41.7142857142857,0.095,0.395,17.4455555555556,14.08,297.869047619048,12969.0322580645,6.35,13554.2258064516,"Spring"
"763","Confluence",2002-06-01,12.3899715218404,NA,1.25859127982584,0,1.33810141600243,0,6,6.908,0.10144404,NA,35.7567567567568,0.105,0.37440718,20.8839473684211,16.38,623.166666666667,13893.3333333333,6.35,7461.76666666667,"Summer"
"764","Confluence",2002-07-01,19.5473233004679,0.440758188777167,2.02415686542464,0,2.21847328181459,0,7,2.99142857142857,0.065,NA,51.1190476190476,0.095,0.365,22.5134482758621,13.04,907.3,18900,6.35,5731.83870967742,"Summer"
"765","Confluence",2002-08-01,4.41912812321454,0,0.426909403951802,0,0.486341426768061,0,8,2.39,0.085,NA,55.8148148148148,0.11,0.26,21.9113793103448,17.7,1274.16666666667,17016.1290322581,6.35,3848.58064516129,"Summer"
"766","Confluence",2002-09-01,12.4667913911778,0.314630100971863,1.21855763764039,0,1.41307235640319,0,9,3.00142857142857,0.11,NA,69.0217391304348,0.105,0.25,20.7736458333333,20.08,1222.91860465116,13563.3333333333,6.35,4168.93333333333,"Autumn"
"767","Confluence",2002-10-01,3.02826116660431,0.0398176417011078,0.247326992599579,0.00395105843484317,0.271585596250315,0.004,10,2.23428571428571,0.105,NA,64.4324324324324,0.1,0.345,18.1388461538462,15.34,1738.26470588235,9891.29032258065,8.21,4203.25806451613,"Autumn"
"768","Confluence",2002-11-01,5.40359620067152,0.0617420584567545,0.267912698500031,0.0233281462444847,0.291031241447702,0.024,11,1.44857142857143,0.179464705,NA,80.5,0.095,0.3624274175,14.4308333333333,15.78,1277.6511627907,11746.3333333333,8.21,7333.1,"Autumn"
"769","Confluence",2002-12-01,5.54179595874576,0.0252676848864335,0.196012735315812,0.0406785777407657,0.213502574595056,0.042,12,1.51714285714286,0.2061042725,NA,87.9782608695652,0.115,0.4539006475,11.9096875,12.24,2158.74418604651,29130,8.21,28885.8064516129,"Winter"
"770","Confluence",2003-01-01,NA,NA,NA,NA,NA,NA,1,0.752857142857143,0.11,NA,19,0.105,0.36,9.88166666666667,14.78,282.1875,51935.4838709677,8.21,51440.935483871,"Winter"
"771","Confluence",2003-02-01,NA,NA,NA,NA,NA,NA,2,1.48857142857143,0.0911668225,NA,57.1935483870968,0.075,0.30391567,10.9406060606061,21.52,252.535714285714,36085.7142857143,8.21,29622.8571428571,"Winter"
"772","Confluence",2003-03-01,NA,NA,NA,NA,NA,NA,3,3.00166666666667,0.115035,NA,62.2,0.065,0.33676834,13.7769047619048,14.9,278.775,22922.5806451613,8.21,15779.6129032258,"Spring"
"773","Confluence",2003-04-01,NA,NA,NA,NA,NA,NA,4,5.376,0.07,NA,54.9802631578947,0.075,0.335,15.294125,17.36,282.348684210526,21586.6666666667,8.21,22053.8666666667,"Spring"
"774","Confluence",2003-05-01,NA,NA,NA,NA,NA,NA,5,3.60857142857143,0.0770710225,NA,54.025,0.065,0.194651055,17.6492857142857,17.54,204.4875,40538.7096774194,8.21,41937.7419354839,"Spring"
"775","Confluence",2003-06-01,NA,NA,NA,NA,NA,NA,6,2.545,0.06662205,NA,50.0142857142857,0.095,0.189973715,20.4832478632479,15.38,203.23963963964,22276.6666666667,8.21,11802,"Summer"
"776","Confluence",2003-07-01,NA,NA,NA,NA,NA,NA,7,2.84285714285714,0.055,NA,54.1176470588235,0.08,0.215,22.5386111111111,19.48,397.676470588235,22429.0322580645,8.21,9703.16129032258,"Summer"
"777","Confluence",2003-08-01,NA,NA,NA,NA,NA,NA,8,2.63,0.07,NA,81.3928571428571,0.09,0.18,21.8753333333333,14.76,263.767857142857,19583.8709677419,8.21,6928.22580645161,"Summer"
"778","Confluence",2003-09-01,NA,NA,NA,NA,NA,NA,9,2.78428571428571,0.055,NA,64.4130434782609,0.09,0.24,21.5089583333333,19.54,758.119565217391,15346.6666666667,8.21,3486.6,"Autumn"
"779","Confluence",2003-10-01,NA,NA,NA,NA,NA,NA,10,2.35285714285714,0.09,NA,81.8478260869565,0.085,0.32,18.8475,19.38,1426.91304347826,11004.8387096774,7.51,4304.67741935484,"Autumn"
"780","Confluence",2004-01-01,NA,NA,NA,NA,NA,NA,1,1.09571428571429,0.093771875,NA,30.6309523809524,0.1,0.362746335,9.57342105263158,14.26,189.514705882353,36767.7419354839,7.51,32138.1935483871,"Winter"
"781","Confluence",2004-04-01,NA,NA,NA,NA,NA,NA,4,4.07428571428571,0.104124545,NA,63.3125,0.06,0.224065755,15.7369841269841,18.5,218.8375,23793.3333333333,7.51,22006.5,"Spring"
"782","Confluence",2004-07-01,4.03097659693549,1.1944447063614,0.431850412146843,NA,0.466013858298925,0,7,2.189,0.0533333333333333,NA,56.3,0.0933333333333333,0.35,21.9342857142857,18.6875,911.0375,20441.935483871,7.51,7378.16129032258,"Summer"
"783","Confluence",2004-10-01,8.41909967955861,7.66234014859379,0.655198742322807,NA,0.756870675326013,0,10,1.635,0.09,NA,87.1666666666667,0.126666666666667,0.343333333333333,18.4572916666667,16.1375,1338.67708333333,12606.4516129032,8.49,8517.38709677419,"Autumn"
"784","Confluence",2005-01-01,7.39256499571714,14.5607020043861,0.189096250397889,1.14789212966516,0.229169514867231,1.232,1,0.855,0.116666666666667,NA,43.1034482758621,0.166666666666667,0.733333333333333,8.95645161290323,14.6333333333333,357.793103448276,33680.6451612903,8.49,33624,"Winter"
"785","Confluence",2005-04-01,8.09517525395275,0.0575775481880628,0.417725640689196,NA,0.475754638967401,0,4,2.19,0.0866666666666667,NA,80.5121951219512,0.0766666666666667,0.353333333333333,15.0113178294574,15.3333333333333,240.691056910569,22133.3333333333,8.49,29903.0333333333,"Spring"
"786","Confluence",2005-07-01,10.5869674479802,0.389318275383117,1.0822777733881,0.0426314090165429,1.24480363802934,0.044,7,2.58166666666667,0.05,NA,62.7560975609756,0.0766666666666667,0.2,22.6240625,10.5166666666667,220.125,19667.7419354839,8.49,9441.06451612903,"Summer"
"787","Confluence",2005-10-01,6.4145476572291,0.00556189382622409,0.422519437251001,0.0862238818057348,0.470901301150071,0.088,10,1.619,0.08,NA,96.5612244897959,0.08,0.29,18.1746153846154,30.15,796.652,14074.1935483871,13.2,4467.1935483871,"Autumn"
"788","Confluence",2005-11-01,4.53936099740852,0.289747767025769,0.213295459779269,0.00395105843484317,0.240704854857468,0.004,11,1.127,0.13,NA,97.4489795918367,0.0866666666666667,0.473333333333333,15.2794117647059,27.05,1522.92857142857,13386.6666666667,13.2,5008.66666666667,"Autumn"
"789","Confluence",2005-12-01,5.64394042227271,0.590648029613566,0.166004230169437,0.014774492621507,0.186692153090454,0.0152,12,1.0125,0.19,NA,79.6222222222222,0.0933333333333333,0.5,10.1378723404255,21.0142857142857,827.434782608696,35458.064516129,13.2,42829,"Winter"
"790","Confluence",2006-01-01,2.59702293934049,1.91515584944786,0.0721598178055807,0,0.0805077111195553,0,1,1.4975,0.05676588,NA,44.6896551724138,0.0966666666666667,0.39296772,9.87161290322581,17.5166666666667,203.655172413793,66151.6129032258,13.2,145921.064516129,"Winter"
"791","Confluence",2006-02-01,5.24768233104874,0.19419473356392,0.170555524295626,0.271518330543575,0.183668881586706,0.28296,2,2.33625,0.0561005475,NA,59.5862068965517,0.05,0.2150525175,10.718064516129,16.1,217.034482758621,48921.4285714286,13.2,52129.1071428571,"Winter"
"792","Confluence",2006-03-01,4.76852703040265,1.30247033496817,0.148412141131684,NA,0.1642928639841,NA,3,3.41125,0.0457015975,NA,56.75,0.0633333333333333,0.2534867275,10.6221428571429,18.1,206.875,67412.9032258065,13.2,115393.322580645,"Spring"
"793","Confluence",2006-04-01,5.65223232121744,0.340776131809287,0.251152853900627,NA,0.276589832023171,0,4,3.245,0.0345035,NA,51.5731707317073,0.08,0.200949215,13.6190697674419,22,181.536585365854,77646.6666666667,13.2,179437.633333333,"Spring"
"794","Confluence",2006-05-01,31.5882896647946,0.252000456188875,2.01295322004827,0.0274348714836429,2.50563527056923,0.028,5,2.03,0.046275635,NA,82.5528455284553,0.08,0.128966975,18.0891472868217,14.9833333333333,154.466666666667,52145.1612903226,13.2,81325.8064516129,"Spring"
"795","Confluence",2006-06-01,6.98613836368102,0.194174658985629,0.67793431479839,0.00395963367740306,0.767501746930602,0.004,6,2.165,0.0633333333333333,NA,68.8070175438596,0.0666666666666667,0.24,21.1095833333333,16.44,189.864166666667,27210,13.2,35325.2,"Summer"
"796","Confluence",2006-07-01,14.3791162767911,0.530082737466816,1.50675326595237,0.131703536352766,1.86000344559244,0.136,7,2.35333333333333,0.04,NA,68.0081300813008,0.08,0.233333333333333,23.4182795698925,26.8333333333333,207.038709677419,18587.0967741935,13.2,10261.2903225806,"Summer"
"797","Confluence",2006-08-01,16.4500244654762,NA,1.57259223061322,0,1.76164694675711,0,8,3.03,0.0526350625,NA,64.6166666666667,0.07,0.1902501125,22.1195238095238,21.5571428571429,496.236842105263,18864.5161290323,13.2,8175.87096774194,"Summer"
"798","Confluence",2006-09-01,4.26579480859854,0,0.373450559733093,0,0.42269834632717,0,9,2.27666666666667,0.07574086,NA,81.5227272727273,0.0733333333333333,0.206069016,20.9658,15.9,462.09375,18010,13.2,7920.16666666667,"Autumn"
"799","Confluence",2006-10-01,7.02486683252443,0.154718874270208,0.400298424300896,0.164206493425319,0.439233105579559,0.172,10,1.725,0.096297134,NA,108.397959183673,0.0666666666666667,0.31807,17.1620754716981,14.275,543.896078431373,11721.6129032258,6.19,3987.54838709677,"Autumn"
"800","Confluence",2006-11-01,7.02054043191515,0.328502316145437,0.317653473534328,0,0.356350330155486,0,11,1.452,0.141666812,NA,100.836734693878,0.08,0.415770842,14.6735185185185,18.925,1551.125,12146.6666666667,6.19,5230.6,"Autumn"
"801","Confluence",2006-12-01,25.3027910202522,0.590209882270387,0.732580532153806,1.39316683636731,0.809006622683841,1.532,12,1.305,0.18180788,NA,102,0.0833333333333333,0.461490702,10.48,16.0375,1697.47826086957,16951.6129032258,6.19,9019.35483870968,"Winter"
"802","Confluence",2007-01-01,21.7049531420772,0.00100398182938534,0.55367636194284,0.102328980505679,0.672853547404392,0.104,1,1.233,0.181571764,NA,58.1290322580645,0.06,0.51612302,7.91833333333333,15.4125,1041.72058823529,13822.5806451613,6.19,8242.70967741935,"Winter"
"803","Confluence",2007-02-01,4.89098954117199,0.250094079382176,0.145710645438317,0.155963367740306,0.159728793318347,0.16,2,2.03625,0.201858904,NA,87.2833333333333,0.07,0.475797858,9.66771428571429,16.3,411.187878787879,22700,6.19,21234.4285714286,"Winter"
"804","Confluence",2007-03-01,15.637220354748,0,0.539189585136574,0,0.604965670658319,0,3,2.44666666666667,0.109881928,NA,79.6904761904762,0.05,0.3726623,12.7191489361702,13.4571428571429,262.955555555556,18322.5806451613,6.19,14003.9677419355,"Spring"
"805","Confluence",2007-04-01,37.8120369018524,0.481033978646611,1.59497973483374,0.00364286298321082,2.1143091166891,0.00368,4,2.27375,0.118153058,NA,96.474358974359,0.06,0.388821374,15.9717021276596,21.6833333333333,374.177777777778,13631,6.19,11306.2333333333,"Spring"
"806","Confluence",2007-05-01,19.8581261261884,0.972583166594838,1.23664938824529,0,1.58433305412161,0,5,1.48285714285714,0.0533333333333333,NA,79.2236842105263,0.08,0.52,18.519512195122,15.3857142857143,398.346341463415,9362.58064516129,6.19,9379.8064516129,"Spring"
"807","Confluence",2007-06-01,19.0320838034046,0.841861299585068,1.39859238914327,0,1.57875503635885,0,6,1.78833333333333,0.0566666666666667,NA,64.984375,0.103333333333333,0.556666666666667,20.8296875,12.15,574.625,12290.3333333333,6.19,7846.5,"Summer"
"808","Confluence",2007-07-01,21.4307631727758,0.231929995262621,1.78241735877183,0.271208663464524,2.10052834437419,0.28,7,1.86714285714286,0.0533333333333333,NA,66.1666666666667,0.0666666666666667,0.323333333333333,22.0333333333333,21.2285714285714,629.212121212121,19064.5161290323,6.19,5360.8064516129,"Summer"
"809","Confluence",2007-08-01,26.4160330980302,0.292294908097527,2.52644975296636,0.0903587602247082,2.86766161438557,0.092,8,2.46857142857143,0.0566666666666667,NA,88.2833333333333,0.0766666666666667,0.233333333333333,21.9483333333333,16.0285714285714,948.2,17122.5806451613,6.19,3737.12903225806,"Summer"
"810","Confluence",2007-09-01,10.3972092841713,0.28535126425786,0.818559491140743,0,0.998154564787874,0,9,1.843,0.07203701,NA,95.5510204081633,0.0766666666666667,0.251544748,20.601862745098,17.5875,958,15196.6666666667,6.19,4517.16666666667,"Autumn"
"811","Confluence",2007-10-01,17.7972490025165,0.00961422377638096,0.864264750827504,0.271208663464524,1.11367979668799,0.28,10,1.31,0.10909353,NA,115.265306122449,0.0733333333333333,0.34819406,17.477962962963,17.15,1125.5,10541.935483871,5.16,3683,"Autumn"
"812","Confluence",2007-11-01,9.33346120633565,0.00324843608836302,0.473541957755659,0,0.553948721693466,0,11,1.57444444444444,0.133193582,NA,111.304347826087,0.09,0.498819364,15.5067391304348,17.3375,1478.67272727273,10005,5.16,4290.9,"Autumn"
"813","Confluence",2007-12-01,25.9271352935631,0.318917992617012,0.575171170758409,0.0972363068187659,0.803741194100457,0.1,12,1.23,0.209964958,NA,92.9183673469388,0.116666666666667,0.534686294,9.85549019607843,15.1,1537.12244897959,12121.2903225806,5.16,7185.58064516129,"Winter"
"814","Confluence",2008-01-01,7.27326895474477,0.446799300962178,0.182905818283311,0,0.225471337597088,0,1,1.07166666666667,0.18,NA,31.8148148148148,0.136666666666667,0.87,8.11333333333333,13.2,378.433333333333,22480.6451612903,5.16,24560.064516129,"Winter"
"815","Confluence",2008-02-01,8.88008341527073,0.285754214682293,0.234305944686537,0,0.275282585873393,0,2,1.48428571428571,0.111377676,NA,26.9310344827586,0.116666666666667,0.694614256,8.90676470588235,9.8,265.5375,26306.8965517241,5.16,24128.1724137931,"Winter"
"816","Confluence",2008-03-01,19.8322124748997,0.345551777610589,0.752466663909198,0.0250724041101751,0.888266980876519,0.02592,3,1.35875,0.136451204,NA,49.4878048780488,0.0966666666666667,0.525346626,12.7293023255814,11.5333333333333,314.060975609756,13703.2258064516,5.16,12220.1935483871,"Spring"
"817","Confluence",2008-04-01,23.4459903949916,0.286948066537976,1.1613727212244,0.135184016905714,1.37359317938135,0.13948,4,9.90285714285714,0.0476537091331556,NA,74.952380952381,0.0833333333333333,0.57,15.1659420289855,12.03625,479.313768115942,10192.3333333333,5.16,9540,"Spring"
"818","Confluence",2008-05-01,20.5983937147559,1.65341856632212,1.32146593280409,0.0463399279283115,1.58607631603621,0.048,5,4.93111111111111,0.114876418,NA,54.7833333333333,0.0766666666666667,0.476716304,18.3222857142857,13.5625,501.784848484849,8788.38709677419,5.16,8214.83870967742,"Spring"
"819","Confluence",2008-06-01,16.2476026385315,0.570123260815768,1.3936417607008,0.054083555959596,1.65453537564654,0.056,6,3.51111111111111,0.081091534,NA,43.9722222222222,0.106666666666667,0.50434612,19.985306122449,20.0222222222222,599.403546099291,11310.3333333333,5.16,7332.4,"Summer"
"820","Confluence",2008-07-01,32.9539647970495,0.300762949912801,2.75361338535766,0.0259758181283647,3.95448998095052,0.0264,7,2.398,0.051626808,NA,54.2432432432432,0.0833333333333333,0.478096004,22.2722222222222,47.2375,1158.14728682171,12519.3548387097,5.16,3674.38709677419,"Summer"
"821","Confluence",2008-08-01,16.7607743430999,0.215913035771043,1.74031325675766,0.0707541511462461,1.97759219998014,0.072,8,2.589,0.059426704,NA,76.1935483870968,0.08,0.322797366,22.4110526315789,18.6530769230769,1420.03611111111,10816.1290322581,5.16,3074.03225806452,"Summer"
"822","Confluence",2008-09-01,12.2559862674544,0.523466471355101,1.11288651155349,0.147227560166456,1.31476005976821,0.152,9,2.166,0.071034508,NA,84.8775510204082,0.08,0.344597262,21.0944642857143,24.9227272727273,1425.02592592593,10332.6666666667,5.16,4071.66666666667,"Autumn"
"823","Confluence",2008-10-01,14.2069501526319,1.41020585707194,0.917790365788576,0.171506736889965,1.11021621647386,0.176,10,2.107,0.066059022,NA,93.9183673469388,0.08,0.407721814,17.2396428571429,15.182,1540.1962962963,7767.41935483871,5.78,3186.09677419355,"Autumn"
"824","Confluence",2008-11-01,17.896178695913,0.801157335802575,0.750246669962507,0.0193078617479145,1.01146301297265,0.02,11,1.396,0.16976886,NA,112.19387755102,0.11,0.53442416,15.2607843137255,15.7875,1595.87755102041,9739.66666666667,5.78,5817.73333333333,"Autumn"
"825","Confluence",2008-12-01,6.63675667989746,0.63095118977785,0.211088266342736,0.452813349158089,0.247885630433161,0.48,12,1.461,0.17700648,NA,113,0.0966666666666667,0.613258564,11.0197916666667,14.5633333333333,3021.98260869565,8873.22580645161,5.78,7113.41935483871,"Winter"
"826","Confluence",2009-01-01,22.9460249421142,0.874379130277575,0.504640097673699,0.0759018533538382,0.71132677320554,0.078,1,2.224,0.20651199,NA,86.2093023255814,0.106666666666667,0.653453664,8.3842,13.0045454545455,1441.21944444444,9142.58064516129,5.78,6306.09677419355,"Winter"
"827","Confluence",2009-02-01,13.2467981441938,0.488982792845996,0.373795889192063,0.116912570000794,0.425034606925181,0.12,2,2.19625,0.203062508,NA,99.0731707317073,0.0933333333333333,0.575681782,10.2478048780488,15.0009090909091,824.103703703704,20469.2857142857,5.78,22752.6428571429,"Winter"
"828","Confluence",2009-03-01,17.5260635565072,0.132694194304333,0.628385488694779,0.0076486906732966,0.735879032973948,0.00783,3,1.02365775413811,0.10526562,NA,56.9245283018868,0.0933333333333333,0.3828644,12.7833333333333,14.42,273.915217391304,22619.3548387097,5.78,19926.8709677419,"Spring"
"829","Confluence",2009-04-01,23.8899110227975,0.116628794020093,0.995576808918431,0.0176601668644761,1.19082507939822,0.018,4,2.46375,0.135459708,NA,96.9512195121951,0.09,0.357703822,15.579375,11.431,344.582608695652,13603.3333333333,5.78,12039.7666666667,"Spring"
"830","Confluence",2009-05-01,28.0213935906218,0.397349038515214,2.17507382257855,0.0856170873889292,2.68175717629842,0.088,5,2.41125,0.101206584,NA,83.9756097560976,0.0566666666666667,0.2614497,18.40125,10.8181818181818,253.875,16374.1935483871,5.78,15884.9677419355,"Spring"
"831","Confluence",2009-06-01,16.378500878904,0.108219154933558,1.42877653230633,0.0965777784992786,1.69382326335906,0.1,6,3.24375,0.047279634,NA,77.7032520325203,0.08,0.306283106,20.4289583333333,16.1377777777778,339.707971014493,11953.3333333333,5.78,8064.63333333333,"Summer"
"832","Confluence",2009-07-01,14.0937983030418,0.633610838534742,1.32649321892101,0.0812257411606381,1.69125579636502,0.0836,7,2.26555555555556,0.066832408,NA,74.7424242424242,0.0733333333333333,0.2192406,21.8469230769231,12.915,716.705405405405,18622.5806451613,5.78,5214.25806451613,"Summer"
"833","Confluence",2009-08-01,26.6221570899913,0.0232320033099856,2.34795779847062,0.0314833110707592,2.89378277003798,0.032,8,2.148,0.066615296,NA,95.4117647058823,0.0566666666666667,0.167990976,22.0025925925926,12.1672727272727,1192.724,15093.5483870968,5.78,4238.12903225806,"Summer"
"834","Confluence",2009-09-01,12.8745838879769,0.00147446723111115,1.32129830445599,0,1.54495006655722,0,9,2.088,0.05743771,NA,115.34693877551,0.0633333333333333,0.236050996,22.0192857142857,10.7015789473684,1003.48333333333,11450,5.78,3887.03333333333,"Autumn"
"835","Confluence",2009-10-01,8.4845162101757,0.0185967130561386,0.436046830124905,0,0.534995863298562,0,10,1.569,0.11752074,NA,105.897959183673,0.0766666666666667,0.34802897,17.7133928571429,11.5855263157895,1080.70277777778,9780.96774193548,7.08,6365.03225806452,"Autumn"
"836","Confluence",2009-11-01,15.0200905767848,0.018397341724948,0.535125268859518,0,0.710608188283983,0,11,1.509,0.11994996,NA,122.627659574468,0.0866666666666667,0.461150528,14.5501818181818,9.39052631578947,1273.55849056604,9007.66666666667,7.08,4654.4,"Autumn"
"837","Confluence",2009-12-01,8.47430958532262,0.0093087555684606,0.22038034975624,0.00783046144509286,0.262703597145001,0.008,12,1.786,0.153906934,NA,109.114285714286,0.0766666666666667,0.474073992,9.27809523809524,11.558375,1846.99375,10611.935483871,7.08,6370.77419354839,"Winter"
"838","Confluence",2010-01-01,14.5621248332677,0.106180966856506,0.34045785819909,0.00316440431846417,0.451425869831297,0.0032,1,1.443,0.216362447142857,NA,79.2338709677419,0.106,0.513150114285714,9.1015,44.4333333333333,930.156060606061,26808.7096774194,7.08,26955,"Winter"
"839","Confluence",2010-02-01,8.90835011725432,0.0112430065179793,0.269299051583528,0.0023956684426313,0.329087402811856,0.00243,2,1.29444444444444,0.13091444,NA,38.4634146341463,0.09,0.46002398,11.0428260869565,19.3541666666667,274.467142857143,28992.8571428571,7.08,29982.1428571429,"Winter"
"840","Confluence",2010-03-01,14.2441150568124,0.0127381820093421,0.577806976303446,0.00956548362185972,0.727797802232673,0.009801,3,1.55388888888889,0.12369283,NA,64.6603773584906,0.1,0.439299608,12.8798850574713,13.8371212121212,284.15303030303,19745.1612903226,7.08,17121.4838709677,"Spring"
"841","Confluence",2010-04-01,19.6607781720269,0.0329945350634063,0.700099064771855,0.0093172223909923,0.97901597856614,0.00952,4,3.18136363636364,0.15050823,NA,110.325203252033,0.0633333333333333,0.351026482,14.4975177304965,12.8190909090909,293.69037037037,18833.3333333333,7.08,24604.4666666667,"Spring"
"842","Confluence",2010-05-01,20.7341685190567,0.810051610427725,1.0876253481025,0,1.43065762781491,0,5,14.0318181818182,0.082684326,NA,83.6585365853659,0.06,0.274743348,16.551875,12.5172727272727,242.741304347826,17280.6451612903,7.08,20681.7419354839,"Spring"
"843","Confluence",2010-06-01,13.627417838404,0.410498384037894,0.943765210436349,0.0900703040023879,1.17195793410274,0.092,6,2.621,0.080144062,NA,89.6463414634146,0.0633333333333333,0.169950958,20.3910416666667,11.0805,195.507954545455,20940,7.08,16524.9666666667,"Summer"
"844","Confluence",2010-07-01,25.3943827770214,0.423187486993964,1.90724626973782,0.16780786086174,2.71984565862794,0.1744,7,3.40416666666667,0.0517208533333333,NA,84.7439024390244,0.07,0.214722343333333,21.453125,13.7088095238095,334.689130434783,17416.1290322581,7.08,6700.83870967742,"Summer"
"845","Confluence",2010-08-01,19.9608163556688,0.121976458937,1.51987552235796,0.039354138838449,2.09599248079718,0.04,8,2.89833333333333,0.0459971583333333,NA,103.233333333333,0.0575,0.184553095,21.1862162162162,12.3457142857143,451.644285714286,16709.6774193548,7.08,4003.93548387097,"Summer"
"846","Confluence",2010-09-01,16.397660103426,0.102342823773499,1.12291037581676,0.0432451497674373,1.44698253800951,0.044,9,2.0125,0.0610163333333333,NA,125.666666666667,0.055,0.202672153333333,20.5329090909091,8.72025641025641,953.345283018868,16580,7.08,5885.26666666667,"Autumn"
"847","Confluence",2010-10-01,9.2481646840963,0.411810238981378,0.515026275677146,0,0.629277460622851,0,10,1.64269230769231,0.06139569,NA,125.530612244898,0.054,0.274788082857143,19.7389285714286,7.879625,957.017592592593,12005.1612903226,10.54,5473.25806451613,"Autumn"
"848","Confluence",2010-11-01,14.204877066769,0.294448996931453,0.53044316116265,0.0708183073617899,0.703085903857377,0.072,11,1.28272727272727,0.086,NA,132.285714285714,0.07,0.372,15.2046296296296,8.02948717948718,1476.03950617284,13043.3333333333,10.54,7020.86666666667,"Autumn"
"849","Confluence",2010-12-01,21.8579595341008,0.0474630175558017,0.551584998702419,0.127676351334162,0.776396759677633,0.132,12,1.12,0.131429035,NA,127.533333333333,0.0625,0.320690323333333,10.3663461538462,7.42725806451613,600.286,45700,10.54,48138.064516129,"Winter"
"850","Confluence",2011-01-01,20.9376968307045,0.156371912067597,0.472426656795449,0.0844657976013576,0.64906860175184,0.086,1,0.775,0.09272135,NA,75.6829268292683,0.08,0.353282614,8.33166666666667,11.8777272727273,216.205882352941,34964.5161290323,10.54,39475.7741935484,"Winter"
"851","Confluence",2011-02-01,15.6402168455568,0.257316648640384,0.37523298769125,0,0.495594878334994,0,2,1.48166666666667,0.117693003333333,NA,86.9761904761905,0.0675,0.380415192,10.2410204081633,11.40875,402.774285714286,24575,10.54,28251,"Winter"
"852","Confluence",2011-03-01,25.0144641137668,0.054499421108203,0.779393651263396,0.0302943595647653,0.926101399541995,0.03132,3,1.29590909090909,0.065362678,NA,68.6603773584906,0.0766666666666667,0.396666666666667,11.3313333333333,15.0636363636364,208.398913043478,57983.8709677419,10.54,104134.741935484,"Spring"
"853","Confluence",2011-04-01,24.7314293966635,0.188817784819184,1.1069700632581,0.0564878921087408,1.32621528072145,0.0582,4,3.52454545454545,0.041923956,NA,79.9634146341463,0.0633333333333333,0.13226212,14.3583333333333,11.2818181818182,177.708695652174,53733.3333333333,10.54,85043.3333333333,"Spring"
"854","Confluence",2011-05-01,39.1519787074319,0.228272529146791,2.17234312213407,0.0194704083082223,2.58607149985708,0.02,5,2.49388888888889,0.0333333333333333,NA,108.463414634146,0.05,0.113333333333333,15.8576086956522,10.3560454545455,158.039130434783,35580.6451612903,10.54,47059.1290322581,"Spring"
"855","Confluence",2011-06-01,35.5383860254726,0.11938637620935,2.28085892158326,0.0464377121514906,2.69758110646855,0.048,6,1.59772727272727,0.046086038,NA,113.829268292683,0.0466666666666667,0.13790394,18.1720833333333,8.2135,163.609782608696,40506.6666666667,10.54,42036.8666666667,"Summer"
"856","Confluence",2011-07-01,48.7287619181507,0.0187006970806656,3.48714091693759,0.0628210627433898,5.03058550308304,0.0648,7,1.87363636363636,0.055112548,NA,98.3414634146341,0.0533333333333333,0.159374668,22.0433333333333,10.652,155.323913043478,21632.2580645161,10.54,17654.5161290323,"Summer"
"857","Confluence",2011-08-01,24.5712801958149,0.514454942557116,2.46229497659916,0.0314740461465109,2.8925822358654,0.032,8,3.325,0.048798392,NA,96.8103448275862,0.0633333333333333,0.192832394,21.9511111111111,10.09025,249.026470588235,17190.3225806452,10.54,8863.32258064516,"Summer"
"858","Confluence",2011-09-01,38.4117203682149,0,2.72636570453036,0.00397145669956014,3.88536851371378,0.004,9,5.26861111111111,0.0474736956425236,NA,126.520833333333,0.06,0.173806055,21.4190303030303,14.7412820512821,230.557232704403,21046.6666666667,10.54,12205.8,"Autumn"
"859","Confluence",2011-10-01,29.7701554866848,0,1.52614780737317,0.0237308440927641,2.31836950415813,0.024,10,3.016,0.074676328,NA,140.684782608696,0.05,0.214754354,17.9605660377358,6.21265625,183.413725490196,17654.8387096774,6.89,12077.2903225806,"Autumn"
"860","Confluence",2011-11-01,24.3570076456137,0.280991953918075,0.860606713094413,0,1.18598099895414,0,11,5.75375,0.122173931428571,NA,121.289473684211,0.05,0.25690343,13.3481481481481,10.1455729166667,638.862790697674,12710,6.89,8269.4,"Autumn"
"861","Confluence",2011-12-01,37.2244028577515,0.634923311779715,0.966329365010407,0,1.39446138334118,0,12,1.074,0.174748072857143,NA,102.304347826087,0.068,0.268520665714286,9.34846153846154,8.9453125,980.078,14480.6451612903,6.89,5372.70967741936,"Winter"
"862","Confluence",2012-01-01,36.2053726691397,0.204542716584915,0.755912824713705,0.0272741796912407,1.12236655274333,0.0276,1,2.10846153846154,0.185748572857143,NA,110.523255813953,0.072,0.419644077142857,8.5714,7.2,1567.34722222222,15003.2258064516,6.89,11417.3870967742,"Winter"
"863","Confluence",2012-02-01,40.2513968856051,0,0.824083151089497,0.0277123689863732,1.26417154699146,0.028,2,1.805,0.149782375,NA,72.0119047619048,0.11,0.492354471666667,10.7312244897959,13.947,727.822857142857,13227.5862068966,6.89,10796.8620689655,"Winter"
"864","Confluence",2012-03-01,37.3678553080906,0.484679350553799,1.10494491629881,0,1.34078400258209,0.0552265334779269,3,1.88615384615385,0.114244971428571,NA,78.7272727272727,0.096,0.486851974285714,12.2109677419355,7.052,581.758333333333,19610.6451612903,6.89,20114.4193548387,"Spring"
"865","Confluence",2012-04-01,49.5951008291749,0,1.98685717031159,0,2.43463619924277,4.60222402169699,4,2.77,0.099629802,NA,71.2560975609756,0.103333333333333,0.361531732,14.8064583333333,14.808,212.035869565217,25670,6.89,27781.9333333333,"Spring"
"866","Confluence",2012-05-01,52.6208376892717,0,3.52461389104313,0.191328326228851,4.52539204127737,0.19387174022152,5,2.68090909090909,0.07096247,NA,75.8472222222222,0.0633333333333333,0.281732834,18.5197777777778,8.907,198.543023255814,14042.2580645161,6.89,12492.8064516129,"Spring"
"867","Confluence",2012-06-01,60.5514079314386,0,5.58438919900554,8.09641694952559,7.1702218686824,8.73601936788068,6,2.515,0.0866849983333333,NA,82.6341463414634,0.0825,0.341336475,20.6903050108932,11.5935714285714,478.044897959184,13500.6666666667,6.89,8305.76666666667,"Summer"
"868","Confluence",2012-07-01,50.0607650884577,0,3.08982479232707,0,5.38398908988682,0,7,3.77916666666667,0.0577622066666667,NA,88.5119047619048,0.065,0.231841736666667,22.068085106383,10.113,506.733333333333,20283.8709677419,6.89,7534.70967741936,"Summer"
"869","Confluence",2012-08-01,40.8396335742447,0,3.13886463756883,0,4.00754380278605,0,8,4.05845238095238,0.05950391,NA,114.883333333333,0.0725,0.14183007,22.0204273504274,8.7627380952381,430.733333333333,17877.4193548387,6.89,4641.41935483871,"Summer"
"870","Confluence",2012-09-01,43.0284813255871,0.00517645379078719,2.71887228626922,NA,4.14409618550445,NA,9,2.48872670783079,0.0667675433333333,NA,143.1875,0.0825,0.21905034,20.8691228070175,6.6296875,842.945454545455,15350,6.89,4886.8,"Autumn"
"871","Confluence",2012-10-01,47.5585294367489,0.0248342547037511,2.68021594844137,NA,4.53607768479886,NA,10,17.9733333333333,0.0307552468779373,NA,115.938775510204,0.078,0.199211015714286,19.2459770114943,11.111875,864.070238095238,11451.6129032258,5.83,4476.90322580645,"Autumn"
"872","Confluence",2012-11-01,13.07968900376,0.0393378354970168,0.617723970948178,0.00204925946248898,0.774383476990955,0.00207058151631488,11,1.37384615384615,0.150793954285714,NA,118.34693877551,0.078,0.335268322857143,16.7225,8.233125,1390.28148148148,11910.3333333333,5.83,6291.7,"Autumn"
"873","Confluence",2012-12-01,42.9445174483621,0.0617286814907541,1.26097933290368,0.00974475603001405,2.08195595823203,0.00993370188150043,12,1.77874996821086,0.124302138,NA,57.0681818181818,0.09,0.505481692,12.9931249856949,36.0170967741935,473.411956521739,45996.7741935484,5.83,48250.8709677419,"Winter"
"874","Confluence",2013-01-01,37.5848730076744,0.0548600887666803,0.740404872846643,0.0153010613632538,1.1651310632379,0.0157351341988067,1,1.35999998716208,0.149860632857143,NA,52.7301587301587,0.0775,0.456100881428571,7.52813332303365,23.0125,260.752777777778,23719.3548387097,5.83,22289.4516129032,"Winter"
"875","Confluence",2013-02-01,42.8773933474302,0.115486624436861,0.80120480720425,0.0240376526590637,1.32919919377034,0.0246914725963016,2,2.11769228568444,0.157867914,NA,89.5731707317073,0.08,0.442916422,10.1431999732971,8.398,260.316666666667,15878.5714285714,5.83,13428.8214285714,"Winter"
"876","Confluence",2013-03-01,59.4749940493039,0.207250297055472,1.38829279279345,0.0144758967732992,2.215679747228,0.0148122239670037,3,10.8685714047296,0.108873855714286,NA,121.75,0.09,0.328796231428571,13.7933333163791,5.635,357.44693877551,13435.4838709677,5.83,9626.90322580645,"Spring"
"877","Confluence",2013-04-01,62.653922912134,0.453288486741306,1.49141354005304,0.045247839743328,2.40166576222369,0.0461946497747444,4,9.08708333333333,0.0806530410732898,NA,90.3928571428571,0.0875,0.368428967142857,16.9497959183673,6.753,452.652127659574,12397.6666666667,5.83,12865.7,"Spring"
"878","Confluence",2013-05-01,29.379083748509,0.510524699863526,1.07607102699216,0.0800324216923491,1.49532739512027,0.0829001188221888,5,3.90545453028245,0.1325,NA,51.3125,0.103333333333333,0.343,19.5684614871642,12.962,694.565384615385,11377.7419354839,5.83,10067.8709677419,"Spring"
"879","Confluence",2013-06-01,38.0772769697374,0.43923806342288,1.36092345302022,0.175008695820728,2.0343615401163,0.181315394696522,6,2.52166666269302,0.0585,NA,63.4166666666667,0.1075,0.4565,20.6817346765773,19.4735714285714,598.922448979592,13203.3333333333,5.83,7902.03333333333,"Summer"
"880","Confluence",2013-07-01,44.5345944315489,0.570050048728192,2.00397526417507,0.197844708106592,2.96090743815871,0.204209879945411,7,3.27236111111111,0.0546506708514527,NA,92.5975609756098,0.085,0.24858344,23.4356597222222,10.1502380952381,634.941481481481,17487.0967741935,5.83,5443.54838709677,"Summer"
"881","Confluence",2013-08-01,NA,0,NA,0.17167350524495,NA,0.175695225369152,8,2.63035713774817,0.0692946366666667,NA,101.716666666667,0.06,0.180781208333333,21.7669230595341,8.67214285714286,985.483783783784,17606.4516129032,5.83,5083.67741935484,"Summer"
"882","Confluence",2013-09-01,32.9709143265277,2.11358667920942,1.98805880651142,0.222813264353163,2.88440178329183,0.228020019491277,9,2.69249999148505,0.07103634,NA,100.958333333333,0.0775,0.251367328333333,21.5536841462788,8.67328125,996.343636363636,13480,5.83,5591.76666666667,"Autumn"
"883","Confluence",2013-10-01,17.9235400475301,2.18227036150651,0.805172144166489,NA,1.04755237915601,NA,10,1.84307692307692,0.08869934,NA,95.8421052631579,0.078,0.31371683,17.8371111111111,10.0965625,1463.08604651163,7974.83870967742,4.07,4273.51612903226,"Autumn"
"884","Confluence",2013-11-01,29.8869135491647,0.736012701124784,0.846727704361855,0.811286260222796,1.2390157892908,0.845434671683767,11,1.56599999205271,0.128583567142857,NA,125.081632653061,0.094,0.432622705714286,14.6482758249451,6.9578125,1642.12142857143,8783.33333333333,4.07,5567.96666666667,"Autumn"
"885","Confluence",2013-12-01,43.0026554513111,0.134358737079011,0.921680013106825,0.81391152609248,1.66040458767159,0.872908144602605,12,1.46576923076923,0.181429030097398,NA,91.6521739130435,0.106,0.49804461625,9.62874213836478,12.615,2251.38366013072,8204.83870967742,4.07,4951.1935483871,"Winter"
"886","Confluence",2014-01-01,42.2370532997743,0.254988170566381,0.73805566169847,0.0665922700336177,1.309348652293,0.068846806052923,1,2.07133332061768,0.245660671428571,NA,104.906976744186,0.098,0.576791924285714,9.01461537450807,5.814,2272.77631578947,6329.03225806452,4.07,4780.41935483871,"Winter"
"887","Confluence",2014-02-01,47.1108659013999,0.39698110253415,0.910765703744634,0.102232956455218,1.4604368429434,0.107184897684221,2,2.22692307692308,0.23481300875,NA,93.3372093023256,0.102,0.660837565,11.1026,5.956,1811.23055555556,10736.7857142857,4.07,11061.0357142857,"Winter"
"888","Confluence",2014-03-01,40.750806315866,1.69481136469226,1.03776000620412,0.657832687601484,1.68110156691798,0.677924545876904,3,2.34346152378963,0.1797632,NA,72.4905660377358,0.133333333333333,0.691042883333333,14.628870937115,10.935,432.005208333333,14774.8387096774,4.07,12723.1290322581,"Spring"
"889","Confluence",2014-04-01,41.1472796408948,0.275201851098626,1.42876812398755,0.107039968049509,2.50998405809458,0.11008074043945,4,4.36038461171664,0.146131383333333,NA,84.468253968254,0.12,0.6188227,16.6142666475932,8.2,491.472222222222,9636.66666666667,4.07,7912.73333333333,"Spring"
"890","Confluence",2014-05-01,33.2625948058084,0.409587111957912,1.72304181446758,0.159744676464915,2.85175897492387,0.163834844783165,5,2.46666664441427,0.0668903125,NA,78.0232558139535,0.133333333333333,0.5949368,19.3866037318392,9.64666666666667,1312.25196078431,5749.67741935484,4.07,4174.38709677419,"Spring"
"891","Confluence",2014-06-01,24.5281862801162,0.245920478238798,1.64948733167287,0.0943462629875308,2.60900909732282,0.0983681912955193,6,2.77605262781444,0.0408636428571429,NA,83.7592592592593,0.112727272727273,0.484102742857143,22.2166969475024,11.6052222222222,2126.72704402516,8900,4.07,5406.03333333333,"Summer"
"892","Confluence",2014-07-01,27.107987537556,1.27958111796298,2.18010753449784,0.479751512485507,3.62083904392582,0.51183244718519,7,3.256491221796,0.0347196540961029,NA,91.6029411764706,0.114090909090909,0.314522246153846,23.0915384419759,11.0806666666667,1905.34484126984,9144.1935483871,4.07,4084.96774193548,"Summer"
"893","Confluence",2014-08-01,21.4166928681298,0.653081710041295,1.89120499511342,0.244288747898776,2.7966255047325,0.261232684016518,8,3.25368420425214,0.0341962775863225,NA,99.3939393939394,0.108,0.300848256923077,22.5431395153667,9.165,1886.77804878049,8543.54838709677,4.07,3418.61290322581,"Summer"
"894","Confluence",2014-09-01,27.0635174254617,2.1603416005418,2.05054072112018,0.817074184774337,3.21348077370762,0.86413664021672,9,4.95274509803922,0.0350213618605387,NA,116.333333333333,0.103636363636364,0.274230947692308,22.4321468926554,7.4559595959596,1627.0567251462,8254.33333333333,4.07,3201.06666666667,"Autumn"
"895","Confluence",2014-10-01,19.3507343061513,0.274487330366546,1.4302927592554,0.106057982959179,2.07052857075819,0.109794932146618,10,5.81824999523163,0.0553013,NA,124.745098039216,0.105,0.333761670769231,20.9768032249075,7.49609375,2482.99310344828,6324.51612903226,4,4720.61290322581,"Autumn"
"896","Confluence",2014-11-01,11.8749155798371,0.767270206446069,0.628434739544802,0.294567820356453,0.81936917500876,0.306908082578428,11,2.26916666428248,0.111214525714286,NA,138.372549019608,0.106363636363636,0.522072695714286,16.4465300496419,7.3946875,2157.93390804598,7596.66666666667,4,5433.7,"Autumn"
"897","Confluence",2014-12-01,17.9862154089672,0.272259817131438,0.458931850997348,0.105957270939086,0.691138056047321,0.108903926852575,12,1.83464282989502,0.15809904,NA,57.5677966101695,0.11,0.60159222,13.300985907971,53.3322580645161,1312.475,33066.1290322581,4,33506.935483871,"Winter"
"898","Confluence",2015-01-01,8.79398978058333,0.158060474308716,0.213384172864288,0.0615975208899214,0.272613683198083,0.0632241897234865,1,0.807941175068126,0.185007075,NA,51.0813953488372,0.119444444444444,0.666075094166667,9.2036538373507,23.7166666666667,754.640789473684,10733.2258064516,4,6051.35483870968,"Winter"
"899","Confluence",2015-02-01,14.1740722772767,0.282010348412691,0.296239007332563,0.109458022514441,0.439396240595576,0.112804139365076,2,1.69357142857143,0.17015407,NA,64.9125,0.118571428571429,0.642700828,12.7059183673469,13.5883333333333,1010.4,17869.2857142857,4,16257.5357142857,"Winter"
"900","Confluence",2015-03-01,17.0322183022414,0.0701685475437947,0.704730411701478,0.0276688585049556,1.03030503764274,0.0280674190175179,3,6.10305554231008,0.124095273062316,NA,65.6,0.117222222222222,0.578172271666667,15.7869696825201,12.8641666666667,933.635294117647,7972.90322580645,4,5988.74193548387,"Spring"
"901","Confluence",2015-04-01,14.2180121405371,0.115161396136696,0.746442044338155,0.0451825406371311,1.08984266067234,0.0460645584546785,4,17.3424999880791,0.0796550593512777,NA,59.2009803921569,0.121818181818182,0.350945735648528,16.9379258750633,18.5741666666667,1844.16785714286,6341.33333333333,4,6818.26666666667,"Spring"
"902","Confluence",2015-05-01,18.292139596919,0.106474079197443,0.960002890672087,0.0418768944791356,1.41069590812963,0.042589631678977,5,2.43873352636984,0.106422996666667,NA,68.4418604651163,0.133888888888889,0.45875473,19.1151851654053,14.2575,2255.50588235294,7320.32258064516,4,5908.90322580645,"Spring"
"903","Confluence",2015-06-01,14.3010693717512,0.366095118047535,1.13670692870503,0.140416160740858,1.53868867759833,0.146438047219014,6,2.83044444444444,0.0475,NA,76.2222222222222,0.117272727272727,0.478972222222222,21.6971568627451,12.1113333333333,2199.76666666667,6886,4,4796.46666666667,"Summer"
"904","Confluence",2015-07-01,8.44580732773711,0.42798096998988,0.859339659451327,0.163460766796335,1.11509048037166,0.171192387995952,7,4.30472220897675,0.0365714978571429,NA,77.9333333333333,0.116363636363636,0.383736317857143,22.7262962468465,11.456,2825.14905660377,7886.12903225806,4,4763.58064516129,"Summer"
"905","Confluence",2015-08-01,10.245273472707,3.24308521514677,1.0633311000966,1.17585917964877,1.31949449913467,1.29723408605871,8,2.67849999284744,0.0284369429963649,NA,81.3939393939394,0.122727272727273,0.275273731428571,22.6593181297996,9.944,2393.0487804878,7779.67741935484,4,4470.06451612903,"Summer"
"906","Confluence",2015-09-01,7.15013340658232,0.479839415878031,0.672885506335638,0.178645334319349,0.853249230565632,0.191935766351212,9,3.02833333333333,0.039692705142719,NA,103.229166666667,0.101818181818182,0.313181990588235,22.47575,8.1619696969697,2191.06929824561,7901,4,4825.73333333333,"Autumn"
"907","Confluence",2015-10-01,11.1277868293707,0.31025829316514,0.770123795730933,0.118595788360331,1.07100340881753,0.124103317266056,10,2.15694444179535,0.0600788823076923,NA,123.375,0.09875,0.435416479230769,20.8326270927817,10.2080303030303,2338.29107142857,7004.83870967742,6.71,4737.58064516129,"Autumn"
"908","Confluence",2015-11-01,6.98266089002888,0.139414767532782,0.273095113096018,0.0540313452512388,0.342150383611415,0.0557659070131127,11,2.313125,0.0634133716666667,NA,115.960784313725,0.108,0.525779541111111,15.6117543859649,10.0584375,2401.23035714286,6122,6.71,4769.06666666667,"Autumn"
"909","Confluence",2015-12-01,6.40641387965742,0.392147112819906,0.156427466386534,0.15146169263054,0.19149852511807,0.156858845127962,12,9.02555555555556,0.112841416923077,NA,93.3833333333333,0.105454545454545,0.570923913846154,10.6723529411765,15.1875757575758,2512.0696969697,10542.2580645161,6.71,9248.61290322581,"Winter"
"910","Confluence",2016-01-01,11.8362837533082,0.304409988490776,0.289474613054147,0.118026772923545,0.366924796352556,0.12176399539631,1,2.29801389105358,0.173465382307692,NA,45.8666666666667,0.109090909090909,0.681851298461538,9.18865384615385,37.3916666666667,1553.58205128205,27404.1935483871,6.71,27636.2258064516,"Winter"
"911","Confluence",2016-02-01,5.20835470660015,0.214609419451692,0.15200640869666,0.0835192428167403,0.182291257501078,0.0858437677806767,2,1.63062497615814,0.135109547,NA,48.2444444444444,0.1,0.532602786,11.4169105598016,19.36,235.832692307692,21165.5172413793,6.71,17844.3448275862,"Winter"
"912","Confluence",2016-03-01,4.06506757323639,1.05544705495506,0.159363182972265,0.403307377638028,0.181492095456118,0.422178821982024,3,2.40973684085043,0.1132441175,NA,58.9431818181818,0.0888888888888889,0.36157953,13.6799999882091,26.7916666666667,375.46625,53790.3225806452,6.71,63654.3548387097,"Spring"
"913","Confluence",2016-04-01,9.03200061555356,0.0776040899565699,0.501681416489058,0.0305268986364307,0.623208042473195,0.031041635982628,4,3.87099998728434,0.112751998333333,NA,80.3636363636364,0.0864285714285714,0.268165829166667,17.2273809101468,8.7525,200.009756097561,19436.6666666667,6.71,20873.9,"Spring"
"914","Confluence",2016-05-01,9.7809474252269,0.00654008395755113,0.754312733912347,NA,0.937128896777396,0.00261603358302045,5,47.9707692307692,0.0368885675931275,NA,65.1785714285714,0.13,0.155217331666667,18.8216666666667,13.2608333333333,333.870833333333,13329.0322580645,6.71,12154.1290322581,"Spring"
"915","Confluence",2016-06-01,14.1284202691224,0.0456251320354819,1.41281180189451,0.0180935067163396,1.88221579830737,0.0182500528141928,6,6.12633333094915,0.0667789444444444,NA,76,0.101428571428571,0.258514621851852,21.7776470438639,13.9153571428571,546.238,13840,6.71,7049.03333333333,"Summer"
"916","Confluence",2016-07-01,8.32002811745869,0.022812566017741,0.821229105453788,NA,0.998383744303277,0.00912502640709638,7,7.18966666030884,0.064,NA,75.8214285714286,0.0785714285714286,0.1922,22.3682999465942,18.485,557.672,18441.935483871,6.71,8252.03225806452,"Summer"
"917","Confluence",2016-08-01,9.43957432938467,0.0505631739556585,0.78657827259479,0.0200592969977413,1.01426943007206,0.0202252695822634,8,8.07210526315789,0.0566628736363636,NA,99.7333333333333,0.08125,0.165998585454545,22.0378048780488,13.6613333333333,619.418421052632,18851.6129032258,6.71,6195.1935483871,"Summer"
"918","Confluence",2016-09-01,12.5537345058273,0.038759459191178,1.02982104470468,0.0153786175297997,1.34185121958699,0.0155037836764712,9,2.12125,0.0725833708333333,NA,113.263157894737,0.105,0.241004493333333,20.8334693877551,9.58015151515152,1120.4652173913,16630,6.71,5189.76666666667,"Autumn"
"919","Confluence",2016-10-01,8.81300388439182,0.221326150255518,0.477811119501225,0.087235012299056,0.608097268023035,0.0885304601022071,10,1.7,0.103663827333333,NA,131.1,0.0918181818181818,0.381405958,17.9152127659574,8.4875,2068.20454545455,11633.8709677419,14.14,7614.93548387097,"Autumn"
"920","Confluence",2016-11-01,1.94,0.15519781312743,0.127965385566948,0.061350215065613,0.13386,0.0620791252509718,11,1.56,0.138333333333333,NA,123.8125,0.105454545454545,0.478461538461538,16.9156363636364,5.43363636363636,1899.85090909091,15056.6666666667,14.14,8668.96666666667,"Autumn"
"921","Confluence",2016-12-01,6.9553836617598,0.223070620239929,0.174694145691753,0.0880892537904525,0.216576893514554,0.0892282480959715,12,1.62142857142857,0.178376487692308,NA,63.6645161167268,0.092,0.478693563076923,9.67331247675419,18.7272727272727,1118.78805970149,39925.8064516129,14.14,35362.4516129032,"Winter"
"922","Confluence",2017-01-01,0.24169471904789,0.102374296534839,0.00725293064052535,0.0406136770790547,0.00749253629048459,0.0409497186139357,1,1.56666666666667,0.11125,NA,35.3471741274841,0.0814285714285714,0.315,9.18639727300265,30.75,145.530303030303,67500,14.14,143948.451612903,"Winter"
"923","Confluence",2017-02-01,0.439029916507302,0,0.0138497328883594,0,0.0144813018362039,0,2,4.06916666666667,0.06125,NA,42.5365384395306,0.0914285714285714,0.40375,11.4129710352248,18.75,156.008333333333,82107.1428571429,14.14,269002.464285714,"Winter"
"924","Confluence",2017-03-01,0.398977462920322,0,0.0206524179637857,0,0.0216100105669677,0,3,2.978125,0.0546728888888889,NA,77.6772957909472,0.0814285714285714,0.352004327777778,13.4238118840208,21.316,158.128,66770.9677419355,14.14,124338.612903226,"Spring"
"925","Confluence",2017-04-01,0.244004751600374,0.108571082601303,0.0115899389576411,0.0430410609118,0.0119570661493963,0.0434284330405212,4,3.11263157894737,0.0526285854545455,NA,72.9152542372881,0.0571428571428571,0.186283592727273,14.546,NA,142.98,67336.6666666667,14.14,106997.466666667,"Spring"
"926","Confluence",2017-05-01,0.685437445069174,0,0.0453495706784702,0,0.047295183709773,0,5,1.49941176470588,0.0565,NA,97.0272727272727,0.05375,0.1119,17.3548360655738,NA,141.5,48345.1612903226,14.14,65149.3225806452,"Spring"
"927","Confluence",2017-06-01,2.66380351114054,0.259435588417802,0.209420298577453,0.102255728572117,0.232875045087826,0.103774235367121,6,1.79543859649123,0.0807913,NA,105.328828833125,0.0528571428571429,0.484697552424242,20.8693032786885,12.2,186.908163265306,26166.6666666667,14.14,28121.3,"Summer"
"928","Confluence",2017-07-01,5.76736510637107,0.129717794208901,0.61336163670559,0.0513502444575478,0.70061323239765,0.0518871176835603,7,12.744,0.0580796659523632,NA,87.9775277344921,0.0657142857142857,0.129634551982869,23.4652877519457,17.5444444444444,405.935897435897,15000,14.14,9651.22580645161,"Summer"
"929","Confluence",2017-08-01,4.5258604626402,0,0.466805764578293,0,0.517800304279964,0,8,2.70361111111111,0.0842753136363636,NA,104.125925844687,0.0671428571428571,0.313632945454545,22.5906550750732,12.5277777777778,430.392592592593,19980.6451612903,14.14,10235.935483871,"Summer"
"930","Confluence",2017-09-01,2.60224724125875,0.0379893996134421,0.267338354170039,0.0150764821322402,0.293788768502593,0.0151957598453768,9,2.16277777777778,0.0928175390909091,NA,134.216665650739,0.0714285714285714,0.217827815454545,21.1462368702136,8.24444444444444,196.464285714286,21266.6666666667,14.14,12936.7333333333,"Autumn"
"931","Confluence",2017-10-01,2.21259643659937,0,0.138485976675964,0,0.156508704538086,0,10,2.23882352941176,0.0956628258333333,NA,145.369046097142,0.0625,0.235166698333333,17.3455504639652,8.57407407407407,239.054545454545,13316.1290322581,7.14,9340.58064516129,"Autumn"
"932","Confluence",2017-11-01,4.38344622295346,0.04,0.211848249072069,0.0107229330888124,0.24108954226244,0.0108,11,1.31263157518286,0.135004369166667,NA,154.169696043477,0.0711111111111111,0.419389410769231,15.2638719419154,6.85185185185185,614.247368421053,13666.6666666667,7.14,9046.36666666667,"Autumn"
"933","Confluence",2017-12-01,5.29296099865577,0,0.159274839304834,0,0.189153604694409,0,12,1.27482681102031,0.17899449,NA,110.988763600699,0.078,0.449573700714286,10.3874193869697,10,894.560294117647,14425.8064516129,7.14,6841.12903225806,"Winter"
"934","Confluence",2018-01-01,3.46096515400848,0,0.100704927811001,0,0.122624828226185,0,1,1.43619047619048,0.214224022307692,NA,119.715277512868,0.0690909090909091,0.445926162857143,10.4651543342539,NA,1122.17976190476,18180.6451612903,7.14,16992,"Winter"
"935","Confluence",2018-02-01,4.14998629028845,0.14301846465026,0.13380496298253,0.056513408629261,0.16184946532125,0.0572073858601041,2,1.59735294117647,0.14508962,NA,128.944237855287,0.07875,0.502313066153846,11.3435776221485,NA,349.756756756757,13532.1428571429,7.14,11570.25,"Winter"
"936","Confluence",2018-03-01,4.34750926914177,0,0.149111641229269,0,0.174700979796383,0,3,3.215,0.164333824166667,NA,107.008865077868,0.075,0.451871315,12.3108481476038,NA,328.90375,26558.064516129,7.14,28192.6774193548,"Spring"
"937","Confluence",2018-04-01,6.7986384619477,0,0.268859468581813,0,0.340013085905111,0,4,2.05,0.08945745,NA,95.3548387096774,0.0542857142857143,0.233822311818182,15.7080487804878,NA,164.669230769231,35520,7.14,41906.1,"Spring"
"938","Confluence",2018-05-01,8.85025444099169,0,0.609975481500105,0,0.8235076052939,0,5,2.05441176470588,0.131791884,NA,113.694444444444,0.0728571428571429,0.271310895,18.7110377358491,NA,217.009803921569,10838.064516129,7.14,12687.1935483871,"Spring"
"939","Confluence",2018-06-01,9.01036475280268,0,0.748014404664891,0,1.05096766655852,0,6,2.37333333333333,0.0889158136363636,NA,97.0796460176991,0.0785714285714286,0.303355073636364,21.4728780487805,13.0555555555556,335.171428571429,12063.3333333333,7.14,7317.6,"Summer"
"940","Confluence",2018-07-01,14.3876909858314,0,1.36137297802919,0,1.87005661318554,0,7,3.814,0.0757471254994698,NA,117.629562213908,0.0833333333333333,0.267452946923077,22.6652342523354,9.56666666666667,531.269298245614,15335.4838709677,7.14,6651.77419354839,"Summer"
"941","Confluence",2018-08-01,13.6452126056963,0.00415875231422336,1.12697667353196,NA,1.60449739441722,0.00166350092568934,8,3.17618111660606,0.0892590416666667,NA,114.591370479104,0.0753333333333333,0.202331366666667,21.7134801261275,8.18333333333333,733.907377741887,18477.4193548387,7.14,5759.8064516129,"Summer"
"942","Confluence",2018-09-01,15.7783798916749,0.0220820472747969,1.20083757347897,NA,1.68828681539794,0.00883281890991875,9,1.77894736842105,0.0765436515384615,NA,148.427926721873,0.0843333333333333,0.20903526,20.5256336141126,6.81111111111111,1020.95789473684,16876.6666666667,7.14,6078.26666666667,"Autumn"
"943","Confluence",2018-10-01,10.3519251946511,0.0480740478514009,0.697098588300206,0.0188858172655243,0.888286681735769,0.0192296191405604,10,1.21076720968735,0.0977418975,NA,136.095080616826,0.0863636363636364,0.303840269375,18.2297106474391,6.78148148148148,1106.8,11167.4193548387,10.34,5005.70967741936,"Autumn"
"944","Confluence",2018-11-01,11.713342720382,0.123101348485379,0.592016949668084,0.0476229879748438,0.759823728867755,0.0492405393941515,11,1.64545454545455,0.1498,NA,153.322726223685,0.0883333333333333,0.6114,14.582895979385,6.09259259259259,1769.80392156863,9611.66666666667,10.34,7894.5,"Autumn"
"945","Confluence",2018-12-01,25.1986351908645,0.000204645309564163,0.477989368804747,NA,0.883245133666646,NA,12,0.850526315789474,0.178590203333333,NA,124.911893791039,0.0887,0.551421191666667,11.2032711524963,6.75925925925926,1180.27462686567,15093.5483870968,10.34,10077.4193548387,"Winter"
"946","Confluence",2019-01-01,9.32637991134218,0.10033512909028,0.26178210326332,0.0389955855390225,0.363728816542345,0.0401340516361121,1,1.45875,0.21275,NA,62.6864235195225,0.10475,1.19188888888889,9.62585759195164,NA,557.938461538462,31577.4193548387,10.34,32308.7741935484,"Winter"
"947","Confluence",2019-02-01,9.98237635928322,0.0040497980340221,0.28015000699743,NA,0.383790798111831,NA,2,1.65897099723985,0.101997446,NA,43.0653264420715,0.103428571428571,0.456204588,9.79528876036374,NA,183.744444444444,55289.2857142857,10.34,81926.8928571429,"Winter"
"948","Confluence",2019-03-01,18.8683668037502,0.147436974051449,0.414444111904503,0.0580910386728577,0.736872577119563,0.0589747896205794,3,3.25804931977919,0.0505419134150158,NA,54.4865898913579,0.0785714285714286,0.291492851818182,12.0799653912177,NA,169.866666666667,69916.1290322581,10.34,120729.935483871,"Spring"
"949","Confluence",2019-04-01,24.8081214654631,0.256992636987965,0.765818147843747,0.100929762211041,1.21810616222737,0.102797054795186,4,2.13888888888889,0.0563607570052667,NA,91.9230769230769,0.0552857142857143,0.159776498181818,15.3360288461538,NA,151.755,63670,10.34,85681.5666666667,"Spring"
"950","Confluence",2019-05-01,18.6021048288728,0.0841412394581787,0.685874545677429,0.0333029117486582,1.02959664751753,0.0336564957832715,5,1.475,0.0762728006425022,NA,123.048780487805,0.0485714285714286,0.123998717777778,16.7333846153846,NA,133.182,36503.2258064516,10.34,50116.7419354839,"Spring"
"951","Confluence",2019-06-01,11.953009214021,0.36237149121265,1.12247380204275,0.141401590895428,1.37505503233729,0.14494859648506,6,1.07678867252544,0.050327815529083,NA,120.414285714286,0.0517142857142857,0.125820179090909,20.7425087719298,8.90555555555556,116.933035714286,29880,10.34,32967.0333333333,"Summer"
"952","Confluence",2019-07-01,28.1056154312924,0.0931361300964653,2.59552266894344,0.0367493536553878,3.36932661430317,0.0372544520385861,7,1.98875,0.0816874308918493,NA,97.0461162444457,0.0671428571428571,0.188328046666667,22.572930594409,10.9222222222222,242.052336113475,18022.5806451613,10.34,7633.67741935484,"Summer"
"953","Confluence",2019-08-01,19.3798534349218,0.235181550234091,1.93300136568205,0.0924283124987129,2.59476277946527,0.0940726200936366,8,2.504625,0.0571132381570276,NA,116.643292450323,0.0665555555555556,0.19279289,23.0317861051174,9.75555555555556,325.280701281453,20651.6129032258,10.34,11687.064516129,"Summer"
"954","Confluence",2019-09-01,21.7340697832452,0.285476259749039,1.60208138772684,0.112095151713921,2.12946456194513,0.114190503899616,9,1.50434366082976,0.0889070885352845,NA,126.494047478551,0.0631428571428571,0.185826860909091,21.3403523247459,5.53333333333333,182.262069097059,20870,10.34,12471.7333333333,"Autumn"
"955","Confluence",2019-10-01,11.7672511440724,0.0760701872566021,0.683906073541728,0.0301084075920904,0.811940328940994,0.0304280749026408,10,1.72055555555556,0.123403548541495,NA,141.620852531415,0.061,0.217561654444444,17.1218145081188,6.96296296296296,264.009589284958,14280.6451612903,6.12,13226.6451612903,"Autumn"
"956","Confluence",2019-11-01,23.6837061640703,0.0604619423496775,0.80862250161074,0.023969054016663,1.190838741166,0.024184776939871,11,1.71272727272727,0.154927513218231,NA,143.37568966855,0.064625,0.392805884,14.2374456210758,5.54230769230769,501.645603993175,10621,6.12,6787.63333333333,"Autumn"
"957","Confluence",2019-12-01,34.1201875011062,1.86268356430934,0.773385131072519,0.708901208197495,1.33068731254314,0.745073425723737,12,0.935952380952381,0.224133701060588,NA,95.898648602737,0.024993918743302,0.326486293489221,10.8035246672881,13.6222222222222,842.649668581123,19409.6774193548,6.12,14507.5806451613,"Winter"
"958","Confluence",2020-01-01,32.6470410306439,0,0.426226845187844,0,0.918994972257504,0,1,1.42,0.143934797270503,NA,135.338911552309,0.0792,0.447820254545455,9.69580918877946,NA,558.796475784369,16458.064516129,6.12,12917.6451612903,"Winter"
"959","Confluence",2020-02-01,13.9009778785955,0.042461744011752,0.400199393577207,0.0111136193577694,0.542632389567214,0.0114646708831731,2,1.85944444444444,0.173486265127514,NA,106.585877366193,0.105111111111111,0.445004795384615,11.1625167130254,NA,374.343530034084,13586.2068965517,6.12,11768.0689655172,"Winter"
"960","Confluence",2020-03-01,9.92181549429055,0.00172678830848552,0.347091795410494,0.00046097319656058,0.435921571314923,0.00046623284329109,3,2.81066666666667,0.163916760522872,NA,132.182329621978,0.0965555555555556,0.4101,13.7446728214657,NA,545.460769359882,12067.7419354839,6.12,10325.4838709677,"Spring"
"961","Confluence",2020-06-01,18.3752960745756,0.370070990200717,1.29017844253291,0.134540186839356,2.1834416524285,0.148028396080286,6,1.59618981625911,0.0530951406110006,NA,117.850000103315,0.0918888888888889,0.446230769230769,22.224743577517,9.4875,589.417756508069,12290,6.12,7108.26666666667,"Summer"
"962","Confluence",2020-07-01,35.6890739420762,0,2.93726203962454,0,5.23514986944075,0,7,4.16320261437908,0.0349486898791899,NA,136.146918374215,0.0752222222222222,0.212636363636364,22.7572483862871,5.64047619047619,613.922012657789,13800,6.12,4526.61290322581,"Summer"
"963","Confluence",2020-08-01,23.2972404304618,0.0432248686790467,1.77046913295893,0.0166579015369586,3.47732552735006,0.0172899474716187,8,3.61642857142857,0.0322505457049164,NA,124.28797401054,0.0748888888888889,0.124254945062528,23.2213647606808,6.43888888888889,862.028302462596,13603.2258064516,6.12,3395.61290322581,"Summer"
"964","Confluence",2020-09-01,16.8893430758314,0.0408863737285187,1.43949430770814,0.0151449257925319,1.98269516573176,0.0163545494914074,9,3.90117647058824,0.0466057756393301,NA,127.697673772657,0.165555555555556,0.202272727272727,21.4712600119706,6.74074074074074,1163.32485543841,11640,6.12,4271.6,"Autumn"
"965","Confluence",2020-10-01,11.146710000307,0.040178724766001,0.886464389033262,0.0147656345942365,1.1596208152858,0.0160714899064004,10,2.0834982153894,0.030169101775034,NA,134.227073515867,0.0818181818181818,0.242111111111111,19.8847069245042,4.32592592592593,1793.54612072912,8589.35483870968,3.8,4325.12903225806,"Autumn"
"966","Confluence",2020-11-01,40.1096478932624,0.0153561821518811,0.810240097946693,0.0056529858516773,1.97378161029062,0.00614247286075247,11,1.42244982022491,0.0565631009285183,NA,126.698744071079,0.0818181818181818,0.275615384615385,14.4049083452543,5.98148148148148,1998.12124977112,8454.33333333333,3.8,5069.13333333333,"Autumn"
"967","Confluence",2021-03-01,18.9471022038846,0.00431105791836347,0.516466430467336,0.00114657461396539,0.832034550258599,0.00116398563795814,3,3.96503267973856,0.0998333333333333,NA,106.150989717776,0.0886363636363636,0.554923076923077,12.4381675271471,NA,862.867538611926,9457.09677419355,3.8,8915.38709677419,"Spring"
"968","Confluence",2021-04-01,17.1721683157967,0.180703922868821,0.739974391901589,0.0669712212853033,1.01355470611426,0.0722815691475283,4,5.41466666666667,0.0539816589958712,NA,115.65306122449,0.088,0.405041666666667,16.49722,NA,843.8,7862,3.8,6559,"Spring"
"969","Confluence",2021-05-01,20.1762833599004,0.0627748043979433,0.942568408513056,0.0240602993151985,1.72910748394347,0.0251099217591773,5,3.86105263157895,0.0412017437915906,NA,82.3815789473684,0.0871333333333333,0.255214601034642,19.213358974359,NA,1812.3,7124.51612903226,3.8,4748.54838709677,"Spring"
"970","Confluence",2021-06-01,24.0597882807992,0.073139919890275,1.80112545486905,0.0276038468751394,2.65571020608867,0.02925596795611,6,1.90647058823529,0.0272668001776371,NA,94.8516262895693,0.0916666666666667,0.224944444444444,21.616783104954,13.4888888888889,2429.55863409693,6598.33333333333,3.8,3077.3,"Summer"
"971","Confluence",2021-07-01,10.8842105176204,0.07229156401431,1.19648598052829,0.0266897029972603,1.64420369584092,0.0289166256057241,7,5.79666666666667,0.0272406946930181,NA,93.3571425573134,0.0906666666666667,0.0904041873235178,22.5425085664289,8.65625,2800.52467552284,7454.83870967742,3.8,3452.35483870968,"Summer"
"972","Confluence",2021-08-01,21.5892979229522,0.119069265254875,1.76563646448224,0.0426959103508337,2.81960785760111,0.04762770610195,8,9.12941176470588,0.0252553532047314,NA,83.6510988598341,0.0842666666666667,0.064157274609806,22.0376994347911,8.63888888888889,2423.49781384077,7569.03225806452,3.8,3675.58064516129,"Summer"
"973","Confluence",2021-09-01,4.98710618107495,2.87569104458044,0.46024636273588,0.83370745187188,0.610023852990345,1.15027641783218,9,1.93809523809524,0.0199426163934284,NA,105.867999832153,0.0682666666666667,0.0954983955,21.8312094921972,9.58461538461538,1997.02600003662,7608,3.8,3086.83333333333,"Autumn"
"974","Confluence",2021-11-01,10.0601681999646,2.30235313542786,0.417632746540379,0.64642906197961,0.617210610064744,0.920941254171143,11,1.00112956447208,0.0789872958621737,NA,75.4654088792561,0.0982857142857143,0.526112816666667,15.4902531146768,16.4666666666667,1016.7137497139,8606,4.55,3396.3,"Autumn"
"975","Confluence",2021-12-01,6.0438141788597,3.73866889985187,0.185716671136349,0.732431907531293,0.238534000834005,1.00944060296001,12,1.31498921866994,0.0824944513512242,NA,84.6041666666667,0.0926,0.52150067125,12.4407843137255,15.1814814814815,2710.97959183673,17871.935483871,4.55,19869.3870967742,"Winter"
"976","Confluence",2022-01-01,5.66149183727403,1.06515469260323,0.127636922940972,0.244746558679796,0.159367659967961,0.287591767002873,1,0.930302639068528,0.064528816403045,NA,94,0.0891428571428571,0.7181,9.66666666666667,NA,303.736842105263,17035.4838709677,4.55,12146.5161290323,"Winter"
"977","Confluence",2022-02-01,4.93793814767416,2.0156296511268,0.133252245362518,0.400006810494513,0.161233616856947,0.544220005804237,2,1.27896242210342,0.0388226865186977,NA,99.5714285714286,0.0672222222222222,0.413923076923077,10.9278260869565,NA,675.190476190476,12192.8571428571,4.55,11369.4285714286,"Winter"
"978","Confluence",2022-03-01,22.0961907555909,2.58798723156941,0.707639613675507,0.519371456032083,1.08511671584904,0.69875655252374,3,2.91846153846154,0.0240844167938287,NA,111,0.052375,0.283545454545455,13.9841176470588,NA,435.65625,10496.4516129032,4.55,9343.25806451613,"Spring"
"979","Confluence",2022-04-01,1.80852668457001,0.076911098992055,0.102150908724272,0.0292660480526246,0.138108885985499,0.030764439596822,4,4.30714285714286,0.0428263019764294,NA,93.1911764705882,0.0855,0.228615384615385,16.1911111111111,NA,1026.91176470588,8231.33333333333,4.55,7399.26666666667,"Spring"
"980","Confluence",2022-05-01,5.10596289518895,0.0085266675185717,0.432373308667042,0.00334701960629097,0.517739907977054,0.00341066700742867,5,3.26,0.0444220460126684,NA,76.2047619047619,0.0764545454545455,0.225545454545455,18.0345945945946,NA,1511.01428571429,7167.09677419355,4.55,4530.03225806452,"Spring"
"981","Confluence",2022-06-01,6.29022164345864,0.054247373831841,0.659348097844132,0.0207903970268007,0.929049758870577,0.0216989495327364,6,1.9375,0.0254865043579845,NA,86.9677419354839,0.0685454545454545,0.166967120392315,22.2314583333333,10.1277777777778,2152.83333333333,8866.66666666667,4.55,5029.13333333333,"Summer"
"982","Confluence",2022-07-01,9.3249838644264,0.0469463404058347,0.930502309478103,0.0180647062875749,1.36199178450439,0.0187785361623338,7,2.42153846153846,0.0294270046764392,NA,87.625,0.0907272727272727,0.0805085598894141,23.2115,9.39444444444444,2061.3,12106.4516129032,4.55,5300.45161290323,"Summer"
"983","Confluence",2022-08-01,8.86392777497198,0.244772917349236,0.839030423664431,0.0743484172952657,1.23794153902202,0.0979091669396947,8,2.32,0.027270926975246,NA,82.05,0.0745454545454545,0.0860781635280832,22.957,12.5888888888889,2409.2,9916.77419354839,4.55,3188.22580645161,"Summer"
"984","Confluence",2022-09-01,7.0415533410767,0.43464342204211,0.479751329731614,0.141191991229286,0.748728904985881,0.173857368816845,9,1.89,0.0206470715127782,NA,131.333333333333,0.0703333333333333,0.122973152936178,22.3997222222222,9.00740740740741,2484.05555555556,8752.66666666667,4.55,3442.13333333333,"Autumn"
"985","Confluence",2022-10-01,9.46050056620336,0.392160127945187,0.67434151927551,0.142217308705109,0.885215188988115,0.156864051178074,10,2.86363636363636,0.0248774474486709,NA,117.789473684211,0.0656363636363636,0.128240746522322,20.0515789473684,7.96296296296296,2552.36842105263,6846.12903225806,9.33,4339.03225806452,"Autumn"
"986","Confluence",2022-11-01,11.908557256774,0.872572565463007,0.372529795725344,0.205342218864444,0.52321039374839,0.235594592675011,11,1.29727272727273,0.043606266042006,NA,137.131578947368,0.0689090909090909,0.197,13.5955263157895,8.87407407407407,1858.55263157895,6846,9.33,4788.16666666667,"Autumn"
"987","Confluence",2022-12-01,7.93248217010176,0.00880513712479363,0.197468955123849,0.00227231908948455,0.249583224211211,0.00237738702369428,12,1.06,0.0654955827352929,NA,95.5263157894737,0.0799090909090909,0.361545454545455,9.85763157894737,8.48888888888889,1316.21052631579,11701.6129032258,9.33,13240.3548387097,"Winter"
"988","Confluence",2023-01-01,5.8994739564525,0.111533480486933,0.14880763543007,0.0277910629124407,0.185617780113156,0.0301140397314718,NA,NA,NA,NA,NA,NA,NA,NA,NA,NA,NA,NA,NA,"Autumn"
"989","Confluence",2023-02-01,5.37840945884583,0.0321010420699029,0.14286952606323,0.00835881870797813,0.169223295442919,0.00866728135887377,NA,NA,NA,NA,NA,NA,NA,NA,NA,NA,NA,NA,NA,"Autumn"
"990","Confluence",2023-03-01,6.89064626787837,0.069067123870953,0.196268857538531,0.0174098609698713,0.242309338514123,0.0186481234451573,NA,NA,NA,NA,NA,NA,NA,NA,NA,NA,NA,NA,NA,"Autumn"
"991","Confluence",2023-04-01,14.6332343042866,0.231838500977923,0.58703503429513,0.058546790311507,0.769355667928179,0.062596395264039,NA,NA,NA,NA,NA,NA,NA,NA,NA,NA,NA,NA,NA,"Autumn"
"992","Confluence",2023-05-01,7.51043341928134,0.52008440984367,0.470258409696029,0.189854006979607,0.551711662399732,0.208033763937468,NA,NA,NA,NA,NA,NA,NA,NA,NA,NA,NA,NA,NA,"Autumn"
"993","Confluence",2023-06-01,10.6205150174489,0.0063073504642583,0.664569488234911,0.0024847202035863,0.818876989217887,0.00252294018570333,NA,NA,NA,NA,NA,NA,NA,NA,NA,NA,NA,NA,NA,"Autumn"
"994","Confluence",2023-07-01,16.2863317359872,0.52392669786252,1.49286575310083,0.196671589502199,1.87943036910382,0.209570679145007,NA,NA,NA,NA,NA,NA,NA,NA,NA,NA,NA,NA,NA,"Autumn"
"995","Confluence",2023-08-01,16.3501110234799,0.216702298017155,1.69318859691713,0.082316840789453,2.11206419392449,0.086680919206862,NA,NA,NA,NA,NA,NA,NA,NA,NA,NA,NA,NA,NA,"Autumn"
"996","Confluence",2023-09-01,9.97811475501834,0.0953092247867857,0.809985524179402,0.036890586271279,1.08064947267152,0.0381236899147143,NA,NA,NA,NA,NA,NA,NA,NA,NA,NA,NA,NA,NA,"Autumn"
"997","Confluence",2023-10-01,12.9696269386213,-0.00195132439411758,0.766147237087477,-0.00076273358104949,1.11245005456347,-0.000780529757647033,NA,NA,NA,NA,NA,NA,NA,NA,NA,NA,NA,NA,NA,"Autumn"
"998","Confluence",2023-11-01,17.0026379072192,0.118389119145146,0.772370890344897,0.0452321251049567,1.05775025316587,0.0473556476580587,NA,NA,NA,NA,NA,NA,NA,NA,NA,NA,NA,NA,NA,"Autumn"
"999","Confluence",2023-12-01,5.12114660406626,0.0693014557589077,0.15667876880066,0.0178360296277346,0.188574924442964,0.0187113930549051,NA,NA,NA,NA,NA,NA,NA,NA,NA,NA,NA,NA,NA,"Autumn"
"1000","Suisun Bay",1981-01-01,0.000907775520717727,NA,2.79849154169817e-05,NA,2.81410411422495e-05,NA,1,NA,0.122,NA,35.1875,0.142,0.398,9.871875,19.162,13028.5714285714,18509.6774193548,6.21,18325.2580645161,"Winter"
"1001","Suisun Bay",1981-02-01,0,NA,0,NA,0,NA,2,1.29,0.0896216775,NA,20,0.156,0.49870367625,11.0809523809524,26.16,3986.8,24239.2857142857,6.21,21171.3928571429,"Winter"
"1002","Suisun Bay",1981-03-01,0,NA,0,NA,0,NA,3,2.697,0.079,NA,26.1666666666667,NA,0.397,13.5142857142857,21.35,4268.85714285714,24509.6774193548,6.21,26483.2580645161,"Spring"
"1003","Suisun Bay",1981-04-01,0.0192748368735079,NA,0.00145946016160732,NA,0.00148416243926011,NA,4,5.129,0.056,NA,25.4375,0.153,0.319,16.046875,18.46,4682.28571428571,17224.3333333333,6.21,11647.6666666667,"Spring"
"1004","Suisun Bay",1981-05-01,0,NA,0,NA,0,NA,5,16.863,0.025,NA,27.2142857142857,NA,0.172,18.625,19.16,10751.1538461538,13780.6451612903,6.21,9142.54838709677,"Spring"
"1005","Suisun Bay",1981-06-01,0,NA,0,NA,0,NA,6,16.199,0.027,NA,33.3518518518519,NA,0.074,22.0312392511047,16.2,13293.1666666667,10728.6666666667,6.21,4595.8,"Summer"
"1006","Suisun Bay",1981-07-01,0,NA,0,NA,0,NA,7,12.139,0.026,NA,56.5384615522165,0.15,0.123,21.4968162800716,16.32,15150.6,15303.2258064516,6.21,5305.74193548387,"Summer"
"1007","Suisun Bay",1981-08-01,0,NA,0,NA,0,NA,8,NA,0.041,NA,38.46875,NA,0.196,20.16,21.5,15112.1428571429,14851.6129032258,6.21,3148.1935483871,"Summer"
"1008","Suisun Bay",1981-09-01,0,NA,0,NA,0,NA,9,11.228,0.069,NA,34.7916666666667,NA,0.178,19.378,16.47,15106.625,12803.3333333333,6.21,4695.86666666667,"Autumn"
"1009","Suisun Bay",1981-10-01,0,NA,0,NA,0,NA,10,6.148,0.066,NA,52.125,NA,0.279,17.3153846153846,16.61,16706.92,9895.16129032258,12.76,5213.77419354839,"Autumn"
"1010","Suisun Bay",1981-11-01,0,NA,0,NA,0,NA,11,4.05,0.12,NA,55.05,0.182,0.394,15.421,15.54,15078.2291666667,32939.3333333333,12.76,36000.6,"Autumn"
"1011","Suisun Bay",1981-12-01,0.00763452230334869,NA,0.000294374466136713,NA,0.000297746369830599,NA,12,1.578,0.076,NA,28.0975609756098,0.126,0.226,10.6261904761905,21.7,1872.64102564103,62058.064516129,12.76,86287.3870967742,"Winter"
"1012","Suisun Bay",1982-01-01,0,NA,0,NA,0,NA,1,NA,0.07,NA,26.875,0.104,0.406,7.475,15.08,2256.5701334642,64609.6774193548,12.76,97674.0322580645,"Winter"
"1013","Suisun Bay",1982-02-01,0,NA,0,NA,0,NA,2,2.01,0.058,NA,28.6875,0.128,0.28,9.8,24.24,2169.71428571429,59432.1428571429,12.76,92555.1785714286,"Winter"
"1014","Suisun Bay",1982-03-01,0,NA,0,NA,0,NA,3,2.47,0.042,NA,32.0625,NA,0.188,12,16.975,369.285714285714,62812.9032258065,12.76,80088.3870967742,"Spring"
"1015","Suisun Bay",1982-04-01,0,NA,0,NA,0,NA,4,3.056,0.044,NA,19.1627906799624,0.126,0.156,13.342549591163,16.62,152.844129878439,76580,12.76,142192.366666667,"Spring"
"1016","Suisun Bay",1982-05-01,0,NA,0,NA,0,NA,5,8.03,0.04,NA,31.7233333133989,0.1125,0.1725,16.7901042471329,12.8,1099.53846153846,42358.064516129,12.76,57781.9677419355,"Spring"
"1017","Suisun Bay",1982-06-01,0.041315102098399,NA,0.00348081963327081,NA,0.00355309878046232,NA,6,26.012,0.027,NA,28.047619047619,NA,0.124,18.4333333333333,14.38,1057.02631578947,25810,12.76,28123,"Summer"
"1018","Suisun Bay",1982-07-01,0,NA,0,NA,0,NA,7,18.465,0.057,NA,27.4876543209877,NA,0.163,20.6457894736842,14.21,3975.36111111111,17632.2580645161,12.76,16740.8387096774,"Summer"
"1019","Suisun Bay",1982-08-01,0,NA,0,NA,0,NA,8,4.663,0.048,NA,27.8703703703704,NA,0.286,20.8607407407407,17.24,5356.72,20609.6774193548,12.76,13309.2580645161,"Summer"
"1020","Suisun Bay",1982-09-01,0.611637540954036,NA,0.0622984518733549,NA,0.0654452168820819,NA,9,15.33,0.033,NA,28.7843137254902,NA,0.15,19.4076923076923,15.43,2375.03,24856.6666666667,12.76,25801.8333333333,"Autumn"
"1021","Suisun Bay",1982-10-01,0,NA,0,NA,0,NA,10,18.618,0.031,NA,34.0865384615385,NA,0.173,17.4188679245283,16.14,3048.76470588235,19229.0322580645,15.29,22975.3870967742,"Autumn"
"1022","Suisun Bay",1982-11-01,0.0538358027413313,NA,0.00258276116779244,NA,0.00263795433432523,NA,11,11.456,0.042,NA,29.4230769230769,0.142,0.264,13.2576923076923,16.6,3260.4,31523.3333333333,15.29,39152.3333333333,"Autumn"
"1023","Suisun Bay",1982-12-01,0.352857533477576,NA,0.0104935458180865,NA,0.0109385835378049,NA,12,1.7,0.066,NA,28.7884615384615,0.16,0.296,9.3,16.34,1089.4,57706.4516129032,15.29,88908,"Winter"
"1024","Suisun Bay",1983-01-01,0.00159376104720012,NA,0,NA,0,NA,1,1.03,0.07,NA,23.2142857142857,0.14,0.353333333333333,8.56785714285714,17.8333333333333,538.958333333333,47512.9032258065,15.29,89761.5483870968,"Winter"
"1025","Suisun Bay",1983-02-01,0.00135292467463456,NA,5.216652240888e-05,NA,5.27640623107477e-05,NA,2,1.05,0.042,NA,25.8571428571429,0.098,0.248,11.65,11.32,369.333333333333,79039.2857142857,15.29,175756.25,"Winter"
"1026","Suisun Bay",1983-03-01,0.0141686656186866,NA,0.000543817027710375,NA,0.000552577959128779,NA,3,1.576,0.052,NA,14.9333333333333,0.116,0.262,11.975,13.34,211,78290.3225806452,15.29,266623.161290323,"Spring"
"1027","Suisun Bay",1983-04-01,0.250298588650784,NA,0.0102792240105171,NA,0.0110131379006345,NA,4,3.242,0.04,NA,24.0392722853984,0.118,0.182,13.1387827515145,12.78,200.230769230769,60510,15.29,118099.733333333,"Spring"
"1028","Suisun Bay",1983-05-01,0.453025673316351,NA,0.0232837100669229,NA,0.0249164120323993,NA,5,3.858,0.05,NA,41.6565977197573,NA,0.198,15.2738739841335,18.14,187.071428571429,62283.8709677419,15.29,98658.8387096774,"Spring"
"1029","Suisun Bay",1983-06-01,0.3784731555853,NA,0.0342826820181881,NA,0.0363334229361888,NA,6,3.398,0.024,NA,39.3487960416583,0.078,0.146,19.8803672526611,14.46,488.357142857143,48380,15.29,70929.4,"Summer"
"1030","Suisun Bay",1983-07-01,0.521255996659496,NA,0.0593606880918723,NA,0.0625507195991395,NA,7,4.602,0.024,NA,36.8392856759684,0.078,0.156,21.3237500681196,16.9,311.125,31000,15.29,43759.1935483871,"Summer"
"1031","Suisun Bay",1983-09-01,0.531150320716221,NA,0.048609527095657,NA,0.0509904307887573,NA,9,3.552,0.024,NA,43.9811320754717,0.092,0.24,22.282,13.3,1742.43137254902,24616.6666666667,15.29,31441.5666666667,"Autumn"
"1032","Suisun Bay",1983-11-01,1.785,NA,0.100193644063188,NA,0.108885,NA,11,2.5,0.036,NA,45.2941176470588,0.11,0.276,15.9057692307692,15.25,2449.54,48820,10,74137.1333333333,"Autumn"
"1033","Suisun Bay",1983-12-01,5.00480241149375,NA,0.158804975528822,NA,0.175168084402281,NA,12,1.2375,0.044,NA,31.5531914893617,0.118,0.278,10.5063829787234,48.7,287.468085106383,74512.9032258065,10,154586.870967742,"Winter"
"1034","Suisun Bay",1984-01-01,0,NA,0,NA,0,NA,1,1.544,0.058,NA,37.5625,0.082,0.336,8.9375,30.98,920.142857142857,56803.2258064516,10,100905.806451613,"Winter"
"1035","Suisun Bay",1984-02-01,3.8639870480642,NA,0.117576801082994,NA,0.135239546682247,NA,2,1.514,0.062,NA,42.625,0.062,0.344,10.6214285714286,32.68,2589.85714285714,32372.4137931034,10,41515.4482758621,"Winter"
"1036","Suisun Bay",1984-03-01,2.59109220333098,NA,0.112136891419135,NA,0.126963517963218,NA,3,2.376,0.044,NA,45.5,0.094,0.21,12.9714285714286,21.5,2543.21428571429,31425.8064516129,10,34915.5161290323,"Spring"
"1037","Suisun Bay",1984-04-01,5.69619284347361,NA,0.270178654286239,NA,0.313290606391048,NA,4,6.114,0.038,NA,41.8120474622034,0.114,0.21,14.290306076206,23.68,2739.28571428571,17933.3333333333,10,14637.1333333333,"Spring"
"1038","Suisun Bay",1984-05-01,3.48296808441742,NA,0.234172253732489,NA,0.268188542500141,NA,5,18.37,0.022,NA,32.4619611945287,0.128,0.216,18.2094717784882,22.1,9657.85714285714,15406.4516129032,10,11092.7741935484,"Spring"
"1039","Suisun Bay",1984-06-01,1.42753934141123,NA,0.107944661545435,NA,0.122768383361365,NA,6,4.51,0.048,NA,42.2857142857143,0.126,0.284,19.4804548374047,23.88,10261.2857142857,14990,10,7925,"Summer"
"1040","Suisun Bay",1984-07-01,10.0058651706935,NA,1.00706226850239,NA,1.20070382048322,NA,7,7.662,0.033,NA,35.9599999856949,NA,0.204,22.3862393569946,22.8,9261.6,21632.2580645161,10,10127.4193548387,"Summer"
"1041","Suisun Bay",1984-08-01,22.6332819995121,NA,2.19054567965012,NA,2.71599383994145,NA,8,12.891,0.036,NA,39.9285714285714,NA,0.145,22.2214285714286,15.1125,8766.14285714286,18783.8709677419,10,8178.61290322581,"Summer"
"1042","Suisun Bay",1984-09-01,16.0571010848366,NA,1.77416085330903,NA,2.15165154536811,NA,9,18.571,0.0210708914285714,NA,30.936170212766,NA,0.0669849157142857,21.7981481481481,19.42,5205.3,17693.3333333333,10,13586.2333333333,"Autumn"
"1043","Suisun Bay",1984-10-01,7.55106657461051,NA,0.588250054649883,NA,0.649391725416504,NA,10,11.7,0.0251333991666667,NA,39.469387755102,0.148,0.133431709166667,18.9991071428571,29.6,6529.77551020408,13235.4838709677,6.47,11899.3225806452,"Autumn"
"1044","Suisun Bay",1984-11-01,4.71562045026372,NA,0.233511961208021,NA,0.259359124764504,NA,11,6.886,0.0655906464285714,NA,48.2291666666667,0.132,0.218382744285714,14.5103448275862,25.6,9969.57142857143,26280,6.47,25952.7333333333,"Autumn"
"1045","Suisun Bay",1984-12-01,8.08499501238473,NA,0.220596282691097,NA,0.250634845383927,NA,12,1.31,0.074,NA,33.0416666666667,0.118,0.284,10.1734693877551,23.22,3637.77551020408,32558.064516129,6.47,31066.3225806452,"Winter"
"1046","Suisun Bay",1985-01-01,11.5147253786796,NA,0.307707201427919,NA,0.356956486739067,NA,1,0.804,0.108,NA,46.2142857142857,0.112,0.326,8.00714285714286,22.452,7489.71428571429,16790.3225806452,6.47,15120.2258064516,"Winter"
"1047","Suisun Bay",1985-02-01,12.461884073398,NA,0.330758136600052,NA,0.386318406275339,NA,2,3.15,0.102,NA,60.125,0.106,0.356,8.93125,26.31,8167.78571428571,18271.4285714286,6.47,15589.9285714286,"Winter"
"1048","Suisun Bay",1985-03-01,7.43620376643784,NA,0.297760653532897,NA,0.327192965723265,NA,3,3.118,0.11,NA,41.4375,0.11,0.358,12.0176470588235,21.54,10642.3257505554,14309.6774193548,6.47,10409.8064516129,"Spring"
"1049","Suisun Bay",1985-04-01,6.81800023856521,NA,0.385985867184296,NA,0.415898014552478,NA,4,3.736,0.086,NA,46.1962010469653,NA,0.4,15.2335786812446,23.88875,9152.85714285714,12495.3333333333,6.47,6846.1,"Spring"
"1050","Suisun Bay",1985-05-01,7.09091039610971,NA,0.504441350284709,NA,0.546000100500447,NA,5,7.535,0.05,NA,47.0898291516089,NA,0.304,17.2979211616663,24.134,13012.0839088398,13432.2580645161,6.47,7290.67741935484,"Spring"
"1051","Suisun Bay",1985-06-01,4.91179976413241,NA,0.471956119607817,NA,0.525562574762168,NA,6,5.481,0.053,NA,56.623093705811,NA,0.284,21.0086690751096,23.84,11715.24,13310,6.47,5113.33333333333,"Summer"
"1052","Suisun Bay",1985-08-01,5.94883783781523,NA,0.567204060214017,NA,0.636525648646229,NA,8,7.009,0.032,NA,47.875,NA,0.226,19.81875,22.79,14263.347469717,13448.3870967742,6.47,2248.48387096774,"Summer"
"1053","Suisun Bay",1985-10-01,10.0938333201623,NA,0.395145085654316,NA,0.459899230998288,NA,10,3.69,0.057,NA,68.9509803921569,NA,0.198,17.3884615384615,22.546,15911.3725490196,9710.64516129032,9.96,3365.54838709677,"Autumn"
"1054","Suisun Bay",1985-12-01,8.00280805118466,NA,0.422107685446723,NA,0.475704529421633,NA,12,2.006,0.148,NA,63.2083333333333,0.134,0.348,10.3877551020408,14.45,12001.7142857143,16106.4516129032,9.96,9430.16129032258,"Winter"
"1055","Suisun Bay",1986-01-01,8.55471292187,NA,0.0383843512998674,NA,0.0446614585229832,NA,1,1.02,0.218,NA,55.7142857142857,0.15,0.416,8.68571428571429,15.4,18814.2857142857,19964.5161290323,9.96,15208.8387096774,"Winter"
"1056","Suisun Bay",1986-02-01,2.12171323881781,NA,0.0683547412205799,NA,0.0742599633586233,NA,2,0.99,0.098,NA,30.4705882352941,0.146,0.378,12,24.92,2172.5936354878,68892.8571428571,9.96,205414.107142857,"Winter"
"1057","Suisun Bay",1986-03-01,4.27042178257593,NA,0.152686522435284,NA,0.166546449520461,NA,3,1.79,0.052,NA,19.8823529411765,0.14,0.208,14.2029411764706,46.42,223.564208195706,74983.8709677419,9.96,169447.483870968,"Spring"
"1058","Suisun Bay",1986-04-01,7.89466755790908,NA,0.427417024029652,NA,0.481574721032454,NA,4,2.808,0.05,NA,33.6194806465339,0.116,0.25,16.3575251352219,26.62,248.973989924903,25826.6666666667,9.96,46539.0666666667,"Spring"
"1059","Suisun Bay",1986-05-01,7.68342485924859,NA,0.528643792794494,NA,0.591623714162142,NA,5,12.072,0.028,NA,25.4642857142857,0.144,0.268,17.1768384668642,40.42,3961.92857142857,12761.2903225806,9.96,15810.1290322581,"Spring"
"1060","Suisun Bay",1986-06-01,18.2830631722717,NA,1.35625658890059,NA,1.57234343281537,NA,6,15.932,0.03,NA,28.1595618362284,0.182,0.282,19.6269468857584,25.78,6434.80952380952,11820,9.96,9222.7,"Summer"
"1061","Suisun Bay",1986-07-01,9.02539275122065,NA,0.764466415502937,NA,0.866437704117182,NA,7,11.92625,0.025,NA,34.1923076923077,NA,0.195,20.8815384615385,25.28,10682.8999635945,16880.6451612903,9.96,7292.90322580645,"Summer"
"1062","Suisun Bay",1986-08-01,7.95284824063609,NA,0.682199649293435,NA,0.763473431101065,NA,8,20.995,0.035,NA,22.9642857142857,NA,0.144,19.4928571428571,18.41,8853.71428571429,15112.9032258065,9.96,5054.25806451613,"Summer"
"1063","Suisun Bay",1986-09-01,0,NA,0,NA,0,NA,9,11.655,0.02875,NA,36.7692307692308,NA,0.171,19.3333333333333,17.7,7350.45473863153,18140,9.96,10725.9333333333,"Autumn"
"1064","Suisun Bay",1986-10-01,3.3331634884092,NA,0.188699611986432,NA,0.203322972792961,NA,10,3.798,0.042,NA,32.9230769230769,0.154,0.194,17.5415094339623,15.78,7167.03329568494,15445.1612903226,5.86,10608.4193548387,"Autumn"
"1065","Suisun Bay",1986-11-01,1.43343099173349,NA,0.0662886434888178,NA,0.0702381185949409,NA,11,2.224,0.07,NA,44.5576923076923,0.144,0.198,15.9,15.28,11176.7000466431,12680,5.86,7731.66666666667,"Autumn"
"1066","Suisun Bay",1986-12-01,10.093899312144,NA,0.276765771173326,NA,0.312910878676463,NA,12,3.12,0.094,NA,53.811320754717,0.14,0.382,11.7358490566038,20.18,15137.8279508431,13109.6774193548,5.86,8986.35483870968,"Winter"
"1067","Suisun Bay",1987-01-01,5.23399571984547,NA,0.148151047150046,NA,0.16225386731521,NA,1,1.732,0.148,NA,45.5,0.148,0.146,8.70625,24.06,11923.0815032478,13170.9677419355,5.86,10818.1612903226,"Winter"
"1068","Suisun Bay",1987-02-01,NA,NA,NA,NA,NA,NA,2,8.366,0.15,NA,45.125,0.14,0.382,10.5,24.68,12645,17403.5714285714,5.86,16859.1428571429,"Winter"
"1069","Suisun Bay",1987-03-01,NA,NA,NA,NA,NA,NA,3,3.15,0.102,NA,40.9333333333333,0.142,0.454,12.6375,29.62,5910.55092360544,21577.4193548387,5.86,22915.9677419355,"Spring"
"1070","Suisun Bay",1987-04-01,0.0731765696427566,NA,0.00483239863258522,NA,0.00504918330535021,NA,4,3.629,0.058,NA,24.3292627423895,NA,0.469,16.0814841140585,25.7,6067.85714285714,11826.3333333333,5.86,6212.23333333333,"Spring"
"1071","Suisun Bay",1987-05-01,0,0.359697386863266,0,0.136205482312138,0,0.143878954745307,5,NA,0.03,NA,60.8437499925494,NA,0.257,19.7605503482906,18.81,13575.9509029345,9996.12903225806,5.86,4845.03225806452,"Spring"
"1072","Suisun Bay",1987-06-01,0,0.478701640560926,0,0.175447452731932,0,0.19148065622437,6,4.368,0.045,NA,43.3977458925456,NA,0.301,19.8533850037751,19.56,15004.7083333333,10067.3333333333,5.86,3382.16666666667,"Summer"
"1073","Suisun Bay",1987-07-01,0.00620998416486797,5.58722380061968,0.000656648160113093,1.944657436041,0.000664468305640873,2.23488952024787,7,3.303,0.051,NA,40.0416666666667,NA,0.314,20.4116666666667,10.765,14988.75,15141.935483871,5.86,3723.83870967742,"Summer"
"1074","Suisun Bay",1987-08-01,0,8.00496609867901,0,2.69528337293252,0,3.2019864394716,8,2.471,0.055,NA,30.25,NA,0.379,21.29375,16.75,15970.3956668833,14438.7096774194,5.86,2772.12903225806,"Summer"
"1075","Suisun Bay",1987-09-01,NA,8.51048523443768,NA,2.91395224098121,NA,3.40419409377507,9,1.638,0.107,NA,39.1730769230769,NA,0.388,19.0981132075472,31.53,17156.1059105598,11625,5.86,1737.36666666667,"Autumn"
"1076","Suisun Bay",1987-10-01,0.0337648793484936,9.23538367632034,0.00256929746664415,3.15554030011601,0.00259989570983401,2.49508,10,NA,0.113,NA,48.3469387755102,NA,0.374,19.2571428571429,33.69,17934.7959183673,9509.03225806452,4.65,3761.25806451613,"Autumn"
"1077","Suisun Bay",1987-11-01,0.0207429194409585,10.0191079812541,0.00124711728679451,2.33210102570383,0.00126531808589847,2.067352,11,1.1,0.134,NA,66,0.175,0.396,16.2490566037736,19.25,18943.4577314903,8129.33333333333,4.65,4291.03333333333,"Autumn"
"1078","Suisun Bay",1987-12-01,0,9.34126852984338,0,2.19265427004748,0,2.49508,12,0.8125,0.094,NA,57.4038461538462,0.174,0.428,12.2788461538462,21.86,14376.4245890636,15743.8709677419,4.65,9454.09677419355,"Winter"
"1079","Suisun Bay",1988-01-01,0,10.6568858347039,0,2.51262265662818,0,2.87735917537006,1,1.2725,0.146,NA,37.25,0.148,0.306,7.65,24.74,14630.2689317954,25400,4.65,19590.7096774194,"Winter"
"1080","Suisun Bay",1988-02-01,0,4.50909456415191,0,1.10220216074433,0,1.21745553232102,2,1.422,0.108,NA,37.8125,0.146,0.39,11.33125,32.7,13365.5846994536,12187.9310344828,4.65,3039.31034482759,"Winter"
"1081","Suisun Bay",1988-04-01,0,4.69803599219008,0,1.66350950530676,0,1.87921439687603,4,2.376,0.075,NA,51.6481283243088,NA,0.256,17.4071170124778,17.21,13725.9198113208,16886.6666666667,4.65,11417.4333333333,"Spring"
"1082","Suisun Bay",1988-05-01,0,9.76986903964909,0,3.28458763932679,0,3.90794761585964,5,1.93625,0.073,NA,42.1551055027202,NA,0.257,17.0895440424846,17.32,12168.2675413413,10973.8709677419,4.65,4658.64516129032,"Spring"
"1083","Suisun Bay",1988-06-01,0,6.1987812011587,0,2.1778522407122,0,2.47951248046348,6,2.03416666666667,0.065,NA,42.1067741216393,0.186,0.439,19.597049882494,26.82,14500.9090909091,10578.3333333333,4.65,3082.06666666667,"Summer"
"1084","Suisun Bay",1988-07-01,0,9.07369878450975,0,3.13122188529056,0,3.6294795138039,7,2.17625,0.058,NA,36.7046574846736,NA,0.451,21.3927053289115,28.19,16566.2470339999,14641.935483871,4.65,3731.64516129032,"Summer"
"1085","Suisun Bay",1988-08-01,0,9.95185097016022,0,3.38644646835404,0,3.98074038806409,8,1.348,0.044,NA,32.0740740740741,NA,0.384,20.6998529411765,24.85,15959.4922037226,13287.0967741935,4.65,2304.87096774194,"Summer"
"1086","Suisun Bay",1988-09-01,0,13.9186417684219,0,4.62684127808319,0,5.56745670736877,9,1.09636363636364,0.024,NA,36.88,NA,0.419,18.80175,15.882,17428.8518268706,11536.6666666667,4.65,2250.93333333333,"Autumn"
"1087","Suisun Bay",1988-10-01,0,13.1755513086472,0,4.42289380101924,0,5.27022052345886,10,1.44,0.015952035,NA,34.5490196078431,NA,0.4264585825,17.9968333333333,21.97,17903.8431372549,9314.1935483871,6.13,3141.64516129032,"Autumn"
"1088","Suisun Bay",1988-11-01,0,10.0995941205787,0,2.35535827153474,0,2.72689041255626,11,0.751666666666667,0.04197472875,NA,49.3653846153846,0.19,0.486536114166667,15.26425,32.5,19337.5653944874,11355.6666666667,6.13,6619.3,"Autumn"
"1089","Suisun Bay",1988-12-01,0,11.5116456335406,0,2.72031940369616,0,3.10814432105597,12,0.81,0.104,NA,46.7674418604651,0.228,0.436,11.0428571428571,19.84,19977.5576036866,12387.7419354839,6.13,7230.93548387097,"Winter"
"1090","Suisun Bay",1989-01-01,0,2.98832000217123,0,0.746736181290481,0,0.806846400586231,1,0.878181818181818,0.144,NA,29.9285714285714,0.208,0.4,8.59761904761905,19.12,22707.1428571429,12825.1612903226,6.13,3603.8064516129,"Winter"
"1091","Suisun Bay",1989-02-01,0,5.88749128613446,0,1.43913717590471,0,1.5896226472563,2,1.43363636363636,0.132316970833333,NA,43.0625,0.192,0.529091548333333,9.66434782608696,27.78,21215.8960642998,12057.1428571429,6.13,6378.53571428571,"Winter"
"1092","Suisun Bay",1989-05-01,0,1.13099908232982,0,0.428519349024325,0,0.452399632931927,5,3.79363636363636,0.055,NA,28.3402755269584,NA,0.274,17.9040152054243,24.9,10558.3431044109,13799.3548387097,6.13,7378.61290322581,"Spring"
"1093","Suisun Bay",1989-06-01,0,1.66524587665848,0,0.617365116751341,0,0.666098350663391,6,2.33541666666667,0.0549180758333333,NA,30.6066155740176,NA,0.303485234166667,18.9710686862591,20.74,11659.6995234512,13286.6666666667,6.13,6155.73333333333,"Summer"
"1094","Suisun Bay",1989-07-01,0,4.85212635833572,0,1.74198499197625,0,1.94085054333429,7,2.53583333333333,0.045,NA,34.28,NA,0.28,21.0606060606061,22.6,12449.7551810803,18767.7419354839,6.13,6162.61290322581,"Summer"
"1095","Suisun Bay",1989-08-01,0,5.24980103107579,0,1.86754695795738,0,2.09992041243032,8,1.92454545454545,0.0417074381818182,NA,30.1333333333333,NA,0.304999725454545,20.3322727272727,22.14,10589.1626381215,18319.3548387097,6.13,4468.54838709677,"Summer"
"1096","Suisun Bay",1989-09-01,0,6.56779072614654,0,2.29957001044909,0,2.62711629045861,9,1.382,0.024,NA,36.9545454545455,NA,0.37,19.5255102040816,19.1025,12868.1977649422,16463.3333333333,6.13,6445.96666666667,"Autumn"
"1097","Suisun Bay",1989-10-01,0,10.5835615053068,0,3.63982011442907,0,4.23342460212271,10,1.24166666666667,0.0311945634949534,NA,60.3658536585366,NA,0.406324351666667,19.1585714285714,28.66,12497.8571428571,14274.1935483871,4.81,4887.45161290323,"Autumn"
"1098","Suisun Bay",1989-11-01,0,7.70967679822881,0,1.85891627908312,0,2.08161273552178,11,1.238,0.078,NA,54.0487804878049,0.122,0.41,15.5785714285714,16.9,15872.0952380952,14830,4.81,5477.8,"Autumn"
"1099","Suisun Bay",1989-12-01,0,6.85266842119836,0,1.64932446167345,0,1.85022047372356,12,0.75,0.140264274166667,NA,58.8333333333333,0.142,0.371672025833333,12.3034,18.04,17058.5602920396,15396.7741935484,4.81,4399.16129032258,"Winter"
"1100","Suisun Bay",1990-01-01,0,10.5039039163612,0,1.9,0,2.83605405741752,1,0.808571428571429,0.174,NA,41.0769230769231,0.144,0.342,9.29352941176471,22.98,8757.11737302579,18909.6774193548,4.81,9885.74193548387,"Winter"
"1101","Suisun Bay",1990-02-01,0,3.64205568826677,0,0.911387565283886,0,0.983355035832027,2,1.01666666666667,0.193408756666667,NA,36.8,0.144,0.464730625,10.4847058823529,21.88,14891.5,13803.5714285714,4.81,6787.57142857143,"Winter"
"1102","Suisun Bay",1990-03-01,0,2.56534731688209,0,0.951407917748562,0,1.02613892675284,3,0.71,0.142,NA,41.125,0.196,0.49,12.975,36.28,17007.8989197531,12867.7419354839,4.81,3813.12903225806,"Spring"
"1103","Suisun Bay",1990-04-01,0,5.7923048993949,0,2.11381303756174,0,2.31692195975796,4,1.57458333333333,0.115742436666667,NA,32.7026599380404,NA,0.4767289125,16.3705129135052,30.36,16633.496124031,15271.3333333333,4.81,5922.76666666667,"Spring"
"1104","Suisun Bay",1990-05-01,0,4.74062795678124,0,1.73441753883921,0,1.8962511827125,5,1.5475,0.0761895968937431,NA,31.6151503824967,NA,0.494815249166667,18.4827594514792,15.13,16150.882825755,10402.2580645161,4.81,7700.16129032258,"Spring"
"1105","Suisun Bay",1990-06-01,0,5.354766616003,0,1.94462702105036,0,2.1419066464012,6,1.2175,0.062,NA,30.018691440048,NA,0.485,20.3904621741193,16.44,10949.3813646671,10518.6666666667,4.81,4846.43333333333,"Summer"
"1106","Suisun Bay",1990-07-01,0,NA,0,NA,0,NA,7,1.81708333333333,0.0125724839571859,NA,32.1858974358974,NA,0.583891235833333,21.3154411764706,14.18,15886.2454145556,13506.4516129032,4.81,3965.83870967742,"Summer"
"1107","Suisun Bay",1990-08-01,0,4.19600503077381,0,1.5350003501653,0,1.67840201230952,8,1.59583333333333,0.00797160126990639,NA,25.4375,0.22,0.492,21.134347826087,21.611,15160.094464657,13838.7096774194,4.81,4460.87096774194,"Summer"
"1108","Suisun Bay",1990-09-01,0,4.51741006182927,0,1.64738325341943,0,1.80696402473171,9,1.881,0.00484378266322892,NA,47.6415094339623,NA,0.401,20.5490566037736,18.522,15663.2151554023,10029.3333333333,4.81,2450.16666666667,"Autumn"
"1109","Suisun Bay",1990-10-01,0,6.60266383559253,0,2.36532672328676,0,2.64106553423701,10,1.952,0.032,NA,59.8627450980392,0.154,0.384,19.7392156862745,30.104,18083.2549019608,7620.32258064516,4.21,3405.09677419355,"Autumn"
"1110","Suisun Bay",1990-11-01,0,7.64154739994312,0,1.81926381896218,0,2.06321779798464,11,1.468,0.066,NA,56.0681818181818,0.19,0.354,14.3954545454545,25.588,18616.2783159464,7722.66666666667,4.21,4494.93333333333,"Autumn"
"1111","Suisun Bay",1990-12-01,0,8.49826030749942,0,2.00068422423493,0,2.29453028302484,12,1.03272727272727,0.15,NA,57.8604651162791,0.236,0.382,10.646862745098,18.4,18583.2822631914,10818.3870967742,4.21,6383.45161290323,"Winter"
"1112","Suisun Bay",1991-01-01,0,6.23859418411589,0,1.53185348851513,0,1.12856168790657,1,0.399166666666667,0.2,NA,49.98,0.16,0.35,8.48140350877193,15.68,15162.7084439252,8983.87096774194,4.21,3972.93548387097,"Winter"
"1113","Suisun Bay",1991-02-01,0,4.37277357525904,0,1.103986869773,0,1.17190331816942,2,1.52818181818182,0.211740005,NA,49.3658536585366,0.158,0.443962330833333,10.0325,27.65,19598.033468351,8133.21428571429,4.21,7361.46428571429,"Winter"
"1114","Suisun Bay",1991-03-01,0,1.948267963192,0,0.726355876039889,0,0.522135814135455,3,2.03333333333333,0.188656590833333,NA,36.1428571428571,NA,0.646258656666667,11.9064285714286,20.09,13911.8234443641,25754.8387096774,4.21,24579.3870967742,"Spring"
"1115","Suisun Bay",1991-04-01,0,1.59753269940954,0,0.599875906524696,0,0.428138763441756,4,2.52125,0.112715089166667,NA,22.174115497193,NA,0.696547968333333,14.0919631186388,21.19,4845.09246203103,10879,4.21,3701.4,"Spring"
"1116","Suisun Bay",1991-05-01,0,1.8548492990788,0,0.684104324764033,0,0.497099612153118,5,2.09,0.082,NA,36.5310998955524,NA,0.654,16.6628739613323,13.42,16486.0526960784,7331.93548387097,4.21,3862.03225806452,"Spring"
"1117","Suisun Bay",1991-06-01,0,2.07088190740769,0,0.76617029752464,0,0.55499635118526,6,2.12958333333333,0.0827211391666667,NA,30.2821961418936,NA,0.615771334166667,19.3242566688107,20.67,15905.8209643125,8929.66666666667,4.21,4002.23333333333,"Summer"
"1118","Suisun Bay",1991-07-01,0,NA,0,NA,0,NA,7,2.24125,0.05,NA,32.3641975308642,0.354,0.56,20.3195,26.94,17665.6508515076,9514.1935483871,4.21,3318.48387096774,"Summer"
"1119","Suisun Bay",1991-08-01,0,1.97354965205692,0,0.729846675066991,0,0.528911306751255,8,1.77166666666667,0.0649110775917509,NA,32.3478260869565,NA,0.542832376666667,20.235,17.95,15687.0421607378,9514.83870967742,4.21,2557.64516129032,"Summer"
"1120","Suisun Bay",1991-09-01,0,3.60103775103853,0,1.31722248422519,0,0.965078117278326,9,1.58954545454545,0.035,NA,43.8461538461538,NA,0.475,19.7079310344828,18.02,17894.1351420418,9948,4.21,3760.93333333333,"Autumn"
"1121","Suisun Bay",1991-10-01,0,4.99701898821757,0,1.80670826564188,0,1.33920108884231,10,1.534,0.00909841362619772,NA,60.4339622641509,NA,0.372,19.6547169811321,17.48,15849.0356920873,9398.06451612903,4.06,3909.09677419355,"Autumn"
"1122","Suisun Bay",1991-11-01,0,7.47838895283309,0,2.32723044698729,0,2.00420823935927,11,1.0325,0.066,NA,68.7045454545455,0.166,0.442,15.533137254902,14.1,18191.1321965128,6958.33333333333,4.06,3909.33333333333,"Autumn"
"1123","Suisun Bay",1991-12-01,0,6.74834663593851,0,1.48038736732003,0,1.22077590644128,12,1.18666666666667,0.120492728333333,NA,61.7674418604651,0.164,0.442071801666667,10.4950980392157,16.78,20222.7065890513,9259.35483870968,4.06,7622.51612903226,"Winter"
"1124","Suisun Bay",1992-01-01,0,6.79844704585655,0,1.60780653607271,0,1.83558070238127,1,0.983333333333333,0.177429104166667,NA,66.1590909090909,0.176,0.6021234875,9.19764705882353,20.62,5387.17108040225,10440.9677419355,4.06,6413.38709677419,"Winter"
"1125","Suisun Bay",1992-02-01,0,6.45832552616478,0,2.29817103963707,0,1.74374789206449,2,1.12166666666667,0.181626615416667,NA,59.0754716981132,0.142,0.591927962916667,9.41425,17.975,15403.9053591336,26061.3793103448,4.06,28758.8275862069,"Winter"
"1126","Suisun Bay",1992-03-01,0,5.09645772078677,0,1.80644978332637,0,2.03858308831471,3,2.15416666666667,0.1334552475,NA,39.2115384615385,0.15,0.555603134166667,14.7308474576271,26.46,4849.23721190314,20335.4838709677,4.06,13282.6774193548,"Spring"
"1127","Suisun Bay",1992-04-01,0,3.03066206217514,0,1.10025435396686,0,1.21226482487005,4,1.9975,0.08974194,NA,38.7280716498746,NA,0.529245170833333,16.8595963347476,15.59,8736.26835992178,9448.33333333333,4.06,6258.43333333333,"Spring"
"1128","Suisun Bay",1992-05-01,0,5.85974713003894,0,2.04933361263123,0,2.34389885201558,5,2.97666666666667,0.068,NA,30.6670471600173,NA,0.454,19.9720904685945,18.05,16591.067679558,6413.87096774194,4.06,3254.58064516129,"Spring"
"1129","Suisun Bay",1992-06-01,0,4.55848991959562,0,1.60285941027546,0,1.82339596783825,6,1.81791666666667,0.0608816808333333,NA,34.3112155272474,NA,0.4594830075,20.2227582768839,18.47,14489.9842146803,8510,4.06,3426,"Summer"
"1130","Suisun Bay",1992-07-01,0,4.17284223513393,0,1.47626901071305,0,1.66913689405357,7,1.62555555555556,0.0147790319410844,NA,42.7777777777778,NA,0.459745653333333,21.2477419354839,20.78,16591.673992674,8308.70967741935,4.06,2982.74193548387,"Summer"
"1131","Suisun Bay",1992-08-01,0,4.94210975799539,0,1.73471414718471,0,1.97684390319816,8,1.64909090909091,0.0203766347205869,NA,33.625,NA,0.460892881818182,21.3186363636364,14.92,19591.5687991796,8717.74193548387,4.06,2824.45161290323,"Summer"
"1132","Suisun Bay",1992-09-01,0,8.25533618914567,0,2.80293135431335,0,3.30213447565827,9,1.4585,0.0181017630681235,NA,48.0392156862745,NA,0.46248969,19.9341071428571,26.77,17991.1176470588,9815,4.06,3366.06666666667,"Autumn"
"1133","Suisun Bay",1992-10-01,0,8.44472352816172,0,2.88454938550964,0,3.37788941126469,10,1.13,0.0144749008414801,NA,75.75,NA,0.438,19.8757575757576,22.07,17150.507745602,6645.16129032258,8.54,4350.48387096774,"Autumn"
"1134","Suisun Bay",1992-11-01,0,12.2221070365453,0,3.74966984285873,0,3.29996889986724,11,1.20333333333333,0.0639823958333333,NA,66.5,0.176,0.449412556666667,17.9188235294118,17.88,16379.6765795552,6380,8.54,4125.83333333333,"Autumn"
"1135","Suisun Bay",1992-12-01,0,11.1114132285415,0,3.61459154349987,0,3.0000815717062,12,0.849166666666667,0.0986472258333333,NA,63.7272727272727,0.162,0.494997423333333,11.8196078431373,24.66,20854.8270460818,12440.3225806452,8.54,11602.7419354839,"Winter"
"1136","Suisun Bay",1993-01-01,0,0.47702202939506,0,0.122749393112999,0,0.128795947936666,1,1.06833333333333,0.098528,NA,44.0454545454545,0.234,0.608664661666667,7.67627450980392,20.22,8412.61077354777,48261.2903225806,8.54,57885.8709677419,"Winter"
"1137","Suisun Bay",1993-02-01,0,0.232553772617344,0,0.0893672019522039,0,0.0627895186066828,2,1.41416666666667,0.102680493333333,NA,25.96,0.208,0.518290743333333,9.60017543859649,35.76,3206.97710096623,48596.4285714286,8.54,55021.6428571429,"Winter"
"1138","Suisun Bay",1993-03-01,0,1.91812026953234,0,0.723771467247404,0,0.767248107812936,3,1.30583333333333,0.059815735,NA,23.6,0.164,0.300838311666667,13.4849152542373,21.98,1086.5862145973,49338.7096774194,8.54,63968.6129032258,"Spring"
"1139","Suisun Bay",1993-04-01,0,0.912689630092856,0,0.353387797874346,0,0.365075852037142,4,2.54666666666667,0.04904118,NA,27.1433677086182,0.072,0.187007640833333,14.5455972818994,20.4,362.415030685856,43213.3333333333,8.54,44295.9333333333,"Spring"
"1140","Suisun Bay",1993-05-01,0,1.74123417313306,0,0.663788019373058,0,0.696493669253223,5,8.20916666666667,0.0225150061924942,NA,25.0961954810914,0.12,0.324,17.7497426581802,19.02,2492.58405055908,24954.8387096774,8.54,25188.1935483871,"Spring"
"1141","Suisun Bay",1993-06-01,0,1.10934167177782,0,0.423085028759539,0,0.443736668711128,6,7.57181818181818,0.0206427475910741,NA,27.8250393761299,0.088,0.128802565454545,20.0161266366832,17.04,2423.47326453386,30473.3333333333,8.54,27078.2,"Summer"
"1142","Suisun Bay",1993-07-01,0,0.343259036036664,0,0.133131301184642,0,0.137303614414665,7,NA,0.047,NA,30.1666666696469,NA,0.278,21.0064160365443,28.84,6776.23923864792,19861.2903225806,8.54,9449.67741935484,"Summer"
"1143","Suisun Bay",1993-08-01,0,1.22793155784188,0,0.467728574284113,0,0.491172623136753,8,1.604,0.0560821983333333,NA,36.3207547169811,0.1,0.273799776666667,20.8255,21.28,5366.50813069657,21080.6451612903,8.54,9421.90322580645,"Summer"
"1144","Suisun Bay",1993-09-01,0,1.97416833501469,0,0.743398128920424,0,0.789667334005877,9,0.8125,0.058,NA,45.078431372549,0.13,0.322,20.835,17.4,8618.06773803057,15826.6666666667,8.54,5305.83333333333,"Autumn"
"1145","Suisun Bay",1993-10-01,0,4.36402460813073,0,1.63360932464931,0,1.74560984325229,10,0.694,0.0797786266666667,NA,49.531914893617,0.134,0.376459425833333,17.9091666666667,12.16,13873.3129975832,13819.3548387097,5.02,5117.83870967742,"Autumn"
"1146","Suisun Bay",1993-11-01,0,3.09779878475008,0,1.07575913019035,0,0.836405671882522,11,0.75,0.102765949166667,NA,76.2128416999541,0.122,0.418091063333333,15.7140249694586,18.84,16340.9671211383,12093.3333333333,5.02,7380.6,"Autumn"
"1147","Suisun Bay",1993-12-01,0,4.4246936108866,0,1.45039127863626,0,1.19466727493938,12,0.983333333333333,0.146,NA,53.4811836269504,0.132,0.366,10.9161636738347,16.26,16555.725484502,20341.935483871,5.02,12360.8387096774,"Winter"
"1148","Suisun Bay",1994-01-01,0,4.1795215077843,0,1.07061919306979,0,0.75607544075818,1,0.6775,0.176,NA,45.7224105749903,0.126,0.378,8.70242547704607,13.2,13822.7798373753,14190.3225806452,5.02,10787.1612903226,"Winter"
"1149","Suisun Bay",1994-02-01,0,2.20914300529949,0,0.565336492362235,0,0.399633969658678,2,0.954166666666667,0.17421208,NA,50.1485908401727,0.124,0.449948654166667,10.0923590099101,15.7,9774.29411764706,20196.4285714286,5.02,20557.0357142857,"Winter"
"1150","Suisun Bay",1994-03-01,0,0.843350348245843,0,0.321312210276147,0,0.226017893329886,3,1.55416666666667,0.12865139,NA,40.6369476982549,0.156,0.5141695075,13.2272013486503,17.96,5272.6199191543,13460.6451612903,5.02,10595.0967741935,"Spring"
"1151","Suisun Bay",1994-04-01,0,0.790274514909572,0,0.301903046775428,0,0.211793569995765,4,1.91833333333333,0.106663316666667,NA,43.0893290986007,0.18,0.530791985,16.1277555085666,14.14,8154.28604433687,8435,5.02,8149.66666666667,"Spring"
"1152","Suisun Bay",1994-05-01,0,1.41895313286203,0,0.533100135650982,0,0.380279439607025,5,2.7925,0.092,NA,24.4159349968506,0.178,0.54,17.801607234863,15.44,9698.44797603607,8847.74193548387,5.02,7941.22580645161,"Spring"
"1153","Suisun Bay",1994-06-01,0,1.13018265459775,0,0.425913303434634,0,0.302888951432197,6,1.7,0.0967896291666667,NA,29.8334984412848,NA,0.440369496666667,19.7526262954659,25.6,12647.4251463054,8091,5.02,3781.5,"Summer"
"1154","Suisun Bay",1994-07-01,0,3.09142695645486,0,1.14017810053529,0,0.828502424329902,7,1.465,0.07,NA,26.9012345679012,NA,0.603,20.3509803921569,17.17,16000.3134205255,11863.8709677419,5.02,4494.64516129032,"Summer"
"1155","Suisun Bay",1994-08-01,0,0.70527297274396,0,0.269298014746077,0,0.189013156695381,8,2.28571428571429,0.034,NA,42.1320754716981,0.15,0.478,20.7118644067797,15.76,15978.5509831613,12145.1612903226,5.02,3334.64516129032,"Summer"
"1156","Suisun Bay",1994-09-01,0,4.77718859963715,0,1.71047279375578,0,1.28028654470276,9,1.39875,0.029,NA,46.7755102040816,NA,0.357,19.9938983050847,14.8,17217.3396452314,14413.3333333333,5.02,5505.93333333333,"Autumn"
"1157","Suisun Bay",1994-10-01,0,4.33313434141733,0,1.54663464668366,0,1.16128000349984,10,1.25666666666667,0.0752167641666667,NA,50.3424444197946,0.148,0.437530783333333,18.1956486550492,27.66,14515.953724605,8255.16129032258,12.89,3217.1935483871,"Autumn"
"1158","Suisun Bay",1994-11-01,0,3.14450597809411,0,0.915939198216898,0,0.842727602129222,11,1.09416666666667,0.165992555,NA,55.9940368267775,0.162,0.454081556666667,11.089964071017,10.72,17605.4419432376,9488.66666666667,12.89,5356.16666666667,"Autumn"
"1159","Suisun Bay",1994-12-01,0,3.631053757889,0,0.739088270131495,0,0.656857624802121,12,0.55,0.2,NA,48.941551969931,0.152,0.494,9.77380952380952,11.18,14828.3052686059,16371.2903225806,12.89,9629.48387096774,"Winter"
"1160","Suisun Bay",1995-01-01,0,2.0339482324001,0,0.74831691207187,0,0.545098126283227,1,0.954545454545455,0.054,NA,33.5847706426584,0.152,0.344,9.07439993834632,29.16,15111.1361233521,62209.6774193548,12.89,107487.483870968,"Winter"
"1161","Suisun Bay",1995-02-01,0,0.48612175191596,0,0.186663160788552,0,0.130280629513477,2,0.875833333333333,0.0509859016666667,NA,24.7910309691758,0.148,0.3634975275,11.5593034382421,23.34,1043.32272573144,58182.1428571429,12.89,72835.9642857143,"Winter"
"1162","Suisun Bay",1995-03-01,0,0.147909702560016,0,0.0575058842899131,0,0.0396398002860842,3,1.545,0.0724216527272727,NA,41.8309975788571,0.146,0.392448883636364,12.3323343609739,31.04,1405.30848789704,71922.5806451613,12.89,200644.903225806,"Spring"
"1163","Suisun Bay",1995-04-01,0,0.28186415421763,0,0.10873301417902,0,0.0755395933303248,4,4.09,0.036,NA,33.662500000714,0.072,0.166,14.5353805901928,13.68,1057.46344362878,61436.6666666667,12.89,90836.9,"Spring"
"1164","Suisun Bay",1995-05-01,0,0.390793277183536,0,0.149538207980563,0,0.104732598285188,5,7.00916666666667,0.0384101994088762,NA,40.4444444444444,0.072,0.196984284166667,16.3967659765653,16.68,226.915523103057,63180.6451612903,12.89,98047.4838709677,"Spring"
"1165","Suisun Bay",1995-06-01,0,0.881180832335687,0,0.337494290821721,0,0.236156463065964,6,2.39,0.0384363585714286,NA,40.1481481481481,0.068,0.158335585714286,19.3468031065399,11.6,1007.0452205335,38956.6666666667,12.89,46754.0333333333,"Summer"
"1166","Suisun Bay",1995-07-01,0,1.47252099512657,0,0.561994629491384,0,0.39463562669392,7,2.8425,0.0284004458333333,NA,38.8059531359889,0.094,0.157629205833333,20.7542336425977,23.78,1649.66395083748,29232.2580645161,12.89,26789.2258064516,"Summer"
"1167","Suisun Bay",1995-08-01,0,1.33922367233609,0,0.512925754806419,0,0.358911944186073,8,3.53416666666667,0.044,NA,39.2057581392065,0.09,0.2,21.9853530211766,18.62,3403.52143306634,18716.1290322581,12.89,10875.7741935484,"Summer"
"1168","Suisun Bay",1995-09-01,0,0.337619377948693,0,0.12921200047579,0,0.0904819932902497,9,2.12363636363636,0.0414929633333333,NA,30.2839223722656,0.09,0.211527963333333,20.4977292141245,19.54,9662.29194584031,23270,12.89,19629.4,"Autumn"
"1169","Suisun Bay",1995-10-01,0,1.52785950854543,0,0.578291863149844,0,0.409466348290176,10,1.27333333333333,0.048,NA,44.1377967930095,0.098,0.218,18.2357769954544,18.08,4289.00656835929,14145.1612903226,10.26,11371.3548387097,"Autumn"
"1170","Suisun Bay",1995-11-01,0,0.859697658264494,0,0.331351226047311,0,0.230398972414884,11,0.844,0.066,NA,47.9194958805118,0.148,0.164,15.5958113578577,17.52,9185.3527459946,12610,10.26,8383.36666666667,"Autumn"
"1171","Suisun Bay",1995-12-01,0,NA,0,NA,0,NA,12,0.734,0.114,NA,49.7642268284021,0.146,0.48,14.3491617124066,12.96,10837.4447034816,24570.9677419355,10.26,27709.0322580645,"Winter"
"1172","Suisun Bay",1996-01-01,NA,0.846810191158957,NA,0.218350922385994,NA,0.153187963580655,1,0.644,0.08,NA,30.8653846102265,0.13,0.433333333333333,10.5048112440622,12.575,3913.51854757516,32867.7419354839,10.26,32144.3548387097,"Winter"
"1173","Suisun Bay",1996-02-01,NA,1.18731761645107,NA,0.449254570858147,NA,0.318201121208886,2,1.25090909090909,0.079409689,NA,30.1572327034185,0.11,0.394290071,11.3763032047088,8.675,316.998402928095,75272.4137931034,10.26,126912.482758621,"Winter"
"1174","Suisun Bay",1996-03-01,NA,0.39271739627345,NA,0.150361288131505,NA,0.105248262201285,3,1.68818181818182,0.046529757,NA,31.8758241756872,0.1,0.32529109,11.3408742993098,11.775,231.592704174987,56235.4838709677,10.26,89147.8064516129,"Spring"
"1175","Suisun Bay",1996-04-01,NA,0.417352822771745,NA,0.159589765078262,NA,0.111850556502828,4,2.07909090909091,0.081051509,NA,41.9257860388096,0.0766666666666667,0.312266077,15.5147055855712,9.025,1405.5587443072,35983.3333333333,10.26,42032.4,"Spring"
"1176","Suisun Bay",1996-05-01,NA,0.662150797273331,NA,0.251841578788465,NA,0.177456413669253,5,4.23818181818182,0.037221104,NA,37.0593630964263,0.103333333333333,0.223508715,18.6364663901094,15.875,2583.4695338949,40112.9032258065,10.26,46021.0322580645,"Spring"
"1177","Suisun Bay",1996-07-01,NA,1.56574407203148,NA,0.592629252321993,NA,0.419619411304436,7,1.442,0.126666666666667,NA,27.1981982186034,0.146666666666667,0.343333333333333,20.8493333969116,13.75,6816.07352941176,20683.8709677419,10.26,9156.09677419355,"Summer"
"1178","Suisun Bay",1996-08-01,NA,2.13954771200362,NA,0.813174554982594,NA,0.573398786816969,8,1.26818181818182,0.05,NA,31.4444444378217,0.126666666666667,0.303333333333333,20.8740983794165,49.15,10576.34,21303.2258064516,10.26,9592.25806451613,"Summer"
"1179","Suisun Bay",1996-09-01,NA,3.43169993773622,NA,1.27602719572419,NA,0.919695583313307,9,1.26181818181818,0.07,NA,38.8461538461538,0.143333333333333,0.29,19.6566101694915,29.675,8004.46222037963,17600,10.26,7292.63333333333,"Autumn"
"1180","Suisun Bay",1996-10-01,NA,1.64868123444431,NA,0.62991186452492,NA,0.441846570831076,10,1.98636363636364,0.08,NA,47.4183549536255,0.123333333333333,0.306666666666667,18.9706221094439,35.525,14073.5261748429,12690.3225806452,10.82,4768.96774193548,"Autumn"
"1181","Suisun Bay",1996-11-01,NA,1.52785950854543,NA,0.828143081842007,NA,0.60280615827572,11,1.14272727272727,0.134602779,NA,48.9732142524092,0.226666666666667,0.3633316,13.8554339333064,14.8,13711.384650858,15500,10.82,10035.4333333333,"Autumn"
"1182","Suisun Bay",1996-12-01,NA,2.64124605281308,NA,0.659116643563371,NA,0.477801410953886,12,1.05,0.085,NA,38.6043215143836,0.11,0.295,12.1146345232774,9.2,7403.83980250907,58419.3548387097,10.82,84409.8709677419,"Winter"
"1183","Suisun Bay",1997-01-01,NA,0.27316604980746,NA,0.0689985215376887,NA,0.0494157384101695,1,1.017,0.0971435544444444,NA,17.2857142857143,0.186666666666667,0.496562081111111,10.6053760252938,9.55,196.673351554632,87109.6774193548,10.82,262461.483870968,"Winter"
"1184","Suisun Bay",1997-02-01,NA,0.504808938352444,NA,0.188294945600765,NA,0.135288795478455,2,1.83090909090909,0.072484728,NA,17.1486378207636,0.0966666666666667,0.371217042,10.9844030029396,17.1,201.961217694971,57328.5714285714,10.82,118675.892857143,"Winter"
"1185","Suisun Bay",1997-03-01,NA,0.371110631508898,NA,0.139826287031744,NA,0.0994576492443846,3,1.08666666666667,0.0833333333333333,NA,34.8586920259411,0.0933333333333333,0.36,11.7944823918406,14.575,869.75,24467.7419354839,10.82,33774.8709677419,"Spring"
"1186","Suisun Bay",1997-04-01,NA,0.335678486400991,NA,0.12806857928907,NA,0.0899618343554656,4,3.00818181818182,0.098211089,NA,27.1538461538462,0.116666666666667,0.3839238965,16.4123662616653,16.175,7016.78846153846,13493.3333333333,10.82,14212.8666666667,"Spring"
"1187","Suisun Bay",1997-05-01,NA,0.886579023874338,NA,0.326256116377571,NA,0.237603178398323,5,3,0.066068524,NA,29.4708196721836,0.11,0.498935876,19.3909090909091,17.125,6794.82,11408.7096774194,10.82,12349.7419354839,"Spring"
"1188","Suisun Bay",1997-06-01,NA,2.77389232685353,NA,0.996778505528366,NA,0.743403143596747,6,1.84454545454545,0.06193596,NA,31.0947440109847,0.133333333333333,0.506086453,20.5019927069981,14.525,9496.73737373737,15223.3333333333,10.82,8306.66666666667,"Summer"
"1189","Suisun Bay",1997-07-01,NA,3.13273924670852,NA,1.14280960791159,NA,0.839574118117885,7,2.03636363636364,0.0766666666666667,NA,29.7234475399333,0.176666666666667,0.483333333333333,21.1400846940563,12.775,9969.17567567567,20838.7096774194,10.82,9383.09677419355,"Summer"
"1190","Suisun Bay",1997-08-01,NA,4.71774563337236,NA,1.69411904265891,NA,1.26435582974379,8,1.57818181818182,0.047602793,NA,40.2331979439976,0.15,0.349492185,21.6092443637413,9.7,10523.1346153846,18716.1290322581,10.82,8717.83870967742,"Summer"
"1191","Suisun Bay",1997-09-01,NA,6.06033097919184,NA,2.16283295835049,NA,1.62416870242341,9,1.87727272727273,0.0233333333333333,NA,52.68775281419,0.123333333333333,0.35,21.6157839672403,10.55,7175.23076923077,14000,10.82,3976.5,"Autumn"
"1192","Suisun Bay",1997-10-01,NA,9.8,NA,3.34223005766435,NA,2.62771650481449,10,2.05545454545455,0.043576782,NA,65.2702702670484,0.106666666666667,0.288163031,18.4640610392736,9.1,14265.8076923077,12009.0322580645,13.31,4842,"Autumn"
"1193","Suisun Bay",1997-11-01,NA,7.14837196585432,NA,1.72079123103096,NA,1.29314048862305,11,1.25,0.118984475,NA,65.5167170054568,0.126666666666667,0.3414600525,17.1488773059672,6.6,16953.5961538462,14793.3333333333,13.31,10013.5333333333,"Autumn"
"1194","Suisun Bay",1997-12-01,NA,9.72705932468214,NA,3.32216258784845,NA,2.607104,12,0.5075,0.18,NA,51.4136752496934,0.16,0.453333333333333,12.3158224754377,7.15,9720.94230769231,22009.6774193548,13.31,14613.6774193548,"Winter"
"1195","Suisun Bay",1998-01-01,NA,1.67201898471108,NA,0.420331417752427,NA,0.302468234334235,1,1.15636363636364,0.00323102805220212,NA,32.2287878050319,0.156666666666667,0.496666666666667,9.03272158996515,10.85,9237.58,51783.8709677419,13.31,68871.4838709677,"Winter"
"1196","Suisun Bay",1998-02-01,NA,0.516030802333767,NA,0.194599524864982,NA,0.13829625502545,2,1.41428571428571,0.050902443,NA,19.5104017965717,0.206666666666667,0.389184024,10.5377546627724,14.975,317.692307692308,81367.8571428571,13.31,224704.035714286,"Winter"
"1197","Suisun Bay",1998-03-01,NA,0.269388749496953,NA,0.102504146318477,NA,0.0721961848651834,3,3.8575,0.066870423,NA,19.057319225426,0.12,0.461257545,12.1820629116687,11.85,300.153846153846,63829.0322580645,13.31,104584.387096774,"Spring"
"1198","Suisun Bay",1998-04-01,NA,0.270819905839191,NA,0.103330766310119,NA,0.0725797347649032,4,4.52909090909091,0.041963974,NA,41.6923076923077,0.0933333333333333,0.339504688,14.0750627570669,13.925,550.846153846154,57683.3333333333,13.31,88661.2333333333,"Spring"
"1199","Suisun Bay",1998-05-01,NA,0.278375931260322,NA,0.106096142024679,NA,0.0746047495777662,5,2.62272727272727,0.058432706,NA,37.0652173913044,0.09,0.286421159,16.0958831011148,16.925,708.391304347826,48251.6129032258,13.31,67140.3225806452,"Spring"
"1200","Suisun Bay",1998-06-01,NA,0.605693192712169,NA,0.230627997057055,NA,0.162325775646861,6,2.28636363636364,0.04,NA,32.3547334283998,0.0966666666666667,0.183333333333333,18.7790203705694,15.1,400.685897435897,55690,13.31,71643.1666666667,"Summer"
"1201","Suisun Bay",1998-07-01,NA,1.34779025483894,NA,0.505533423716093,NA,0.361207788296837,7,3.14909090909091,0.0253137850839024,NA,29.3513513513514,0.13,0.2,21.6679545454545,15.2,1528.76576576577,26796.7741935484,13.31,31360.1935483871,"Summer"
"1202","Suisun Bay",1998-08-01,NA,1.05017993566085,NA,0.400391792805226,NA,0.281448222757109,8,2.88090909090909,0.0433333333333333,NA,27.6913580246914,0.143333333333333,0.276666666666667,22.4418137254902,12.7,4299.6858974359,25177.4193548387,13.31,20010.2580645161,"Summer"
"1203","Suisun Bay",1998-09-01,NA,1.87030021408373,NA,0.710473065402222,NA,0.501240457374439,9,2.65,0.0333333333333333,NA,32.1847721882128,0.183333333333333,0.233333333333333,21.2418331403154,14.025,3084.25581395349,25316.6666666667,13.31,20116.7333333333,"Autumn"
"1204","Suisun Bay",1998-10-01,NA,1.22071524677201,NA,0.415207361747022,NA,0.290513270963011,10,2.27333333333333,0.075,NA,30.6160455932899,0.13,0.305,17.2157047692435,8.63333333333333,6098.19512195122,15758.064516129,9.8,12297.3870967742,"Autumn"
"1205","Suisun Bay",1998-11-01,NA,0.929412615271256,NA,0.357213115524341,NA,0.249082580892697,11,2.32727272727273,0.13,NA,34.7106592822082,0.133333333333333,0.37,15.0297714639165,7.375,8751.21153846154,20920,9.8,20569.7666666667,"Autumn"
"1206","Suisun Bay",1998-12-01,NA,0.377924241935965,NA,0.0984813047922582,NA,0.068366495366216,12,2.03333333333333,0.0733333333333333,NA,41.9128953766057,0.1,0.273333333333333,10.0434517190891,18.575,2782.4,44374.1935483871,9.8,47241.2903225806,"Winter"
"1207","Suisun Bay",1999-01-01,NA,0.214790724321555,NA,0.055018429244242,NA,0.0388556420297693,1,1.44285714285714,0.143453373333333,NA,38.1609269019698,0.113333333333333,0.392177703333333,7.50443740055318,13.675,4211.53333333333,34503.2258064516,9.8,38021.7096774194,"Winter"
"1208","Suisun Bay",1999-02-01,NA,0.276190310669658,NA,0.0722605611974589,NA,0.0499628272001411,2,1.50909090909091,0.102211588,NA,39.2319190228735,0.0966666666666667,0.394182021,9.18059176597014,11.325,531.807692307692,67146.4285714286,9.8,98804.3571428571,"Winter"
"1209","Suisun Bay",1999-03-01,NA,0.0477284946267537,NA,0.012570992570059,NA,0.00863408467797975,3,2.46,0.0345494911111111,NA,43.9690689215051,0.0666666666666667,0.162768578888889,10.7484572644749,15.05,226.942307692308,56838.7096774194,9.8,69107.1290322581,"Spring"
"1210","Suisun Bay",1999-04-01,NA,0.127811484253875,NA,0.0495171580994494,NA,0.0342534777800386,4,3.495,0.07,NA,26.7505241052035,0.0966666666666667,0.246666666666667,14.7494887786462,14.675,1469.88461538462,30676.6666666667,9.8,35493.8,"Spring"
"1211","Suisun Bay",1999-05-01,NA,0.525347006472421,NA,0.204403899449411,NA,0.140792997734609,5,6.546,0.06131365,NA,21.8076923076923,0.13,0.28871733,16.2392857142857,11.45,3280.12820512821,19735.4838709677,9.8,22229.2903225806,"Spring"
"1212","Suisun Bay",1999-06-01,NA,0.283449573125573,NA,0.110711088673366,NA,0.0759644855976537,6,4.105,0.06056177,NA,22.4076407377863,0.163333333333333,0.375378625,18.1152386951461,7.6,4081.15384615385,17236.6666666667,9.8,13768.4,"Summer"
"1213","Suisun Bay",1999-07-01,NA,1.58019590470335,NA,0.597402655861,NA,0.423492502460499,7,2.1375,0.06,NA,26.1356250004222,0.153333333333333,0.47,20.5629791748524,12.85,6358.44594594595,22241.935483871,9.8,10579,"Summer"
"1214","Suisun Bay",1999-08-01,NA,3.31893405763644,NA,1.14302067848715,NA,0.889474327446566,8,2.73454545454545,0.055609465,NA,30.4109195304671,0.15,0.36186172,19.9463425864114,11,7642.67307692308,18029.0322580645,9.8,6020.35483870968,"Summer"
"1215","Suisun Bay",1999-09-01,NA,3.71390174116727,NA,1.29049068115078,NA,0.995325666632828,9,2.86181818181818,0.0633333333333333,NA,35.7318605532508,0.146666666666667,0.356666666666667,19.7545542858808,8.1,12738.0576923077,15830,9.8,4831.6,"Autumn"
"1216","Suisun Bay",1999-10-01,NA,7.25,NA,2.24922667845304,NA,1.83242285646098,10,2.11818181818182,0.064484236,NA,36.946109830242,0.123333333333333,0.320909422,18.5998808386688,11.15,13439.1395348837,12380.6451612903,8.94,4280.09677419355,"Autumn"
"1217","Suisun Bay",1999-11-01,NA,5.33115771650997,NA,1.84254251504347,NA,1.42875026802467,11,1.26636363636364,0.140543588333333,NA,49.8533774023188,0.123333333333333,0.36428543,15.7720287923831,9.925,14487.7976190476,13843.3333333333,8.94,6804.16666666667,"Autumn"
"1218","Suisun Bay",1999-12-01,NA,1.31332085119294,NA,0.326095816784589,NA,0.237579741980802,12,1.61363636363636,0.176666666666667,NA,42.5556022716171,0.123333333333333,0.38,11.722957092134,10.05,12514.5454545455,16548.3870967742,8.94,10467.2903225806,"Winter"
"1219","Suisun Bay",2000-01-01,NA,2.79079163412307,NA,0.680290968292123,NA,0.504854206612863,1,1.723,0.156666666666667,NA,44.8103908151182,0.123333333333333,0.42,10.0677296807291,9.725,10804.2307692308,24338.7096774194,8.94,21545.5806451613,"Winter"
"1220","Suisun Bay",2000-02-01,NA,0.438137577756396,NA,0.165828134821682,NA,0.117420870838714,2,1.48545454545455,0.090396188,NA,33.4415344200246,0.133333333333333,0.387896912,11.1636913574726,10.675,1087.73076923077,62372.4137931034,8.94,94092.275862069,"Winter"
"1221","Suisun Bay",2000-03-01,NA,0.661521575560987,NA,0.250835490482041,NA,0.177287782250345,3,1.64272727272727,0.0533333333333333,NA,31.5899260580538,0.0866666666666667,0.24,12.0352369259404,12.325,309.269841269841,58561.2903225806,8.94,87838.3548387097,"Spring"
"1222","Suisun Bay",2000-04-01,NA,1.08010456782571,NA,0.411453413407781,NA,0.289468024177291,4,18.64,0.0257965853010925,NA,30.5000000162558,0.146666666666667,0.273333333333333,15.8232941224715,13.475,3224.9,26640,8.94,27294.3,"Spring"
"1223","Suisun Bay",2000-05-01,NA,1.26462926475588,NA,0.480529242419003,NA,0.338920642954577,5,2.643,0.075750868,NA,25.6673076923077,0.153333333333333,0.283111522,17.320835241874,15.475,2456.90882352941,20448.3870967742,8.94,22146.1290322581,"Spring"
"1224","Suisun Bay",2000-06-01,NA,1.92954878071137,NA,0.71915477675151,NA,0.517119073230648,6,2.189,0.0833333333333333,NA,25.0399271344449,0.143333333333333,0.43,20.3453847326436,12.35,7169.13963963964,16086.6666666667,8.94,8942.4,"Summer"
"1225","Suisun Bay",2000-07-01,NA,1.40637528405585,NA,0.525925897754502,NA,0.376908576126967,7,1.27181818181818,0.0833333333333333,NA,27.2434090917253,0.156666666666667,0.436666666666667,20.0042045322022,18.725,9050.9054054054,20848.3870967742,8.94,9220.64516129032,"Summer"
"1226","Suisun Bay",2000-08-01,NA,2.8669743338642,NA,1.05109028488159,NA,0.768349121475607,8,1.53090909090909,0.05,NA,27.0213464892296,0.156666666666667,0.363333333333333,20.8529585600152,22.225,10087.1538461538,17696.7741935484,8.94,6098.1935483871,"Summer"
"1227","Suisun Bay",2000-09-01,NA,3.57360475763935,NA,1.31079478071379,NA,0.957726075047345,9,1.49181818181818,0.0533333333333333,NA,52.0098819539019,0.13,0.356666666666667,20.4658078694087,20.05,10971.2692307692,15163.3333333333,8.94,4662.63333333333,"Autumn"
"1228","Suisun Bay",2000-10-01,NA,2.56,NA,0.879965035175906,NA,0.627159050217239,10,1.52,0.0733333333333333,NA,44.2683899077077,0.146666666666667,0.34,18.635302420042,22.425,16282.1346153846,11683.8709677419,5.76,5736.58064516129,"Autumn"
"1229","Suisun Bay",2000-11-01,NA,5.37767029586217,NA,1.97710069206637,NA,1.44121563929106,11,1.44454545454545,0.126666666666667,NA,44.7161483769945,0.13,0.39,14.2416714964923,25.875,15427.9038461538,12283.3333333333,5.76,4742.9,"Autumn"
"1230","Suisun Bay",2000-12-01,NA,3.39691198029783,NA,0.855170138983353,NA,0.614501377235878,12,0.919090909090909,0.186666666666667,NA,49.6594930415723,0.123333333333333,0.4,10.6243447323431,24.475,15397.0784313725,13670.9677419355,5.76,5996.61290322581,"Winter"
"1231","Suisun Bay",2001-01-01,NA,1.91342209067557,NA,0.48403887289552,NA,0.346138056203212,1,1.61,0.183333333333333,NA,47.0513586282701,0.116666666666667,0.386666666666667,9.7788307563922,10.15,18029.6078431373,17190.3225806452,5.76,15211.4516129032,"Winter"
"1232","Suisun Bay",2001-02-01,NA,2.61016665010967,NA,0.650775860282609,NA,0.472179147004839,2,1.57818181818182,0.183333333333333,NA,38.6231195816704,0.116666666666667,0.396666666666667,9.93012998064764,17.2,13217.5294117647,20867.8571428571,5.76,19567.9285714286,"Winter"
"1233","Suisun Bay",2001-03-01,NA,0.849567482264623,NA,0.319516821079798,NA,0.227684085246919,3,1.53,0.1051288075,NA,28.7874721178516,0.156666666666667,0.4038694075,13.2206249510517,42.925,6374.16666666667,24696.7741935484,5.76,23427.3870967742,"Spring"
"1234","Suisun Bay",2001-04-01,NA,0.805227794240353,NA,0.306969977376389,NA,0.215801048856415,4,2.52636363636364,0.11,NA,23.5014007993802,0.136666666666667,1.2,15.200733646926,23.325,6041.21153846154,12306,5.76,12219.0666666667,"Spring"
"1235","Suisun Bay",2001-05-01,NA,1.15869283460756,NA,0.427986797894332,NA,0.310529679674827,5,1.83818181818182,0.088720345,NA,31.6538461538462,0.123333333333333,0.433543694,19.3798863773672,34.525,9182.70512820513,9060,5.76,9706.83870967742,"Spring"
"1236","Suisun Bay",2001-06-01,NA,2.41407465183128,NA,0.858618116511905,NA,0.646972006690782,6,2.61636363636364,0.08,NA,35.9355749058889,0.143333333333333,0.55,21.1007655416323,17.2,10549.2432432432,12383.3333333333,5.76,7509.2,"Summer"
"1237","Suisun Bay",2001-07-01,NA,8.43650339107373,NA,2.92295600172012,NA,2.26098290880776,7,2.05545454545455,0.0766666666666667,NA,39.9604824995834,0.166666666666667,0.46,20.0433244038963,17.45,14298.2884615385,14935.4838709677,5.76,4722.77419354839,"Summer"
"1238","Suisun Bay",2001-08-01,NA,5.92252790462709,NA,2.07613047383106,NA,1.58723747844006,8,1.5175,0.0833333333333333,NA,39.6673999376713,0.153333333333333,0.423333333333333,20.2687066564846,13.7,15180.4666666667,13219.3548387097,5.76,3226.83870967742,"Summer"
"1239","Suisun Bay",2001-09-01,NA,8.13891101416079,NA,2.80019789859089,NA,2.18122815179509,9,2.25909090909091,0.0333333333333333,NA,43.0646533085347,0.153333333333333,0.44,20.3148746739646,19.7,16750.2115384615,12360,5.76,4165.26666666667,"Autumn"
"1240","Suisun Bay",2001-10-01,NA,8.6,NA,2.98426418803658,NA,2.31413794800203,10,1.64272727272727,0.0833333333333333,NA,41.6968141120311,0.146666666666667,0.486666666666667,18.7119780815779,10.375,17238.6078431373,8370.32258064516,6.35,4275.58064516129,"Autumn"
"1241","Suisun Bay",2001-11-01,NA,10.8710186058565,NA,3.72835076623621,NA,2.91343298636953,11,1.10909090909091,0.156666666666667,NA,55.8143112869302,0.17,0.433333333333333,16.0024361892884,12.9,20083.8846153846,12303,6.35,8213,"Autumn"
"1242","Suisun Bay",2001-12-01,NA,0.838498010032559,NA,0.311678748866496,NA,0.224717466688726,12,1.095,0.203333333333333,NA,34.5802829321814,0.17,0.55,11.2894632848811,8.975,7022.78846153846,27377.4193548387,6.35,24737.2580645161,"Winter"
"1243","Suisun Bay",2002-01-01,NA,1.35267470131306,NA,0.506062701069013,NA,0.3625168199519,1,1.33181818181818,0.136666666666667,NA,22.7480090237242,0.153333333333333,0.443333333333333,10.3645268979843,23.325,1341.52941176471,38270.9677419355,6.35,38731.4193548387,"Winter"
"1244","Suisun Bay",2002-02-01,NA,0.82924395455321,NA,0.212770157870448,NA,0.150010231378676,2,1.435,0.146666666666667,NA,40.741379302776,0.12,0.43,9.42291666980774,9.825,7928.64705882353,18175,6.35,12029.6785714286,"Winter"
"1245","Suisun Bay",2002-03-01,NA,0.355353416235448,NA,0.137382283346643,NA,0.0952347155511,3,3.89,0.129560758,NA,35.5230734755058,0.126666666666667,0.422289073,12.6115995852223,18.775,6116.27027027027,21322.5806451613,6.35,16982.1290322581,"Spring"
"1246","Suisun Bay",2002-04-01,NA,0.596369564044253,NA,0.228306925511164,NA,0.15982704316386,4,5.64727272727273,0.09,NA,27.9615384615385,0.123333333333333,0.38,15.5612121212121,11.2,5444.03846153846,14476.6666666667,6.35,11943.2333333333,"Spring"
"1247","Suisun Bay",2002-05-01,NA,0.632745503357282,NA,0.235424478807291,NA,0.169575794899752,5,6.59181818181818,0.0733333333333333,NA,26.2307692307692,0.136666666666667,0.386666666666667,16.9517756400296,13.9,6938.14102564103,12969.0322580645,6.35,13554.2258064516,"Spring"
"1248","Suisun Bay",2002-06-01,NA,1.94003582475602,NA,0.687939506726667,NA,0.519929601034614,6,2.355,0.056790886,NA,28.8568267745358,0.123333333333333,0.50339661,20.139294674661,18.875,10525.3666666667,13893.3333333333,6.35,7461.76666666667,"Summer"
"1249","Suisun Bay",2002-07-01,NA,3.47007582248871,NA,1.23750101559733,NA,0.929980320426975,7,2.55545454545455,0.0666666666666667,NA,39.426854760825,0.143333333333333,0.52,21.4066456231364,16.125,12784.2243589744,18900,6.35,5731.83870967742,"Summer"
"1250","Suisun Bay",2002-08-01,NA,6.59421370391773,NA,2.25262197482373,NA,1.76724927264995,8,1.80363636363636,0.06,NA,31.0761538468874,0.17,0.426666666666667,20.2812121235241,18.2,15553.44,17016.1290322581,6.35,3848.58064516129,"Summer"
"1251","Suisun Bay",2002-09-01,NA,9.38266687710629,NA,3.16639014618829,NA,2.51455472306449,9,2.27909090909091,0.06,NA,41.2495882054542,0.156666666666667,0.33,20.2988553102283,17.175,17065.1730769231,13563.3333333333,6.35,4168.93333333333,"Autumn"
"1252","Suisun Bay",2002-10-01,NA,10.7,NA,3.60432625493603,NA,2.86546723143204,10,1.79272727272727,0.0633333333333333,NA,55.0995061686496,0.156666666666667,0.38,18.9040235600285,15.1,16473.6538461538,9891.29032258065,8.21,4203.25806451613,"Autumn"
"1253","Suisun Bay",2002-11-01,NA,11.5251332702983,NA,3.90004055337287,NA,3.08873571643995,11,1.30454545454545,0.133998475,NA,51.3120721789121,0.103333333333333,0.430858855,15.0481355932203,8.525,16851.8076923077,11746.3333333333,8.21,7333.1,"Autumn"
"1254","Suisun Bay",2002-12-01,NA,3.30253049064272,NA,1.18548123764718,NA,0.885078171492248,12,1.94727272727273,0.162972457,NA,54.5583409967097,0.133333333333333,0.470727781,12.5706779661017,13.125,18933.2692307692,29130,8.21,28885.8064516129,"Winter"
"1255","Suisun Bay",2003-01-01,NA,2.14015443366712,NA,0.536042528278578,NA,0.387153937050382,1,0.906363636363636,0.12,NA,20.1955926859215,0.12,0.34,9.8648618090591,18.075,2549.93333333333,51935.4838709677,8.21,51440.935483871,"Winter"
"1256","Suisun Bay",2003-02-01,NA,1.14533561221408,NA,0.427160744376995,NA,0.306949944073372,2,1.88,0.115701162222222,NA,34.932199521231,0.106666666666667,0.319601413333333,11.0633333333333,6.075,2132.88461538462,36085.7142857143,8.21,29622.8571428571,"Winter"
"1257","Suisun Bay",2003-03-01,NA,0.831193858005044,NA,0.310083524922945,NA,0.222759953945352,3,3.75,0.117667311,NA,31.7053369285034,0.0833333333333333,0.330530706,14.110373785418,9,3206.08108108108,22922.5806451613,8.21,15779.6129032258,"Spring"
"1258","Suisun Bay",2003-04-01,NA,0.882285607660246,NA,0.32144446227035,NA,0.236452542852946,4,2.8525,0.0833333333333333,NA,34.0210223776135,0.1,0.36,15.0902272727273,30.1,4823.36486486487,21586.6666666667,8.21,22053.8666666667,"Spring"
"1259","Suisun Bay",2003-05-01,NA,2.58987395769158,NA,0.789134991678722,NA,0.694086220661344,5,4.85818181818182,0.0445673675432006,NA,27.5,0.09,0.208922424,17.6618181818182,13.6,674.027027027027,40538.7096774194,8.21,41937.7419354839,"Spring"
"1260","Suisun Bay",2003-06-01,NA,3.43552702366732,NA,0.838573737824845,NA,0.920721242342841,6,4.308,0.047042513,NA,29.0633785975165,0.11,0.246946931,19.9631265193697,10.025,4053.25,22276.6666666667,8.21,11802,"Summer"
"1261","Suisun Bay",2003-07-01,NA,3.97502970493284,NA,1.44156232339285,NA,1.065307960922,7,2.495,0.0533333333333333,NA,36.4477058097258,0.123333333333333,0.323333333333333,21.8470145982388,13.65,8450.33783783784,22429.0322580645,8.21,9703.16129032258,"Summer"
"1262","Suisun Bay",2003-08-01,NA,4.79993720804256,NA,1.71845982191673,NA,1.28638317175541,8,2.64909090909091,0.08,NA,39.2461932337337,0.126666666666667,0.3,21.3421421849639,14.45,6848,19583.8709677419,8.21,6928.22580645161,"Summer"
"1263","Suisun Bay",2003-09-01,NA,6.62009133358846,NA,2.35488142749397,NA,1.77418447740171,9,2.19545454545455,0.0566666666666667,NA,38.8243558433681,0.143333333333333,0.32,20.3622906836367,26.225,11175.3137254902,15346.6666666667,8.21,3486.6,"Autumn"
"1264","Suisun Bay",2003-10-01,NA,11.7878141588828,NA,3.95308199695434,NA,3.15913419458058,10,2.961,0.0766666666666667,NA,46.8360022244568,0.123333333333333,0.336666666666667,18.6280232965177,28.65,15492.6923076923,11004.8387096774,7.51,4304.67741935484,"Autumn"
"1265","Suisun Bay",2004-01-01,NA,2.85,NA,0.691058240392824,NA,0.515565,1,1.05846153846154,0.108419747777778,NA,28.7769400041274,0.116666666666667,0.392973643333333,9.62733625313144,19.85,3663.26315789474,36767.7419354839,7.51,32138.1935483871,"Winter"
"1266","Suisun Bay",2004-04-01,NA,0.7,NA,0.261851506729208,NA,0.1876,4,4.76833333333333,0.072231604,NA,29.1276197105894,0.12,0.285217063,15.8320098091735,12.86,3377.12280701754,23793.3333333333,7.51,22006.5,"Spring"
"1267","Suisun Bay",2004-07-01,NA,3.72506642305048,NA,1.30399855716008,NA,0.998317801377528,7,2.37545454545455,0.0866666666666667,NA,31.1306555871598,0.153333333333333,0.493333333333333,20.6279967991683,9.4,11447.3198198198,20441.935483871,7.51,7378.16129032258,"Summer"
"1268","Suisun Bay",2004-10-01,NA,11.0733513093935,NA,3.84608870405262,NA,2.96765815091746,10,0.8975,0.1,NA,56.0842537343774,0.103333333333333,0.37,18.098337195256,11.625,16843.1568627451,12606.4516129032,8.49,8517.38709677419,"Autumn"
"1269","Suisun Bay",2005-01-01,NA,1.80452236522839,NA,0.554701837570387,NA,0.411321785598903,1,0.925384615384615,0.126666666666667,NA,37.7541364145384,0.11,0.496666666666667,9.0473642357205,13.6333333333333,5099.25,33680.6451612903,8.49,33624,"Winter"
"1270","Suisun Bay",2005-04-01,NA,0.394375487336697,NA,0.228286487349461,NA,0.161936117983706,4,3.32846153846154,0.077605794,NA,43.2720008312258,0.19,0.354002966,15.52177750214,18.4,2232.36752136752,22133.3333333333,8.49,29903.0333333333,"Spring"
"1271","Suisun Bay",2005-07-01,NA,2.24160226007185,NA,0.96168383961893,NA,0.710217867255342,7,2.09833333333333,0.05,NA,39.1661998049494,0.103333333333333,0.286666666666667,21.4328436456822,12.1,4633.23333333333,19667.7419354839,8.49,9441.06451612903,"Summer"
"1272","Suisun Bay",2005-10-01,NA,8.94303830000987,NA,3.78367430700987,NA,3.02439715811007,10,2.32636363636364,0.09007603,NA,54.6624806255694,0.126666666666667,0.33108251,18.0719457176182,12.5,11934.5,14074.1935483871,13.2,4467.1935483871,"Autumn"
"1273","Suisun Bay",2005-11-01,NA,7.71228581708595,NA,3.93273737475205,NA,3.11359520528758,11,1.52272727272727,0.122508244,NA,67.7979797998636,0.123333333333333,0.434290106,15.8995606371186,13.75,16928.92,13386.6666666667,13.2,5008.66666666667,"Autumn"
"1274","Suisun Bay",2005-12-01,NA,9.26069142783809,NA,4.51745561724848,NA,3.55114006299392,12,1.065,0.186919444,NA,54.9215094932263,0.11,0.479395654,11.0493438244382,23.6,13769.8431372549,35458.064516129,13.2,42829,"Winter"
"1275","Suisun Bay",2006-01-01,NA,0.398337712433462,NA,0.109330546266094,NA,0.0789015841435402,1,1.24230769230769,0.0584117025,NA,32.44928427868,0.09,0.333594275,10.1885178863598,26.2833333333333,528.464285714286,66151.6129032258,13.2,145921.064516129,"Winter"
"1276","Suisun Bay",2006-02-01,NA,0.0872634732711641,NA,0.0212093540113699,NA,0.0146556146398059,2,2.95538461538462,0.057284638,NA,36.1713645499542,0.07,0.234103032,10.9323367929762,17.8333333333333,1270.14285714286,48921.4285714286,13.2,52129.1071428571,"Winter"
"1277","Suisun Bay",2006-04-01,NA,0.390660611821967,NA,0.148194531576664,NA,0.104697043968287,4,3.40181818181818,0.03767183,NA,35.9278385554493,0.0633333333333333,0.182637294,13.7665555788349,18,202.5,77646.6666666667,13.2,179437.633333333,"Spring"
"1278","Suisun Bay",2006-05-01,NA,0.946944428033458,NA,0.360244735727605,NA,0.253781106712967,5,4.61923076923077,0.037698846,NA,44.0897435897436,0.0633333333333333,0.143556766,18.352023859074,24.8333333333333,314.307692307692,52145.1612903226,13.2,81325.8064516129,"Spring"
"1279","Suisun Bay",2006-06-01,NA,0.719448631008997,NA,0.273474433991042,NA,0.192812233110411,6,2.90666666666667,0.06,NA,37.017094017094,0.103333333333333,0.266666666666667,20.7818066162385,22.1833333333333,872.91452991453,27210,13.2,35325.2,"Summer"
"1280","Suisun Bay",2006-07-01,NA,2.93030653061564,NA,1.0868298664116,NA,0.785322150204991,7,2.79333333333333,0.06,NA,42.8646623909487,0.1,0.29,22.2741232588569,14.9833333333333,4969.95,18587.0967741935,13.2,10261.2903225806,"Summer"
"1281","Suisun Bay",2006-08-01,NA,3.31367285442556,NA,1.07967240580631,NA,0.88806432498605,8,3.15416666666667,0.07203701,NA,44.4726106590637,0.15,0.243554756,20.9564446683487,14.6,7809.11111111111,18864.5161290323,13.2,8175.87096774194,"Summer"
"1282","Suisun Bay",2006-09-01,NA,4.24528098717251,NA,1.33105276231287,NA,1.13773530456223,9,2.34083333333333,0.06645022,NA,37.3959769011729,0.103333333333333,0.28752774,19.4399656600154,21.2,9243.05769230769,18010,13.2,7920.16666666667,"Autumn"
"1283","Suisun Bay",2006-10-01,NA,5.26601459621795,NA,1.64849379895645,NA,1.41129191178641,10,1.86636363636364,0.075442714,NA,54.8684218784056,0.106666666666667,0.376070998,17.2054056710029,19.5,12863.4615384615,11721.6129032258,6.19,3987.54838709677,"Autumn"
"1284","Suisun Bay",2006-11-01,NA,7.09004514002231,NA,2.3051748659488,NA,1.90013209752598,11,1.30363636363636,0.110514246,NA,67.2022522686155,0.0833333333333333,0.430751332,15.1990889285741,19.5,16964.0576923077,12146.6666666667,6.19,5230.6,"Autumn"
"1285","Suisun Bay",2006-12-01,NA,8.06505202279988,NA,2.62534890203801,NA,2.16143394211037,12,1.64636363636364,0.144387178,NA,76.9040559427205,0.0933333333333333,0.484698298,10.9209795579253,24,16543.6730769231,16951.6129032258,6.19,9019.35483870968,"Winter"
"1286","Suisun Bay",2007-01-01,NA,4.62893004695032,NA,1.01133044022932,NA,1.18525278034828,1,1.77727272727273,0.180640302,NA,44.3880868305497,0.1,0.53976983,8.51246010344861,16.25,12793.3846153846,13822.5806451613,6.19,8242.70967741935,"Winter"
"1287","Suisun Bay",2007-02-01,NA,5.31259950231069,NA,1.78569451108543,NA,2.07084335493911,2,1.78923076923077,0.197195578,NA,51.8353763405658,0.0833333333333333,0.542963426,9.90086055656382,18.9333333333333,9271.89285714286,22700,6.19,21234.4285714286,"Winter"
"1288","Suisun Bay",2007-03-01,NA,7.41747936417979,NA,2.42810733800832,NA,2.93438544855238,3,2.70583333333333,0.10093946,NA,41.9594742485459,0.106666666666667,0.460135024,13.2770416741947,12.8,1927.85526315789,18322.5806451613,6.19,14003.9677419355,"Spring"
"1289","Suisun Bay",2007-04-01,NA,11.0792784613389,NA,3.57107458762335,NA,4.37064409885565,4,4.86384615384615,0.074166074,NA,33.5794277602658,0.0966666666666667,0.511666784,15.6781575520833,14.4833333333333,5491.30769230769,13631,6.19,11306.2333333333,"Spring"
"1290","Suisun Bay",2007-05-01,NA,10.5579380172585,NA,3.40873588944108,NA,4.18042742670161,5,0.966,0.0866666666666667,NA,34.6690283700013,0.0933333333333333,0.516666666666667,17.5751468860165,17,7180.15277777778,9362.58064516129,6.19,9379.8064516129,"Spring"
"1291","Suisun Bay",2007-06-01,NA,7.17329746230638,NA,2.39094968639246,NA,2.78178513630206,6,1.90333333333333,0.07,NA,32.8333333333333,0.143333333333333,0.59,20.0461538461538,15.7666666666667,8522.66666666667,12290.3333333333,6.19,7846.5,"Summer"
"1292","Suisun Bay",2007-07-01,NA,20.5862713587509,NA,6.40512685987438,NA,8.0841708766261,7,1.90666666666667,0.054535595,NA,44.6973684210526,0.116666666666667,0.533218213333333,21.314,16.2,10573.4210526316,19064.5161290323,6.19,5360.8064516129,"Summer"
"1293","Suisun Bay",2007-08-01,NA,9.57221009947608,NA,3.21685715318954,NA,3.59858131249912,8,2.102,0.0633333333333333,NA,53.6851851851852,0.113333333333333,0.46,20.6592592592593,31.75,13070.7777777778,17122.5806451613,6.19,3737.12903225806,"Summer"
"1294","Suisun Bay",2007-09-01,NA,6.29537606181929,NA,2.12504215825574,NA,2.13421917457239,9,2.25545454545455,0.066865426,NA,41.25,0.106666666666667,0.440381134,20.4272881355932,20.25,14576.6153846154,15196.6666666667,6.19,4517.16666666667,"Autumn"
"1295","Suisun Bay",2007-10-01,NA,5.16845893312278,NA,1.72264885760295,NA,1.53729131185132,10,1.78909090909091,0.098043012,NA,53.9198032849745,0.1,0.412945434,17.614296864473,15.5,16506.9615384615,10541.935483871,5.16,3683,"Autumn"
"1296","Suisun Bay",2007-11-01,NA,6.30833259357203,NA,2.08482137601556,NA,2.22989959622888,11,2.80909090909091,0.117673826,NA,57.9016363575151,0.113333333333333,0.500001954,15.4429704301075,15.5,18741.6153846154,10005,5.16,4290.9,"Autumn"
"1297","Suisun Bay",2007-12-01,NA,2.67551978842669,NA,0.863424090924457,NA,0.897467450422894,12,2.29363636363636,0.169569768,NA,52.2143347012122,0.116666666666667,0.556570232,11.0385458660123,18.5,17506.6538461538,12121.2903225806,5.16,7185.58064516129,"Winter"
"1298","Suisun Bay",2008-01-01,NA,0.99421035522203,NA,0.246210022153244,NA,0.216547739316161,1,1.08833333333333,0.233333333333333,NA,29.8628074652047,0.14,0.68,8.35225135336582,21.8,4825.21428571429,22480.6451612903,5.16,24560.064516129,"Winter"
"1299","Suisun Bay",2008-02-01,NA,6.90110375317668,NA,2.32443873586818,NA,2.70018365976654,2,1.59538461538462,0.127377676,NA,20.2075480220858,0.123333333333333,0.653757812,9.21347670647206,19.8666666666667,2344.82142857143,26306.8965517241,5.16,24128.1724137931,"Winter"
"1300","Suisun Bay",2008-03-01,NA,0.684835213068352,NA,0.260372786220284,NA,0.255800843159952,3,1.70923076923077,0.10598198,NA,33.717504916801,0.11,0.588187032,12.9340044922503,16.4,6176.64102564103,13703.2258064516,5.16,12220.1935483871,"Spring"
"1301","Suisun Bay",2008-04-01,NA,1.27011792803918,NA,0.477465365708058,NA,0.485045620114808,4,6.362,0.0666666666666667,NA,35.2575757573757,0.11,0.53,14.7999450670182,14.4,8984,10192.3333333333,5.16,9540,"Spring"
"1302","Suisun Bay",2008-05-01,NA,2.20820284954632,NA,0.803213843394877,NA,0.807209612429182,5,4.10333333333333,0.08755477,NA,33.2249348985109,0.0966666666666667,0.513695796,17.4905982905983,11.8,7091.25287356322,8788.38709677419,5.16,8214.83870967742,"Spring"
"1303","Suisun Bay",2008-06-01,NA,10.6635720337691,NA,3.48853935098288,NA,3.93372828483686,6,2.95166666666667,0.065940964,NA,35.9562927167181,0.106666666666667,0.59674831,19.5040867965679,38,11331.4605263158,11310.3333333333,5.16,7332.4,"Summer"
"1304","Suisun Bay",2008-07-01,NA,21.8700171666626,NA,6.75100774430171,NA,8.10915160784658,7,2.7,0.05268434,NA,50.5616862512934,0.116666666666667,0.561904896,20.9048091468156,42.75,14993.3198198198,12519.3548387097,5.16,3674.38709677419,"Summer"
"1305","Suisun Bay",2008-08-01,NA,13.7431788850309,NA,4.05442968171423,NA,4.43024600019694,8,3.27545454545455,0.038970482,NA,59.0004234593779,0.11,0.445791856,20.7713568643832,28.25,16925.4807692308,10816.1290322581,5.16,3074.03225806452,"Summer"
"1306","Suisun Bay",2008-09-01,NA,22.0261963556715,NA,6.37699678393567,NA,7.32730204635054,9,2.21636363636364,0.062960474,NA,65.6146367163676,0.11,0.398884402,20.2407553867231,26.25,17128.6730769231,10332.6666666667,5.16,4071.66666666667,"Autumn"
"1307","Suisun Bay",2008-10-01,NA,20.1099137358709,NA,5.51319945939588,NA,6.23165956050033,10,1.78727272727273,0.080513248,NA,72.1920906558363,0.113333333333333,0.425983948,18.2393087557604,17.75,17387.0384615385,7767.41935483871,5.78,3186.09677419355,"Autumn"
"1308","Suisun Bay",2008-11-01,NA,20.2722165058285,NA,6.15105484307324,NA,7.18788810819972,11,1.89090909090909,0.142577274,NA,62.6062884361197,0.136666666666667,0.546358124,15.3215207373272,21.75,17442.1923076923,9739.66666666667,5.78,5817.73333333333,"Autumn"
"1309","Suisun Bay",2008-12-01,NA,11.4991054418276,NA,3.42140424894756,NA,4.38913722022441,12,1.51,0.163127546,NA,63.9187556432481,0.106666666666667,0.586080978,11.4008166142145,13.75,22578.8076923077,8873.22580645161,5.78,7113.41935483871,"Winter"
"1310","Suisun Bay",2009-01-01,NA,7.37504260726322,NA,2.19671804654738,NA,2.73287622073952,1,1.97,0.221404678,NA,60.7120764466424,0.106666666666667,0.635017444,9.17452431650585,11.5,17491.9615384615,9142.58064516129,5.78,6306.09677419355,"Winter"
"1311","Suisun Bay",2009-02-01,NA,5.36706163130499,NA,1.84626936912072,NA,2.00030661518908,2,2.05692307692308,0.207571764,NA,59.5513667332816,0.103333333333333,0.667344602,10.3653404995031,15.1666666666667,7573.63157894737,20469.2857142857,5.78,22752.6428571429,"Winter"
"1312","Suisun Bay",2009-03-01,NA,2.55304240757844,NA,0.909837300079414,NA,0.990919989427767,3,2.35230769230769,0.094407194,NA,30.4145452800982,0.11,0.437563738,12.7486761463845,18,3367.18055555556,22619.3548387097,5.78,19926.8709677419,"Spring"
"1313","Suisun Bay",2009-04-01,NA,7.75848127309789,NA,2.61768151729646,NA,3.01068392999557,4,3.12846153846154,0.097718848,NA,33.4358974358974,0.1,0.522693294,15.0424162589012,15.6666666666667,5774.87179487179,13603.3333333333,5.78,12039.7666666667,"Spring"
"1314","Suisun Bay",2009-05-01,NA,8.56336908766733,NA,2.92884146209024,NA,3.40124877431962,5,4.11083333333333,0.054982486,NA,40.2051282051282,0.116666666666667,0.365824874,18.3479104333228,17,5663.42307692308,16374.1935483871,5.78,15884.9677419355,"Spring"
"1315","Suisun Bay",2009-06-01,NA,13.1518490909678,NA,4.35912562557507,NA,4.96442164923164,6,2.95230769230769,0.05368784,NA,37.781584053233,0.106666666666667,0.373437682,19.5729928978394,13.8333333333333,8208.95726495727,11953.3333333333,5.78,8064.63333333333,"Summer"
"1316","Suisun Bay",2009-07-01,NA,13.1773352563566,NA,4.32480923048277,NA,4.88044452963528,7,2.6675,0.060545268,NA,42.87912613142,0.13,0.361733832,20.5931395975566,12.6,10960.1323529412,18622.5806451613,5.78,5214.25806451613,"Summer"
"1317","Suisun Bay",2009-08-01,NA,11.9623198087414,NA,3.55649726050512,NA,4.26707759970985,8,2.63272727272727,0.039004498,NA,56.2951638372895,0.1,0.242268108,20.3280502701433,13.5,12773.6176470588,15093.5483870968,5.78,4238.12903225806,"Summer"
"1318","Suisun Bay",2009-09-01,NA,17.0631179556707,NA,4.86884178651425,NA,6.05456911815066,9,2.49,0.0652126,NA,75.6537380139069,0.116666666666667,0.290319132,20.53984536319,13.757,15554.7307692308,11450,5.78,3887.03333333333,"Autumn"
"1319","Suisun Bay",2009-10-01,NA,7.23273449028214,NA,2.26747725746814,NA,2.48609379611286,10,1.67090909090909,0.101130554,NA,63.3859363815238,0.113333333333333,0.374834376,16.5668403125626,16.990243902439,17330.2307692308,9780.96774193548,7.08,6365.03225806452,"Autumn"
"1320","Suisun Bay",2009-11-01,NA,8.9293933014095,NA,3.00297064901641,NA,3.34705179722999,11,1.74545454545455,0.140134054,NA,63.6806866140992,0.116666666666667,0.451520712,15.5682383013531,15.3958536585366,16861.0384615385,9007.66666666667,7.08,4654.4,"Autumn"
"1321","Suisun Bay",2009-12-01,NA,7.47461327969396,NA,1.65895254161236,NA,1.95593900924931,12,1.62454545454545,0.160499234,NA,58.211724057877,0.0966666666666667,0.491313608,10.6674119654848,21.2685365853659,20308.0961538462,10611.935483871,7.08,6370.77419354839,"Winter"
"1322","Suisun Bay",2010-01-01,NA,1.74337479281495,NA,0.530500376968696,NA,0.520006106151255,1,1.67454545454545,0.19976186,NA,53.9463612400951,0.106666666666667,0.521778355,9.44766739674593,10,17747.2307692308,26808.7096774194,7.08,26955,"Winter"
"1323","Suisun Bay",2010-02-01,NA,2.00405307063598,NA,0.722117152184529,NA,0.778693092490983,2,1.71444444444444,0.110747368,NA,25.6776835453037,0.105,0.456845396,11.0074157620993,28,988.111111111111,28992.8571428571,7.08,29982.1428571429,"Winter"
"1324","Suisun Bay",2010-03-01,NA,2.72724365786571,NA,0.950259357340592,NA,1.07232451388177,3,3.46923076923077,0.106425348571429,NA,36.4148095755367,0.114,0.480430892857143,13.2213856290759,17.2,2538.76315789474,19745.1612903226,7.08,17121.4838709677,"Spring"
"1325","Suisun Bay",2010-04-01,NA,6.67590667321616,NA,2.24763304942161,NA,2.64176891727312,4,10.8892307692308,0.0637754542857143,NA,37.5975102770651,0.092,0.461953088571429,14.7498564396723,15.3333333333333,3996.94444444444,18833.3333333333,7.08,24604.4666666667,"Spring"
"1326","Suisun Bay",2010-05-01,NA,13.1152864847005,NA,4.39125663866846,NA,5.16456588372141,5,12.5041666666667,0.0426204733333333,NA,37.5217445728147,0.105,0.294478046666667,16.433001355281,27.3333333333333,2205.60256410256,17280.6451612903,7.08,20681.7419354839,"Spring"
"1327","Suisun Bay",2010-06-01,NA,8.37802262682314,NA,2.85101465813366,NA,3.12956122186218,6,5.64769230769231,0.0625905771428571,NA,32.7636111050844,0.09,0.235008915714286,19.8308037825059,36.9441176470588,3090.21621621622,20940,7.08,16524.9666666667,"Summer"
"1328","Suisun Bay",2010-07-01,NA,17.9334507905974,NA,5.75993022578997,NA,6.88620171470682,7,2.46916666666667,0.0524337133333333,NA,42.1182352928053,0.1075,0.326182231666667,19.6603514739229,36.0520833333333,9555.98958333333,17416.1290322581,7.08,6700.83870967742,"Summer"
"1329","Suisun Bay",2010-08-01,NA,16.7837311923912,NA,5.44260899255765,NA,6.30772598680754,8,2.2175,0.0493621766666667,NA,49.7257594572035,0.1025,0.327676311666667,19.4813473978144,31.6740625,10592.2962962963,16709.6774193548,7.08,4003.93548387097,"Summer"
"1330","Suisun Bay",2010-09-01,NA,9.13377033509567,NA,2.91472304097376,NA,3.11964585269752,9,4.85083333333333,0.0373820216666667,NA,60.2149783610293,0.0925,0.27361762,19.3546146233935,18.7285714285714,14065.7735849057,16580,7.08,5885.26666666667,"Autumn"
"1331","Suisun Bay",2010-10-01,NA,17.2832752117568,NA,5.39926834625696,NA,5.90069266807271,10,2.26727272727273,0.084127054,NA,61.5444377271632,0.0966666666666667,0.314445188,18.9626185130174,19.3007317073171,13474.8076923077,12005.1612903226,10.54,5473.25806451613,"Autumn"
"1332","Suisun Bay",2010-11-01,NA,15.5083998686619,NA,4.89010642703483,NA,5.01176897209188,11,1.215,0.113333333333333,NA,82.4169545938689,0.1,0.406666666666667,16.4184394334657,11.589756097561,15133.8653846154,13043.3333333333,10.54,7020.86666666667,"Autumn"
"1333","Suisun Bay",2010-12-01,NA,3.91306386908721,NA,1.38939169657999,NA,1.34312054182682,12,1.41272727272727,0.146298136666667,NA,62.6365197269455,0.08,0.332186898333333,11.0416371407285,17.0546341463415,12813.3137254902,45700,10.54,48138.064516129,"Winter"
"1334","Suisun Bay",2011-01-01,NA,3.0520930220758,NA,0.727879742445892,NA,0.78282501590294,1,0.765384615384615,0.0961287728571429,NA,50.9127918563757,0.08,0.350816092857143,8.38646993807948,15.1666666666667,2663.32142857143,34964.5161290323,10.54,39475.7741935484,"Winter"
"1335","Suisun Bay",2011-02-01,NA,5.84750877008663,NA,2.00795635130481,NA,2.30461403068531,2,1.83583333333333,0.129523085,NA,49.1041403245548,0.0925,0.424576416666667,10.4025901593884,16,5337.59259259259,24575,10.54,28251,"Winter"
"1336","Suisun Bay",2011-03-01,NA,10.86314874641,NA,3.54920890316446,NA,4.32126585792048,3,2.03916666666667,0.0824183485714286,NA,42.0232704323043,0.076,0.32647822,11.5827485383091,10.8333333333333,911.671052631579,57983.8709677419,10.54,104134.741935484,"Spring"
"1337","Suisun Bay",2011-04-01,NA,7.93210184598313,NA,2.68752559011949,NA,3.15300145101988,4,4.78384615384615,0.03974487,NA,48.8589725100864,0.062,0.12211605,14.5930851539772,18.3333333333333,274.837606837607,53733.3333333333,10.54,85043.3333333333,"Spring"
"1338","Suisun Bay",2011-05-01,NA,2.79296374401644,NA,1.00681965772371,NA,1.09194307090605,5,6.252,0.03,NA,54.9288734345329,0.0725,0.13,16.167703670378,14.038,564.381578947368,35580.6451612903,10.54,47059.1290322581,"Spring"
"1339","Suisun Bay",2011-06-01,NA,3.86636690895149,NA,1.42100296827563,NA,1.4781850660046,6,3.46769230769231,0.0450789657142857,NA,52.3986743025156,0.064,0.169524037142857,18.1961784312643,23.90625,520.038461538462,40506.6666666667,10.54,42036.8666666667,"Summer"
"1340","Suisun Bay",2011-07-01,NA,10.8326338660723,NA,3.83380649177818,NA,4.25424873477172,7,3.70692307692308,0.0228335585714286,NA,50.0179138260972,0.07,0.169245322857143,21.4080572476334,30.4647058823529,1479.50900900901,21632.2580645161,10.54,17654.5161290323,"Summer"
"1341","Suisun Bay",2011-08-01,NA,8.01379118102371,NA,2.89141867572587,NA,3.09793802510226,8,3.14846153846154,0.0275316214285714,NA,44.0969841032156,0.088,0.249407541428571,20.6128426957084,26.0852941176471,7031.94642857143,17190.3225806452,10.54,8863.32258064516,"Summer"
"1342","Suisun Bay",2011-09-01,NA,16.1744098719704,NA,5.56664648866038,NA,6.31105464662864,9,5.0675,0.04022511,NA,41.7212797467198,0.0875,0.238752688333333,20.3166421039953,63.8547619047619,5596.16981132075,21046.6666666667,10.54,12205.8,"Autumn"
"1343","Suisun Bay",2011-10-01,NA,9.2886913332489,NA,3.20526497976261,NA,3.38547653329956,10,2.86461538461538,0.0756242357142857,NA,50.5742770831511,0.082,0.247510878571429,18.7105097035293,28.2297297297297,6803.2037037037,17654.8387096774,6.89,12077.2903225806,"Autumn"
"1344","Suisun Bay",2011-11-01,NA,23.4932229062646,NA,7.56577339634902,NA,9.0628936712911,11,1.97727272727273,0.108463222,NA,63.0434343265765,0.09,0.275971958,14.4788172074458,15.8648648648649,11756.6153846154,12710,6.89,8269.4,"Autumn"
"1345","Suisun Bay",2011-12-01,NA,17.1958788155967,NA,3.77455510809121,NA,4.42351473898068,12,1.02,0.163922944,NA,64.5003367027048,0.11,0.315377648,10.1712817473008,15.9027027027027,14191.0196078431,14480.6451612903,6.89,5372.70967741936,"Winter"
"1346","Suisun Bay",2012-01-01,NA,7.80479131331302,NA,1.79000216909159,NA,1.96252446497627,1,1.78,0.194713338,NA,65.8243611029453,0.09,0.433658786,9.29852127795524,NA,17677.8076923077,15003.2258064516,6.89,11417.3870967742,"Winter"
"1347","Suisun Bay",2012-02-01,NA,10.444040285838,NA,3.47562335939874,NA,4.04050053646494,2,1.342,0.16672835,NA,43.7901155359479,0.095,0.505451016666667,10.9190575287071,NA,9745.74074074074,13227.5862068966,6.89,10796.8620689655,"Winter"
"1348","Suisun Bay",2012-03-01,NA,31.2811265782119,NA,8.95542464688087,NA,12.4420523578585,3,2.10090909090909,0.148022996,NA,33.1932575560603,0.153333333333333,0.499907904,12.2000525391144,NA,8899.46666666667,19610.6451612903,6.89,20114.4193548387,"Spring"
"1349","Suisun Bay",2012-04-01,NA,18.7192099657712,NA,6.18147956668219,NA,7.43548640092232,4,2.38461538461538,0.0812749171428571,NA,36.7252164588494,0.174,0.417100658571429,14.2889111323179,NA,2214.75641025641,25670,6.89,27781.9333333333,"Spring"
"1350","Suisun Bay",2012-05-01,NA,20.9867965795051,NA,6.59667150349071,NA,8.34776707461207,5,6.15846153846154,0.0368605685714286,NA,29.8450315587555,0.122,0.319430402857143,18.3884176976209,NA,3560.15384615385,14042.2580645161,6.89,12492.8064516129,"Spring"
"1351","Suisun Bay",2012-06-01,NA,15.4451591863121,NA,5.00509314822801,NA,6.0360463140183,6,2.91909090909091,0.0638344133333333,NA,35.6281140336305,0.1225,0.446238081666667,19.7395283647245,26.4681818181818,11224.7236842105,13500.6666666667,6.89,8305.76666666667,"Summer"
"1352","Suisun Bay",2012-07-01,NA,10.4180427190561,NA,3.50816720855053,NA,3.89941777530497,7,2.47333333333333,0.04141843,NA,44.4997096143395,0.13,0.381819211666667,20.8299107142857,22.0818181818182,10657.2894736842,20283.8709677419,6.89,7534.70967741936,"Summer"
"1353","Suisun Bay",2012-08-01,NA,10.3371067397845,NA,3.48086966190912,NA,3.82840334121586,8,2.71166666666667,0.0337360316666667,NA,41.3461391939693,0.105,0.282506231666667,20.6106934246959,25.4863636363636,10807.3333333333,17877.4193548387,6.89,4641.41935483871,"Summer"
"1354","Suisun Bay",2012-09-01,NA,5.79303807773949,NA,1.97366545665836,NA,1.91749091457776,9,2.46916666666667,0.0504635616666667,NA,61.6305108443984,0.115,0.358154046666667,19.2088603974132,14.2567567567568,14777.358490566,15350,6.89,4886.8,"Autumn"
"1355","Suisun Bay",2012-10-01,NA,5.75479279820564,NA,1.97717459496921,NA,1.99171711928226,10,1.44727272727273,0.068708348,NA,58.8902899926611,0.116666666666667,0.364143036,18.6012726930216,22.6324324324324,14897.0769230769,11451.6129032258,5.83,4476.90322580645,"Autumn"
"1356","Suisun Bay",2012-11-01,NA,4.77857047788441,NA,1.64002686121311,NA,1.43993502481135,11,1.59666666666667,0.113566774,NA,72.60310211937,0.116666666666667,0.337654794,16.4296194602044,14.7837837837838,18647.4423076923,11910.3333333333,5.83,6291.7,"Autumn"
"1357","Suisun Bay",2012-12-01,NA,5.75423081001617,NA,1.9705376088204,NA,2.19559525231177,12,1.16555555555556,0.1543971825,NA,41.8817198185311,0.14,0.460049277142857,13.3985064862185,35.3486486486486,4824.35185185185,45996.7741935484,5.83,48250.8709677419,"Winter"
"1358","Suisun Bay",2013-01-01,NA,2.73333750168714,NA,0.953710190935816,NA,1.05265544942227,1,0.988571428571429,0.13916874,NA,35.7401609758355,0.09,0.435747836666667,7.96882331494617,NA,6275.85185185185,23719.3548387097,5.83,22289.4516129032,"Winter"
"1359","Suisun Bay",2013-02-01,NA,2.14134247475023,NA,0.787962741138914,NA,0.841874671631839,2,2.60333333333333,0.142372605714286,NA,49.5342821198,0.104,0.480053564285714,10.46056920428,NA,8215.39285714286,15878.5714285714,5.83,13428.8214285714,"Winter"
"1360","Suisun Bay",2013-03-01,NA,4.56025759603247,NA,1.61961553936233,NA,1.8146681094942,3,14.22,0.0556928416666667,NA,46.8099759858848,0.1,0.40605883,13.6564829052272,NA,9535.15789473684,13435.4838709677,5.83,9626.90322580645,"Spring"
"1361","Suisun Bay",2013-04-01,NA,7.17579704808327,NA,2.52253972379551,NA,2.85517323631499,4,3.40285714285714,0.0884809,NA,39.4441653409658,0.1225,0.446147196666667,16.7311735208069,NA,10374.5,12397.6666666667,5.83,12865.7,"Spring"
"1362","Suisun Bay",2013-05-01,NA,9.49626474450808,NA,3.19649551593781,NA,3.72316282938187,5,1.97166666666667,0.08,NA,33.4812883253523,0.118,0.506,19.0289969018529,NA,11624.6176470588,11377.7419354839,5.83,10067.8709677419,"Spring"
"1363","Suisun Bay",2013-06-01,NA,7.32055652756811,NA,2.49480677073026,NA,2.74382672129213,6,2.006,0.0575,NA,33.0796267455515,0.1375,0.5375,19.675224261324,40.2727272727273,11471.4210526316,13203.3333333333,5.83,7902.03333333333,"Summer"
"1364","Suisun Bay",2013-07-01,NA,13.0635373391052,NA,4.22910962601316,NA,5.05379462078022,7,2.398,0.0396323133333333,NA,43.043381783828,0.1525,0.417204398333333,21.7349493513047,57.1863636363636,12310.3815789474,17487.0967741935,5.83,5443.54838709677,"Summer"
"1365","Suisun Bay",2013-08-01,NA,0,NA,0,NA,0,8,2.159,0.0542779683333333,NA,42.2966034023482,0.08,0.323296623333333,20.1423127949548,34.0318181818182,13454.5,17606.4516129032,5.83,5083.67741935484,"Summer"
"1366","Suisun Bay",2013-09-01,NA,11.6463804223227,NA,3.17049587431101,NA,4.20986100905098,9,1.953,0.0619392983333333,NA,48.2995352670224,0.095,0.391551581666667,21.2570859692765,29.172972972973,14199.0377358491,13480,5.83,5591.76666666667,"Autumn"
"1367","Suisun Bay",2013-10-01,NA,8.73702147934176,NA,2.07160546157388,NA,2.7886085917367,10,1.90545454545455,0.088619302,NA,60.6309090966528,0.126666666666667,0.401384648,18.0430645162829,16.6891891891892,15000.1153846154,7974.83870967742,4.07,4273.51612903226,"Autumn"
"1368","Suisun Bay",2013-11-01,NA,4.53046004334092,NA,1.35336634427204,NA,1.60243999307147,11,2.18818181818182,0.121511744,NA,61.6030035522088,0.143333333333333,0.466036968,14.9692690721544,17.5108108108108,18265.9038461538,8783.33333333333,4.07,5567.96666666667,"Autumn"
"1369","Suisun Bay",2013-12-01,NA,3.9445512500016,NA,0.817614598606141,NA,0.964329518595825,12,1.68888888888889,0.15626912,NA,43.5684797132872,0.14,0.489325612,10.6645961939874,27.5486486486486,19160.0576923077,8204.83870967742,4.07,4951.1935483871,"Winter"
"1370","Suisun Bay",2014-01-01,NA,2.56422409204498,NA,0.815709851112499,NA,0.921113532110643,1,3.56777777777778,0.209671816,NA,62.2556349104359,0.116666666666667,0.50819004,9.6557777798836,NA,19394.9230769231,6329.03225806452,4.07,4780.41935483871,"Winter"
"1371","Suisun Bay",2014-02-01,NA,1.14660196045528,NA,0.421061927705963,NA,0.458640784182114,2,1.73111111111111,0.183278622,NA,53.039623007539,0.106666666666667,0.691607734,11.5049541457393,NA,16063.8461538462,10736.7857142857,4.07,11061.0357142857,"Winter"
"1372","Suisun Bay",2014-03-01,NA,3.02011781241866,NA,1.03845553539715,NA,1.20804712496746,3,3.49727272727273,0.178079742857143,NA,41.3292787519914,0.138,0.791226985714286,14.9476305551078,NA,8418.5641025641,14774.8387096774,4.07,12723.1290322581,"Spring"
"1373","Suisun Bay",2014-04-01,NA,3.39571177356791,NA,1.18236004998358,NA,1.35828470942716,4,2.979,0.0991487333333333,NA,34.8141186325375,0.1425,0.668846033333333,16.3330519836908,NA,10130.5833333333,9636.66666666667,4.07,7912.73333333333,"Spring"
"1374","Suisun Bay",2014-05-01,NA,5.53558771049126,NA,1.86464762135749,NA,2.2142350841965,5,2.58222222222222,0.06837218,NA,44.3299230345917,0.156666666666667,0.59461524,18.9846815888487,NA,14239.5045045045,5749.67741935484,4.07,4174.38709677419,"Spring"
"1375","Suisun Bay",2014-06-01,NA,4.90537235395303,NA,1.61113520154078,NA,1.96214894158121,6,2.72666666666667,0.08634716,NA,43.9538440818119,0.16,0.6395337,20.6601365066577,25.3066666666667,18068.6396396396,8900,4.07,5406.03333333333,"Summer"
"1376","Suisun Bay",2014-07-01,NA,5.95175756563338,NA,1.91656620286844,NA,2.38070302625335,7,2.27777777777778,0.04252826,NA,47.5652759077974,0.17,0.5192966,21.3453637561243,48.5939393939394,16906.5238095238,9144.1935483871,4.07,4084.96774193548,"Summer"
"1377","Suisun Bay",2014-08-01,NA,6.13674959946147,NA,1.93776286958228,NA,2.45469983978459,8,2.21666666666667,0.030802398,NA,48.4178142254312,0.16,0.45340666,20.9343431797214,41.8,18462.0961538462,8543.54838709677,4.07,3418.61290322581,"Summer"
"1378","Suisun Bay",2014-09-01,NA,9.30596948747515,NA,2.89876234583387,NA,3.72238779499006,9,2.33888888888889,0.036802398,NA,52.4726245865003,0.133333333333333,0.391019482,20.6466506279038,34.9297297297297,17514.1923076923,8254.33333333333,4.07,3201.06666666667,"Autumn"
"1379","Suisun Bay",2014-10-01,NA,6.49743848300659,NA,2.10207044529861,NA,2.59897539320263,10,2.87444444444444,0.029776886,NA,73.1639178857409,0.13,0.452198052,20.9060588109159,17.3216216216216,20925.4423076923,6324.51612903226,4,4720.61290322581,"Autumn"
"1380","Suisun Bay",2014-11-01,NA,4.54814993200265,NA,1.5375773767366,NA,1.81925997280106,11,1.69333333333333,0.08459729,NA,72.1436173514042,0.12,0.491616758,17.1803474813462,13.5081081081081,18358.2692307692,7596.66666666667,4,5433.7,"Autumn"
"1381","Suisun Bay",2014-12-01,NA,3.92095094107844,NA,1.16787327893373,NA,1.36282528417009,12,1.026,0.170428774285714,NA,56.5381592149671,0.142,0.598019682857143,14.1563759712927,16.8405405405405,14775.1966666667,33066.1290322581,4,33506.935483871,"Winter"
"1382","Suisun Bay",2015-01-01,NA,2.29176254907073,NA,0.5292005962092,NA,0.618775888249098,1,0.846666666666667,0.161401684,NA,36.4651870992542,0.136666666666667,0.516405142,10.1616083267685,NA,8034.05769230769,10733.2258064516,4,6051.35483870968,"Winter"
"1383","Suisun Bay",2015-02-01,NA,1.19888857931417,NA,0.434729256021242,NA,0.479555431725669,2,1.66636363636364,0.205290491428571,NA,46.533935517573,0.138,0.551581462857143,13.1230386728536,NA,9818.22222222222,17869.2857142857,4,16257.5357142857,"Winter"
"1384","Suisun Bay",2015-03-01,NA,2.64376465442251,NA,0.921010725151603,NA,1.057505861769,3,3.48222222222222,0.102003992,NA,40.5100588409639,0.133333333333333,0.528224056,15.7293560600679,NA,11150.4722222222,7972.90322580645,4,5988.74193548387,"Spring"
"1385","Suisun Bay",2015-04-01,NA,1.76193006036619,NA,0.625540250314995,NA,0.704772024146476,4,2.29333333333333,0.098614298,NA,38.1565721056044,0.14,0.466420154,16.8617865612838,NA,13875.3425925926,6341.33333333333,4,6818.26666666667,"Spring"
"1386","Suisun Bay",2015-05-01,NA,4.63991683589875,NA,1.58295743608935,NA,1.8559667343595,5,2.10666666666667,0.095191586,NA,39.1006852342532,0.15,0.54138864,17.7440130304169,NA,17063.25,7320.32258064516,4,5908.90322580645,"Spring"
"1387","Suisun Bay",2015-06-01,NA,5.40602447784783,NA,1.75756224986488,NA,2.16240979113913,6,3.085,0.0733333333333333,NA,50.4774774774775,0.153333333333333,0.583333333333333,20.1010951926893,38.3388888888889,17007.6421568627,6886,4,4796.46666666667,"Summer"
"1388","Suisun Bay",2015-07-01,NA,10.9569107338933,NA,3.430776100963,NA,4.38276429355733,7,6.026,0.040399196,NA,44.7219691928824,0.166666666666667,0.492964438,21.6310940659784,31.5227272727273,19346.1306306306,7886.12903225806,4,4763.58064516129,"Summer"
"1389","Suisun Bay",2015-08-01,NA,18.7042512062471,NA,5.69163954305518,NA,7.48170048249884,8,2.27727272727273,0.0223506572064437,NA,44.6542487473323,0.143333333333333,0.372212066,21.4384391644455,30.6636363636364,20271.7692307692,7779.67741935484,4,4470.06451612903,"Summer"
"1390","Suisun Bay",2015-09-01,NA,14.3664728658873,NA,4.53338899899268,NA,5.74658914635491,9,1.54545454545455,0.0452266065244774,NA,61.9742373552339,0.13,0.346827476666667,21.6012225762827,17.7081081081081,19763.4117647059,7901,4,4825.73333333333,"Autumn"
"1391","Suisun Bay",2015-10-01,NA,9.23331870095748,NA,2.85953910780235,NA,3.69332748038299,10,1.98181818181818,0.052283701006534,NA,65.2788455987217,0.12,0.505497458333333,20.1797859619176,15.4432432432432,19139.2403846154,7004.83870967742,6.71,4737.58064516129,"Autumn"
"1392","Suisun Bay",2015-11-01,NA,5.77585531345794,NA,1.95571758611974,NA,2.31034212538317,11,1.275,0.05098924,NA,59.611590302098,0.123333333333333,0.53700972,16.6312199404237,21.5675675675676,19597.2788461538,6122,6.71,4769.06666666667,"Autumn"
"1393","Suisun Bay",2015-12-01,NA,9.46980919652586,NA,2.017962245831,NA,2.55684848306198,12,1.74875,0.0966666666666667,NA,52.2601967738385,0.133333333333333,0.493333333333333,11.0549971906347,19.3555555555556,20801.9838709677,10542.2580645161,6.71,9248.61290322581,"Winter"
"1394","Suisun Bay",2016-01-01,NA,4.37786720486381,NA,1.02707767510286,NA,1.18202414531323,1,1.62090909090909,0.204810382,NA,45.5126685204367,0.12,0.560215046,9.64721459089473,NA,12252.4545454545,27404.1935483871,6.71,27636.2258064516,"Winter"
"1395","Suisun Bay",2016-02-01,NA,2.48124046038125,NA,0.873802281505148,NA,0.9924961841525,2,1.21076923076923,0.125709988571429,NA,32.2041519104312,0.094,0.524000534285714,11.776505409377,NA,3098.68421052632,21165.5172413793,6.71,17844.3448275862,"Winter"
"1396","Suisun Bay",2016-03-01,NA,2.85190258205349,NA,1.02018167930539,NA,1.1407610328214,3,2.72636363636364,0.130617292,NA,38.9255677983337,0.1,0.437225574,14.2673092114914,NA,3071.76785714286,53790.3225806452,6.71,63654.3548387097,"Spring"
"1397","Suisun Bay",2016-04-01,NA,1.64933197010764,NA,0.604245638736921,NA,0.659732788043055,4,11.1215384615385,0.0713594275,NA,36.3417186948361,0.108,0.26638054875,17.0180747235966,NA,2772.04545454545,19436.6666666667,6.71,20873.9,"Spring"
"1398","Suisun Bay",2016-05-01,NA,3.29692125968301,NA,1.16913351499914,NA,1.3187685038732,5,22.2016666666667,0.07517008,NA,33.0328039518659,0.145,0.20368933,18.2251111111111,NA,8992.42105263158,13329.0322580645,6.71,12154.1290322581,"Spring"
"1399","Suisun Bay",2016-06-01,NA,4.80451032840033,NA,1.64812395471521,NA,1.92180413136013,6,3.46833333333333,0.0698524216666667,NA,32.4237095902183,0.1275,0.278997805,20.8069144245417,39.8318181818182,10945.5263157895,13840,6.71,7049.03333333333,"Summer"
"1400","Suisun Bay",2016-07-01,NA,5.92781990832,NA,2.00019407324874,NA,2.371127963328,7,2.512,0.042,NA,41.5786166296176,0.11,0.2906,21.1695416443942,48.9560606060606,11539.2719298246,18441.935483871,6.71,8252.03225806452,"Summer"
"1401","Suisun Bay",2016-08-01,NA,6.7602938321531,NA,2.19848178886623,NA,2.70411753286124,8,2.74090909090909,0.046012004,NA,42.3452840165076,0.1125,0.282788384,20.2139876805914,61.6409090909091,11363.0277777778,18851.6129032258,6.71,6195.1935483871,"Summer"
"1402","Suisun Bay",2016-09-01,NA,5.61984290573165,NA,1.86018623745382,NA,2.24793716229266,9,1.945,0.06068367,NA,52.0821816811635,0.173333333333333,0.359357151666667,19.4345966966275,20.2081081081081,14751.511627907,16630,6.71,5189.76666666667,"Autumn"
"1403","Suisun Bay",2016-10-01,NA,10.1052544223835,NA,3.32101391818283,NA,4.04210176895341,10,1.90363636363636,0.10133316,NA,72.403348365583,0.14,0.38268006,18.0484818254652,11.9243243243243,16106.3255813953,11633.8709677419,14.14,7614.93548387097,"Autumn"
"1404","Suisun Bay",2016-12-01,NA,8.65177631608277,NA,1.88374752024864,NA,2.33597960534235,12,1.51416666666667,0.17317574,NA,46.5849930786074,0.216666666666667,0.495175046666667,11.177674454061,25.8617647058824,14045.6833333333,39925.8064516129,14.14,35362.4516129032,"Winter"
"1405","Suisun Bay",2017-01-01,NA,2.88348307956922,NA,0.6842311420123,NA,0.788170006217208,1,1.65857142857143,0.1217458675,NA,24.2674208504885,0.13,0.3587631075,8.94141151539003,NA,224.653846153846,67500,14.14,143948.451612903,"Winter"
"1406","Suisun Bay",2017-02-01,NA,1.76375224964453,NA,0.634002552738305,NA,0.705500899857812,2,4.6525,0.0611597416666667,NA,22.8560830399845,0.1075,0.351669138333333,10.9460877399051,NA,200.153846153846,82107.1428571429,14.14,269002.464285714,"Winter"
"1407","Suisun Bay",2017-03-01,NA,1.28762547684464,NA,0.486917771223376,NA,0.515050190737855,3,3.96846153846154,0.05076475375,NA,36.2883988465489,0.074,0.2932359175,12.9954999968211,NA,284.710526315789,66770.9677419355,14.14,124338.612903226,"Spring"
"1408","Suisun Bay",2017-04-01,NA,0.910341456359917,NA,0.346625804535708,NA,0.364136582543967,4,4.19615384615385,0.04510254875,NA,51.1397586122243,0.056,0.1936172375,14.8211538461538,NA,356.934210526316,67336.6666666667,14.14,106997.466666667,"Spring"
"1409","Suisun Bay",2017-05-01,NA,1.15229938246013,NA,0.436270292982932,NA,0.460919752984054,5,4.64333333333333,0.0508333333333333,NA,51.8543766766761,0.064,0.129416666666667,17.8050649350649,NA,554.25,48345.1612903226,14.14,65149.3225806452,"Spring"
"1410","Suisun Bay",2017-06-01,NA,1.25898696657758,NA,0.480354576549607,NA,0.503594786631032,6,2.93285714285714,0.0490314577777778,NA,49.2026393977344,0.0616666666666667,0.199044038888889,20.721570938844,44.5727272727273,2121.74358974359,26166.6666666667,14.14,28121.3,"Summer"
"1411","Suisun Bay",2017-07-01,NA,1.23111784919089,NA,0.470249364376984,NA,0.492447139676358,7,6.80076923076923,0.0645592211111111,NA,40.4669543510233,0.0833333333333333,0.136832865011377,21.9211427753993,48.6090909090909,5061.88333333333,15000,14.14,9651.22580645161,"Summer"
"1412","Suisun Bay",2017-08-01,NA,2.36568856702326,NA,0.854493005531601,NA,0.946275426809304,8,2.92785714285714,0.0486626622222222,NA,50.9639657674441,0.0766666666666667,0.306000257777778,21.2515576779913,46.4227272727273,7386.28947368421,19980.6451612903,14.14,10235.935483871,"Summer"
"1413","Suisun Bay",2017-09-01,NA,4.84531900547717,NA,1.60992445577716,NA,1.93812760219087,9,2.89642857142857,0.07498888,NA,51.8938337876012,0.095,0.302656035555556,21.9572634465153,25.5135135135135,8229.33333333333,21266.6666666667,14.14,12936.7333333333,"Autumn"
"1414","Suisun Bay",2017-10-01,NA,6.78965575492057,NA,2.26818201716573,NA,2.71586230196823,10,1.98615384615385,0.111026248148148,NA,54.8321998173691,0.08,0.310526172962963,17.8722133475433,27.0540540540541,8683.60377358491,13316.1290322581,7.14,9340.58064516129,"Autumn"
"1415","Suisun Bay",2017-11-01,NA,7.96875910527448,NA,2.68245504624473,NA,3.18750364210979,11,1.61090909090909,0.1572404875,NA,63.7150840774654,0.0975,0.401626165,15.2691019785235,16.472972972973,13443.1730769231,13666.6666666667,7.14,9046.36666666667,"Autumn"
"1416","Suisun Bay",2017-12-01,NA,13.7276537225633,NA,4.31359114841035,NA,5.49106148902533,12,1.41538461538462,0.177720275714286,NA,53.6501357373325,0.09,0.47314654,11.4511111005147,23.9135135135135,13866.9206349206,14425.8064516129,7.14,6841.12903225806,"Winter"
"1417","Suisun Bay",2018-01-01,NA,13.4948368084303,NA,3.57107325959896,NA,5.3979347233721,1,1.49583333333333,0.189436848571429,NA,56.8192749493062,0.085,0.46858426,10.705322396653,NA,12119.7058823529,18180.6451612903,7.14,16992,"Winter"
"1418","Suisun Bay",2018-02-01,NA,12.1456168471357,NA,3.34005505918772,NA,4.8582467388543,2,2.855,0.137665492222222,NA,42.0770341478181,0.084,0.539002806666667,11.6389778746605,NA,8931.18518518518,13532.1428571429,7.14,11570.25,"Winter"
"1419","Suisun Bay",2018-03-01,NA,10.0665800091576,NA,2.88709882189367,NA,4.02663200366305,3,3.55857142857143,0.132782494444444,NA,38.319656518144,0.092,0.512812119259259,12.5269849000621,NA,5719.39655172414,26558.064516129,7.14,28192.6774193548,"Spring"
"1420","Suisun Bay",2018-04-01,NA,12.6086215219953,NA,3.53395670373484,NA,5.04344860879812,4,2.24333333333333,0.070998496,NA,48.7755540540235,0.0566666666666667,0.232500589,15.3842250499551,NA,1021.85714285714,35520,7.14,41906.1,"Spring"
"1421","Suisun Bay",2018-05-01,NA,9.31743941524262,NA,2.88956886443139,NA,3.72697576609705,5,6.45923076923077,0.0533821044444444,NA,39.8076923076923,0.1,0.34413142375,17.6294628613622,NA,5609.7625,10838.064516129,7.14,12687.1935483871,"Spring"
"1422","Suisun Bay",2018-06-01,NA,9.87488331930723,NA,3.05656103649481,NA,3.94995332772289,6,2.59733333333333,0.088194594,NA,36.3474486504288,0.108333333333333,0.429201677,20.2545298073239,44.7772727272727,9704.77272727273,12063.3333333333,7.14,7317.6,"Summer"
"1423","Suisun Bay",2018-07-01,NA,13.8557802776698,NA,4.03790463825275,NA,5.54231211106793,7,2.635,0.0455870771428571,NA,41.492899388543,0.102,0.412703468571429,21.0352528386122,47.6227272727273,10353.8333333333,15335.4838709677,7.14,6651.77419354839,"Summer"
"1424","Suisun Bay",2018-08-01,NA,6.88077429857684,NA,2.26044661288116,NA,2.75230971943074,8,2.93666666666667,0.0952811795833334,NA,53.8555964654975,0.1044,0.319849960416667,20.4557407454502,28.1136363636364,13239.1666666667,18477.4193548387,7.14,5759.8064516129,"Summer"
"1425","Suisun Bay",2018-09-01,NA,8.75224463674684,NA,2.80300459076395,NA,3.50089785469874,9,2.50923076923077,0.060747245,NA,58.0166178836046,0.1052,0.29812691875,19.3435943448004,26.227027027027,13763.5660377358,16876.6666666667,7.14,6078.26666666667,"Autumn"
"1426","Suisun Bay",2018-10-01,NA,8.72153546384963,NA,2.76906947711105,NA,3.48861418553985,10,2.4625,0.131858494285714,NA,64.8366623559699,0.102,0.329000405714286,18.0553623059406,14.9418918918919,16501.2641509434,11167.4193548387,10.34,5005.70967741936,"Autumn"
"1427","Suisun Bay",2018-11-01,NA,8.74783909017259,NA,2.93974178634525,NA,3.49913563606904,11,1.46,0.1642,NA,92.4046373500435,0.095,0.3898,15.3522943682118,11.575,17139.2564102564,9611.66666666667,10.34,7894.5,"Autumn"
"1428","Suisun Bay",2018-12-01,NA,9.60377599524139,NA,3.08542187168959,NA,3.84151039809656,12,1.40363636363636,0.166998151666667,NA,64.4804036171738,0.094,0.458837381666667,11.6898496699967,19.6611111111111,15510.8571428571,15093.5483870968,10.34,10077.4193548387,"Winter"
"1429","Suisun Bay",2019-01-01,NA,4.67723891485621,NA,1.60651508254118,NA,1.87089556594248,1,0.895,0.187333333333333,NA,41.1354105720142,0.0936,0.551666666666667,10.2822797932312,NA,7451.74074074074,31577.4193548387,10.34,32308.7741935484,"Winter"
"1430","Suisun Bay",2019-02-01,NA,2.92624053902684,NA,0.990379433763102,NA,1.17049621561074,2,2.03583333333333,0.0807060628571429,NA,26.8330169109085,0.161,0.414855474285714,9.76435010485585,NA,1110.23076923077,55289.2857142857,10.34,81926.8928571429,"Winter"
"1431","Suisun Bay",2019-03-01,NA,1.57592272275364,NA,0.578573933904308,NA,0.630369089101456,3,4.05571428571429,0.058407201,NA,32.1840934327016,0.075,0.287503389,12.4926634796025,NA,212.794871794872,69916.1290322581,10.34,120729.935483871,"Spring"
"1432","Suisun Bay",2019-04-01,NA,1.04903764659228,NA,0.390707723735136,NA,0.419615058636912,4,2.90428571428571,0.0516923052629294,NA,47.2045566487693,0.0683333333333333,0.174499442,16.2920361402868,NA,305.51282051282,63670,10.34,85681.5666666667,"Spring"
"1433","Suisun Bay",2019-05-01,NA,2.78910648062085,NA,1.01741746264483,NA,1.11564259224834,5,3.56076923076923,0.0460895210552317,NA,49.0675675675676,0.0833333333333333,0.16749705,17.2694301680111,NA,644.705882352941,36503.2258064516,10.34,50116.7419354839,"Spring"
"1434","Suisun Bay",2019-06-01,NA,9.48072900651539,NA,3.20967733662437,NA,3.79229160260615,6,3.06153846153846,0.0324021663798552,NA,52.0505610835759,0.0541666666666667,0.177337603333333,20.6801439438617,24.25,1506.5016142761,29880,10.34,32967.0333333333,"Summer"
"1435","Suisun Bay",2019-07-01,NA,7.79612218111659,NA,2.69730415319201,NA,3.11844887244664,7,2.98357142857143,0.0499581451628863,NA,46.0386480635673,0.0875,0.2411259875,21.5763813221143,23.8909090909091,6341.49265307978,18022.5806451613,10.34,7633.67741935484,"Summer"
"1436","Suisun Bay",2019-08-01,NA,12.2062389316061,NA,4.09016695532674,NA,4.88249557264244,8,4.42721858860674,0.0625533963890268,NA,52.7185208278082,0.0806,0.193894714444444,22.2942768722562,23.0409090909091,7694.16611847555,20651.6129032258,10.34,11687.064516129,"Summer"
"1437","Suisun Bay",2019-09-01,NA,14.8521806225975,NA,4.55675498529213,NA,5.940872249039,9,2.235,0.0402219813148011,NA,46.9920460583537,0.102833333333333,0.239890933333333,21.1373392192869,24.880303030303,6902.58140516742,20870,10.34,12471.7333333333,"Autumn"
"1438","Suisun Bay",2019-10-01,NA,12.7076009257743,NA,4.00180624784067,NA,5.08304037030972,10,2.01642857142857,0.0848799149116255,NA,54.550045120934,0.0895,0.476771685836398,17.4403663676025,18.3416666666667,7587.52352137759,14280.6451612903,6.12,13226.6451612903,"Autumn"
"1439","Suisun Bay",2019-11-01,NA,17.5747852546379,NA,4.92148156394571,NA,7.02991410185518,11,1.9309023709863,0.126250700845689,NA,59.5065307875329,0.0774,0.502848931128318,14.5544401053849,16.8540540540541,13975.9748312,10621,6.12,6787.63333333333,"Autumn"
"1440","Suisun Bay",2019-12-01,NA,15.158299106115,NA,4.71440039426382,NA,6.06331964244602,12,1.25615384615385,0.273333333333333,NA,55.4729483136468,0.0225478696557111,0.185057686375997,11.2841655172237,25.1783783783784,12000.4255057134,19409.6774193548,6.12,14507.5806451613,"Winter"
"1441","Suisun Bay",2020-01-01,0,21.3252893121908,0,1.90635369482488,0,5.75782811429151,1,1.62256197229028,0.18112179875,NA,56.4248552763393,0.0784,0.49163391,10.0811110782623,NA,9970.43580250681,16458.064516129,6.12,12917.6451612903,"Winter"
"1442","Suisun Bay",2020-02-01,0.0220209762330713,9.53473485425176,0.000950801646051355,1.31706638617338,0.000967506255980365,2.57437841064798,2,2.78285714285714,0.164888268888889,NA,45.5281023822921,0.144,0.473777696666667,11.5876408307296,NA,10678.5238528271,13586.2068965517,6.12,11768.0689655172,"Winter"
"1443","Suisun Bay",2020-03-01,0,16.7150304419364,0,2.0720166487941,0,4.51305821932283,3,2.665,0.225,NA,52.6167275644239,0.1185,0.30825,13.6040062540173,NA,10730.276960817,12067.7419354839,6.12,10325.4838709677,"Spring"
"1444","Suisun Bay",2020-06-01,-0.00089591953230781,12.077097226204,-9.52349572288855e-05,2.65192007885679,-9.58807916007585e-05,4.83083889048162,6,2.18571428571429,0.0363357127011598,NA,46.5418075791436,0.1092,0.403214285714286,20.9730896202335,19.0272727272727,10220.3965909431,12290,6.12,7108.26666666667,"Summer"
"1445","Suisun Bay",2020-07-01,0,10.1054353281813,0,2.38086552845636,0,4.04217413127251,7,3.07666666666667,0.0279512682863667,NA,52.4865073586738,0.1008,0.297,21.0453148896383,15.0757575757576,12493.8173085525,13800,6.12,4526.61290322581,"Summer"
"1446","Suisun Bay",2020-08-01,0.026688146310248,11.1558483122995,0.00348311637689106,2.61372498664447,0.0035682474784107,4.4623393249198,8,1.36325879294518,0.0234145896171685,NA,73.0309733627117,0.09,0.222,21.7213273728632,10.4818181818182,15392.5566371816,13603.2258064516,6.12,3395.61290322581,"Summer"
"1447","Suisun Bay",2020-09-01,0,15.2705706845098,0,3.3121177519412,0,6.10822827380394,9,1.41833333333333,0.0941666666666667,NA,59.6420387268244,0.1178,0.247083333333333,20.3412053630182,20.3833333333333,15545.7162202381,11640,6.12,4271.6,"Autumn"
"1448","Suisun Bay",2020-10-01,0.00139813320454871,15.4720730179742,0.000132533950989606,3.59029197716169,0.000133801347675311,6.18882920718968,10,1.46140705584704,0.0569194845727179,NA,76.9804417896277,0.10475,0.284416666666667,19.4802800725727,10.5783783783784,19219.4129799236,8589.35483870968,3.8,4325.12903225806,"Autumn"
"1449","Suisun Bay",2020-11-01,0,11.5488286429304,0,2.33170995484928,0,4.37768066271214,11,1.596,0.1314,NA,68.3925603816891,0.11875,0.3112,14.9368697841661,12.0513513513514,18726.7134658068,8454.33333333333,3.8,5069.13333333333,"Autumn"
"1450","Suisun Bay",2021-03-01,-0.00116198515624089,2.89584071078374,-5.0708711347549e-05,0.612048957142699,-5.10525916798825e-05,0.781876991911612,3,3.8875,0.13525,NA,46.8155737949199,0.1,0.53775,12.4328954366141,NA,11250.3537549146,9457.09677419355,3.8,8915.38709677419,"Spring"
"1451","Suisun Bay",2021-04-01,0,2.41214083994897,0,0.757222783130084,0,0.964856335979588,4,4.84,0.104,NA,39.7612023641564,0.1042,0.449238095238095,15.6135345928923,NA,10180.0008800207,7862,3.8,6559,"Spring"
"1452","Suisun Bay",2021-05-01,0,3.6032647551447,0,1.07054540577119,0,1.44130590205788,5,2.24,0.10325,NA,52.6538461538462,0.1105,0.4305,18.1415783797073,NA,16246.608574579,7124.51612903226,3.8,4748.54838709677,"Spring"
"1453","Suisun Bay",2021-06-01,0,7.49093437368817,0,1.99750925759077,0,2.99637374947528,6,3.7025,0.109,NA,43.8751625459096,0.11575,0.4406,19.7636998991673,22.93,17185.5328612599,6598.33333333333,3.8,3077.3,"Summer"
"1454","Suisun Bay",2021-07-01,0,11.5519707147424,0,2.81260273773026,0,4.62078828589697,7,5.27,0.047448006849736,NA,55.2156039706054,0.11425,0.223,20.5522837698861,22.1454545454545,18307.1475069897,7454.83870967742,3.8,3452.35483870968,"Summer"
"1455","Suisun Bay",2021-08-01,0,14.6576106947776,0,3.68251539991582,0,5.86304427791103,8,4.7275,0.0284037198887672,NA,54.5837606245118,0.11575,0.173833333333333,20.3369084045255,20.0636363636364,17008.0985346967,7569.03225806452,3.8,3675.58064516129,"Summer"
"1456","Suisun Bay",2021-09-01,0,22.3151576979838,0,5.17792311457006,0,8.92606307919352,9,2.96416666666667,0.0305445656986097,NA,82.5207097257282,0.1095,0.188563695714286,20.2898775259524,15.2540540540541,17589.4412510566,7608,3.8,3086.83333333333,"Autumn"
"1457","Suisun Bay",2021-11-01,0,6.7318578017215,0,1.86733995864048,0,2.6927431206886,11,2.13166666666667,0.154715062857143,NA,45.9363936935812,0.11975,0.40043369,15.8120691027646,28.2324324324324,12339.840722189,8606,4.55,3396.3,"Autumn"
"1458","Suisun Bay",2021-12-01,0,14.4520371458637,0,1.89007899829025,0,3.90205002938319,12,1.43545454545455,0.1768259,NA,46.9149471535381,0.112,0.48951013,13.0821830842485,21.6756756756757,17262.8289870954,17871.935483871,4.55,19869.3870967742,"Winter"
"1459","Suisun Bay",2022-01-01,0,1.40989432390577,0,0.324343286693748,0,0.380671467454558,1,1.00879746817146,0.09525,NA,43.5833333333333,0.1125,0.63725,10.3564,NA,5690.52777777778,17035.4838709677,4.55,12146.5161290323,"Winter"
"1460","Suisun Bay",2022-02-01,0,2.14863090654759,0,0.475163769707914,0,0.58013034476785,2,1.68357142857143,0.0998571428571429,NA,43.1666666666667,0.0842,0.500142857142857,11.5488,NA,9562.27777777778,12192.8571428571,4.55,11369.4285714286,"Winter"
"1461","Suisun Bay",2022-03-01,0,2.35457604655088,0,0.509812876776777,0,0.635735532568736,3,7.54230769230769,0.0513691907327933,NA,45.1724137931034,0.0796,0.343166666666667,14.3344444444444,NA,8487.89655172414,10496.4516129032,4.55,9343.25806451613,"Spring"
"1462","Suisun Bay",2022-04-01,0,3.97293642088794,0,1.1507125432189,0,1.58917456835518,4,4.34,0.120603695999033,NA,37.8965517241379,0.128,0.306,16.0661111111111,NA,10756.5517241379,8231.33333333333,4.55,7399.26666666667,"Spring"
"1463","Suisun Bay",2022-05-01,0,3.85081077494241,0,1.14057101824077,0,1.54032430997696,5,2.95,0.08625,NA,36.6547619047619,0.118,0.35375,17.3547619047619,NA,13111.7916666667,7167.09677419355,4.55,4530.03225806452,"Spring"
"1464","Suisun Bay",2022-06-01,0,4.91242625311317,0,1.59253104126925,0,1.96497050124527,6,4.63,0.0380308776126864,NA,55.0476190476191,0.1035,0.241666666666667,20.8566666666667,13.5181818181818,16203.5416666667,8866.66666666667,4.55,5029.13333333333,"Summer"
"1465","Suisun Bay",2022-07-01,0,10.0733522843422,0,2.7887639346055,0,4.02934091373689,7,6.40166666666667,0.06725,NA,48.4333333333333,0.14025,0.14225,21.1933333333333,24.3363636363636,15724.4,12106.4516129032,4.55,5300.45161290323,"Summer"
"1466","Suisun Bay",2022-08-01,0,12.6144945649436,0,3.33332095608862,0,5.04579782597744,8,2.4725,0.0718,NA,48.4666666666667,0.131,0.236,21.7813333333333,22.4954545454545,16839.0333333333,9916.77419354839,4.55,3188.22580645161,"Summer"
"1467","Suisun Bay",2022-09-01,0,13.2109904440096,0,3.58029669737751,0,5.28439617760383,9,1.7225,0.032577852521441,NA,72.1951219512195,0.12125,0.24775,22.8992682926829,17.8851351351351,17810.1463414634,8752.66666666667,4.55,3442.13333333333,"Autumn"
"1468","Suisun Bay",2022-10-01,0,13.0955331318318,0,3.74021129850394,0,5.23821325273272,10,2.56,0.0414018238621065,NA,60.325,0.10975,0.27125,19.4175,19.8,19542.825,6846.12903225806,9.33,4339.03225806452,"Autumn"
"1469","Suisun Bay",2022-11-01,0,8.45043308824627,0,1.78080994166479,0,2.28161693382649,11,1.5875,0.12125,NA,49.4390243902439,0.117,0.27975,14.4617073170732,23.0864864864865,18224.9756097561,6846,9.33,4788.16666666667,"Autumn"
"1470","Suisun Bay",2022-12-01,0,3.01069656573858,0,0.637068001340855,0,0.812888072749416,12,1.6,0.1335,NA,64.4878048780488,0.1015,0.32475,10.5880487804878,13.8333333333333,17309.4146341463,11701.6129032258,9.33,13240.3548387097,"Winter"
"1471","Suisun Bay",2023-01-01,0,1.11260125917425,0,0.260481011768872,0,0.300402339977048,NA,NA,NA,NA,NA,NA,NA,NA,NA,NA,NA,NA,NA,"Autumn"
"1472","Suisun Bay",2023-02-01,0,0.999926508908588,0,0.241176947010851,0,0.269980157405319,NA,NA,NA,NA,NA,NA,NA,NA,NA,NA,NA,NA,NA,"Autumn"
"1473","Suisun Bay",2023-03-01,0,0.182237409831099,0,0.0459179246511554,0,0.0492041006543966,NA,NA,NA,NA,NA,NA,NA,NA,NA,NA,NA,NA,NA,"Autumn"
"1474","Suisun Bay",2023-04-01,0,0.779554674653706,0,0.277204586164736,0,0.311821869861482,NA,NA,NA,NA,NA,NA,NA,NA,NA,NA,NA,NA,NA,"Autumn"
"1475","Suisun Bay",2023-05-01,0,1.52160847074802,0,0.553455687854925,0,0.608643388299207,NA,NA,NA,NA,NA,NA,NA,NA,NA,NA,NA,NA,NA,"Autumn"
"1476","Suisun Bay",2023-06-01,0,2.1523743711353,0,0.767746438903979,0,0.860949748454123,NA,NA,NA,NA,NA,NA,NA,NA,NA,NA,NA,NA,NA,"Autumn"
"1477","Suisun Bay",2023-07-01,0,6.41468905377738,0,2.08744471447044,0,2.56587562151095,NA,NA,NA,NA,NA,NA,NA,NA,NA,NA,NA,NA,NA,"Autumn"
"1478","Suisun Bay",2023-08-01,0,21.6093591773289,0,2.92865146454627,0,8.64374367093157,NA,NA,NA,NA,NA,NA,NA,NA,NA,NA,NA,NA,NA,"Autumn"
"1479","Suisun Bay",2023-09-01,0,20.4920863934869,0,3.88431189872742,0,8.19683455739476,NA,NA,NA,NA,NA,NA,NA,NA,NA,NA,NA,NA,NA,"Autumn"
"1480","Suisun Bay",2023-10-01,0,16.2137573026963,0,3.90883431913967,0,6.4855029210785,NA,NA,NA,NA,NA,NA,NA,NA,NA,NA,NA,NA,NA,"Autumn"
"1481","Suisun Bay",2023-11-01,0,16.5692808719817,0,4.07934211799498,0,6.62771234879268,NA,NA,NA,NA,NA,NA,NA,NA,NA,NA,NA,NA,NA,"Autumn"
"1482","Suisun Bay",2023-12-01,0,10.9830508371058,0,1.60683040757479,0,2.96542372601855,NA,NA,NA,NA,NA,NA,NA,NA,NA,NA,NA,NA,NA,"Autumn"
"1483","Central",1967-09-01,NA,NA,NA,NA,NA,NA,NA,NA,NA,NA,40.875,NA,NA,23.5625,NA,433,NA,NA,NA,"Autumn"
"1484","Central",1967-10-01,NA,NA,NA,NA,NA,NA,NA,NA,NA,NA,44.875,NA,NA,18.6125,NA,433,NA,NA,NA,"Autumn"
"1485","Central",1967-11-01,NA,NA,NA,NA,NA,NA,NA,NA,NA,NA,51.375,NA,NA,15.6125,NA,378,NA,NA,NA,"Autumn"
"1486","Central",1967-12-01,NA,NA,NA,NA,NA,NA,NA,NA,NA,NA,54.625,NA,NA,5.3,NA,386.25,NA,NA,NA,"Autumn"
"1487","Central",1968-01-01,NA,NA,NA,NA,NA,NA,NA,NA,NA,NA,51.5,NA,NA,8.0125,NA,552.25,NA,NA,NA,"Autumn"
"1488","Central",1968-02-01,NA,NA,NA,NA,NA,NA,NA,NA,NA,NA,31,NA,NA,11.8375,NA,567.5,NA,NA,NA,"Autumn"
"1489","Central",1968-03-01,NA,NA,NA,NA,NA,NA,NA,NA,NA,NA,34.375,NA,NA,12.9875,NA,390,NA,NA,NA,"Autumn"
"1490","Central",1968-08-01,NA,NA,NA,NA,NA,NA,NA,NA,NA,NA,33.125,NA,NA,21.95,NA,431.375,NA,NA,NA,"Autumn"
"1491","Central",1968-09-01,NA,NA,NA,NA,NA,NA,NA,NA,NA,NA,36.25,NA,NA,21.9625,NA,396.5,NA,NA,NA,"Autumn"
"1492","Central",1968-10-01,NA,NA,NA,NA,NA,NA,NA,NA,NA,NA,39.125,NA,NA,17.8625,NA,546.25,NA,NA,NA,"Autumn"
"1493","Central",1968-11-01,NA,NA,NA,NA,NA,NA,NA,NA,NA,NA,47.25,NA,NA,15.15,NA,534.75,NA,NA,NA,"Autumn"
"1494","Central",1968-12-01,NA,NA,NA,NA,NA,NA,NA,NA,NA,NA,60,NA,NA,9.5,NA,235,NA,NA,NA,"Autumn"
"1495","Central",1969-01-01,NA,NA,NA,NA,NA,NA,NA,NA,NA,NA,37.625,NA,NA,6.9375,NA,445,NA,NA,NA,"Autumn"
"1496","Central",1969-02-01,NA,NA,NA,NA,NA,NA,NA,NA,NA,NA,20.125,NA,NA,8.0125,NA,286.25,NA,NA,NA,"Autumn"
"1497","Central",1969-03-01,NA,NA,NA,NA,NA,NA,NA,NA,NA,NA,27.6666666666667,NA,NA,10.7166666666667,NA,270,NA,NA,NA,"Autumn"
"1498","Central",1969-07-01,NA,NA,NA,NA,NA,NA,NA,NA,NA,NA,NA,NA,NA,NA,NA,153.083333333333,NA,NA,NA,"Autumn"
"1499","Central",1969-08-01,NA,NA,NA,NA,NA,NA,NA,NA,NA,NA,45.0277777777778,NA,NA,25.1833333333333,NA,302.222222222222,NA,NA,NA,"Autumn"
"1500","Central",1969-09-01,NA,NA,NA,NA,NA,NA,NA,NA,NA,NA,45.5,NA,NA,22.075,NA,372.5,NA,NA,NA,"Autumn"
"1501","Central",1969-10-01,NA,NA,NA,NA,NA,NA,10,NA,NA,NA,61.25,NA,NA,16.0375,16.25,307.5,16693.5483870968,10.4,19483.7741935484,"Autumn"
"1502","Central",1969-12-01,NA,NA,NA,NA,NA,NA,12,NA,NA,NA,62.7142857142857,NA,NA,10,16,384.285714285714,35251.6129032258,10.4,46189.9032258065,"Winter"
"1503","Central",1970-01-01,NA,NA,NA,NA,NA,NA,1,NA,NA,NA,33.5,NA,NA,10.8666666666667,35.3333333333333,405,70261.2903225807,10.4,193121.419354839,"Winter"
"1504","Central",1970-03-01,NA,NA,NA,NA,NA,NA,3,NA,NA,NA,42.6,NA,NA,12.98,25.6,360,44206.4516129032,10.4,55985.7741935484,"Spring"
"1505","Central",1970-06-01,NA,NA,NA,NA,NA,NA,6,NA,NA,NA,37.3333333333333,NA,NA,23.488,NA,443.166666666667,11786.6666666667,10.4,6214.46666666667,"Summer"
"1506","Central",1970-07-01,NA,NA,NA,NA,NA,NA,7,NA,NA,NA,31.75,NA,NA,24.3858333333333,NA,365.916666666667,13174.1935483871,10.4,5256.48387096774,"Summer"
"1507","Central",1970-08-01,NA,NA,NA,NA,NA,NA,8,NA,NA,NA,41.9166666666667,NA,NA,23.0983333333333,21,348.916666666667,14977.4193548387,10.4,7947.41935483871,"Summer"
"1508","Central",1970-09-01,NA,NA,NA,NA,NA,NA,9,NA,NA,NA,51.4,NA,NA,20.3,20.4,254,18513.3333333333,10.4,14586.5666666667,"Autumn"
"1509","Central",1970-10-01,NA,NA,NA,NA,NA,NA,10,NA,NA,NA,67.4,NA,NA,16.74,14.8,320,15261.2903225806,10.37,13423.4193548387,"Autumn"
"1510","Central",1970-11-01,NA,NA,NA,NA,NA,NA,11,NA,NA,NA,83.4,NA,NA,14.2,12.4,389.6,22520,10.37,26116.5666666667,"Autumn"
"1511","Central",1970-12-01,NA,NA,NA,NA,NA,NA,12,NA,NA,NA,39.8,NA,NA,9.64,27,460,63970.9677419355,10.37,85368.935483871,"Winter"
"1512","Central",1971-01-01,NA,NA,NA,NA,NA,NA,1,NA,NA,NA,39.5,NA,NA,8.76,25,495,52322.5806451613,10.37,64189.7741935484,"Winter"
"1513","Central",1971-02-01,NA,NA,NA,NA,NA,NA,2,NA,NA,NA,33.2,NA,NA,10.04,22.4,494.2,31196.4285714286,10.37,34195.6071428571,"Winter"
"1514","Central",1971-03-01,NA,NA,NA,NA,NA,NA,3,NA,NA,NA,36.5,NA,NA,10.65,28,363,30480.6451612903,10.37,32048.9677419355,"Spring"
"1515","Central",1971-06-01,NA,NA,NA,NA,NA,NA,6,NA,NA,NA,24.8333333333333,NA,NA,NA,NA,293.166666666667,27550,10.37,21217.8666666667,"Summer"
"1516","Central",1971-07-01,NA,NA,NA,NA,NA,NA,7,NA,NA,NA,NA,NA,NA,NA,NA,224.166666666667,20980.6451612903,10.37,11654.064516129,"Summer"
"1517","Central",1971-08-01,NA,NA,NA,NA,NA,NA,8,NA,NA,NA,40.25,NA,NA,NA,NA,221.583333333333,22464.5161290323,10.37,12987.8709677419,"Summer"
"1518","Central",1971-09-01,NA,NA,NA,NA,NA,NA,9,NA,NA,NA,46,NA,NA,23.5,NA,202.4,24393.3333333333,10.37,19659.6,"Autumn"
"1519","Central",1971-10-01,NA,NA,NA,NA,NA,NA,10,NA,NA,NA,46.4,NA,NA,18.8,31.2,305.2,16070.9677419355,7.29,13957.4193548387,"Autumn"
"1520","Central",1971-11-01,NA,NA,NA,NA,NA,NA,11,NA,NA,NA,50,NA,NA,12.1333333333333,24.6666666666667,467.666666666667,15853.3333333333,7.29,13742.6,"Autumn"
"1521","Central",1971-12-01,NA,NA,NA,NA,NA,NA,12,NA,NA,NA,44.5,NA,NA,7.35,28,189.5,21758.064516129,7.29,23967.1935483871,"Winter"
"1522","Central",1972-01-01,NA,NA,NA,NA,NA,NA,1,NA,NA,NA,53.3333333333333,NA,NA,5.76666666666667,NA,371,20000,7.29,21338.7741935484,"Winter"
"1523","Central",1972-02-01,NA,NA,NA,NA,NA,NA,2,NA,NA,NA,47.5,NA,NA,6.725,NA,484.75,22117.2413793103,7.29,21968.0689655172,"Winter"
"1524","Central",1972-03-01,NA,NA,NA,NA,NA,NA,3,NA,NA,NA,42,NA,NA,14.725,NA,275.75,23896.7741935484,7.29,18127.2903225806,"Spring"
"1525","Central",1972-06-01,NA,NA,NA,NA,NA,NA,6,NA,NA,NA,49,NA,NA,NA,NA,386.666666666667,13836.6666666667,7.29,2891.2,"Summer"
"1526","Central",1972-07-01,NA,NA,NA,NA,NA,NA,7,NA,NA,NA,51.4444444444444,NA,NA,NA,NA,722.444444444445,15000,7.29,6210.61290322581,"Summer"
"1527","Central",1972-08-01,NA,NA,NA,NA,NA,NA,8,NA,NA,NA,41.6,NA,NA,22.5333333333333,NA,374.5,15658.064516129,7.29,6487,"Summer"
"1528","Central",1972-09-01,NA,NA,NA,NA,NA,NA,9,NA,NA,NA,55.6,NA,NA,21.08,NA,375.6,16816.6666666667,7.29,10476.0666666667,"Autumn"
"1529","Central",1972-10-01,NA,NA,NA,NA,NA,NA,10,NA,NA,NA,55.2,NA,NA,18.0666666666667,NA,415.166666666667,16077.4193548387,8.58,11935.2258064516,"Autumn"
"1530","Central",1972-11-01,NA,NA,NA,NA,NA,NA,11,NA,NA,NA,48,NA,NA,12.325,NA,348.5,23203.3333333333,8.58,25943.5,"Autumn"
"1531","Central",1972-12-01,NA,NA,NA,NA,NA,NA,12,NA,NA,NA,56.5,NA,NA,4.25,NA,302.5,27422.5806451613,8.58,27133.1612903226,"Winter"
"1532","Central",1973-01-01,NA,NA,NA,NA,NA,NA,1,NA,NA,NA,34.5,NA,NA,9.2,NA,367,60132.2580645161,8.58,101685.580645161,"Winter"
"1533","Central",1973-03-01,NA,NA,NA,NA,NA,NA,3,NA,NA,NA,41.6666666666667,NA,NA,12.3,NA,415.666666666667,51641.935483871,8.58,76907,"Spring"
"1534","Central",1973-06-01,NA,NA,NA,NA,NA,NA,6,NA,NA,NA,33.3333333333333,NA,NA,23.59,NA,288.833333333333,14936.6666666667,8.58,7211.6,"Summer"
"1535","Central",1973-07-01,NA,NA,NA,NA,NA,NA,7,NA,NA,NA,32.3333333333333,NA,NA,23.8575,NA,481.583333333333,15167.7419354839,8.58,4598.96774193548,"Summer"
"1536","Central",1973-09-01,NA,NA,NA,NA,NA,NA,9,NA,NA,NA,45,NA,NA,21.74,NA,335.4,17486.6666666667,8.58,11153.4666666667,"Autumn"
"1537","Central",1974-06-01,NA,NA,NA,NA,NA,NA,6,NA,NA,NA,29.1666666666667,NA,NA,22.3566666666667,NA,231.5,24413.3333333333,12.99,16943.3333333333,"Summer"
"1538","Central",1974-07-01,NA,NA,NA,NA,NA,NA,7,NA,NA,NA,34.75,NA,NA,23.9366666666667,NA,227.916666666667,21751.6129032258,12.99,9365.67741935484,"Summer"
"1539","Central",1975-01-01,NA,NA,NA,NA,NA,NA,1,2.04,NA,0.11,40,0.166666666666667,NA,7.66666666666667,14.6666666666667,345,19432.2580645161,9.35,17489.2258064516,"Winter"
"1540","Central",1975-02-01,NA,NA,NA,NA,NA,NA,2,6.742,NA,0.126,45.8,0.174,NA,8.4,21.7,348.6,47517.8571428571,9.35,57330.3571428571,"Winter"
"1541","Central",1975-03-01,NA,NA,NA,NA,NA,NA,3,5.558,NA,0.09,30.6,0.178,0.642,11.4,19.82,319.4,50941.935483871,9.35,66834.1290322581,"Spring"
"1542","Central",1975-04-01,NA,NA,NA,NA,NA,NA,4,9.37,NA,0.045,31.8,0.156,0.566,13,28.39,288.4,33173.3333333333,9.35,34519.2666666667,"Spring"
"1543","Central",1975-05-01,NA,NA,NA,NA,NA,NA,5,20.208,NA,0.055,36.9,0.142,0.12625,17.8,30.52,245.7,30264.5161290323,9.35,28795.8064516129,"Spring"
"1544","Central",1975-06-01,NA,NA,NA,NA,NA,NA,6,14.6075,NA,0.045,32.9,0.135,0.273,21.8,33.03,216.545454545455,23710,9.35,22508.1666666667,"Summer"
"1545","Central",1975-07-01,NA,NA,NA,NA,NA,NA,7,12.303,NA,0.0825,37.1818181818182,0.128,0.414,22.6,81.35,241.409090909091,18283.8709677419,9.35,11129.0967741935,"Summer"
"1546","Central",1975-08-01,NA,NA,NA,NA,NA,NA,8,18.882,NA,0.085,37.2727272727273,0.136,0.159,24.2963636363636,23.12,248.863636363636,19496.7741935484,9.35,9523.35483870968,"Summer"
"1547","Central",1975-09-01,NA,NA,NA,NA,NA,NA,9,12.503,NA,0.245,49.4545454545455,0.179,0.362,22.3090909090909,20.36,249.272727272727,20380,9.35,13419.2666666667,"Autumn"
"1548","Central",1975-10-01,NA,NA,NA,NA,NA,NA,10,10.905,NA,0.075,46.9,0.139,0.317,17,36.943,235.6,19174.1935483871,5.29,16900.935483871,"Autumn"
"1549","Central",1975-11-01,NA,NA,NA,NA,NA,NA,11,7.1825,NA,0.054,54,0.138,0.41,12,23.48,215.2,22250,5.29,17921.1333333333,"Autumn"
"1550","Central",1975-12-01,NA,NA,NA,NA,NA,NA,12,2.026,NA,0.072,67,0.128,0.456,9,21.88,210.4,25545.1612903226,5.29,19953.8709677419,"Winter"
"1551","Central",1976-01-01,NA,NA,NA,NA,NA,NA,1,6.508,NA,0.072,62.6,0.15,0.738,9,27.46,272.6,15132.2580645161,5.29,9309.8064516129,"Winter"
"1552","Central",1976-02-01,NA,NA,NA,NA,NA,NA,2,4.68,NA,0.15,58.4,0.17,0.796,11.4,27.5225,479.8,12772.4137931034,5.29,7471.31034482759,"Winter"
"1553","Central",1976-03-01,NA,NA,NA,NA,NA,NA,3,17.4833333333333,NA,0.135,48.6666666666667,0.133333333333333,0.710833333333333,14,22.6766666666667,391.916666666667,14574.1935483871,5.29,7788.1935483871,"Spring"
"1554","Central",1976-04-01,NA,NA,NA,NA,NA,NA,4,30.242,NA,0.235,48.75,0.1725,0.49,14.8333333333333,17.6083333333333,432.583333333333,12724.3333333333,5.29,8728.93333333333,"Spring"
"1555","Central",1976-05-01,NA,NA,NA,NA,NA,NA,5,36.7283333333333,NA,0.04,39.125,0.17125,0.36,19.9166666666667,15.32,401.583333333333,10909.6774193548,5.29,3937.48387096774,"Spring"
"1556","Central",1976-07-01,NA,NA,NA,NA,NA,NA,7,8.69583333333333,NA,0.0325,45.375,0.185,0.33,24.3,21.1333333333333,516.111111111111,12077.4193548387,5.29,4185.70967741936,"Summer"
"1557","Central",1976-08-01,NA,NA,NA,NA,NA,NA,8,6.6,NA,NA,42,0.173333333333333,0.283333333333333,23.1666666666667,16.95,498.583333333333,13348.3870967742,5.29,4393.54838709677,"Summer"
"1558","Central",1976-09-01,NA,NA,NA,NA,NA,NA,9,6.4325,NA,NA,51.25,0.2125,0.39,22.25,14.8108333333333,578.333333333333,12510,5.29,3582.96666666667,"Autumn"
"1559","Central",1976-10-01,NA,NA,NA,NA,NA,NA,10,8.17,NA,0.02,63.5,0.211666666666667,0.596666666666667,20.2416666666667,16.8416666666667,543.416666666667,8102.90322580645,3.11,3611.48387096774,"Autumn"
"1560","Central",1976-11-01,NA,NA,NA,NA,NA,NA,11,6.45833333333333,NA,0.0366666666666667,62.4285714285714,0.17,0.636666666666667,16.2857142857143,23.3833333333333,641.142857142857,7823.33333333333,3.11,3643.43333333333,"Autumn"
"1561","Central",1976-12-01,NA,NA,NA,NA,NA,NA,12,1.96666666666667,NA,0.101666666666667,56.3333333333333,0.175,0.855,9.33333333333333,16.58,537.666666666667,7742.90322580645,3.11,4213.06451612903,"Winter"
"1562","Central",1977-01-01,NA,NA,NA,NA,NA,NA,1,2.21333333333333,NA,0.186666666666667,57.9,0.17,1.49,7.51,15.95,849.1,9801.61290322581,3.11,4362.61290322581,"Winter"
"1563","Central",1977-02-01,NA,NA,NA,NA,NA,NA,2,3.75833333333333,NA,0.121666666666667,53.3333333333333,0.161666666666667,1.25833333333333,12.1666666666667,16.02,1222.16666666667,8002.85714285714,3.11,4878.25,"Winter"
"1564","Central",1977-03-01,NA,NA,NA,NA,NA,NA,3,5.28,NA,0.0641666666666667,48.75,0.181666666666667,0.985,12.5,15.0416666666667,1067.25,6572.90322580645,3.11,3007.25806451613,"Spring"
"1565","Central",1977-04-01,NA,NA,NA,NA,NA,NA,4,12.4925,NA,0.031,40.1666666666667,0.169166666666667,0.71,17.5833333333333,17.1083333333333,1206.75,5961,3.11,2977.03333333333,"Spring"
"1566","Central",1977-05-01,NA,NA,NA,NA,NA,NA,5,5.98333333333333,NA,0.0325,44.5833333333333,0.146666666666667,0.805,17.6666666666667,10.7708333333333,964.75,7596.77419354839,3.11,3909.35483870968,"Spring"
"1567","Central",1977-07-01,NA,NA,NA,NA,NA,NA,7,6.92,NA,0.025,47.1666666666667,0.165,0.423333333333333,24.63125,16.675,1207.91666666667,8248.38709677419,3.11,3049.1935483871,"Summer"
"1568","Central",1977-08-01,NA,NA,NA,NA,NA,NA,8,10.9991666666667,NA,0.03625,42.5454545454545,0.139166666666667,0.310833333333333,24.8172727272727,7.34166666666667,1167.54545454545,7686.77419354839,3.11,2382.61290322581,"Summer"
"1569","Central",1977-09-01,NA,NA,NA,NA,NA,NA,9,9.21166666666667,NA,0.078,51.25,0.180833333333333,0.255833333333333,22.39,13.0825,1177.25,6838,3.11,2717.26666666667,"Autumn"
"1570","Central",1977-11-01,NA,NA,NA,NA,NA,NA,11,4.73333333333333,NA,0.0983333333333333,64.5833333333333,0.166666666666667,0.75,14.6333333333333,22.05,1274.16666666667,6687.33333333333,8.65,4003.43333333333,"Autumn"
"1571","Central",1977-12-01,NA,NA,NA,NA,NA,NA,12,2.37,NA,0.123333333333333,65.3636363636364,0.195,1.14166666666667,11.5454545454545,16.55,1351.27272727273,11745.4838709677,8.65,8569.87096774194,"Winter"
"1572","Central",1978-01-01,NA,NA,NA,NA,NA,NA,1,1.38,NA,0.226666666666667,23.0833333333333,0.26,1.66666666666667,11.525,13.8333333333333,493.166666666667,45490.3225806452,8.65,66157.0322580645,"Winter"
"1573","Central",1978-02-01,NA,NA,NA,NA,NA,NA,2,1.87333333333333,NA,0.266666666666667,24.6666666666667,0.28,1.96666666666667,10.8333333333333,12.9833333333333,429.5,44703.5714285714,8.65,56158.5714285714,"Winter"
"1574","Central",1978-03-01,NA,NA,NA,NA,NA,NA,3,5.21,NA,0.128333333333333,33.1666666666667,0.273333333333333,0.836666666666667,15,12.8166666666667,355.75,55570.9677419355,8.65,85618.6129032258,"Spring"
"1575","Central",1978-04-01,NA,NA,NA,NA,NA,NA,4,6.82833333333333,NA,0.0658333333333333,37.8,0.1625,0.479166666666667,16.1666666666667,13.28,316.75,38883.3333333333,8.65,61170.1333333333,"Spring"
"1576","Central",1978-05-01,NA,NA,NA,NA,NA,NA,5,9.29,NA,0.06,32.5,NA,0.318333333333333,19.4166666666667,15.175,211.416666666667,25193.5483870968,8.65,40758.8709677419,"Spring"
"1577","Central",1978-06-01,NA,NA,NA,NA,NA,NA,6,7.20833333333333,NA,0.055,31.9583333333333,0.12,0.42,22.5116666666667,22.4666666666667,252.791666666667,12660,8.65,8945.4,"Summer"
"1578","Central",1978-07-01,NA,NA,NA,NA,NA,NA,7,6.05083333333333,NA,0.045,34.25,NA,0.363333333333333,25.0025,25.1183333333333,384,14300,8.65,3853.61290322581,"Summer"
"1579","Central",1978-08-01,NA,NA,NA,NA,NA,NA,8,12.2783333333333,NA,0.0275,35.6,NA,0.220833333333333,25.3,15.7316666666667,477.833333333333,15967.7419354839,8.65,5813.93548387097,"Summer"
"1580","Central",1978-09-01,NA,NA,NA,NA,NA,NA,9,9.63333333333333,NA,0.025,47.2272727272727,NA,0.341666666666667,20.9636363636364,16.2866666666667,398.5,17933.3333333333,8.65,11717.9666666667,"Autumn"
"1581","Central",1978-10-01,NA,NA,NA,NA,NA,NA,10,7.2975,NA,0.097,50.3,NA,0.363333333333333,20.05,12.6516666666667,296.818181818182,12487.0967741935,6.67,9599.96774193548,"Autumn"
"1582","Central",1978-11-01,NA,NA,NA,NA,NA,NA,11,4.86,NA,0.108,53.5714285714286,0.133333333333333,0.42,11.1428571428571,19.3666666666667,233,12443.3333333333,6.67,10928.0666666667,"Autumn"
"1583","Central",1978-12-01,NA,NA,NA,NA,NA,NA,12,7.21333333333333,NA,0.125,47.8571428571429,0.158333333333333,0.533333333333333,9.31428571428571,12.1666666666667,270.142857142857,13203.2258064516,6.67,8779.70967741935,"Winter"
"1584","Central",1979-01-01,NA,NA,NA,NA,NA,NA,1,3.69,0.293333333333333,NA,26,0.293333333333333,1.33,9.5,11.8616666666667,307,23190.3225806452,6.67,30522.4516129032,"Winter"
"1585","Central",1979-02-01,NA,NA,NA,NA,NA,NA,2,3.67,0.1,NA,38.7,0.148333333333333,0.885,10.83,11.7383333333333,431.1,32442.8571428571,6.67,46341.0714285714,"Winter"
"1586","Central",1979-03-01,NA,NA,NA,NA,NA,NA,3,5.98,0.100833333333333,NA,44.1666666666667,NA,0.684166666666667,13.5833333333333,13.5416666666667,305.166666666667,29164.5161290323,6.67,38086.8064516129,"Spring"
"1587","Central",1979-04-01,NA,NA,NA,NA,NA,NA,4,13.8316666666667,0.04,NA,44.8333333333333,NA,0.464166666666667,15.9166666666667,17.1916666666667,401.6,16546.6666666667,6.67,14484.6,"Spring"
"1588","Central",1979-06-01,NA,NA,NA,NA,NA,NA,6,6.586,0.083,NA,36.2,0.12,0.307,23.3,29.48,229.5,12206.6666666667,6.67,5315.76666666667,"Summer"
"1589","Central",1979-07-01,NA,NA,NA,NA,NA,NA,7,6.39583333333333,0.03,NA,34.2878787878788,NA,0.324166666666667,24.3118181818182,23.075,361.666666666667,16412.9032258065,6.67,5264.41935483871,"Summer"
"1590","Central",1979-08-01,NA,NA,NA,NA,NA,NA,8,NA,0.03,NA,39.4166666666667,NA,0.188333333333333,23.5,14.1,635.25,15677.4193548387,6.67,3356.58064516129,"Summer"
"1591","Central",1979-10-01,NA,NA,NA,NA,NA,NA,10,5.12416666666667,0.0525,NA,52.5,NA,0.385833333333333,18.8333333333333,11.3333333333333,430.166666666667,12577.4193548387,9.04,7798.64516129032,"Autumn"
"1592","Central",1979-11-01,NA,NA,NA,NA,NA,NA,11,3.555,0.0866666666666667,NA,62.3333333333333,0.143333333333333,0.563333333333333,12.5,11.2833333333333,334,15200,9.04,12172.0666666667,"Autumn"
"1593","Central",1979-12-01,NA,NA,NA,NA,NA,NA,12,3.915,0.0783333333333333,NA,51.5,0.161666666666667,0.455,11.1666666666667,12.1166666666667,318.333333333333,20319.3548387097,9.04,19028.5483870968,"Winter"
"1594","Central",1980-02-01,NA,NA,NA,NA,NA,NA,2,1.28,0.08,NA,26.5,0.125,0.46,10.25,12.2,238,52575.8620689655,9.04,121654.793103448,"Winter"
"1595","Central",1980-03-01,NA,NA,NA,NA,NA,NA,3,6.68083333333333,0.0625,NA,35.8333333333333,0.13,0.3525,13.3333333333333,17.14,240.5,55338.7096774194,9.04,99151.8387096774,"Spring"
"1596","Central",1980-04-01,NA,NA,NA,NA,NA,NA,4,7.77583333333333,0.0608333333333333,NA,42.1666666666667,0.118333333333333,0.374166666666667,15.1666666666667,17.45,287,22586.6666666667,9.04,28628.3666666667,"Spring"
"1597","Central",1980-05-01,NA,NA,NA,NA,NA,NA,5,5.486,0.04,NA,38,NA,0.381666666666667,19.6666666666667,23.77,254.5,15893.5483870968,9.04,20803.5161290323,"Spring"
"1598","Central",1983-08-01,NA,NA,NA,NA,NA,NA,8,10.2416666666667,0.046,NA,37.4166666666667,0.118333333333333,0.365,25.1091666666667,13.7916666666667,253.5,25038.7096774194,15.29,24484.0967741935,"Summer"
"1599","Central",1983-10-01,NA,NA,NA,NA,NA,NA,10,3.15,0.0483333333333333,NA,55.3333333333333,0.1,0.34,18.4583333333333,29.74,156.333333333333,21148.3870967742,10,32282.6451612903,"Autumn"
"1600","Central",1985-07-01,NA,NA,NA,NA,NA,NA,7,4.72166666666667,0.0483333333333333,NA,55.7916666666667,NA,0.535,24.5725,15.7916666666667,508.25,16035.4838709677,6.47,4835.38709677419,"Summer"
"1601","Central",1985-11-01,NA,NA,NA,NA,NA,NA,11,6.02,0.046,NA,95.5,0.132,0.242,11,15.0333333333333,898.5,10417.6666666667,9.96,6889.7,"Autumn"
"1602","Central",1986-12-01,NA,NA,NA,NA,NA,NA,12,1.62166666666667,0.0933333333333333,NA,62.4,0.126666666666667,0.61,10.6666666666667,16.95,347.833333333333,13109.6774193548,5.86,8986.35483870968,"Winter"
"1603","Central",1988-03-01,NA,NA,NA,NA,NA,NA,3,3.37166666666667,0.189166666666667,NA,71.7,NA,0.9375,14.8333333333333,24.7,815.25,11348.3870967742,4.65,4480.64516129032,"Spring"
"1604","Central",1989-03-01,NA,NA,NA,NA,NA,NA,3,3.42166666666667,0.265,NA,77,0.211666666666667,0.818333333333333,15.8333333333333,17.9166666666667,353.833333333333,43374.1935483871,6.13,38928.3225806452,"Spring"
"1605","Central",1989-04-01,NA,NA,NA,NA,NA,NA,4,2.535,0.0708333333333333,NA,88.25,0.17,0.540833333333333,19,18.5825,272.083333333333,21273.3333333333,6.13,11686.5,"Spring"
"1606","Central",1989-06-01,NA,NA,NA,NA,NA,NA,6,10.6775,0.0261603740951978,NA,40.9166666666667,NA,0.369166666666667,22.8916666666667,20.2425,378.291666666667,13286.6666666667,6.13,6155.73333333333,"Summer"
"1607","Central",1991-07-01,NA,NA,NA,NA,NA,NA,7,2.36416666666667,0.0341666666666667,NA,64.5138888888889,0.22,0.494166666666667,23.9206944444444,29.275,566.305555555556,9514.1935483871,4.21,3318.48387096774,"Summer"
"1608","Central",2003-11-01,NA,NA,NA,NA,NA,NA,11,3.1375,0.0866666666666667,NA,110.47619047619,0.1,0.756666666666667,14.4026923076923,21.805,481.853846153846,12450,7.51,6625.46666666667,"Autumn"
"1609","Central",2003-12-01,NA,NA,NA,NA,NA,NA,12,2.45,0.45,NA,121.272727272727,0.146666666666667,1.22,11.25,15,576.230769230769,27787.0967741935,7.51,23855.6451612903,"Winter"
"1610","Central",2004-02-01,NA,NA,NA,NA,NA,NA,2,3.79,1.08,NA,66.5,0.31,1.59,10.9,28.2666666666667,414.375,44420.6896551724,7.51,68091.275862069,"Winter"
"1611","Central",2004-03-01,NA,NA,NA,NA,NA,NA,3,4.4,0.323333333333333,NA,76.5714285714286,0.15,1.21,16.7416666666667,46.55,378.95,46706.4516129032,7.51,56299.5483870968,"Spring"
"1612","Central",2004-05-01,NA,NA,NA,NA,NA,NA,5,4.835,0.061,NA,61.2142857142857,0.12,0.587,20.828125,30.3666666666667,370.8125,12532.2580645161,7.51,12425.5161290323,"Spring"
"1613","Central",2004-06-01,NA,NA,NA,NA,NA,NA,6,6.41,0.133743055881622,NA,67.2333333333333,0.103333333333333,0.642,23.1019607843137,37.8333333333333,409.127450980392,15130,7.51,5726.63333333333,"Summer"
"1614","Central",2004-08-01,NA,NA,NA,NA,NA,NA,8,4.237,0.0667650448125787,NA,81.5,0.1,0.484,24.5364285714286,21.7,447.166666666667,17916.1290322581,7.51,5252.51612903226,"Summer"
"1615","Central",2004-09-01,NA,NA,NA,NA,NA,NA,9,3.8,0.062,NA,96.3181818181818,0.103333333333333,0.628,21.3451851851852,21.0333333333333,572.592592592593,14610,7.51,4700.96666666667,"Autumn"
"1616","Central",2004-11-01,NA,NA,NA,NA,NA,NA,11,3.03733333333333,0.208666666666667,NA,113,0.0733333333333333,1.014,13.5625694444444,24.6333333333333,496.118055555556,12250,8.49,6708.16666666667,"Autumn"
"1617","Central",2004-12-01,NA,NA,NA,NA,NA,NA,12,0.52,0.443333333333333,NA,132.166666666667,0.126666666666667,1.53,10.7958333333333,47.4,587.666666666667,17745.1612903226,8.49,12451.1935483871,"Winter"
"1618","Central",2005-02-01,NA,NA,NA,NA,NA,NA,2,2.19333333333333,0.373333333333333,NA,92.5,0.216666666666667,1.26,12.8975,29.5,440.375,24875,8.49,24932.9285714286,"Winter"
"1619","Central",2005-03-01,NA,NA,NA,NA,NA,NA,3,8.60333333333333,0.123333333333333,NA,83.2142857142857,0.143333333333333,0.823333333333333,15.4307142857143,26.3666666666667,461.714285714286,30367.7419354839,8.49,38557.9677419355,"Spring"
"1620","Central",2005-05-01,NA,NA,NA,NA,NA,NA,5,6.907,0.0759811019455083,NA,79.8,0.0966666666666667,0.423,19.1433333333333,26.4666666666667,296.333333333333,40219.3548387097,8.49,50999.1612903226,"Spring"
"1621","Central",2005-06-01,NA,NA,NA,NA,NA,NA,6,5.727,0.0394427144336514,NA,80.4666666666667,0.1,0.358,21.3959523809524,30.3666666666667,182.519047619048,28653.3333333333,8.49,27968.0666666667,"Summer"
"1622","Central",2005-08-01,NA,NA,NA,NA,NA,NA,8,5.66,0.133692365394595,NA,82.5,0.106666666666667,0.524666666666667,24.8769047619048,18.1666666666667,408.34126984127,17245.1612903226,8.49,5632.1935483871,"Summer"
"1623","Central",2005-09-01,NA,NA,NA,NA,NA,NA,9,4.978,0.0952760981805622,NA,96.5227272727273,0.103333333333333,0.558,21.9310416666667,13.5333333333333,453.375,17933.3333333333,8.49,7051,"Autumn"
"1624","Central",2016-11-01,NA,NA,NA,NA,NA,NA,11,1.89045454545455,0.055,NA,216.090909090909,0.1375,0.5525,16.9244444444444,2.57027777777778,513.583333333333,15056.6666666667,14.14,8668.96666666667,"Autumn"
"1625","Central",2020-04-01,NA,NA,NA,NA,NA,NA,4,0.97625,0.0407407031161711,NA,156.027777777778,0.05,0.00321034853113815,16.9058571428571,NA,372.792857142857,11806.6666666667,6.12,11383.6,"Spring"
"1626","Central",2020-05-01,NA,NA,NA,NA,NA,NA,5,1.22624283453087,0.0326140612829477,NA,146.066666666667,0.1,0.00965026438934729,20.9980454545455,NA,359.390909090909,10552.5806451613,6.12,9053.93548387097,"Spring"
"1627","Central",2020-12-01,NA,NA,NA,NA,NA,NA,12,0.85028578075839,0.0208038613316603,NA,179.33076570951,0.041,0.248345785487133,10.2039486886049,6.01111111111111,603.245833333333,8779.35483870968,3.8,6830.1935483871,"Winter"
"1628","Central",2021-01-01,NA,NA,NA,NA,NA,NA,1,1.2075,NA,NA,150.099997856219,NA,NA,9.37223820422945,NA,675.752631471868,9121.93548387097,3.8,8906.51612903226,"Winter"
"1629","Central",2021-02-01,NA,NA,NA,NA,NA,NA,2,2.83666666666667,0.0859796766890213,NA,134.276785152299,0.0954778402810916,NA,11.2766666733591,NA,585.331371950636,11792.8571428571,3.8,9685.28571428571,"Winter"
"1630","Central",2021-10-01,NA,NA,NA,NA,NA,NA,10,1.31561336856397,0.0328930756266398,NA,160.541666448116,0.122,0.395697694303045,18.0136452105122,9.7,889.129032258065,11741.2903225806,4.55,13181.7741935484,"Autumn"
"1631","Confluence",1967-09-01,NA,NA,NA,NA,NA,NA,NA,NA,NA,NA,47.3214285714286,NA,NA,21.1,NA,196.107142857143,NA,NA,NA,"Autumn"
"1632","Confluence",1967-10-01,NA,NA,NA,NA,NA,NA,NA,NA,NA,NA,52.8214285714286,NA,NA,17.1928571428571,NA,186.785714285714,NA,NA,NA,"Autumn"
"1633","Confluence",1967-11-01,NA,NA,NA,NA,NA,NA,NA,NA,NA,NA,60.2857142857143,NA,NA,15.4571428571429,NA,209.821428571429,NA,NA,NA,"Autumn"
"1634","Confluence",1967-12-01,NA,NA,NA,NA,NA,NA,NA,NA,NA,NA,55.2857142857143,NA,NA,5.53928571428571,NA,228.214285714286,NA,NA,NA,"Autumn"
"1635","Confluence",1968-01-01,NA,NA,NA,NA,NA,NA,NA,NA,NA,NA,41.5,NA,NA,7.5,NA,240.857142857143,NA,NA,NA,"Autumn"
"1636","Confluence",1968-02-01,NA,NA,NA,NA,NA,NA,NA,NA,NA,NA,29.5714285714286,NA,NA,11.0535714285714,NA,266.75,NA,NA,NA,"Autumn"
"1637","Confluence",1968-03-01,NA,NA,NA,NA,NA,NA,NA,NA,NA,NA,38.5,NA,NA,12.3,NA,225.142857142857,NA,NA,NA,"Autumn"
"1638","Confluence",1968-08-01,NA,NA,NA,NA,NA,NA,NA,NA,NA,NA,35.75,NA,NA,20.5821428571429,NA,692.071428571429,NA,NA,NA,"Autumn"
"1639","Confluence",1968-09-01,NA,NA,NA,NA,NA,NA,NA,NA,NA,NA,35.7037037037037,NA,NA,20.6,NA,437.259259259259,NA,NA,NA,"Autumn"
"1640","Confluence",1968-10-01,NA,NA,NA,NA,NA,NA,NA,NA,NA,NA,37.1428571428571,NA,NA,17.6857142857143,NA,1236.07142857143,NA,NA,NA,"Autumn"
"1641","Confluence",1968-11-01,NA,NA,NA,NA,NA,NA,NA,NA,NA,NA,45.037037037037,NA,NA,15.1555555555556,NA,826.148148148148,NA,NA,NA,"Autumn"
"1642","Confluence",1968-12-01,NA,NA,NA,NA,NA,NA,NA,NA,NA,NA,56,NA,NA,10.1458333333333,NA,527.208333333333,NA,NA,NA,"Autumn"
"1643","Confluence",1969-01-01,NA,NA,NA,NA,NA,NA,NA,NA,NA,NA,31.2727272727273,NA,NA,6.95454545454545,NA,273.636363636364,NA,NA,NA,"Autumn"
"1644","Confluence",1969-02-01,NA,NA,NA,NA,NA,NA,NA,NA,NA,NA,19.4230769230769,NA,NA,7.85384615384615,NA,216.538461538462,NA,NA,NA,"Autumn"
"1645","Confluence",1969-03-01,NA,NA,NA,NA,NA,NA,NA,NA,NA,NA,24.4444444444444,NA,NA,9.93333333333333,NA,221.851851851852,NA,NA,NA,"Autumn"
"1646","Confluence",1969-07-01,NA,NA,NA,NA,NA,NA,NA,NA,NA,NA,NA,NA,NA,NA,NA,119.833333333333,NA,NA,NA,"Autumn"
"1647","Confluence",1969-08-01,NA,NA,NA,NA,NA,NA,NA,NA,NA,NA,46.1111111111111,NA,NA,22.6,NA,256.864864864865,NA,NA,NA,"Autumn"
"1648","Confluence",1969-09-01,NA,NA,NA,NA,NA,NA,NA,NA,NA,NA,42.44,NA,NA,20.4269230769231,NA,215.384615384615,NA,NA,NA,"Autumn"
"1649","Confluence",1969-10-01,NA,NA,NA,NA,NA,NA,10,NA,NA,NA,74.0384615384615,NA,NA,15.2923076923077,12.9230769230769,177.461538461538,16693.5483870968,10.4,19483.7741935484,"Autumn"
"1650","Confluence",1969-12-01,NA,NA,NA,NA,NA,NA,12,NA,NA,NA,62.2857142857143,NA,NA,10.3607142857143,22.75,203.928571428571,35251.6129032258,10.4,46189.9032258065,"Winter"
"1651","Confluence",1970-01-01,NA,NA,NA,NA,NA,NA,1,NA,NA,NA,22.6666666666667,NA,NA,10.3066666666667,56.7333333333333,199.333333333333,70261.2903225807,10.4,193121.419354839,"Winter"
"1652","Confluence",1970-03-01,NA,NA,NA,NA,NA,NA,3,NA,NA,NA,38.1428571428571,NA,NA,12.6142857142857,28.3571428571429,192.142857142857,44206.4516129032,10.4,55985.7741935484,"Spring"
"1653","Confluence",1970-06-01,NA,NA,NA,NA,NA,NA,6,NA,NA,NA,32,NA,NA,21.12,NA,704.333333333333,11786.6666666667,10.4,6214.46666666667,"Summer"
"1654","Confluence",1970-07-01,NA,NA,NA,NA,NA,NA,7,NA,NA,NA,28.6666666666667,NA,NA,22.1561111111111,NA,753.111111111111,13174.1935483871,10.4,5256.48387096774,"Summer"
"1655","Confluence",1970-08-01,NA,NA,NA,NA,NA,NA,8,NA,NA,NA,48.9545454545455,NA,NA,21.3352380952381,18.6923076923077,409.090909090909,14977.4193548387,10.4,7947.41935483871,"Summer"
"1656","Confluence",1970-09-01,NA,NA,NA,NA,NA,NA,9,NA,NA,NA,65.7692307692308,NA,NA,19.5384615384615,15.8461538461538,210,18513.3333333333,10.4,14586.5666666667,"Autumn"
"1657","Confluence",1970-10-01,NA,NA,NA,NA,NA,NA,10,NA,NA,NA,73,NA,NA,15.7923076923077,13.5384615384615,203.846153846154,15261.2903225806,10.37,13423.4193548387,"Autumn"
"1658","Confluence",1970-11-01,NA,NA,NA,NA,NA,NA,11,NA,NA,NA,64.8461538461538,NA,NA,13.6846153846154,16.1538461538462,228.692307692308,22520,10.37,26116.5666666667,"Autumn"
"1659","Confluence",1970-12-01,NA,NA,NA,NA,NA,NA,12,NA,NA,NA,29.5,NA,NA,9.33333333333333,42.4166666666667,195.833333333333,63970.9677419355,10.37,85368.935483871,"Winter"
"1660","Confluence",1971-01-01,NA,NA,NA,NA,NA,NA,1,NA,NA,NA,40.6666666666667,NA,NA,7.90833333333333,24.8333333333333,267.916666666667,52322.5806451613,10.37,64189.7741935484,"Winter"
"1661","Confluence",1971-02-01,NA,NA,NA,NA,NA,NA,2,NA,NA,NA,36.75,NA,NA,9.75,24.0833333333333,247,31196.4285714286,10.37,34195.6071428571,"Winter"
"1662","Confluence",1971-03-01,NA,NA,NA,NA,NA,NA,3,NA,NA,NA,38.9166666666667,NA,NA,10.25,36,209.083333333333,30480.6451612903,10.37,32048.9677419355,"Spring"
"1663","Confluence",1971-06-01,NA,NA,NA,NA,NA,NA,6,NA,NA,NA,27.2222222222222,NA,NA,NA,NA,181,27550,10.37,21217.8666666667,"Summer"
"1664","Confluence",1971-07-01,NA,NA,NA,NA,NA,NA,7,NA,NA,NA,NA,NA,NA,NA,NA,165.055555555556,20980.6451612903,10.37,11654.064516129,"Summer"
"1665","Confluence",1971-08-01,NA,NA,NA,NA,NA,NA,8,NA,NA,NA,38.6666666666667,NA,NA,NA,NA,223.888888888889,22464.5161290323,10.37,12987.8709677419,"Summer"
"1666","Confluence",1971-09-01,NA,NA,NA,NA,NA,NA,9,NA,NA,NA,49.5384615384615,NA,NA,21.4153846153846,NA,183.846153846154,24393.3333333333,10.37,19659.6,"Autumn"
"1667","Confluence",1971-10-01,NA,NA,NA,NA,NA,NA,10,NA,NA,NA,50.9230769230769,NA,NA,18.0692307692308,29.3076923076923,171.769230769231,16070.9677419355,7.29,13957.4193548387,"Autumn"
"1668","Confluence",1971-11-01,NA,NA,NA,NA,NA,NA,11,NA,NA,NA,60.0833333333333,NA,NA,12.0333333333333,22.8333333333333,236.25,15853.3333333333,7.29,13742.6,"Autumn"
"1669","Confluence",1971-12-01,NA,NA,NA,NA,NA,NA,12,NA,NA,NA,56.3846153846154,NA,NA,8.42307692307692,25,198.076923076923,21758.064516129,7.29,23967.1935483871,"Winter"
"1670","Confluence",1972-01-01,NA,NA,NA,NA,NA,NA,1,NA,NA,NA,59.1666666666667,NA,NA,6.18333333333333,NA,225.083333333333,20000,7.29,21338.7741935484,"Winter"
"1671","Confluence",1972-02-01,NA,NA,NA,NA,NA,NA,2,NA,NA,NA,40.6153846153846,NA,NA,6.52307692307692,NA,229,22117.2413793103,7.29,21968.0689655172,"Winter"
"1672","Confluence",1972-03-01,NA,NA,NA,NA,NA,NA,3,NA,NA,NA,35.3846153846154,NA,NA,13.4307692307692,NA,180.153846153846,23896.7741935484,7.29,18127.2903225806,"Spring"
"1673","Confluence",1972-06-01,NA,NA,NA,NA,NA,NA,6,NA,NA,NA,45.5,NA,NA,NA,NA,1011.25,13836.6666666667,7.29,2891.2,"Summer"
"1674","Confluence",1972-07-01,NA,NA,NA,NA,NA,NA,7,NA,NA,NA,48.9074074074074,NA,NA,NA,NA,999.925925925926,15000,7.29,6210.61290322581,"Summer"
"1675","Confluence",1972-08-01,NA,NA,NA,NA,NA,NA,8,NA,NA,NA,46.4761904761905,NA,NA,20.7923076923077,NA,608.904761904762,15658.064516129,7.29,6487,"Summer"
"1676","Confluence",1972-09-01,NA,NA,NA,NA,NA,NA,9,NA,NA,NA,48.6153846153846,NA,NA,18.7923076923077,NA,309.846153846154,16816.6666666667,7.29,10476.0666666667,"Autumn"
"1677","Confluence",1972-10-01,NA,NA,NA,NA,NA,NA,10,NA,NA,NA,54.5384615384615,NA,NA,16.9,NA,272.384615384615,16077.4193548387,8.58,11935.2258064516,"Autumn"
"1678","Confluence",1972-11-01,NA,NA,NA,NA,NA,NA,11,NA,NA,NA,50.6923076923077,NA,NA,12.2692307692308,NA,239.538461538462,23203.3333333333,8.58,25943.5,"Autumn"
"1679","Confluence",1972-12-01,NA,NA,NA,NA,NA,NA,12,NA,NA,NA,54.1538461538462,NA,NA,5.36153846153846,NA,236.615384615385,27422.5806451613,8.58,27133.1612903226,"Winter"
"1680","Confluence",1973-01-01,NA,NA,NA,NA,NA,NA,1,NA,NA,NA,21.7692307692308,NA,NA,9.1,NA,186.076923076923,60132.2580645161,8.58,101685.580645161,"Winter"
"1681","Confluence",1973-03-01,NA,NA,NA,NA,NA,NA,3,NA,NA,NA,36.2727272727273,NA,NA,11.3545454545455,NA,271.636363636364,51641.935483871,8.58,76907,"Spring"
"1682","Confluence",1973-06-01,NA,NA,NA,NA,NA,NA,6,NA,NA,NA,35.3333333333333,NA,NA,21.8177777777778,NA,278.444444444444,14936.6666666667,8.58,7211.6,"Summer"
"1683","Confluence",1973-07-01,NA,NA,NA,NA,NA,NA,7,NA,NA,NA,32.6666666666667,NA,NA,21.835,NA,619.666666666667,15167.7419354839,8.58,4598.96774193548,"Summer"
"1684","Confluence",1973-09-01,NA,NA,NA,NA,NA,NA,9,NA,NA,NA,45.3076923076923,NA,NA,19.9230769230769,NA,312.692307692308,17486.6666666667,8.58,11153.4666666667,"Autumn"
"1685","Confluence",1973-10-01,NA,NA,NA,NA,NA,NA,10,NA,NA,NA,55,NA,NA,18.2625,NA,286,16722.5806451613,12.99,14070.8387096774,"Autumn"
"1686","Confluence",1973-11-01,NA,NA,NA,NA,NA,NA,11,NA,NA,NA,39.6666666666667,NA,NA,13.6555555555556,NA,153.555555555556,48036.6666666667,12.99,59945.2,"Autumn"
"1687","Confluence",1973-12-01,NA,NA,NA,NA,NA,NA,12,NA,NA,NA,38.875,NA,NA,9.4125,NA,139,61632.2580645161,12.99,76406.3870967742,"Winter"
"1688","Confluence",1974-01-01,NA,NA,NA,NA,NA,NA,1,NA,NA,NA,42.25,NA,NA,8.7875,NA,190.375,74825.8064516129,12.99,138699.129032258,"Winter"
"1689","Confluence",1974-06-01,NA,NA,NA,NA,NA,NA,6,NA,NA,NA,37.6666666666667,NA,NA,20.3833333333333,NA,156.222222222222,24413.3333333333,12.99,16943.3333333333,"Summer"
"1690","Confluence",1974-07-01,NA,NA,NA,NA,NA,NA,7,NA,NA,NA,42.4444444444444,NA,NA,22.3083333333333,NA,237.555555555556,21751.6129032258,12.99,9365.67741935484,"Summer"
"1691","Confluence",1975-01-01,NA,NA,NA,NA,NA,NA,1,1.297,NA,0.093,53.2,0.114444444444444,NA,7.2,14.77,240.2,19432.2580645161,9.35,17489.2258064516,"Winter"
"1692","Confluence",1975-02-01,NA,NA,NA,NA,NA,NA,2,3.08666666666667,NA,0.1025,40.1818181818182,0.1375,NA,8.16666666666667,19.2833333333333,233.083333333333,47517.8571428571,9.35,57330.3571428571,"Winter"
"1693","Confluence",1975-03-01,NA,NA,NA,NA,NA,NA,3,2.3675,NA,0.11,24.4166666666667,0.138333333333333,0.384166666666667,11.0833333333333,25.8454545454545,231.090909090909,50941.935483871,9.35,66834.1290322581,"Spring"
"1694","Confluence",1975-04-01,NA,NA,NA,NA,NA,NA,4,4.9175,NA,0.2175,30,0.131666666666667,0.31,12.5833333333333,25.8970833333333,183.875,33173.3333333333,9.35,34519.2666666667,"Spring"
"1695","Confluence",1975-05-01,NA,NA,NA,NA,NA,NA,5,11.2308333333333,NA,0.033,40.2083333333333,0.085,0.0975,16.375,15.175,140.833333333333,30264.5161290323,9.35,28795.8064516129,"Spring"
"1696","Confluence",1975-06-01,NA,NA,NA,NA,NA,NA,6,8.18333333333333,NA,NA,38.6923076923077,0.0829166666666667,0.115833333333333,20.7083333333333,16.2791666666667,143.230769230769,23710,9.35,22508.1666666667,"Summer"
"1697","Confluence",1975-07-01,NA,NA,NA,NA,NA,NA,7,9.49416666666667,NA,0.0416666666666667,36.8916666666667,0.0808333333333333,0.205,21.125,16.3708333333333,170.785714285714,18283.8709677419,9.35,11129.0967741935,"Summer"
"1698","Confluence",1975-08-01,NA,NA,NA,NA,NA,NA,8,7.23409090909091,NA,0.049,38,0.09125,0.129166666666667,21.9557142857143,18.2041666666667,322.047619047619,19496.7741935484,9.35,9523.35483870968,"Summer"
"1699","Confluence",1975-09-01,NA,NA,NA,NA,NA,NA,9,6.84333333333333,NA,0.0325,49.6206896551724,0.1025,0.11125,20.3137931034483,16.4208333333333,207.534482758621,20380,9.35,13419.2666666667,"Autumn"
"1700","Confluence",1975-10-01,NA,NA,NA,NA,NA,NA,10,4.68625,NA,0.0577272727272727,59.18,0.108333333333333,0.168333333333333,16.584,16.98875,152.5,19174.1935483871,5.29,16900.935483871,"Autumn"
"1701","Confluence",1975-11-01,NA,NA,NA,NA,NA,NA,11,1.99666666666667,NA,0.0425,59.6363636363636,0.0875,0.193333333333333,12.1,14.65,318.5,22250,5.29,17921.1333333333,"Autumn"
"1702","Confluence",1975-12-01,NA,NA,NA,NA,NA,NA,12,1.29583333333333,NA,0.0554545454545455,67.9545454545455,0.0666666666666667,0.1775,9.4,18.275,130.681818181818,25545.1612903226,5.29,19953.8709677419,"Winter"
"1703","Confluence",1976-01-01,NA,NA,NA,NA,NA,NA,1,2.27,NA,0.0790909090909091,71,0.0983333333333333,0.3325,8.58333333333333,17.225,357.583333333333,15132.2580645161,5.29,9309.8064516129,"Winter"
"1704","Confluence",1976-03-01,NA,NA,NA,NA,NA,NA,3,13.82,NA,0.0464285714285714,43.125,0.135416666666667,0.33625,13.1666666666667,16.7966666666667,807.875,14574.1935483871,5.29,7788.1935483871,"Spring"
"1705","Confluence",1976-04-01,NA,NA,NA,NA,NA,NA,4,22.7579166666667,NA,0.105,44.125,0.165,0.157916666666667,15.0416666666667,19.2520833333333,940.041666666667,12724.3333333333,5.29,8728.93333333333,"Spring"
"1706","Confluence",1976-05-01,NA,NA,NA,NA,NA,NA,5,18.795,NA,0.0275,39.7272727272727,0.137272727272727,0.118181818181818,19.375,15.2125,1181.45833333333,10909.6774193548,5.29,3937.48387096774,"Spring"
"1707","Confluence",1976-07-01,NA,NA,NA,NA,NA,NA,7,5.21041666666667,NA,0.0283333333333333,41.4298245614035,0.147916666666667,0.272083333333333,22.6014285714286,21.9090909090909,1411.88888888889,12077.4193548387,5.29,4185.70967741936,"Summer"
"1708","Confluence",1976-08-01,NA,NA,NA,NA,NA,NA,8,5.05541666666667,NA,NA,43.4615384615385,0.148333333333333,0.229166666666667,22.1961538461538,19.3966666666667,1447.15384615385,13348.3870967742,5.29,4393.54838709677,"Summer"
"1709","Confluence",1976-09-01,NA,NA,NA,NA,NA,NA,9,4.91416666666667,NA,NA,51,0.200416666666667,0.295833333333333,21.1666666666667,11.9408333333333,1630.83333333333,12510,5.29,3582.96666666667,"Autumn"
"1710","Confluence",1976-11-01,NA,NA,NA,NA,NA,NA,11,4.45833333333333,NA,0.055625,61.2142857142857,0.197083333333333,0.316666666666667,15.2928571428571,12.2333333333333,1976.625,7823.33333333333,3.11,3643.43333333333,"Autumn"
"1711","Confluence",1976-12-01,NA,NA,NA,NA,NA,NA,12,2.50083333333333,NA,0.125,61.1666666666667,0.159166666666667,0.441666666666667,9.58333333333333,15,313,7742.90322580645,3.11,4213.06451612903,"Winter"
"1712","Confluence",1977-01-01,NA,NA,NA,NA,NA,NA,1,1.895,NA,0.144166666666667,55.8275862068966,0.189166666666667,0.6575,7.88965517241379,17.8083333333333,2279,9801.61290322581,3.11,4362.61290322581,"Winter"
"1713","Confluence",1977-02-01,NA,NA,NA,NA,NA,NA,2,4.08083333333333,NA,0.120833333333333,60,0.174166666666667,0.695,12.3333333333333,18.1883333333333,3747.66666666667,8002.85714285714,3.11,4878.25,"Winter"
"1714","Confluence",1977-04-01,NA,NA,NA,NA,NA,NA,4,12.72375,NA,0.0233333333333333,34.5833333333333,0.184583333333333,0.579545454545455,16.75,14.4772727272727,3829.33333333333,5961,3.11,2977.03333333333,"Spring"
"1715","Confluence",1977-05-01,NA,NA,NA,NA,NA,NA,5,6.36125,NA,0.045,38.25,0.13625,0.5525,17.25,16.5590909090909,2706.58333333333,7596.77419354839,3.11,3909.35483870968,"Spring"
"1716","Confluence",1977-07-01,NA,NA,NA,NA,NA,NA,7,6.56321428571429,NA,0.0521428571428571,41.8571428571429,0.16125,0.345416666666667,22.7441304347826,15.6318181818182,3172.64285714286,8248.38709677419,3.11,3049.1935483871,"Summer"
"1717","Confluence",1977-08-01,NA,NA,NA,NA,NA,NA,8,8.79916666666667,NA,0.0425,41.0714285714286,0.16875,0.319166666666667,22.8661904761905,14.5681818181818,3535.57142857143,7686.77419354839,3.11,2382.61290322581,"Summer"
"1718","Confluence",1977-09-01,NA,NA,NA,NA,NA,NA,9,8.82642857142857,NA,0.0845454545454545,49.2352941176471,0.177083333333333,0.232083333333333,21.0666666666667,14.3090909090909,3528.72058823529,6838,3.11,2717.26666666667,"Autumn"
"1719","Confluence",1977-11-01,NA,NA,NA,NA,NA,NA,11,3.56785714285714,NA,0.095,51.1176470588235,0.149166666666667,0.418333333333333,14.55,19.9545454545455,3879.47058823529,6687.33333333333,8.65,4003.43333333333,"Autumn"
"1720","Confluence",1977-12-01,NA,NA,NA,NA,NA,NA,12,2.05857142857143,NA,0.120909090909091,52.4117647058824,0.190833333333333,0.630833333333333,12.2166666666667,13.7909090909091,4668.76470588235,11745.4838709677,8.65,8569.87096774194,"Winter"
"1721","Confluence",1978-01-01,NA,NA,NA,NA,NA,NA,1,2.05571428571429,NA,0.200833333333333,13.2121212121212,0.4775,1.8,10.9857142857143,21.9181818181818,271.090909090909,45490.3225806452,8.65,66157.0322580645,"Winter"
"1722","Confluence",1978-02-01,NA,NA,NA,NA,NA,NA,2,1.27357142857143,NA,0.311666666666667,18.25,0.259166666666667,1.07,10.0357142857143,13,257.416666666667,44703.5714285714,8.65,56158.5714285714,"Winter"
"1723","Confluence",1978-03-01,NA,NA,NA,NA,NA,NA,3,2.04333333333333,NA,0.092,24.8064516129032,0.174,0.687,13.2363636363636,12.4222222222222,228.032258064516,55570.9677419355,8.65,85618.6129032258,"Spring"
"1724","Confluence",1978-04-01,NA,NA,NA,NA,NA,NA,4,5.37,NA,0.0558333333333333,39.5454545454545,0.158636363636364,0.470833333333333,16.125,16.6722222222222,248.5,38883.3333333333,8.65,61170.1333333333,"Spring"
"1725","Confluence",1978-05-01,NA,NA,NA,NA,NA,NA,5,6.88,NA,0.05625,37.375,0.24,0.27875,18.7083333333333,12.0136363636364,183.625,25193.5483870968,8.65,40758.8709677419,"Spring"
"1726","Confluence",1978-07-01,NA,NA,NA,NA,NA,NA,7,6.135,NA,0.034,32.8571428571429,NA,0.280416666666667,22.986,11.65,804.809523809524,14300,8.65,3853.61290322581,"Summer"
"1727","Confluence",1978-08-01,NA,NA,NA,NA,NA,NA,8,7.58107142857143,NA,0.04875,34.75,NA,0.210833333333333,22.8615384615385,13.0831818181818,1255.83333333333,15967.7419354839,8.65,5813.93548387097,"Summer"
"1728","Confluence",1978-09-01,NA,NA,NA,NA,NA,NA,9,5.385,NA,0.0316666666666667,40.7058823529412,NA,0.164583333333333,19.8694444444444,12.41,417.794117647059,17933.3333333333,8.65,11717.9666666667,"Autumn"
"1729","Confluence",1978-11-01,NA,NA,NA,NA,NA,NA,11,4.41857142857143,NA,0.06375,53.65625,0.119166666666667,0.284166666666667,12.2176470588235,20.2125,488.5625,12443.3333333333,6.67,10928.0666666667,"Autumn"
"1730","Confluence",1978-12-01,NA,NA,NA,NA,NA,NA,12,5.5625,NA,0.1075,52.0625,0.126666666666667,0.305833333333333,8.475,19.1125,534.25,13203.2258064516,6.67,8779.70967741935,"Winter"
"1731","Confluence",1979-01-01,NA,NA,NA,NA,NA,NA,1,2.13083333333333,0.200833333333333,NA,31.3333333333333,0.206666666666667,1.13333333333333,9.08333333333333,21.6145454545455,238.583333333333,23190.3225806452,6.67,30522.4516129032,"Winter"
"1732","Confluence",1979-02-01,NA,NA,NA,NA,NA,NA,2,2.1025,0.0911111111111111,NA,37.8214285714286,0.169166666666667,0.705,9.78620689655172,20.5272727272727,288.413793103448,32442.8571428571,6.67,46341.0714285714,"Winter"
"1733","Confluence",1979-03-01,NA,NA,NA,NA,NA,NA,3,3.65416666666667,0.19375,NA,45,NA,0.5675,13.4166666666667,17.62875,233.166666666667,29164.5161290323,6.67,38086.8064516129,"Spring"
"1734","Confluence",1979-04-01,NA,NA,NA,NA,NA,NA,4,9.26772727272727,0.0513636363636364,NA,37.7083333333333,0.1,0.316666666666667,15.6666666666667,14.7575,250.5,16546.6666666667,6.67,14484.6,"Spring"
"1735","Confluence",1979-06-01,NA,NA,NA,NA,NA,NA,6,7.36727272727273,0.0438888888888889,NA,31,NA,0.213,22.2272727272727,17.0644444444444,357.8,12206.6666666667,6.67,5315.76666666667,"Summer"
"1736","Confluence",1979-07-01,NA,NA,NA,NA,NA,NA,7,7.68583333333333,0.025,NA,32.6166666666667,NA,0.21375,22.6574166666667,15.3079166666667,885.274509803922,16412.9032258065,6.67,5264.41935483871,"Summer"
"1737","Confluence",1979-08-01,NA,NA,NA,NA,NA,NA,8,6.3,0.0323928625,NA,39.6153846153846,NA,0.143266630833333,22.3,14.8909090909091,1554.30769230769,15677.4193548387,6.67,3356.58064516129,"Summer"
"1738","Confluence",1979-10-01,NA,NA,NA,NA,NA,NA,10,6.68730769230769,0.0395833333333333,NA,43.4166666666667,NA,0.220416666666667,19,14.515,1225.91666666667,12577.4193548387,9.04,7798.64516129032,"Autumn"
"1739","Confluence",1979-11-01,NA,NA,NA,NA,NA,NA,11,3.556,0.0591666666666667,NA,52.9166666666667,0.125833333333333,0.346666666666667,14.25,11.7083333333333,599.5,15200,9.04,12172.0666666667,"Autumn"
"1740","Confluence",1979-12-01,NA,NA,NA,NA,NA,NA,12,2.5775,0.0708333333333333,NA,36,0.1225,0.485,10.4166666666667,13.6,348.583333333333,20319.3548387097,9.04,19028.5483870968,"Winter"
"1741","Confluence",1980-01-01,NA,NA,NA,NA,NA,NA,1,NA,0.08502249,NA,NA,NA,0.2843421,9.9,NA,NA,58635.4838709677,9.04,118220.129032258,"Winter"
"1742","Confluence",1980-02-01,NA,NA,NA,NA,NA,NA,2,1.24214285714286,0.380430213333333,NA,31.5384615384615,0.244545454545455,0.418466310833333,9.79411764705882,13.4,219.307692307692,52575.8620689655,9.04,121654.793103448,"Winter"
"1743","Confluence",1980-03-01,NA,NA,NA,NA,NA,NA,3,4.37,0.24854254,NA,37.5,0.09,0.390414241538462,12.7625,14.2583333333333,202.892857142857,55338.7096774194,9.04,99151.8387096774,"Spring"
"1744","Confluence",1980-04-01,NA,NA,NA,NA,NA,NA,4,5.9059375,0.0727272727272727,NA,49.9285714285714,0.176666666666667,0.299583333333333,14.7184210526316,14.8909090909091,219.821428571429,22586.6666666667,9.04,28628.3666666667,"Spring"
"1745","Confluence",1980-05-01,NA,NA,NA,NA,NA,NA,5,7.0975,0.0391666666666667,NA,50.7083333333333,NA,0.235416666666667,18.6027777777778,13.9345833333333,196.678571428571,15893.5483870968,9.04,20803.5161290323,"Spring"
"1746","Confluence",1983-08-01,NA,NA,NA,NA,NA,NA,8,5.171,0.033,NA,56.2857142857143,0.09,0.128,23.6678571428571,11.5,160.97619047619,25038.7096774194,15.29,24484.0967741935,"Summer"
"1747","Confluence",1983-10-01,NA,NA,NA,NA,NA,NA,10,2.04,0.045,NA,76.2571428571429,0.092,0.26,17.8714285714286,12.38,149,21148.3870967742,10,32282.6451612903,"Autumn"
"1748","Confluence",1985-07-01,NA,NA,NA,NA,NA,NA,7,3.53727272727273,0.0645,NA,58.3809523809524,NA,0.232272727272727,22.8515909090909,13.64,973.431818181818,16035.4838709677,6.47,4835.38709677419,"Summer"
"1749","Confluence",1985-09-01,NA,NA,NA,NA,NA,NA,9,5.1415,0.05,NA,71.3142857142857,0.112222222222222,0.164545454545455,19.9942857142857,16.6954545454545,1577.14285714286,12192,6.47,3174.6,"Autumn"
"1750","Confluence",1985-11-01,NA,NA,NA,NA,NA,NA,11,3.411,0.09,NA,88.2857142857143,0.137777777777778,0.234,14.175,11.16,2663.82142857143,10417.6666666667,9.96,6889.7,"Autumn"
"1751","Confluence",1986-12-01,NA,NA,NA,NA,NA,NA,12,1.324,0.1,NA,53.7692307692308,0.125,0.31,11.2615384615385,16.7555555555556,1156.46153846154,13109.6774193548,5.86,8986.35483870968,"Winter"
"1752","Confluence",1989-04-01,NA,NA,NA,NA,NA,NA,4,1.89153846153846,0.0793176871428571,NA,60.9230769230769,0.103,0.244172787857143,17.698125,12.49,226.423076923077,21273.3333333333,6.13,11686.5,"Spring"
"1753","Confluence",2003-11-01,NA,NA,NA,NA,NA,NA,11,1.39714285714286,0.1753526525,NA,89.0217391304348,0.13,0.37641191,14.7460416666667,28.26,1340.93695652174,12450,7.51,6625.46666666667,"Autumn"
"1754","Confluence",2003-12-01,NA,NA,NA,NA,NA,NA,12,1.19428571428571,0.195478965,NA,87.0652173913043,0.12,0.4679989425,11.255,17,1273.78260869565,27787.0967741935,7.51,23855.6451612903,"Winter"
"1755","Confluence",2004-02-01,NA,NA,NA,NA,NA,NA,2,1.40285714285714,0.15,NA,50.4305555555556,0.115,0.38,10.2443859649123,14.16,314.06862745098,44420.6896551724,7.51,68091.275862069,"Winter"
"1756","Confluence",2004-03-01,NA,NA,NA,NA,NA,NA,3,4.15,0.065,NA,50.3963963963964,0.085,0.265,13.9986324786325,15.92,216.337837837838,46706.4516129032,7.51,56299.5483870968,"Spring"
"1757","Confluence",2004-05-01,NA,NA,NA,NA,NA,NA,5,6.095,0.0886474172416152,NA,48.6829268292683,0.0866666666666667,0.303182562,19.8246511627907,13.26,305.548780487805,12532.2580645161,7.51,12425.5161290323,"Spring"
"1758","Confluence",2004-06-01,NA,NA,NA,NA,NA,NA,6,2.70333333333333,0.0566666666666667,NA,44.4487179487179,0.103333333333333,0.453333333333333,20.8126829268293,13.0428571428571,1303.14102564103,15130,7.51,5726.63333333333,"Summer"
"1759","Confluence",2004-08-01,NA,NA,NA,NA,NA,NA,8,2.29,0.0533333333333333,NA,70.4,0.0666666666666667,0.213333333333333,21.97234375,18.3714285714286,656.666666666667,17916.1290322581,7.51,5252.51612903226,"Summer"
"1760","Confluence",2004-09-01,NA,NA,NA,NA,NA,NA,9,2.042,0.0666666666666667,NA,77.5714285714286,0.0833333333333333,0.253333333333333,20.566862745098,18.1625,1052.27551020408,14610,7.51,4700.96666666667,"Autumn"
"1761","Confluence",2004-11-01,NA,NA,NA,NA,NA,NA,11,0.965,0.153333333333333,NA,98.5102040816327,0.0833333333333333,0.483333333333333,14.029693877551,19.1,1058.9387755102,12250,8.49,6708.16666666667,"Autumn"
"1762","Confluence",2004-12-01,NA,NA,NA,NA,NA,NA,12,0.684444444444444,0.190597276,NA,70.1555555555556,0.113333333333333,0.492097002,10.5904255319149,17.1857142857143,1235.8,17745.1612903226,8.49,12451.1935483871,"Winter"
"1763","Confluence",2005-02-01,NA,NA,NA,NA,NA,NA,2,0.892857142857143,0.132553765,NA,64.2413793103448,0.11,0.5672548425,11.4913333333333,18.3666666666667,317.48275862069,24875,8.49,24932.9285714286,"Winter"
"1764","Confluence",2005-03-01,NA,NA,NA,NA,NA,NA,3,1.83375,0.107545015,NA,80.2926829268293,0.0966666666666667,0.4740069825,14.1644186046512,17.05,288.146341463415,30367.7419354839,8.49,38557.9677419355,"Spring"
"1765","Confluence",2005-05-01,NA,NA,NA,NA,NA,NA,5,1.9025,0.06,NA,78.6296296296296,0.0733333333333333,0.236666666666667,17.76,13.5333333333333,226.189655172414,40219.3548387097,8.49,50999.1612903226,"Spring"
"1766","Confluence",2005-06-01,NA,NA,NA,NA,NA,NA,6,1.68333333333333,0.064959975,NA,70.6216216216216,0.0766666666666667,0.173029005,19.4268421052632,16.4666666666667,166.631578947368,28653.3333333333,8.49,27968.0666666667,"Summer"
"1767","Confluence",2005-08-01,NA,NA,NA,NA,NA,NA,8,3.04142857142857,0.03,NA,68.5740740740741,0.07,0.236666666666667,22.6426666666667,10.8142857142857,570.366666666667,17245.1612903226,8.49,5632.1935483871,"Summer"
"1768","Confluence",2005-09-01,NA,NA,NA,NA,NA,NA,9,2.04444444444444,0.0633333333333333,NA,81.3229166666667,0.0866666666666667,0.223333333333333,20.414,13.6571428571429,607.072916666667,17933.3333333333,8.49,7051,"Autumn"
"1769","Confluence",2020-04-01,NA,NA,NA,NA,NA,NA,4,1.778,NA,NA,137.090909090909,NA,NA,16.6716761904762,NA,280.851428571429,11806.6666666667,6.12,11383.6,"Spring"
"1770","Confluence",2020-05-01,NA,NA,NA,NA,NA,NA,5,1.532,0.2,NA,121.91,NA,0.372,20.3097058823529,NA,490.160784313726,10552.5806451613,6.12,9053.93548387097,"Spring"
"1771","Confluence",2020-12-01,NA,NA,NA,NA,NA,NA,12,1.70666666666667,0.0911541225150642,NA,120.279069657104,0.0768,0.342857142857143,10.6918287072358,7.73703703703704,2019.00619056338,8779.35483870968,3.8,6830.1935483871,"Winter"
"1772","Confluence",2021-01-01,NA,NA,NA,NA,NA,NA,1,NA,0.12,NA,104.654135013881,NA,0.465,9.61940302065949,NA,2253.56311497923,9121.93548387097,3.8,8906.51612903226,"Winter"
"1773","Confluence",2021-02-01,NA,NA,NA,NA,NA,NA,2,1.9,0.12,NA,83.6128205256584,NA,0.59,10.8528350191018,NA,887.559890411712,11792.8571428571,3.8,9685.28571428571,"Winter"
"1774","Confluence",2021-10-01,NA,NA,NA,NA,NA,NA,10,1.6785,0.0296100026906658,NA,114.576190205983,0.0643333333333333,0.151311617119501,17.5583972060658,12.5703703703704,2653.55660383117,11741.2903225806,4.55,13181.7741935484,"Autumn"
"1775","North Delta",1958-11-01,NA,NA,NA,NA,NA,NA,NA,NA,NA,NA,NA,NA,NA,NA,NA,136.75,NA,NA,NA,"Autumn"
"1776","North Delta",1958-12-01,NA,NA,NA,NA,NA,NA,NA,NA,NA,NA,NA,NA,NA,NA,NA,140,NA,NA,NA,"Autumn"
"1777","North Delta",1959-01-01,NA,NA,NA,NA,NA,NA,NA,NA,NA,NA,NA,NA,NA,NA,NA,107,NA,NA,NA,"Autumn"
"1778","North Delta",1960-06-01,NA,NA,NA,NA,NA,NA,NA,NA,NA,NA,NA,NA,NA,NA,NA,168.333333333333,NA,NA,NA,"Autumn"
"1779","North Delta",1960-07-01,NA,NA,NA,NA,NA,NA,NA,NA,NA,NA,NA,NA,NA,NA,NA,176,NA,NA,NA,"Autumn"
"1780","North Delta",1960-08-01,NA,NA,NA,NA,NA,NA,NA,NA,NA,NA,NA,NA,NA,NA,NA,204,NA,NA,NA,"Autumn"
"1781","North Delta",1960-09-01,NA,NA,NA,NA,NA,NA,NA,NA,NA,NA,NA,NA,NA,NA,NA,214.333333333333,NA,NA,NA,"Autumn"
"1782","North Delta",1960-10-01,NA,NA,NA,NA,NA,NA,NA,NA,NA,NA,NA,NA,NA,NA,NA,183.166666666667,NA,NA,NA,"Autumn"
"1783","North Delta",1960-11-01,NA,NA,NA,NA,NA,NA,NA,NA,NA,NA,NA,NA,NA,NA,NA,162.5,NA,NA,NA,"Autumn"
"1784","North Delta",1960-12-01,NA,NA,NA,NA,NA,NA,NA,NA,NA,NA,NA,NA,NA,NA,NA,169.75,NA,NA,NA,"Autumn"
"1785","North Delta",1961-01-01,NA,NA,NA,NA,NA,NA,NA,NA,NA,NA,NA,NA,NA,NA,NA,182.375,NA,NA,NA,"Autumn"
"1786","North Delta",1961-02-01,NA,NA,NA,NA,NA,NA,NA,NA,NA,NA,NA,NA,NA,NA,NA,123.5,NA,NA,NA,"Autumn"
"1787","North Delta",1961-03-01,NA,NA,NA,NA,NA,NA,NA,NA,NA,NA,NA,NA,NA,NA,NA,144.166666666667,NA,NA,NA,"Autumn"
"1788","North Delta",1961-04-01,NA,NA,NA,NA,NA,NA,NA,NA,NA,NA,NA,NA,NA,NA,NA,141.333333333333,NA,NA,NA,"Autumn"
"1789","North Delta",1961-05-01,NA,NA,NA,NA,NA,NA,NA,NA,NA,NA,NA,NA,NA,NA,NA,176.166666666667,NA,NA,NA,"Autumn"
"1790","North Delta",1961-06-01,NA,NA,NA,NA,NA,NA,NA,NA,NA,NA,NA,NA,NA,NA,NA,192.666666666667,NA,NA,NA,"Autumn"
"1791","North Delta",1961-07-01,NA,NA,NA,NA,NA,NA,NA,NA,NA,NA,NA,NA,NA,NA,NA,170.333333333333,NA,NA,NA,"Autumn"
"1792","North Delta",1961-08-01,NA,NA,NA,NA,NA,NA,NA,NA,NA,NA,NA,NA,NA,NA,NA,181.333333333333,NA,NA,NA,"Autumn"
"1793","North Delta",1961-09-01,NA,NA,NA,NA,NA,NA,NA,NA,NA,NA,NA,NA,NA,NA,NA,236,NA,NA,NA,"Autumn"
"1794","North Delta",1961-10-01,NA,NA,NA,NA,NA,NA,NA,NA,NA,NA,NA,NA,NA,NA,NA,192.666666666667,NA,NA,NA,"Autumn"
"1795","North Delta",1961-11-01,NA,NA,NA,NA,NA,NA,NA,NA,NA,NA,NA,NA,NA,NA,NA,191,NA,NA,NA,"Autumn"
"1796","North Delta",1961-12-01,NA,NA,NA,NA,NA,NA,NA,NA,NA,NA,NA,NA,NA,NA,NA,192.333333333333,NA,NA,NA,"Autumn"
"1797","North Delta",1962-01-01,NA,NA,NA,NA,NA,NA,NA,NA,NA,NA,NA,NA,NA,NA,NA,209.666666666667,NA,NA,NA,"Autumn"
"1798","North Delta",1962-02-01,NA,NA,NA,NA,NA,NA,NA,NA,NA,NA,NA,NA,NA,NA,NA,110,NA,NA,NA,"Autumn"
"1799","North Delta",1962-03-01,NA,NA,NA,NA,NA,NA,NA,NA,NA,NA,NA,NA,NA,NA,NA,143.833333333333,NA,NA,NA,"Autumn"
"1800","North Delta",1962-04-01,NA,NA,NA,NA,NA,NA,NA,NA,NA,NA,NA,NA,NA,NA,NA,128.833333333333,NA,NA,NA,"Autumn"
"1801","North Delta",1962-05-01,NA,NA,NA,NA,NA,NA,NA,NA,NA,NA,NA,NA,NA,NA,NA,134.75,NA,NA,NA,"Autumn"
"1802","North Delta",1962-06-01,NA,NA,NA,NA,NA,NA,NA,NA,NA,NA,NA,NA,NA,NA,NA,165.5,NA,NA,NA,"Autumn"
"1803","North Delta",1962-07-01,NA,NA,NA,NA,NA,NA,NA,NA,NA,NA,NA,NA,NA,NA,NA,176.166666666667,NA,NA,NA,"Autumn"
"1804","North Delta",1962-08-01,NA,NA,NA,NA,NA,NA,NA,NA,NA,NA,NA,NA,NA,NA,NA,176.333333333333,NA,NA,NA,"Autumn"
"1805","North Delta",1962-09-01,NA,NA,NA,NA,NA,NA,NA,NA,NA,NA,NA,NA,NA,NA,NA,209.166666666667,NA,NA,NA,"Autumn"
"1806","North Delta",1962-10-01,NA,NA,NA,NA,NA,NA,NA,NA,NA,NA,NA,NA,NA,NA,NA,150.333333333333,NA,NA,NA,"Autumn"
"1807","North Delta",1962-11-01,NA,NA,NA,NA,NA,NA,NA,NA,NA,NA,NA,NA,NA,NA,NA,152.5,NA,NA,NA,"Autumn"
"1808","North Delta",1962-12-01,NA,NA,NA,NA,NA,NA,NA,NA,NA,NA,NA,NA,NA,NA,NA,106.5,NA,NA,NA,"Autumn"
"1809","North Delta",1963-01-01,NA,NA,NA,NA,NA,NA,NA,NA,NA,NA,NA,NA,NA,NA,NA,173.666666666667,NA,NA,NA,"Autumn"
"1810","North Delta",1963-02-01,NA,NA,NA,NA,NA,NA,NA,NA,NA,NA,NA,NA,NA,NA,NA,90.5,NA,NA,NA,"Autumn"
"1811","North Delta",1963-03-01,NA,NA,NA,NA,NA,NA,NA,NA,NA,NA,NA,NA,NA,NA,NA,174.333333333333,NA,NA,NA,"Autumn"
"1812","North Delta",1963-04-01,NA,NA,NA,NA,NA,NA,NA,NA,NA,NA,NA,NA,NA,NA,NA,91.1666666666665,NA,NA,NA,"Autumn"
"1813","North Delta",1963-05-01,NA,NA,NA,NA,NA,NA,NA,NA,NA,NA,NA,NA,NA,NA,NA,110.333333333333,NA,NA,NA,"Autumn"
"1814","North Delta",1963-06-01,NA,NA,NA,NA,NA,NA,NA,NA,NA,NA,NA,NA,NA,NA,NA,166.666666666667,NA,NA,NA,"Autumn"
"1815","North Delta",1963-07-01,NA,NA,NA,NA,NA,NA,NA,NA,NA,NA,NA,NA,NA,NA,NA,170,NA,NA,NA,"Autumn"
"1816","North Delta",1963-08-01,NA,NA,NA,NA,NA,NA,NA,NA,NA,NA,NA,NA,NA,NA,NA,177,NA,NA,NA,"Autumn"
"1817","North Delta",1963-09-01,NA,NA,NA,NA,NA,NA,NA,NA,NA,NA,NA,NA,NA,NA,NA,213,NA,NA,NA,"Autumn"
"1818","North Delta",1963-10-01,NA,NA,NA,NA,NA,NA,NA,NA,NA,NA,NA,NA,NA,NA,NA,162,NA,NA,NA,"Autumn"
"1819","North Delta",1963-11-01,NA,NA,NA,NA,NA,NA,NA,NA,NA,NA,NA,NA,NA,NA,NA,155,NA,NA,NA,"Autumn"
"1820","North Delta",1963-12-01,NA,NA,NA,NA,NA,NA,NA,NA,NA,NA,NA,NA,NA,NA,NA,150,NA,NA,NA,"Autumn"
"1821","North Delta",1964-01-01,NA,NA,NA,NA,NA,NA,NA,NA,NA,NA,NA,NA,NA,NA,NA,174.5,NA,NA,NA,"Autumn"
"1822","North Delta",1964-02-01,NA,NA,NA,NA,NA,NA,NA,NA,NA,NA,NA,NA,NA,NA,NA,169.5,NA,NA,NA,"Autumn"
"1823","North Delta",1964-03-01,NA,NA,NA,NA,NA,NA,NA,NA,NA,NA,NA,NA,NA,NA,NA,159.5,NA,NA,NA,"Autumn"
"1824","North Delta",1964-04-01,NA,NA,NA,NA,NA,NA,NA,NA,NA,NA,NA,NA,NA,NA,NA,136,NA,NA,NA,"Autumn"
"1825","North Delta",1964-05-01,NA,NA,NA,NA,NA,NA,NA,NA,NA,NA,NA,NA,NA,NA,NA,176,NA,NA,NA,"Autumn"
"1826","North Delta",1964-06-01,NA,NA,NA,NA,NA,NA,NA,NA,NA,NA,NA,NA,NA,NA,NA,194,NA,NA,NA,"Autumn"
"1827","North Delta",1964-07-01,NA,NA,NA,NA,NA,NA,NA,NA,NA,NA,NA,NA,NA,NA,NA,164,NA,NA,NA,"Autumn"
"1828","North Delta",1964-08-01,NA,NA,NA,NA,NA,NA,NA,NA,NA,NA,NA,NA,NA,NA,NA,153,NA,NA,NA,"Autumn"
"1829","North Delta",1964-09-01,NA,NA,NA,NA,NA,NA,NA,NA,NA,NA,NA,NA,NA,NA,NA,199,NA,NA,NA,"Autumn"
"1830","North Delta",1964-10-01,NA,NA,NA,NA,NA,NA,NA,NA,NA,NA,NA,NA,NA,NA,NA,149,NA,NA,NA,"Autumn"
"1831","North Delta",1964-11-01,NA,NA,NA,NA,NA,NA,NA,NA,NA,NA,NA,NA,NA,NA,NA,185.5,NA,NA,NA,"Autumn"
"1832","North Delta",1964-12-01,NA,NA,NA,NA,NA,NA,NA,NA,NA,NA,NA,NA,NA,NA,NA,175,NA,NA,NA,"Autumn"
"1833","North Delta",1965-01-01,NA,NA,NA,NA,NA,NA,NA,NA,NA,NA,NA,NA,NA,NA,NA,91,NA,NA,NA,"Autumn"
"1834","North Delta",1965-02-01,NA,NA,NA,NA,NA,NA,NA,NA,NA,NA,NA,NA,NA,NA,NA,121,NA,NA,NA,"Autumn"
"1835","North Delta",1965-03-01,NA,NA,NA,NA,NA,NA,NA,NA,NA,NA,NA,NA,NA,NA,NA,135,NA,NA,NA,"Autumn"
"1836","North Delta",1965-04-01,NA,NA,NA,NA,NA,NA,NA,NA,NA,NA,NA,NA,NA,NA,NA,124.5,NA,NA,NA,"Autumn"
"1837","North Delta",1965-05-01,NA,NA,NA,NA,NA,NA,NA,NA,NA,NA,NA,NA,NA,NA,NA,94,NA,NA,NA,"Autumn"
"1838","North Delta",1965-06-01,NA,NA,NA,NA,NA,NA,NA,NA,NA,NA,NA,NA,NA,NA,NA,152,NA,NA,NA,"Autumn"
"1839","North Delta",1965-07-01,NA,NA,NA,NA,NA,NA,NA,NA,NA,NA,NA,NA,NA,NA,NA,143.5,NA,NA,NA,"Autumn"
"1840","North Delta",1965-08-01,NA,NA,NA,NA,NA,NA,NA,NA,NA,NA,NA,NA,NA,NA,NA,156.5,NA,NA,NA,"Autumn"
"1841","North Delta",1965-09-01,NA,NA,NA,NA,NA,NA,NA,NA,NA,NA,NA,NA,NA,NA,NA,207.5,NA,NA,NA,"Autumn"
"1842","North Delta",1965-10-01,NA,NA,NA,NA,NA,NA,NA,NA,NA,NA,NA,NA,NA,NA,NA,150,NA,NA,NA,"Autumn"
"1843","North Delta",1965-11-01,NA,NA,NA,NA,NA,NA,NA,NA,NA,NA,NA,NA,NA,NA,NA,133.75,NA,NA,NA,"Autumn"
"1844","North Delta",1966-01-01,NA,NA,NA,NA,NA,NA,NA,NA,NA,NA,NA,NA,NA,NA,NA,152,NA,NA,NA,"Autumn"
"1845","North Delta",1966-02-01,NA,NA,NA,NA,NA,NA,NA,NA,NA,NA,NA,NA,NA,NA,NA,144.5,NA,NA,NA,"Autumn"
"1846","North Delta",1966-03-01,NA,NA,NA,NA,NA,NA,NA,NA,NA,NA,NA,NA,NA,NA,NA,191.5,NA,NA,NA,"Autumn"
"1847","North Delta",1966-04-01,NA,NA,NA,NA,NA,NA,NA,NA,NA,NA,NA,NA,NA,NA,NA,112,NA,NA,NA,"Autumn"
"1848","North Delta",1966-05-01,NA,NA,NA,NA,NA,NA,NA,NA,NA,NA,NA,NA,NA,NA,NA,136,NA,NA,NA,"Autumn"
"1849","North Delta",1966-06-01,NA,NA,NA,NA,NA,NA,NA,NA,NA,NA,NA,NA,NA,NA,NA,213.5,NA,NA,NA,"Autumn"
"1850","North Delta",1966-07-01,NA,NA,NA,NA,NA,NA,NA,NA,NA,NA,NA,NA,NA,NA,NA,169,NA,NA,NA,"Autumn"
"1851","North Delta",1966-08-01,NA,NA,NA,NA,NA,NA,NA,NA,NA,NA,NA,NA,NA,NA,NA,172,NA,NA,NA,"Autumn"
"1852","North Delta",1966-09-01,NA,NA,NA,NA,NA,NA,NA,NA,NA,NA,NA,NA,NA,NA,NA,258,NA,NA,NA,"Autumn"
"1853","North Delta",1966-10-01,NA,NA,NA,NA,NA,NA,NA,NA,NA,NA,NA,NA,NA,NA,NA,165,NA,NA,NA,"Autumn"
"1854","North Delta",1966-11-01,NA,NA,NA,NA,NA,NA,NA,NA,NA,NA,NA,NA,NA,NA,NA,147,NA,NA,NA,"Autumn"
"1855","North Delta",1966-12-01,NA,NA,NA,NA,NA,NA,NA,NA,NA,NA,NA,NA,NA,NA,NA,134,NA,NA,NA,"Autumn"
"1856","North Delta",1967-01-01,NA,NA,NA,NA,NA,NA,NA,NA,NA,NA,NA,NA,NA,NA,NA,184,NA,NA,NA,"Autumn"
"1857","North Delta",1967-02-01,NA,NA,NA,NA,NA,NA,NA,NA,NA,NA,NA,NA,NA,NA,NA,143,NA,NA,NA,"Autumn"
"1858","North Delta",1967-03-01,NA,NA,NA,NA,NA,NA,NA,NA,NA,NA,NA,NA,NA,NA,NA,118,NA,NA,NA,"Autumn"
"1859","North Delta",1967-04-01,NA,NA,NA,NA,NA,NA,NA,NA,NA,NA,NA,NA,NA,NA,NA,118,NA,NA,NA,"Autumn"
"1860","North Delta",1967-05-01,NA,NA,NA,NA,NA,NA,NA,NA,NA,NA,NA,NA,NA,NA,NA,89,NA,NA,NA,"Autumn"
"1861","North Delta",1967-06-01,NA,NA,NA,NA,NA,NA,NA,NA,NA,NA,NA,NA,NA,NA,NA,107,NA,NA,NA,"Autumn"
"1862","North Delta",1967-07-01,NA,NA,NA,NA,NA,NA,NA,NA,NA,NA,NA,NA,NA,NA,NA,150,NA,NA,NA,"Autumn"
"1863","North Delta",1967-09-01,NA,NA,NA,NA,NA,NA,NA,NA,NA,NA,NA,NA,NA,NA,NA,150,NA,NA,NA,"Autumn"
"1864","North Delta",1967-11-01,NA,NA,NA,NA,NA,NA,NA,NA,NA,NA,NA,NA,NA,16,NA,132,NA,NA,NA,"Autumn"
"1865","North Delta",1967-12-01,NA,NA,NA,NA,NA,NA,NA,NA,NA,NA,NA,NA,NA,NA,NA,147,NA,NA,NA,"Autumn"
"1866","North Delta",1968-01-01,NA,NA,NA,NA,NA,NA,NA,NA,NA,NA,NA,NA,NA,NA,NA,136,NA,NA,NA,"Autumn"
"1867","North Delta",1968-02-01,NA,NA,NA,NA,NA,NA,NA,NA,NA,NA,NA,NA,NA,NA,NA,177,NA,NA,NA,"Autumn"
"1868","North Delta",1968-03-01,NA,NA,NA,NA,NA,NA,NA,NA,NA,NA,NA,NA,NA,12.2,NA,131,NA,NA,NA,"Autumn"
"1869","North Delta",1968-04-01,NA,NA,NA,NA,NA,NA,NA,NA,NA,NA,NA,NA,NA,NA,NA,156,NA,NA,NA,"Autumn"
"1870","North Delta",1968-05-01,NA,NA,NA,NA,NA,NA,NA,NA,NA,NA,NA,NA,NA,15.6,NA,216,NA,NA,NA,"Autumn"
"1871","North Delta",1968-06-01,NA,NA,NA,NA,NA,NA,NA,NA,NA,NA,NA,NA,NA,21,NA,157,NA,NA,NA,"Autumn"
"1872","North Delta",1968-07-01,NA,NA,NA,NA,NA,NA,NA,NA,NA,NA,NA,NA,NA,20,NA,164,NA,NA,NA,"Autumn"
"1873","North Delta",1968-08-01,NA,NA,NA,NA,NA,NA,NA,NA,NA,NA,45,NA,NA,22.3,NA,201,NA,NA,NA,"Autumn"
"1874","North Delta",1968-09-01,NA,NA,NA,NA,NA,NA,NA,NA,NA,NA,NA,NA,NA,22,NA,230,NA,NA,NA,"Autumn"
"1875","North Delta",1968-10-01,NA,NA,NA,NA,NA,NA,NA,NA,NA,NA,NA,NA,NA,18,NA,155,NA,NA,NA,"Autumn"
"1876","North Delta",1968-11-01,NA,NA,NA,NA,NA,NA,NA,NA,NA,NA,NA,NA,NA,14,NA,167,NA,NA,NA,"Autumn"
"1877","North Delta",1968-12-01,NA,NA,NA,NA,NA,NA,NA,NA,NA,NA,NA,NA,NA,10,NA,156,NA,NA,NA,"Autumn"
"1878","North Delta",1969-02-01,NA,NA,NA,NA,NA,NA,NA,NA,NA,NA,NA,NA,NA,7.8,NA,124,NA,NA,NA,"Autumn"
"1879","North Delta",1969-03-01,NA,NA,NA,NA,NA,NA,NA,NA,NA,NA,NA,NA,NA,9,NA,116,NA,NA,NA,"Autumn"
"1880","North Delta",1969-04-01,NA,NA,NA,NA,NA,NA,NA,NA,NA,NA,NA,NA,NA,12,NA,109,NA,NA,NA,"Autumn"
"1881","North Delta",1969-05-01,NA,NA,NA,NA,NA,NA,NA,NA,NA,NA,NA,NA,NA,15.6,NA,117,NA,NA,NA,"Autumn"
"1882","North Delta",1969-06-01,NA,NA,NA,NA,NA,NA,NA,NA,NA,NA,NA,NA,NA,20,NA,104,NA,NA,NA,"Autumn"
"1883","North Delta",1969-07-01,NA,NA,NA,NA,NA,NA,NA,NA,NA,NA,NA,NA,NA,21,NA,134.25,NA,NA,NA,"Autumn"
"1884","North Delta",1969-08-01,NA,NA,NA,NA,NA,NA,NA,NA,NA,NA,64,NA,NA,23,NA,129.75,NA,NA,NA,"Autumn"
"1885","North Delta",1969-09-01,NA,NA,NA,NA,NA,NA,NA,NA,NA,NA,NA,NA,NA,21,NA,157,NA,NA,NA,"Autumn"
"1886","North Delta",1969-10-01,NA,NA,NA,NA,NA,NA,10,NA,NA,NA,NA,NA,NA,18.5,NA,NA,16693.5483870968,10.4,19483.7741935484,"Autumn"
"1887","North Delta",1969-11-01,NA,NA,NA,NA,NA,NA,11,NA,NA,NA,NA,NA,NA,14.5,NA,NA,16940,10.4,19964.1666666667,"Autumn"
"1888","North Delta",1969-12-01,NA,NA,NA,NA,NA,NA,12,NA,NA,NA,NA,NA,NA,NA,NA,126,35251.6129032258,10.4,46189.9032258065,"Winter"
"1889","North Delta",1970-01-01,NA,NA,NA,NA,NA,NA,1,NA,NA,NA,NA,NA,NA,8,NA,NA,70261.2903225807,10.4,193121.419354839,"Winter"
"1890","North Delta",1970-02-01,NA,NA,NA,NA,NA,NA,2,NA,NA,NA,NA,NA,NA,11,NA,NA,66060.7142857143,10.4,111326.25,"Winter"
"1891","North Delta",1970-03-01,NA,NA,NA,NA,NA,NA,3,NA,NA,NA,NA,NA,NA,10,NA,NA,44206.4516129032,10.4,55985.7741935484,"Spring"
"1892","North Delta",1970-04-01,NA,NA,NA,NA,NA,NA,4,NA,NA,NA,NA,NA,NA,13,NA,NA,14620,10.4,11027,"Spring"
"1893","North Delta",1970-06-01,NA,NA,NA,NA,NA,NA,6,NA,NA,NA,39,NA,NA,22.025,NA,289,11786.6666666667,10.4,6214.46666666667,"Summer"
"1894","North Delta",1970-07-01,NA,NA,NA,NA,NA,NA,7,NA,NA,NA,35,NA,NA,NA,NA,403.5,13174.1935483871,10.4,5256.48387096774,"Summer"
"1895","North Delta",1970-08-01,NA,NA,NA,NA,NA,NA,8,NA,NA,NA,66.5,NA,NA,21.275,11,166.333333333333,14977.4193548387,10.4,7947.41935483871,"Summer"
"1896","North Delta",1970-09-01,NA,NA,NA,NA,NA,NA,9,NA,NA,NA,78,NA,NA,19.75,12,170,18513.3333333333,10.4,14586.5666666667,"Autumn"
"1897","North Delta",1970-10-01,NA,NA,NA,NA,NA,NA,10,NA,NA,NA,NA,NA,NA,16.5,NA,120,15261.2903225806,10.37,13423.4193548387,"Autumn"
"1898","North Delta",1970-11-01,NA,NA,NA,NA,NA,NA,11,NA,NA,NA,NA,NA,NA,14,NA,114,22520,10.37,26116.5666666667,"Autumn"
"1899","North Delta",1970-12-01,NA,NA,NA,NA,NA,NA,12,NA,NA,NA,NA,NA,NA,10.5,NA,113,63970.9677419355,10.37,85368.935483871,"Winter"
"1900","North Delta",1971-01-01,NA,NA,NA,NA,NA,NA,1,NA,NA,NA,NA,NA,NA,NA,NA,134,52322.5806451613,10.37,64189.7741935484,"Winter"
"1901","North Delta",1971-02-01,NA,NA,NA,NA,NA,NA,2,NA,NA,NA,NA,NA,NA,NA,NA,134,31196.4285714286,10.37,34195.6071428571,"Winter"
"1902","North Delta",1971-03-01,NA,NA,NA,NA,NA,NA,3,NA,NA,NA,NA,NA,0.2,10,NA,113,30480.6451612903,10.37,32048.9677419355,"Spring"
"1903","North Delta",1971-04-01,NA,NA,NA,NA,NA,NA,4,NA,NA,NA,NA,NA,0.2,13,NA,117,38270,10.37,36972.3,"Spring"
"1904","North Delta",1971-05-01,NA,NA,NA,NA,NA,NA,5,NA,NA,NA,NA,NA,0.17,15.5,NA,118,29190.3225806452,10.37,26405.8387096774,"Spring"
"1905","North Delta",1971-06-01,NA,NA,NA,NA,NA,NA,6,NA,NA,NA,32,NA,0.08,20,NA,155.5,27550,10.37,21217.8666666667,"Summer"
"1906","North Delta",1971-07-01,NA,NA,NA,NA,NA,NA,7,NA,NA,NA,NA,NA,NA,NA,NA,120,20980.6451612903,10.37,11654.064516129,"Summer"
"1907","North Delta",1971-08-01,NA,NA,NA,NA,NA,NA,8,NA,NA,NA,37.5,NA,NA,NA,NA,134,22464.5161290323,10.37,12987.8709677419,"Summer"
"1908","North Delta",1971-10-01,NA,NA,NA,NA,NA,NA,10,NA,NA,NA,57,NA,NA,17.8,27,158,16070.9677419355,7.29,13957.4193548387,"Autumn"
"1909","North Delta",1972-02-01,NA,NA,NA,NA,NA,NA,2,NA,NA,NA,42,NA,NA,6.1,NA,222,22117.2413793103,7.29,21968.0689655172,"Winter"
"1910","North Delta",1972-03-01,NA,NA,NA,NA,NA,NA,3,NA,NA,NA,20,NA,NA,12.2,NA,135,23896.7741935484,7.29,18127.2903225806,"Spring"
"1911","North Delta",1972-07-01,NA,NA,NA,NA,NA,NA,7,NA,NA,NA,63,NA,NA,NA,NA,175.5,15000,7.29,6210.61290322581,"Summer"
"1912","North Delta",1972-08-01,NA,NA,NA,NA,NA,NA,8,NA,NA,NA,65,NA,NA,20.7,NA,162.5,15658.064516129,7.29,6487,"Summer"
"1913","North Delta",1972-09-01,NA,NA,NA,NA,NA,NA,9,NA,NA,NA,50,NA,NA,18.2,NA,182,16816.6666666667,7.29,10476.0666666667,"Autumn"
"1914","North Delta",1972-10-01,NA,NA,NA,NA,NA,NA,10,NA,NA,NA,69,NA,NA,15.7,NA,136,16077.4193548387,8.58,11935.2258064516,"Autumn"
"1915","North Delta",1972-11-01,NA,NA,NA,NA,NA,NA,11,NA,NA,NA,55,NA,NA,11.3,NA,181,23203.3333333333,8.58,25943.5,"Autumn"
"1916","North Delta",1972-12-01,NA,NA,NA,NA,NA,NA,12,NA,NA,NA,60,NA,NA,5,NA,185,27422.5806451613,8.58,27133.1612903226,"Winter"
"1917","North Delta",1973-01-01,NA,NA,NA,NA,NA,NA,1,NA,NA,NA,NA,NA,NA,7.79166666666667,NA,99.8333333333333,60132.2580645161,8.58,101685.580645161,"Winter"
"1918","North Delta",1973-02-01,NA,NA,NA,NA,NA,NA,2,NA,NA,NA,NA,NA,NA,8,NA,143,65257.1428571429,8.58,102165.071428571,"Winter"
"1919","North Delta",1973-03-01,NA,NA,NA,NA,NA,NA,3,NA,NA,NA,NA,NA,NA,10.5,NA,139,51641.935483871,8.58,76907,"Spring"
"1920","North Delta",1973-04-01,NA,NA,NA,NA,NA,NA,4,NA,NA,NA,NA,NA,NA,15.5,NA,151,20670,8.58,22191.3333333333,"Spring"
"1921","North Delta",1973-05-01,NA,NA,NA,NA,NA,NA,5,NA,NA,NA,NA,NA,NA,17.6666666666667,NA,147.833333333333,16416.1290322581,8.58,11698.7741935484,"Spring"
"1922","North Delta",1973-06-01,NA,NA,NA,NA,NA,NA,6,NA,NA,NA,71,NA,NA,21.86,NA,163,14936.6666666667,8.58,7211.6,"Summer"
"1923","North Delta",1973-07-01,NA,NA,NA,NA,NA,NA,7,NA,NA,NA,80,NA,NA,21.9675,NA,142.5,15167.7419354839,8.58,4598.96774193548,"Summer"
"1924","North Delta",1973-08-01,NA,NA,NA,NA,NA,NA,8,NA,NA,NA,NA,NA,NA,20.5,NA,174,16122.5806451613,8.58,5963.09677419355,"Summer"
"1925","North Delta",1973-09-01,NA,NA,NA,NA,NA,NA,9,NA,NA,NA,55,NA,NA,19.3,NA,183.5,17486.6666666667,8.58,11153.4666666667,"Autumn"
"1926","North Delta",1973-10-01,NA,NA,NA,NA,NA,NA,10,NA,NA,NA,72,NA,NA,15.2,NA,144,16722.5806451613,12.99,14070.8387096774,"Autumn"
"1927","North Delta",1973-11-01,NA,NA,NA,NA,NA,NA,11,NA,NA,NA,19,NA,NA,11.55,NA,94.5,48036.6666666667,12.99,59945.2,"Autumn"
"1928","North Delta",1973-12-01,NA,NA,NA,NA,NA,NA,12,NA,NA,NA,NA,NA,NA,9,NA,114,61632.2580645161,12.99,76406.3870967742,"Winter"
"1929","North Delta",1974-02-01,NA,NA,NA,NA,NA,NA,2,NA,NA,NA,NA,NA,NA,8.5,NA,123,52389.2857142857,12.99,59178.3214285714,"Winter"
"1930","North Delta",1974-03-01,NA,NA,NA,NA,NA,NA,3,NA,NA,NA,NA,NA,NA,9.5,NA,108,64680.6451612903,12.99,77575.4193548387,"Spring"
"1931","North Delta",1974-04-01,NA,NA,NA,NA,NA,NA,4,NA,NA,NA,NA,NA,NA,13.5,NA,118,66283.3333333333,12.99,109547.466666667,"Spring"
"1932","North Delta",1974-05-01,NA,NA,NA,NA,NA,NA,5,NA,NA,NA,NA,NA,NA,16,NA,130,29177.4193548387,12.99,25544.4516129032,"Spring"
"1933","North Delta",1974-06-01,NA,NA,NA,NA,NA,NA,6,NA,NA,NA,58,NA,NA,19.275,NA,127.5,24413.3333333333,12.99,16943.3333333333,"Summer"
"1934","North Delta",1974-07-01,NA,NA,NA,NA,NA,NA,7,NA,NA,NA,72.5,NA,NA,20.345,NA,153,21751.6129032258,12.99,9365.67741935484,"Summer"
"1935","North Delta",1974-08-01,NA,NA,NA,NA,NA,NA,8,NA,NA,NA,NA,NA,NA,22.5,NA,130,23948.3870967742,12.99,12783.7096774194,"Summer"
"1936","North Delta",1974-09-01,NA,NA,NA,NA,NA,NA,9,NA,NA,NA,NA,NA,NA,19.5,NA,149,25060,12.99,20981.0333333333,"Autumn"
"1937","North Delta",1974-10-01,NA,NA,NA,NA,NA,NA,10,NA,NA,NA,NA,NA,NA,16,NA,101,20119.3548387097,9.35,18529.3870967742,"Autumn"
"1938","North Delta",1974-11-01,NA,NA,NA,NA,NA,NA,11,NA,NA,NA,NA,NA,NA,12.5,NA,115,22003.3333333333,9.35,23991.2666666667,"Autumn"
"1939","North Delta",1974-12-01,NA,NA,NA,NA,NA,NA,12,NA,NA,NA,NA,NA,NA,10,NA,126,25645.1612903226,9.35,28017.7096774194,"Winter"
"1940","North Delta",1975-01-01,NA,NA,NA,NA,NA,NA,1,1.54,NA,0.065,94,0.075,NA,8,70.55,143.666666666667,19432.2580645161,9.35,17489.2258064516,"Winter"
"1941","North Delta",1975-02-01,NA,NA,NA,NA,NA,NA,2,3.585,NA,0.11,16.5,0.235,NA,8.66666666666667,59.5,122.666666666667,47517.8571428571,9.35,57330.3571428571,"Winter"
"1942","North Delta",1975-03-01,NA,NA,NA,NA,NA,NA,3,1.85,NA,0.02,26.5,0.08,0.14,12,28.8,131.666666666667,50941.935483871,9.35,66834.1290322581,"Spring"
"1943","North Delta",1975-04-01,NA,NA,NA,NA,NA,NA,4,1.9275,NA,0.025,52.75,0.0625,0.0975,12,32.725,115,33173.3333333333,9.35,34519.2666666667,"Spring"
"1944","North Delta",1975-05-01,NA,NA,NA,NA,NA,NA,5,2.1625,NA,0.055,70.5,0.05,0.0525,15,28.95,94,30264.5161290323,9.35,28795.8064516129,"Spring"
"1945","North Delta",1975-06-01,NA,NA,NA,NA,NA,NA,6,2.315,NA,0.05,65.5,0.0525,0.0525,18.8333333333333,23,92.1666666666667,23710,9.35,22508.1666666667,"Summer"
"1946","North Delta",1975-07-01,NA,NA,NA,NA,NA,NA,7,3.0475,NA,0.08,91.1666666666667,0.065,0.065,19.6666666666667,19.775,109.75,18283.8709677419,9.35,11129.0967741935,"Summer"
"1947","North Delta",1975-08-01,NA,NA,NA,NA,NA,NA,8,1.89,NA,0.115,114.5,0.0625,0.0475,20.3333333333333,18.325,119.833333333333,19496.7741935484,9.35,9523.35483870968,"Summer"
"1948","North Delta",1975-09-01,NA,NA,NA,NA,NA,NA,9,1.12,NA,0.085,96.3333333333333,0.06,0.055,19.275,18.925,120.75,20380,9.35,13419.2666666667,"Autumn"
"1949","North Delta",1975-10-01,NA,NA,NA,NA,NA,NA,10,0.8625,NA,0.145,128.75,0.07,0.0525,14.5,20.65,94.6666666666667,19174.1935483871,5.29,16900.935483871,"Autumn"
"1950","North Delta",1975-11-01,NA,NA,NA,NA,NA,NA,11,1.205,NA,0.11,107.5,0.04,0.045,11,38.25,99.6666666666667,22250,5.29,17921.1333333333,"Autumn"
"1951","North Delta",1975-12-01,NA,NA,NA,NA,NA,NA,12,0.985,NA,0.06,155,0.065,0.09,9.5,39.35,92.6666666666667,25545.1612903226,5.29,19953.8709677419,"Winter"
"1952","North Delta",1976-01-01,NA,NA,NA,NA,NA,NA,1,1.82,NA,0.14,111.5,0.075,0.12,8.33333333333333,16.7,132,15132.2580645161,5.29,9309.8064516129,"Winter"
"1953","North Delta",1976-02-01,NA,NA,NA,NA,NA,NA,2,3.09,NA,0.18,81,0.075,0.12,10.6666666666667,17.95,125.666666666667,12772.4137931034,5.29,7471.31034482759,"Winter"
"1954","North Delta",1976-03-01,NA,NA,NA,NA,NA,NA,3,2.6175,NA,0.085,59.5,0.0625,0.0925,13.1666666666667,16.2,130.666666666667,14574.1935483871,5.29,7788.1935483871,"Spring"
"1955","North Delta",1976-04-01,NA,NA,NA,NA,NA,NA,4,6.2875,NA,0.1125,69.75,0.1025,0.065,14,14.925,132.166666666667,12724.3333333333,5.29,8728.93333333333,"Spring"
"1956","North Delta",1976-05-01,NA,NA,NA,NA,NA,NA,5,13.82,NA,0.19,61.75,0.0925,0.08,19.6666666666667,27,153.333333333333,10909.6774193548,5.29,3937.48387096774,"Spring"
"1957","North Delta",1976-06-01,NA,NA,NA,NA,NA,NA,6,18.8725,NA,0.11,67.25,0.14,0.095,20.5,30.35,174.666666666667,10934.6666666667,5.29,3775.13333333333,"Summer"
"1958","North Delta",1976-07-01,NA,NA,NA,NA,NA,NA,7,17.06,NA,0.18,55.1666666666667,0.145,0.075,22.5324447740595,24.35,159.25,12077.4193548387,5.29,4185.70967741936,"Summer"
"1959","North Delta",1976-08-01,NA,NA,NA,NA,NA,NA,8,14.01,NA,0.06,61.25,0.135,0.085,22,19.175,182.166666666667,13348.3870967742,5.29,4393.54838709677,"Summer"
"1960","North Delta",1976-09-01,NA,NA,NA,NA,NA,NA,9,6.675,NA,0.08,57.75,0.1775,0.1575,21,15.625,214.666666666667,12510,5.29,3582.96666666667,"Autumn"
"1961","North Delta",1976-10-01,NA,NA,NA,NA,NA,NA,10,5.5575,NA,0.1025,63.6666666666667,0.1625,0.17,18.6,23.025,192.75,8102.90322580645,3.11,3611.48387096774,"Autumn"
"1962","North Delta",1976-11-01,NA,NA,NA,NA,NA,NA,11,3.705,NA,0.135,69.6666666666667,0.125,0.075,14.25,26.25,174.75,7823.33333333333,3.11,3643.43333333333,"Autumn"
"1963","North Delta",1976-12-01,NA,NA,NA,NA,NA,NA,12,1.975,NA,0.3,124.5,0.09,0.12,8.83333333333333,35.65,117,7742.90322580645,3.11,4213.06451612903,"Winter"
"1964","North Delta",1977-01-01,NA,NA,NA,NA,NA,NA,1,3.585,NA,0.23,72.3333333333333,0.105,0.1,7.275,32.6,289.5,9801.61290322581,3.11,4362.61290322581,"Winter"
"1965","North Delta",1977-02-01,NA,NA,NA,NA,NA,NA,2,8.18,NA,0.18,70,0.11,0.16,12.3333333333333,32.35,178,8002.85714285714,3.11,4878.25,"Winter"
"1966","North Delta",1977-03-01,NA,NA,NA,NA,NA,NA,3,21.65,NA,0.235,62.5,0.14,0.0925,11.6666666666667,41.925,174.833333333333,6572.90322580645,3.11,3007.25806451613,"Spring"
"1967","North Delta",1977-04-01,NA,NA,NA,NA,NA,NA,4,43.6125,NA,0.135,52.25,0.155,0.0475,17.3333333333333,18.125,194.166666666667,5961,3.11,2977.03333333333,"Spring"
"1968","North Delta",1977-05-01,NA,NA,NA,NA,NA,NA,5,28.365,NA,0.13,56.75,0.145,0.125,16.8333333333333,13.05,196.333333333333,7596.77419354839,3.11,3909.35483870968,"Spring"
"1969","North Delta",1977-06-01,NA,NA,NA,NA,NA,NA,6,24.3175,NA,0.26,50.5,0.175,0.1125,23.3133333333333,14.525,410.166666666667,6865.33333333333,3.11,2383.16666666667,"Summer"
"1970","North Delta",1977-07-01,NA,NA,NA,NA,NA,NA,7,9.79,NA,0.135,57.8380282563223,0.1525,0.165,22.9373894427304,39.4,302.375,8248.38709677419,3.11,3049.1935483871,"Summer"
"1971","North Delta",1977-08-01,NA,NA,NA,NA,NA,NA,8,9.415,NA,0.1025,59.8333333333333,0.14,0.14,23.8175,44.475,376.875,7686.77419354839,3.11,2382.61290322581,"Summer"
"1972","North Delta",1977-09-01,NA,NA,NA,NA,NA,NA,9,8.645,NA,0.2325,49.7,0.1925,0.16,20.8833333333333,29.95,620.916666666667,6838,3.11,2717.26666666667,"Autumn"
"1973","North Delta",1977-10-01,NA,NA,NA,NA,NA,NA,10,9.96,NA,0.2225,43,0.1825,0.3375,18.5,21.825,1149.66666666667,4494.1935483871,8.65,2045.90322580645,"Autumn"
"1974","North Delta",1977-11-01,NA,NA,NA,NA,NA,NA,11,5.1875,NA,0.2,49.3333333333333,0.16,0.315,13.7888888888889,19.1,543.142857142857,6687.33333333333,8.65,4003.43333333333,"Autumn"
"1975","North Delta",1977-12-01,NA,NA,NA,NA,NA,NA,12,2.705,NA,0.275,44.1666666666667,0.14,0.23,10.9857142857143,13.4,620.571428571429,11745.4838709677,8.65,8569.87096774194,"Winter"
"1976","North Delta",1978-01-01,NA,NA,NA,NA,NA,NA,1,2.96,NA,0.08,11,0.22,0.5,11.5,8,143,45490.3225806452,8.65,66157.0322580645,"Winter"
"1977","North Delta",1978-02-01,NA,NA,NA,NA,NA,NA,2,1.85,NA,0.12,11,0.15,0.34,9.5,16.7,144,44703.5714285714,8.65,56158.5714285714,"Winter"
"1978","North Delta",1978-03-01,NA,NA,NA,NA,NA,NA,3,2.1,NA,0.05,18,0.14,0.21,11.5,33.2,111,55570.9677419355,8.65,85618.6129032258,"Spring"
"1979","North Delta",1978-04-01,NA,NA,NA,NA,NA,NA,4,2.24,NA,0.05,38,NA,0.225,14,37.05,123.5,38883.3333333333,8.65,61170.1333333333,"Spring"
"1980","North Delta",1978-05-01,NA,NA,NA,NA,NA,NA,5,2.775,NA,0.09,30,NA,0.165,15.5,25.6,110,25193.5483870968,8.65,40758.8709677419,"Spring"
"1981","North Delta",1978-06-01,NA,NA,NA,NA,NA,NA,6,12.63,NA,0.155,59.3015872637431,NA,0.17,21.0062790119837,25.8,186.5,12660,8.65,8945.4,"Summer"
"1982","North Delta",1978-07-01,NA,NA,NA,NA,NA,NA,7,4.51,NA,0.12,51.75,NA,0.14,22.5633333333333,33.4,151.833333333333,14300,8.65,3853.61290322581,"Summer"
"1983","North Delta",1978-08-01,NA,NA,NA,NA,NA,NA,8,2.47,NA,0.12,73,NA,0.095,21.5,19.65,149,15967.7419354839,8.65,5813.93548387097,"Summer"
"1984","North Delta",1978-09-01,NA,NA,NA,NA,NA,NA,9,2.225,NA,0.155,44.7142857142857,NA,0.115,19.1333333333333,41.5,202.9375,17933.3333333333,8.65,11717.9666666667,"Autumn"
"1985","North Delta",1978-10-01,NA,NA,NA,NA,NA,NA,10,2.655,NA,0.21,105.071428571429,NA,0.155,18.25,14.45,150.875,12487.0967741935,6.67,9599.96774193548,"Autumn"
"1986","North Delta",1978-11-01,NA,NA,NA,NA,NA,NA,11,1.36,NA,0.25,72,0.14,0.17,9.83333333333333,21.5,156,12443.3333333333,6.67,10928.0666666667,"Autumn"
"1987","North Delta",1978-12-01,NA,NA,NA,NA,NA,NA,12,1.61,NA,0.19,68.7142857142857,0.1,0.15,8.08571428571429,22.9,160.625,13203.2258064516,6.67,8779.70967741935,"Winter"
"1988","North Delta",1979-01-01,NA,NA,NA,NA,NA,NA,1,3.9,0.13,NA,18,0.26,0.49,9,33.8,166.5,23190.3225806452,6.67,30522.4516129032,"Winter"
"1989","North Delta",1979-02-01,NA,NA,NA,NA,NA,NA,2,2.1,NA,NA,39.1428571428571,0.16,0.28,10.3375,30.7,214.375,32442.8571428571,6.67,46341.0714285714,"Winter"
"1990","North Delta",1979-03-01,NA,NA,NA,NA,NA,NA,3,2.535,0.06,NA,39,NA,0.215,12,18.7,133.25,29164.5161290323,6.67,38086.8064516129,"Spring"
"1991","North Delta",1979-04-01,NA,NA,NA,NA,NA,NA,4,2.32,0.15,NA,47.5,NA,0.165,14.75,12.4,179.75,16546.6666666667,6.67,14484.6,"Spring"
"1992","North Delta",1979-05-01,NA,NA,NA,NA,NA,NA,5,3.93,0.11,NA,67.5,NA,0.14,18.25,10.3,148.75,17983.8709677419,6.67,13434.7096774194,"Spring"
"1993","North Delta",1979-06-01,NA,NA,NA,NA,NA,NA,6,3.155,0.205,NA,76.199999988079,NA,0.13,20.288889541626,19.65,142.75,12206.6666666667,6.67,5315.76666666667,"Summer"
"1994","North Delta",1979-07-01,NA,NA,NA,NA,NA,NA,7,3.095,0.14,NA,60.5,NA,0.12,22.2766666666667,24.05,146.777777777778,16412.9032258065,6.67,5264.41935483871,"Summer"
"1995","North Delta",1979-08-01,NA,NA,NA,NA,NA,NA,8,NA,0.125,NA,77.5,NA,0.11,21.25,19.95,167,15677.4193548387,6.67,3356.58064516129,"Summer"
"1996","North Delta",1979-09-01,NA,NA,NA,NA,NA,NA,9,2.4,0.19,NA,62.5,NA,0.1,21.25,13,222.75,14566.6666666667,6.67,4971.7,"Autumn"
"1997","North Delta",1979-10-01,NA,NA,NA,NA,NA,NA,10,NA,0.21,NA,97,NA,0.145,16.75,17.76,NA,12577.4193548387,9.04,7798.64516129032,"Autumn"
"1998","North Delta",1979-11-01,NA,NA,NA,NA,NA,NA,11,0.78,0.17,NA,86,0.1,0.18,11.8365384615384,13.6,180,15200,9.04,12172.0666666667,"Autumn"
"1999","North Delta",1979-12-01,NA,NA,NA,NA,NA,NA,12,0.62,0.15,NA,88,0.12,0.17,9.453125,10.6,157,20319.3548387097,9.04,19028.5483870968,"Winter"
"2000","North Delta",1980-01-01,NA,NA,NA,NA,NA,NA,1,NA,NA,NA,NA,NA,NA,9.87931034482759,NA,NA,58635.4838709677,9.04,118220.129032258,"Winter"
"2001","North Delta",1980-02-01,NA,NA,NA,NA,NA,NA,2,1.24,0.07,NA,34,0.11,0.23,10.1209677419355,19.6,145,52575.8620689655,9.04,121654.793103448,"Winter"
"2002","North Delta",1980-03-01,NA,NA,NA,NA,NA,NA,3,3.555,0.035,NA,24.5,NA,0.145,11.2583333333334,20.15,124.5,55338.7096774194,9.04,99151.8387096774,"Spring"
"2003","North Delta",1980-04-01,NA,NA,NA,NA,NA,NA,4,4.175,0.105,NA,71,NA,0.155,13.4814814814815,19.95,143.5,22586.6666666667,9.04,28628.3666666667,"Spring"
"2004","North Delta",1980-05-01,NA,NA,NA,NA,NA,NA,5,6.18,0.14,NA,85,NA,0.12,17.6574074074074,17.65,146,15893.5483870968,9.04,20803.5161290323,"Spring"
"2005","North Delta",1980-06-01,NA,NA,NA,NA,NA,NA,6,5.175,0.125,NA,76.9374997516473,NA,0.13,19.2586206896551,8.795,162,17813.3333333333,9.04,14790.3,"Summer"
"2006","North Delta",1980-07-01,NA,NA,NA,NA,NA,NA,7,NA,0.13,NA,81.5,NA,0.1,20.4502777777778,6.2,136,17725.8064516129,9.04,11065.2258064516,"Summer"
"2007","North Delta",1980-08-01,NA,NA,NA,NA,NA,NA,8,2.415,0.135,NA,79.5,NA,0.09,22.5860606060606,11.55,158,14916.1290322581,9.04,4121.67741935484,"Summer"
"2008","North Delta",1980-09-01,NA,NA,NA,NA,NA,NA,9,NA,0.125,NA,71,NA,0.085,20.0357142857143,12.845,232.5,15886.6666666667,9.04,9803,"Autumn"
"2009","North Delta",1980-10-01,NA,NA,NA,NA,NA,NA,10,NA,0.27,NA,100,NA,0.135,16.0576923076923,8.365,156.5,11343.5483870968,6.21,7320.83870967742,"Autumn"
"2010","North Delta",1980-11-01,NA,NA,NA,NA,NA,NA,11,1.36,0.26,NA,79,0.18,0.15,12.25,10.3,154,10871.6666666667,6.21,6661.8,"Autumn"
"2011","North Delta",1980-12-01,NA,NA,NA,NA,NA,NA,12,1.73,0.14,NA,36,0.13,0.31,8.83928571428572,5.61,154,16687.0967741935,6.21,12486.8064516129,"Winter"
"2012","North Delta",1981-01-01,NA,NA,NA,NA,NA,NA,1,NA,0.21,NA,70,0.12,0.21,9.56666666666665,3.72,160,18509.6774193548,6.21,18325.2580645161,"Winter"
"2013","North Delta",1981-02-01,NA,NA,NA,NA,NA,NA,2,NA,0.17,NA,40,0.12,0.23,11.5666666666667,4.3,182,24239.2857142857,6.21,21171.3928571429,"Winter"
"2014","North Delta",1981-03-01,NA,NA,NA,NA,NA,NA,3,2.97,0.095,NA,35,0.125,0.17,12.5972222222222,20.345,153,24509.6774193548,6.21,26483.2580645161,"Spring"
"2015","North Delta",1981-04-01,NA,NA,NA,NA,NA,NA,4,1.545,0.16,NA,69,NA,0.175,16.3181818181818,8.855,199.5,17224.3333333333,6.21,11647.6666666667,"Spring"
"2016","North Delta",1981-05-01,NA,NA,NA,NA,NA,NA,5,1.78,0.195,NA,78,NA,0.145,19.2727272727273,7.71,175,13780.6451612903,6.21,9142.54838709677,"Spring"
"2017","North Delta",1981-06-01,NA,NA,NA,NA,NA,NA,6,1.165,0.21,NA,82.6062800089518,NA,0.165,22.9379091067936,7.21,193.75,10728.6666666667,6.21,4595.8,"Summer"
"2018","North Delta",1981-07-01,NA,NA,NA,NA,NA,NA,7,0.625,0.14,NA,63.5,NA,0.11,22.8044444444444,2.645,181,15303.2258064516,6.21,5305.74193548387,"Summer"
"2019","North Delta",1981-08-01,NA,NA,NA,NA,NA,NA,8,NA,0.165,NA,82.5,NA,0.09,22.0555555555556,2.73,187.5,14851.6129032258,6.21,3148.1935483871,"Summer"
"2020","North Delta",1981-09-01,NA,NA,NA,NA,NA,NA,9,0.545,0.215,NA,80,NA,0.12,21.4791666666667,3.37,241.5,12803.3333333333,6.21,4695.86666666667,"Autumn"
"2021","North Delta",1981-10-01,NA,NA,NA,NA,NA,NA,10,0.39,0.255,NA,95,NA,0.19,17.8333333333333,10,193.5,9895.16129032258,12.76,5213.77419354839,"Autumn"
"2022","North Delta",1981-11-01,NA,NA,NA,NA,NA,NA,11,2.32,0.14,NA,39,0.22,0.31,14.725,79,233,32939.3333333333,12.76,36000.6,"Autumn"
"2023","North Delta",1981-12-01,NA,NA,NA,NA,NA,NA,12,NA,0.09,NA,34,0.13,0.17,10.84375,12.6,128,62058.064516129,12.76,86287.3870967742,"Winter"
"2024","North Delta",1982-01-01,NA,NA,NA,NA,NA,NA,1,1.24,0.06,NA,48,0.08,0.21,8.1,12.1,135,64609.6774193548,12.76,97674.0322580645,"Winter"
"2025","North Delta",1982-02-01,NA,NA,NA,NA,NA,NA,2,1.39,0.09,NA,78,0.08,0.18,8.85,9.6,139,59432.1428571429,12.76,92555.1785714286,"Winter"
"2026","North Delta",1982-03-01,NA,NA,NA,NA,NA,NA,3,3.475,0.04,NA,38.5,NA,0.11,11.1666666666667,7.78,119,62812.9032258065,12.76,80088.3870967742,"Spring"
"2027","North Delta",1982-04-01,NA,NA,NA,NA,NA,NA,4,3.86,0.04,NA,22,0.1,0.07,11.625,8.1,75,76580,12.76,142192.366666667,"Spring"
"2028","North Delta",1982-05-01,NA,NA,NA,NA,NA,NA,5,2.93,0.08,NA,49,0.09,0.11,16.75,7.5,143,42358.064516129,12.76,57781.9677419355,"Spring"
"2029","North Delta",1982-06-01,NA,NA,NA,NA,NA,NA,6,3.32,0.105,NA,64,0.085,0.115,19.8222222222222,5.05,143,25810,12.76,28123,"Summer"
"2030","North Delta",1982-07-01,NA,NA,NA,NA,NA,NA,7,1.705,0.145,NA,85.25,NA,0.135,21.8133333333333,17.4,180.25,17632.2580645161,12.76,16740.8387096774,"Summer"
"2031","North Delta",1982-08-01,NA,NA,NA,NA,NA,NA,8,1.7,0.105,NA,64,NA,0.08,21.09375,11.3,149.5,20609.6774193548,12.76,13309.2580645161,"Summer"
"2032","North Delta",1982-09-01,NA,NA,NA,NA,NA,NA,9,1.545,0.11,NA,61.5,NA,0.095,18.1416666666667,19.2,177,24856.6666666667,12.76,25801.8333333333,"Autumn"
"2033","North Delta",1982-10-01,NA,NA,NA,NA,NA,NA,10,0.775,0.11,NA,96.75,NA,0.125,15.8,13.75,143.5,19229.0322580645,15.29,22975.3870967742,"Autumn"
"2034","North Delta",1982-11-01,NA,NA,NA,NA,NA,NA,11,1.24,0.12,NA,52,0.12,0.19,13,14.2,155,31523.3333333333,15.29,39152.3333333333,"Autumn"
"2035","North Delta",1982-12-01,NA,NA,NA,NA,NA,NA,12,2.32,0.05,NA,16,0.13,0.17,9.875,10.6,98,57706.4516129032,15.29,88908,"Winter"
"2036","North Delta",1983-01-01,NA,NA,NA,NA,NA,NA,1,1.24,0.06,NA,38,0.09,0.18,7,5.9,134,47512.9032258065,15.29,89761.5483870968,"Winter"
"2037","North Delta",1983-02-01,NA,NA,NA,NA,NA,NA,2,0.93,0.1,NA,12,0.16,0.11,9.5,7.5,105,79039.2857142857,15.29,175756.25,"Winter"
"2038","North Delta",1983-03-01,NA,NA,NA,NA,NA,NA,3,0.77,0.04,NA,24,0.09,0.11,10.75,7.4,95,78290.3225806452,15.29,266623.161290323,"Spring"
"2039","North Delta",1983-04-01,NA,NA,NA,NA,NA,NA,4,3.71,0.04,NA,16,0.08,0.09,12,18,106,60510,15.29,118099.733333333,"Spring"
"2040","North Delta",1983-05-01,NA,NA,NA,NA,NA,NA,5,4.32,0.03,NA,24,0.1,0.08,13,37.8,111,62283.8709677419,15.29,98658.8387096774,"Spring"
"2041","North Delta",1983-06-01,NA,NA,NA,NA,NA,NA,6,2.16,0.04,NA,64,0.05,0.07,17.125,24.7,98,48380,15.29,70929.4,"Summer"
"2042","North Delta",1983-07-01,NA,NA,NA,NA,NA,NA,7,0.31,0.07,NA,64.5,0.06,0.08,18.275,16.9,99.5,31000,15.29,43759.1935483871,"Summer"
"2043","North Delta",1983-08-01,NA,NA,NA,NA,NA,NA,8,0.31,0.18,NA,34,0.07,0.08,21,14,110,25038.7096774194,15.29,24484.0967741935,"Summer"
"2044","North Delta",1983-09-01,NA,NA,NA,NA,NA,NA,9,0.93,0.11,NA,65,0.08,0.11,19.1666666666667,13.4,163.5,24616.6666666667,15.29,31441.5666666667,"Autumn"
"2045","North Delta",1983-10-01,NA,NA,NA,NA,NA,NA,10,0.46,0.08,NA,74,0.08,0.08,16.2,7.9,127.5,21148.3870967742,10,32282.6451612903,"Autumn"
"2046","North Delta",1983-11-01,NA,NA,NA,NA,NA,NA,11,0.96,0.12,NA,66,0.1,0.14,14.05,17.9,161.5,48820,10,74137.1333333333,"Autumn"
"2047","North Delta",1983-12-01,NA,NA,NA,NA,NA,NA,12,1.08,0.05,NA,24,0.12,0.16,9,10.7,121,74512.9032258065,10,154586.870967742,"Winter"
"2048","North Delta",1984-01-01,NA,NA,NA,NA,NA,NA,1,0.77,0.06,NA,36,0.09,0.22,8,13.3,141,56803.2258064516,10,100905.806451613,"Winter"
"2049","North Delta",1984-02-01,NA,NA,NA,NA,NA,NA,2,2.16,0.11,NA,68,0.09,0.23,9.75,15.08,163,32372.4137931034,10,41515.4482758621,"Winter"
"2050","North Delta",1984-03-01,NA,NA,NA,NA,NA,NA,3,2.01,0.12,NA,39,0.08,0.15,11,47.01,158,31425.8064516129,10,34915.5161290323,"Spring"
"2051","North Delta",1984-04-01,NA,NA,NA,NA,NA,NA,4,1.24,0.2,NA,67,0.11,0.2,14,14.51,165,17933.3333333333,10,14637.1333333333,"Spring"
"2052","North Delta",1984-05-01,NA,NA,NA,NA,NA,NA,5,3.71,0.24,NA,62,0.11,0.11,16,12.58,154,15406.4516129032,10,11092.7741935484,"Spring"
"2053","North Delta",1984-06-01,NA,NA,NA,NA,NA,NA,6,3.4,0.14,NA,100,0.1,0.07,19,13.49,147,14990,10,7925,"Summer"
"2054","North Delta",1984-07-01,NA,NA,NA,NA,NA,NA,7,1.005,0.12,NA,72,NA,0.065,22,14.115,134,21632.2580645161,10,10127.4193548387,"Summer"
"2055","North Delta",1984-08-01,NA,NA,NA,NA,NA,NA,8,0.93,0.064956793183228,NA,63,NA,0.0346160463942215,21.5,13.575,159.75,18783.8709677419,10,8178.61290322581,"Summer"
"2056","North Delta",1984-09-01,NA,NA,NA,NA,NA,NA,9,1.39,0.185,NA,79.5,NA,0.085,20.35,14.165,189,17693.3333333333,10,13586.2333333333,"Autumn"
"2057","North Delta",1984-10-01,NA,NA,NA,NA,NA,NA,10,1.24,0.22,NA,100,0.11,0.14,16,11.48,152,13235.4838709677,6.47,11899.3225806452,"Autumn"
"2058","North Delta",1984-11-01,NA,NA,NA,NA,NA,NA,11,2.62,0.07,NA,18,0.23,0.2,10,7.5,152,26280,6.47,25952.7333333333,"Autumn"
"2059","North Delta",1984-12-01,NA,NA,NA,NA,NA,NA,12,1.08,0.0426107045565732,NA,46,0.07,0.16,9,6.7,141,32558.064516129,6.47,31066.3225806452,"Winter"
"2060","North Delta",1985-01-01,NA,NA,NA,NA,NA,NA,1,1.39,0.14,NA,96,0.09,0.2,8,7.6,174,16790.3225806452,6.47,15120.2258064516,"Winter"
"2061","North Delta",1985-02-01,NA,NA,NA,NA,NA,NA,2,4.17,0.13,NA,40,0.12,0.22,8,7.5,147,18271.4285714286,6.47,15589.9285714286,"Winter"
"2062","North Delta",1985-03-01,NA,NA,NA,NA,NA,NA,3,2.775,0.235,NA,97,NA,0.17,12.5,7.45,182.5,14309.6774193548,6.47,10409.8064516129,"Spring"
"2063","North Delta",1985-04-01,NA,NA,NA,NA,NA,NA,4,5.325,0.17,NA,99,NA,0.105,16.5,7.65,167.5,12495.3333333333,6.47,6846.1,"Spring"
"2064","North Delta",1985-05-01,NA,NA,NA,NA,NA,NA,5,3.705,0.165,NA,111,NA,0.19,18,5.5,159.5,13432.2580645161,6.47,7290.67741935484,"Spring"
"2065","North Delta",1985-06-01,NA,NA,NA,NA,NA,NA,6,7.33,0.235,NA,75,NA,0.045,22.75,12.3,159.5,13310,6.47,5113.33333333333,"Summer"
"2066","North Delta",1985-07-01,NA,NA,NA,NA,NA,NA,7,1.39,0.21,NA,63,NA,0.075,22,4.85,152.5,16035.4838709677,6.47,4835.38709677419,"Summer"
"2067","North Delta",1985-08-01,NA,NA,NA,NA,NA,NA,8,0.54,0.185,NA,80.5,NA,0.065,21.5,2.1,189,13448.3870967742,6.47,2248.48387096774,"Summer"
"2068","North Delta",1985-09-01,NA,NA,NA,NA,NA,NA,9,0.695,0.235,NA,62.5,NA,0.09,19.7,3.25,226.75,12192,6.47,3174.6,"Autumn"
"2069","North Delta",1985-10-01,NA,NA,NA,NA,NA,NA,10,1.16,0.195,NA,74.5,NA,0.035,16.2571428571429,3.35,185,9710.64516129032,9.96,3365.54838709677,"Autumn"
"2070","North Delta",1985-11-01,NA,NA,NA,NA,NA,NA,11,1.24,0.35,NA,125,0.16,0.07,12.35,8,188.5,10417.6666666667,9.96,6889.7,"Autumn"
"2071","North Delta",1985-12-01,NA,NA,NA,NA,NA,NA,12,3.24,0.1,NA,43,0.2,0.265,8.63333333333333,78,213,16106.4516129032,9.96,9430.16129032258,"Winter"
"2072","North Delta",1986-01-01,NA,NA,NA,NA,NA,NA,1,0.77,0.33,NA,96,0.18,0.2,9,52,237,19964.5161290323,9.96,15208.8387096774,"Winter"
"2073","North Delta",1986-02-01,NA,NA,NA,NA,NA,NA,2,1.7,0.14,NA,38,0.14,0.23,10,80,190,68892.8571428571,9.96,205414.107142857,"Winter"
"2074","North Delta",1986-03-01,NA,NA,NA,NA,NA,NA,3,1.24,0.04,NA,20,0.1,0.1,11.8214285714285,33,89,74983.8709677419,9.96,169447.483870968,"Spring"
"2075","North Delta",1986-04-01,NA,NA,NA,NA,NA,NA,4,2.93,0.16,NA,52,0.1,0.21,14,18,149,25826.6666666667,9.96,46539.0666666667,"Spring"
"2076","North Delta",1986-05-01,NA,NA,NA,NA,NA,NA,5,4.48,0.15,NA,80,0.11,0.18,19,14,160,12761.2903225806,9.96,15810.1290322581,"Spring"
"2077","North Delta",1986-06-01,NA,NA,NA,NA,NA,NA,6,3.245,0.11,NA,56.5,0.125,0.1325,21.74,9,229,11820,9.96,9222.7,"Summer"
"2078","North Delta",1986-07-01,NA,NA,NA,NA,NA,NA,7,1.315,0.135,NA,64,0.11,0.08,21,9.5,143,16880.6451612903,9.96,7292.90322580645,"Summer"
"2079","North Delta",1986-08-01,NA,NA,NA,NA,NA,NA,8,1.24,0.21,NA,76,NA,0.075,23,8.5,157,15112.9032258065,9.96,5054.25806451613,"Summer"
"2080","North Delta",1986-09-01,NA,NA,NA,NA,NA,NA,9,0.695,0.08,NA,45,NA,0.0678519519232214,20.1333333333333,11,235.5,18140,9.96,10725.9333333333,"Autumn"
"2081","North Delta",1986-10-01,NA,NA,NA,NA,NA,NA,10,0.77,0.0928837252571248,NA,100,0.11,0.095,15.25,7,132.5,15445.1612903226,5.86,10608.4193548387,"Autumn"
"2082","North Delta",1986-11-01,NA,NA,NA,NA,NA,NA,11,0.62,0.0929220519127557,NA,68,0.11,0.12,13.55,7,154,12680,5.86,7731.66666666667,"Autumn"
"2083","North Delta",1986-12-01,NA,NA,NA,NA,NA,NA,12,0.77,0.142124197022058,NA,91.5,0.14,0.1475,10.1166666666667,10,160.5,13109.6774193548,5.86,8986.35483870968,"Winter"
"2084","North Delta",1987-01-01,NA,NA,NA,NA,NA,NA,1,2.32,0.1075,NA,66,0.12,0.235,9.125,6,161,13170.9677419355,5.86,10818.1612903226,"Winter"
"2085","North Delta",1987-02-01,NA,NA,NA,NA,NA,NA,2,1.7,0.0925,NA,38,0.13,0.235,9.75,7,164,17403.5714285714,5.86,16859.1428571429,"Winter"
"2086","North Delta",1987-03-01,NA,NA,NA,NA,NA,NA,3,0.77,0.3,NA,98,0.12,0.19,12.5357142857143,9,182,21577.4193548387,5.86,22915.9677419355,"Spring"
"2087","North Delta",1987-04-01,NA,NA,NA,NA,NA,NA,4,1.39,0.1325,NA,80,NA,0.16,16.875,13,171.5,11826.3333333333,5.86,6212.23333333333,"Spring"
"2088","North Delta",1987-05-01,NA,NA,NA,NA,NA,NA,5,NA,0.125,NA,94.5,NA,0.1225,19,9,168.25,9996.12903225806,5.86,4845.03225806452,"Spring"
"2089","North Delta",1987-06-01,NA,NA,NA,NA,NA,NA,6,0.93,0.3,NA,56.5,NA,0.115,21.8916666666667,6,210.25,10067.3333333333,5.86,3382.16666666667,"Summer"
"2090","North Delta",1987-07-01,NA,NA,NA,NA,NA,NA,7,1.465,0.195,NA,60,NA,0.146682315302314,21.125,5.5,151,15141.935483871,5.86,3723.83870967742,"Summer"
"2091","North Delta",1987-08-01,NA,NA,NA,NA,NA,NA,8,0.85,0.115146411703899,NA,64,NA,0.0470883398444858,21.5,7,154,14438.7096774194,5.86,2772.12903225806,"Summer"
"2092","North Delta",1987-09-01,NA,NA,NA,NA,NA,NA,9,1.005,0.255,NA,68,NA,0.085,20.6888888888889,7,231.25,11625,5.86,1737.36666666667,"Autumn"
"2093","North Delta",1987-10-01,NA,NA,NA,NA,NA,NA,10,NA,0.29,NA,84.5,NA,0.0807881278498098,18.6333333333333,9,174.5,9509.03225806452,4.65,3761.25806451613,"Autumn"
"2094","North Delta",1987-11-01,NA,NA,NA,NA,NA,NA,11,1.545,0.35,NA,95.75,0.17,0.15,14.3,6,219.5,8129.33333333333,4.65,4291.03333333333,"Autumn"
"2095","North Delta",1987-12-01,NA,NA,NA,NA,NA,NA,12,1.24,0.305,NA,88,0.24,0.2425,9.26666666666667,5,194,15743.8709677419,4.65,9454.09677419355,"Winter"
"2096","North Delta",1988-01-01,NA,NA,NA,NA,NA,NA,1,0.93,0.06,NA,16,0.19,0.285,9,3,159,25400,4.65,19590.7096774194,"Winter"
"2097","North Delta",1988-02-01,NA,NA,NA,NA,NA,NA,2,NA,0.22,NA,119,0.16,0.2175,10.625,4,215.5,12187.9310344828,4.65,3039.31034482759,"Winter"
"2098","North Delta",1988-03-01,NA,NA,NA,NA,NA,NA,3,1.005,0.31,NA,102,NA,0.135,14.4285714285715,7,189.785714285715,11348.3870967742,4.65,4480.64516129032,"Spring"
"2099","North Delta",1988-04-01,NA,NA,NA,NA,NA,NA,4,1.39,0.119378345326986,NA,70,NA,0.16,14.6253564785688,8.5,154,16886.6666666667,4.65,11417.4333333333,"Spring"
"2100","North Delta",1988-05-01,NA,NA,NA,NA,NA,NA,5,1.39,0.133644003747031,NA,86,NA,0.145,17.0322756013416,7.5,171,10973.8709677419,4.65,4658.64516129032,"Spring"
"2101","North Delta",1988-06-01,NA,NA,NA,NA,NA,NA,6,1.465,0.24,NA,90.3529409275336,NA,0.105,19.5370529579515,5,188.75,10578.3333333333,4.65,3082.06666666667,"Summer"
"2102","North Delta",1988-07-01,NA,NA,NA,NA,NA,NA,7,0.895,0.1575,NA,63.5,NA,0.0671851239854004,22.1366666666667,7.5,279,14641.935483871,4.65,3731.64516129032,"Summer"
"2103","North Delta",1988-08-01,NA,NA,NA,NA,NA,NA,8,0.615,0.14,NA,89,NA,0.0403268301696516,22,6,170.25,13287.0967741935,4.65,2304.87096774194,"Summer"
"2104","North Delta",1988-09-01,NA,NA,NA,NA,NA,NA,9,0.61,0.111539596245857,NA,81.75,NA,0.0747197921283078,21.15,3,281,11536.6666666667,4.65,2250.93333333333,"Autumn"
"2105","North Delta",1988-10-01,NA,NA,NA,NA,NA,NA,10,1.16,0.425,NA,85,0.175,0.085,19.0333333333333,8,275.75,9314.1935483871,6.13,3141.64516129032,"Autumn"
"2106","North Delta",1988-11-01,NA,NA,NA,NA,NA,NA,11,1.24,0.5,NA,96.5,0.2,0.1,13.7333333333333,6,217.666666666667,11355.6666666667,6.13,6619.3,"Autumn"
"2107","North Delta",1988-12-01,NA,NA,NA,NA,NA,NA,12,0.15,0.38,NA,76,0.15,0.51,9.5,7,180,12387.7419354839,6.13,7230.93548387097,"Winter"
"2108","North Delta",1989-01-01,NA,NA,NA,NA,NA,NA,1,1.7,0.2,NA,68,0.12,0.31,7.75,6,213,12825.1612903226,6.13,3603.8064516129,"Winter"
"2109","North Delta",1989-02-01,NA,NA,NA,NA,NA,NA,2,1.39,0.35,NA,112,0.17,0.19,8.5,92,218,12057.1428571429,6.13,6378.53571428571,"Winter"
"2110","North Delta",1989-03-01,NA,NA,NA,NA,NA,NA,3,1.7,0.07,NA,22,0.12,0.12,12.5,87,100,43374.1935483871,6.13,38928.3225806452,"Spring"
"2111","North Delta",1989-04-01,NA,NA,NA,NA,NA,NA,4,2.005,0.285,NA,82.115384560365,NA,0.12,16.2649576284947,41,150.75,21273.3333333333,6.13,11686.5,"Spring"
"2112","North Delta",1989-05-01,NA,NA,NA,NA,NA,NA,5,1.545,0.19,NA,85.9798849937559,NA,0.105,17.1262243278182,20.5,143,13799.3548387097,6.13,7378.61290322581,"Spring"
"2113","North Delta",1989-06-01,NA,NA,NA,NA,NA,NA,6,1,0.265,NA,66.0032364851449,NA,0.115,19.9811493179173,9,216,13286.6666666667,6.13,6155.73333333333,"Summer"
"2114","North Delta",1989-07-01,NA,NA,NA,NA,NA,NA,7,1.695,0.215,NA,74,NA,0.075,21.25,8,134.5,18767.7419354839,6.13,6162.61290322581,"Summer"
"2115","North Delta",1989-08-01,NA,NA,NA,NA,NA,NA,8,1.08,0.215,NA,87,NA,0.065,20.5,7.5,146.5,18319.3548387097,6.13,4468.54838709677,"Summer"
"2116","North Delta",1989-09-01,NA,NA,NA,NA,NA,NA,9,1.12,0.32,NA,61.5,NA,0.15,19.4,10.5,294,16463.3333333333,6.13,6445.96666666667,"Autumn"
"2117","North Delta",1989-10-01,NA,NA,NA,NA,NA,NA,10,1.08,0.345,NA,74,NA,0.13,16.6333333333333,8,203.75,14274.1935483871,4.81,4887.45161290323,"Autumn"
"2118","North Delta",1989-11-01,NA,NA,NA,NA,NA,NA,11,0.31,0.3,NA,84,0.12,0.18,13.6333333333333,6,181.5,14830,4.81,5477.8,"Autumn"
"2119","North Delta",1989-12-01,NA,NA,NA,NA,NA,NA,12,0.62,0.34,NA,110.5,0.13,0.14,9.76666666666667,7,258.5,15396.7741935484,4.81,4399.16129032258,"Winter"
"2120","North Delta",1990-01-01,NA,NA,NA,NA,NA,NA,1,2.62,0.09,NA,20,0.17,0.14,9.91666666666666,6,129,18909.6774193548,4.81,9885.74193548387,"Winter"
"2121","North Delta",1990-02-01,NA,NA,NA,NA,NA,NA,2,3.24,0.145,NA,60.8333338319457,0.21,0.195,8.11834268569946,68,168,13803.5714285714,4.81,6787.57142857143,"Winter"
"2122","North Delta",1990-03-01,NA,NA,NA,NA,NA,NA,3,0.93,0.28,NA,79.5714287564868,0.13,0.1,12.582011580364,23,195,12867.7419354839,4.81,3813.12903225806,"Spring"
"2123","North Delta",1990-04-01,NA,NA,NA,NA,NA,NA,4,3.01,0.305,NA,95,0.105,0.085,15.71875,22,156.5,15271.3333333333,4.81,5922.76666666667,"Spring"
"2124","North Delta",1990-05-01,NA,NA,NA,NA,NA,NA,5,1.695,0.37,NA,121,NA,0.16,17.5,18,169,10402.2580645161,4.81,7700.16129032258,"Spring"
"2125","North Delta",1990-06-01,NA,NA,NA,NA,NA,NA,6,1.39,0.32,NA,92,NA,0.075,21.5733333333333,8.5,205,10518.6666666667,4.81,4846.43333333333,"Summer"
"2126","North Delta",1990-07-01,NA,NA,NA,NA,NA,NA,7,1.125,0.285,NA,94,NA,0.055,22.665,6,166,13506.4516129032,4.81,3965.83870967742,"Summer"
"2127","North Delta",1990-08-01,NA,NA,NA,NA,NA,NA,8,1.435,0.34,NA,84,NA,0.065,23,6.5,178,13838.7096774194,4.81,4460.87096774194,"Summer"
"2128","North Delta",1990-09-01,NA,NA,NA,NA,NA,NA,9,NA,0.395,NA,63.6,NA,0.1,21.5074074074074,6.5,270.1,10029.3333333333,4.81,2450.16666666667,"Autumn"
"2129","North Delta",1990-10-01,NA,NA,NA,NA,NA,NA,10,0.86,0.41,NA,81.6666666666667,0.2,0.11,19.8666666666667,9,217,7620.32258064516,4.21,3405.09677419355,"Autumn"
"2130","North Delta",1990-11-01,NA,NA,NA,NA,NA,NA,11,0.45,0.4,NA,85.5,NA,0.11,13.1833333333333,7,306.833333333333,7722.66666666667,4.21,4494.93333333333,"Autumn"
"2131","North Delta",1990-12-01,NA,NA,NA,NA,NA,NA,12,1.84,0.38,NA,93.6,0.19,0.09,9,NA,289.333333333333,10818.3870967742,4.21,6383.45161290323,"Winter"
"2132","North Delta",1991-01-01,NA,NA,NA,NA,NA,NA,1,2.9,0.36,NA,108,0.12,0.09,7.49166666666667,6,207.833333333333,8983.87096774194,4.21,3972.93548387097,"Winter"
"2133","North Delta",1991-02-01,NA,NA,NA,NA,NA,NA,2,2.7,0.44,NA,77.4166666666667,0.18,0.16,10.1,7,250.083333333333,8133.21428571429,4.21,7361.46428571429,"Winter"
"2134","North Delta",1991-03-01,NA,NA,NA,NA,NA,NA,3,2.1,0.24,NA,34.0833333333333,NA,0.52,11.6192307692308,18.5,214.666666666667,25754.8387096774,4.21,24579.3870967742,"Spring"
"2135","North Delta",1991-04-01,NA,NA,NA,NA,NA,NA,4,1.815,0.305,NA,72.4545458013361,NA,0.28,15.6540410157406,29,216.5,10879,4.21,3701.4,"Spring"
"2136","North Delta",1991-05-01,NA,NA,NA,NA,NA,NA,5,1.035,0.425,NA,77.8943088607091,NA,0.155,16.5763331234939,11.5,204,7331.93548387097,4.21,3862.03225806452,"Spring"
"2137","North Delta",1991-06-01,NA,NA,NA,NA,NA,NA,6,0.995,0.26,NA,75.9000000059605,NA,0.105,21.648135327271,6.5,208.5,8929.66666666667,4.21,4002.23333333333,"Summer"
"2138","North Delta",1991-07-01,NA,NA,NA,NA,NA,NA,7,0.805,0.3,NA,92,0.155,0.115,22,8.5,178.5,9514.1935483871,4.21,3318.48387096774,"Summer"
"2139","North Delta",1991-08-01,NA,NA,NA,NA,NA,NA,8,0.735,0.245,NA,94.5,NA,0.36,23,4.5,155.5,9514.83870967742,4.21,2557.64516129032,"Summer"
"2140","North Delta",1991-09-01,NA,NA,NA,NA,NA,NA,9,0.6,0.42,NA,66,NA,0.08,21.4333333333333,7.5,327.25,9948,4.21,3760.93333333333,"Autumn"
"2141","North Delta",1991-10-01,NA,NA,NA,NA,NA,NA,10,0.68,0.56,NA,79,NA,0.105,20.5875,7.5,165.75,9398.06451612903,4.06,3909.09677419355,"Autumn"
"2142","North Delta",1991-11-01,NA,NA,NA,NA,NA,NA,11,0.83,0.4,NA,76.625,0.15,0.15,14.7375,5,301.625,6958.33333333333,4.06,3909.33333333333,"Autumn"
"2143","North Delta",1991-12-01,NA,NA,NA,NA,NA,NA,12,0.52,0.42,NA,92.625,0.18,0.16,9.45247481562875,5,246.092592592593,9259.35483870968,4.06,7622.51612903226,"Winter"
"2144","North Delta",1992-01-01,NA,NA,NA,NA,NA,NA,1,1.56,0.32,NA,70.2726377333243,0.15,0.34,8.27591321440194,4,225.933333333333,10440.9677419355,4.06,6413.38709677419,"Winter"
"2145","North Delta",1992-02-01,NA,NA,NA,NA,NA,NA,2,1.93,0.14,NA,93.6521291216979,0.16,0.29,9.68126450867212,22,220.214285714286,26061.3793103448,4.06,28758.8275862069,"Winter"
"2146","North Delta",1992-03-01,NA,NA,NA,NA,NA,NA,3,1.49,0.145,NA,38.367138353604,NA,0.26,13.9878407391186,12.5,262.15625,20335.4838709677,4.06,13282.6774193548,"Spring"
"2147","North Delta",1992-04-01,NA,NA,NA,NA,NA,NA,4,1.025,0.28,NA,84,NA,0.225,17.5,22.5,227.5,9448.33333333333,4.06,6258.43333333333,"Spring"
"2148","North Delta",1992-05-01,NA,NA,NA,NA,NA,NA,5,NA,0.575,NA,91.5825236792703,NA,0.185,21.4484905502171,8,190,6413.87096774194,4.06,3254.58064516129,"Spring"
"2149","North Delta",1992-06-01,NA,NA,NA,NA,NA,NA,6,0.955,0.34,NA,57.9305556166319,NA,0.09,22.1658520037333,8,341.111111111111,8510,4.06,3426,"Summer"
"2150","North Delta",1992-07-01,NA,NA,NA,NA,NA,NA,7,1.645,0.285,NA,125.5,NA,0.075,22,3.5,145,8308.70967741935,4.06,2982.74193548387,"Summer"
"2151","North Delta",1992-08-01,NA,NA,NA,NA,NA,NA,8,0.885,0.18,NA,130,NA,0.05,23.5,8,154.5,8717.74193548387,4.06,2824.45161290323,"Summer"
"2152","North Delta",1992-09-01,NA,NA,NA,NA,NA,NA,9,0.095,0.23,NA,65.5399060495583,NA,0.082,20.6469484665024,6.5,230.884615384615,9815,4.06,3366.06666666667,"Autumn"
"2153","North Delta",1992-10-01,NA,NA,NA,NA,NA,NA,10,0.465,0.415,NA,87.3571428571429,NA,0.115,19.676834531616,7,199.884615384615,6645.16129032258,8.54,4350.48387096774,"Autumn"
"2154","North Delta",1992-11-01,NA,NA,NA,NA,NA,NA,11,0.46,0.51,NA,77.9636076100265,0.17,0.21,15.3579642492005,5,241.785714285714,6380,8.54,4125.83333333333,"Autumn"
"2155","North Delta",1992-12-01,NA,NA,NA,NA,NA,NA,12,NA,0.00179636253742501,NA,49.4352941513062,0.2,0.18,9.47734905995821,4,219.489583333333,12440.3225806452,8.54,11602.7419354839,"Winter"
"2156","North Delta",1993-01-01,NA,NA,NA,NA,NA,NA,1,2.5,0.1,NA,12.3115941909776,0.24,0.45,7.06728566034117,48,191.357142857143,48261.2903225806,8.54,57885.8709677419,"Winter"
"2157","North Delta",1993-02-01,NA,NA,NA,NA,NA,NA,2,1.82,0.13,NA,16.4652080499865,0.33,0.34,10.3812501192093,23,244.785714285714,48596.4285714286,8.54,55021.6428571429,"Winter"
"2158","North Delta",1993-03-01,NA,NA,NA,NA,NA,NA,3,2.79,0.1,NA,56.5083526156545,0.11,0.28,14.6747033955925,17,231,49338.7096774194,8.54,63968.6129032258,"Spring"
"2159","North Delta",1993-04-01,NA,NA,NA,NA,NA,NA,4,3.63,0.04,NA,36.0088415957672,0.09,0.15,14.0130340164401,11,182.153846153846,43213.3333333333,8.54,44295.9333333333,"Spring"
"2160","North Delta",1993-05-01,NA,NA,NA,NA,NA,NA,5,2.92,0.21,NA,67.9933634988002,0.07,0.12,16.6481493186246,22,142.076923076923,24954.8387096774,8.54,25188.1935483871,"Spring"
"2161","North Delta",1993-06-01,NA,NA,NA,NA,NA,NA,6,2.13,0.05,NA,46.907608387155,0.09,0.09,18.2845046154543,26,112.388888888889,30473.3333333333,8.54,27078.2,"Summer"
"2162","North Delta",1993-07-01,NA,NA,NA,NA,NA,NA,7,NA,0.21,NA,101,NA,0.075,20.75,24,306.25,19861.2903225806,8.54,9449.67741935484,"Summer"
"2163","North Delta",1993-08-01,NA,NA,NA,NA,NA,NA,8,2.08,0.14,NA,71.9285714285714,0.05,0.08,21.05,9,134.071428571429,21080.6451612903,8.54,9421.90322580645,"Summer"
"2164","North Delta",1993-09-01,NA,NA,NA,NA,NA,NA,9,1.54,0.12,NA,53.7242800988288,0.06,0.13,19.8128395603321,6,199.125,15826.6666666667,8.54,5305.83333333333,"Autumn"
"2165","North Delta",1993-10-01,NA,NA,NA,NA,NA,NA,10,0.65,0.36,NA,101.296296366939,0.1,0.15,17.9779109483703,6,160.625,13819.3548387097,5.02,5117.83870967742,"Autumn"
"2166","North Delta",1993-11-01,NA,NA,NA,NA,NA,NA,11,1.08,0.4,NA,113.444444444444,0.1,0.18,12.5613274337461,5,178.375,12093.3333333333,5.02,7380.6,"Autumn"
"2167","North Delta",1993-12-01,NA,NA,NA,NA,NA,NA,12,1.25,0.33,NA,74.3547007263216,0.12,0.21,10.0347009265117,6,171.037037037037,20341.935483871,5.02,12360.8387096774,"Winter"
"2168","North Delta",1994-01-01,NA,NA,NA,NA,NA,NA,1,1.62,0.41,NA,103.792573628215,0.09,0.18,8.8959383170217,4,191.7,14190.3225806452,5.02,10787.1612903226,"Winter"
"2169","North Delta",1994-02-01,NA,NA,NA,NA,NA,NA,2,1.22,0.33,NA,47.7552379923207,0.1,0.29,9.47452394894191,13,254.769230769231,20196.4285714286,5.02,20557.0357142857,"Winter"
"2170","North Delta",1994-03-01,NA,NA,NA,NA,NA,NA,3,1.08,0.29,NA,76.862426028214,0.07,0.26,14.1077136772846,11,232.461538461538,13460.6451612903,5.02,10595.0967741935,"Spring"
"2171","North Delta",1994-04-01,NA,NA,NA,NA,NA,NA,4,1.27,0.34,NA,101.481341877024,0.08,0.16,16.0922899682067,11,237.461538461538,8435,5.02,8149.66666666667,"Spring"
"2172","North Delta",1994-05-01,NA,NA,NA,NA,NA,NA,5,2.39,0.33,NA,107.539944901611,0.09,0.12,18.6326912493745,4,167,8847.74193548387,5.02,7941.22580645161,"Spring"
"2173","North Delta",1994-06-01,NA,NA,NA,NA,NA,NA,6,NA,0.275,NA,80.6666666666667,0.075,0.06,21.8710280513763,31,224.5,8091,5.02,3781.5,"Summer"
"2174","North Delta",1994-07-01,NA,NA,NA,NA,NA,NA,7,0.565,0.27,NA,91,NA,0.05,22.71,54.5,200.666666666667,11863.8709677419,5.02,4494.64516129032,"Summer"
"2175","North Delta",1994-08-01,NA,NA,NA,NA,NA,NA,8,NA,0.2,NA,94.2666666666667,0.08,0.04,22.7333333333333,33,176.833333333333,12145.1612903226,5.02,3334.64516129032,"Summer"
"2176","North Delta",1994-09-01,NA,NA,NA,NA,NA,NA,9,0.56,0.365,NA,74.4916666428248,NA,0.07,19.7152778793784,40.5,244.035714285714,14413.3333333333,5.02,5505.93333333333,"Autumn"
"2177","North Delta",1994-10-01,NA,NA,NA,NA,NA,NA,10,0.31,NA,NA,95.2142857142857,NA,NA,18.0743505726842,18,293.8,8255.16129032258,12.89,3217.1935483871,"Autumn"
"2178","North Delta",1994-11-01,NA,NA,NA,NA,NA,NA,11,0.62,0.39,NA,101.214285714286,0.11,0.21,10.8746405908173,7,239.153846153846,9488.66666666667,12.89,5356.16666666667,"Autumn"
"2179","North Delta",1994-12-01,NA,NA,NA,NA,NA,NA,12,2.21,0.19,NA,69.3571428571429,0.14,0.79,8.08309716452547,17,219.611111111111,16371.2903225806,12.89,9629.48387096774,"Winter"
"2180","North Delta",1995-01-01,NA,NA,NA,NA,NA,NA,1,0.59,0.05,NA,9.91645408110047,0.16,0.25,10.4488161898227,9,164.692307692308,62209.6774193548,12.89,107487.483870968,"Winter"
"2181","North Delta",1995-02-01,NA,NA,NA,NA,NA,NA,2,1.02,0.05,NA,31.5,0.13,0.21,10.2133333333333,8,932.714285714286,58182.1428571429,12.89,72835.9642857143,"Winter"
"2182","North Delta",1995-03-01,NA,NA,NA,NA,NA,NA,3,1.25,0.06,NA,12.4939393925847,0.09,0.13,11.3016070679856,5,644.222222222222,71922.5806451613,12.89,200644.903225806,"Spring"
"2183","North Delta",1995-04-01,NA,NA,NA,NA,NA,NA,4,3.01,0.04,NA,30.8551260383189,0.09,0.1,13.1973214888573,46,224.733333333333,61436.6666666667,12.89,90836.9,"Spring"
"2184","North Delta",1995-05-01,NA,NA,NA,NA,NA,NA,5,3.41,0.03,NA,42.8459258801407,0.07,0.05,14.58,19,140.875,63180.6451612903,12.89,98047.4838709677,"Spring"
"2185","North Delta",1995-06-01,NA,NA,NA,NA,NA,NA,6,1.34,0.12,NA,56.625,0.05,0.11,16.9190172835293,10,151.366666666667,38956.6666666667,12.89,46754.0333333333,"Summer"
"2186","North Delta",1995-07-01,NA,NA,NA,NA,NA,NA,7,1.28,0.08,NA,59.7450000504653,0.06,0.08,19.2025003274282,6,147.875,29232.2580645161,12.89,26789.2258064516,"Summer"
"2187","North Delta",1995-08-01,NA,NA,NA,NA,NA,NA,8,0.83,0.16,NA,67.1383332769076,0.08,0.09,21.984,6,131,18716.1290322581,12.89,10875.7741935484,"Summer"
"2188","North Delta",1995-09-01,NA,NA,NA,NA,NA,NA,9,1.59,0.15,NA,68.9655555493302,0.09,0.11,19.3197713160047,7,179.666666666667,23270,12.89,19629.4,"Autumn"
"2189","North Delta",1995-10-01,NA,NA,NA,NA,NA,NA,10,1.4,0.41,NA,90.8122710555028,0.11,0.19,16.8717593389444,4,133.533333333333,14145.1612903226,10.26,11371.3548387097,"Autumn"
"2190","North Delta",1995-11-01,NA,NA,NA,NA,NA,NA,11,0.85,0.31,NA,100.178021951385,0.22,0.2,14.7095279562255,9,155.214285714286,12610,10.26,8383.36666666667,"Autumn"
"2191","North Delta",1995-12-01,NA,NA,NA,NA,NA,NA,12,NA,0.15,NA,70,0.17,0.37,12.8021395964573,8,165.769230769231,24570.9677419355,10.26,27709.0322580645,"Winter"
"2192","North Delta",1996-01-01,NA,NA,NA,NA,NA,NA,1,2.5,0.07,NA,58.7339774501688,0.11,0.32,10.4041331607554,9,203.785714285714,32867.7419354839,10.26,32144.3548387097,"Winter"
"2193","North Delta",1996-02-01,NA,NA,NA,NA,NA,NA,2,1.48,0.022962423178833,NA,34.4363636401266,0.08,0.14,11.9717961466674,8,155.733333333333,75272.4137931034,10.26,126912.482758621,"Winter"
"2194","North Delta",1996-03-01,NA,NA,NA,NA,NA,NA,3,2.81,0.024369920026511,NA,28.9552238785805,0.08,0.13,12.0057318150108,5,169.933333333333,56235.4838709677,10.26,89147.8064516129,"Spring"
"2195","North Delta",1996-04-01,NA,NA,NA,NA,NA,NA,4,2.58,0.0474396135401912,NA,51.3890909185915,0.08,0.165,14.61,6,170.3,35983.3333333333,10.26,42032.4,"Spring"
"2196","North Delta",1996-05-01,NA,NA,NA,NA,NA,NA,5,2.44,0.080175575488247,NA,75.125,0.06,0.12,16.8087181988391,6,131.125,40112.9032258065,10.26,46021.0322580645,"Spring"
"2197","North Delta",1996-06-01,NA,NA,NA,NA,NA,NA,6,2.36,0.0597758042905479,NA,66.3333333653562,0.06,0.085,20.2510351897844,29,149,23533.3333333333,10.26,15269.7333333333,"Summer"
"2198","North Delta",1996-07-01,NA,NA,NA,NA,NA,NA,7,1.5,0.105,NA,86.4180216776323,0.06,0.085,21.6909371225178,11,139.5,20683.8709677419,10.26,9156.09677419355,"Summer"
"2199","North Delta",1996-08-01,NA,NA,NA,NA,NA,NA,8,1.78,0.07,NA,75.0634920592031,0.06,0.065,22.5066666666667,5,142.533333333333,21303.2258064516,10.26,9592.25806451613,"Summer"
"2200","North Delta",1996-09-01,NA,NA,NA,NA,NA,NA,9,1.51,0.102209097193554,NA,62.3788113553395,0.08,0.13,19.7833333333333,NA,184.666666666667,17600,10.26,7292.63333333333,"Autumn"
"2201","North Delta",1996-10-01,NA,NA,NA,NA,NA,NA,10,4.51,0.194950142267626,NA,97.0687321772603,0.09,0.1,18.0615432069331,6,143.785714285714,12690.3225806452,10.82,4768.96774193548,"Autumn"
"2202","North Delta",1996-11-01,NA,NA,NA,NA,NA,NA,11,3.09,0.140820453481283,NA,125.433183829667,0.08,0.105,13.2066666666667,6,142.2,15500,10.82,10035.4333333333,"Autumn"
"2203","North Delta",1996-12-01,NA,NA,NA,NA,NA,NA,12,4.3,0.13,NA,39.4951612855638,0.16,0.25,10.5318681318681,5,100.75,58419.3548387097,10.82,84409.8709677419,"Winter"
"2204","North Delta",1997-01-01,NA,NA,NA,NA,NA,NA,1,0.23,0.06,NA,13.9729730055945,0.16,0.2,10.2265765508016,6,68,87109.6774193548,10.82,262461.483870968,"Winter"
"2205","North Delta",1997-02-01,NA,NA,NA,NA,NA,NA,2,1.78,0.0317115376936272,NA,20.6980676360176,0.11,0.165,10.0880434725941,6,136.888888888889,57328.5714285714,10.82,118675.892857143,"Winter"
"2206","North Delta",1997-03-01,NA,NA,NA,NA,NA,NA,3,2.79,0.10387720896164,NA,39.0377952823802,0.07,0.215,11.7051673166395,5,147.785714285714,24467.7419354839,10.82,33774.8709677419,"Spring"
"2207","North Delta",1997-04-01,NA,NA,NA,NA,NA,NA,4,9.45,0.39,NA,62.7751380915141,0.08,0.19,16.5368017095375,5,218.625,13493.3333333333,10.82,14212.8666666667,"Spring"
"2208","North Delta",1997-05-01,NA,NA,NA,NA,NA,NA,5,6.3,0.14919057270512,NA,55.8896174445178,0.08,0.1175,20.1612932629055,6,227.8,11408.7096774194,10.82,12349.7419354839,"Spring"
"2209","North Delta",1997-06-01,NA,NA,NA,NA,NA,NA,6,2.96,0.167248564440524,NA,51.2194444098406,0.1,0.1375,21.194880945569,5,171.333333333333,15223.3333333333,10.82,8306.66666666667,"Summer"
"2210","North Delta",1997-07-01,NA,NA,NA,NA,NA,NA,7,1.93,0.3,NA,54.8166666108149,0.1,0.08,21.3958730370658,10,292.8,20838.7096774194,10.82,9383.09677419355,"Summer"
"2211","North Delta",1997-08-01,NA,NA,NA,NA,NA,NA,8,1.61,0.26,NA,74.9939393741916,0.09,0.05,21.37463925277,7,145.071428571429,18716.1290322581,10.82,8717.83870967742,"Summer"
"2212","North Delta",1997-09-01,NA,NA,NA,NA,NA,NA,9,0.96,0.121744838654995,NA,63.0259739832058,0.08,0.115,21.2932528474114,8,199.733333333333,14000,10.82,3976.5,"Autumn"
"2213","North Delta",1997-10-01,NA,NA,NA,NA,NA,NA,10,1.53,0.42,NA,78.2142857142857,0.09,0.12,16.3933333333333,10,160.357142857143,12009.0322580645,13.31,4842,"Autumn"
"2214","North Delta",1997-11-01,NA,NA,NA,NA,NA,NA,11,0.73,0.351373036557343,NA,93.3735772458276,0.11,0.16,14.576524391843,10,177.666666666667,14793.3333333333,13.31,10013.5333333333,"Autumn"
"2215","North Delta",1997-12-01,NA,NA,NA,NA,NA,NA,12,1.68,0.26,NA,24.0714285714286,0.18,0.4,10.7552380952381,6,165.357142857143,22009.6774193548,13.31,14613.6774193548,"Winter"
"2216","North Delta",1998-01-01,NA,NA,NA,NA,NA,NA,1,1.02,0.00131565760355443,NA,38.9250000330309,0.1,0.27,9.73438461978619,5,191.888888888889,51783.8709677419,13.31,68871.4838709677,"Winter"
"2217","North Delta",1998-02-01,NA,NA,NA,NA,NA,NA,2,NA,0.06,NA,22.3333333314229,0.14,0.18,10.3065244546915,3,189,81367.8571428571,13.31,224704.035714286,"Winter"
"2218","North Delta",1998-03-01,NA,NA,NA,NA,NA,NA,3,0.85,0.045,NA,33.4444444444444,0.1,0.195,12.5675615942029,37,149.6,63829.0322580645,13.31,104584.387096774,"Spring"
"2219","North Delta",1998-04-01,NA,NA,NA,NA,NA,NA,4,2.88,0.08,NA,41.7972222136127,0.07,0.16,14.7333501685268,NA,191,57683.3333333333,13.31,88661.2333333333,"Spring"
"2220","North Delta",1998-05-01,NA,NA,NA,NA,NA,NA,5,1.18,0.08,NA,39.6079999566078,0.05,0.12,15.4187307673234,27,162.25,48251.6129032258,13.31,67140.3225806452,"Spring"
"2221","North Delta",1998-06-01,NA,NA,NA,NA,NA,NA,6,2.71,0.05,NA,34.2101333006223,0.1,0.105,19.1426148017601,54,168.066666666667,55690,13.31,71643.1666666667,"Summer"
"2222","North Delta",1998-07-01,NA,NA,NA,NA,NA,NA,7,1.86,0.19,NA,56,0.06,0.11,20.9308333333333,13,168.9,26796.7741935484,13.31,31360.1935483871,"Summer"
"2223","North Delta",1998-08-01,NA,NA,NA,NA,NA,NA,8,1.68,0.2,NA,60.3333333333333,0.07,0.08,20.8925,11,177.5,25177.4193548387,13.31,20010.2580645161,"Summer"
"2224","North Delta",1998-09-01,NA,NA,NA,NA,NA,NA,9,1.44,0.115,NA,62.4222221946475,0.08,0.11,19.1142857142857,14,160.214285714286,25316.6666666667,13.31,20116.7333333333,"Autumn"
"2225","North Delta",1998-10-01,NA,NA,NA,NA,NA,NA,10,1.54,0.23,NA,83.5336734792408,0.06,0.13,15.3600952352796,9,157.461538461538,15758.064516129,9.8,12297.3870967742,"Autumn"
"2226","North Delta",1998-11-01,NA,NA,NA,NA,NA,NA,11,1.1,0.31,NA,72.3512043685022,0.1,0.19,12.6002797206799,10,167,20920,9.8,20569.7666666667,"Autumn"
"2227","North Delta",1998-12-01,NA,NA,NA,NA,NA,NA,12,1.2,0.0349727511662059,NA,37.3300781045109,0.09,0.19,8.95553126475215,13,123.666666666667,44374.1935483871,9.8,47241.2903225806,"Winter"
"2228","North Delta",1999-01-01,NA,NA,NA,NA,NA,NA,1,2.1,0.2,NA,74.1371158743299,0.07,0.22,8.24273050101936,10,207.5,34503.2258064516,9.8,38021.7096774194,"Winter"
"2229","North Delta",1999-02-01,NA,NA,NA,NA,NA,NA,2,2.7,0.13,NA,29.7434173751946,0.04,0.2,9.29650007624445,8,150.214285714286,67146.4285714286,9.8,98804.3571428571,"Winter"
"2230","North Delta",1999-03-01,NA,NA,NA,NA,NA,NA,3,2.8,0.05,NA,37.1845122974249,0.07,0.1,10.7534286812696,12,127,56838.7096774194,9.8,69107.1290322581,"Spring"
"2231","North Delta",1999-04-01,NA,NA,NA,NA,NA,NA,4,2.32,0.0937738402583636,NA,41.4327272253687,0.08,0.165,13.7349831684511,15,208.4,30676.6666666667,9.8,35493.8,"Spring"
"2232","North Delta",1999-05-01,NA,NA,NA,NA,NA,NA,5,3.09,0.22,NA,57.75,0.06,0.12,16.5733333333333,6,184.5,19735.4838709677,9.8,22229.2903225806,"Spring"
"2233","North Delta",1999-06-01,NA,NA,NA,NA,NA,NA,6,2.77,0.32,NA,65.6307691830855,0.07,0.11,20.2266826765354,5,199.75,17236.6666666667,9.8,13768.4,"Summer"
"2234","North Delta",1999-07-01,NA,NA,NA,NA,NA,NA,7,2.36,0.128188378857449,NA,73.4621211913499,0.06,0.065,20.6730681818182,5,147.666666666667,22241.935483871,9.8,10579,"Summer"
"2235","North Delta",1999-08-01,NA,NA,NA,NA,NA,NA,8,2.5,0.21,NA,57.7327273152091,0.07,0.06,21.0786796432759,12,180.166666666667,18029.0322580645,9.8,6020.35483870968,"Summer"
"2236","North Delta",1999-09-01,NA,NA,NA,NA,NA,NA,9,1.99,0.31,NA,68.7717996506169,0.1,0.1,19.8765259727874,21,214.5,15830,9.8,4831.6,"Autumn"
"2237","North Delta",1999-10-01,NA,NA,NA,NA,NA,NA,10,1.59,0.33,NA,95.4615384615385,0.08,0.11,17.926,6,141.384615384615,12380.6451612903,8.94,4280.09677419355,"Autumn"
"2238","North Delta",1999-11-01,NA,NA,NA,NA,NA,NA,11,1.22,0.2,NA,91.1922398556267,0.12,0.105,14.7652695043818,8,148.285714285714,13843.3333333333,8.94,6804.16666666667,"Autumn"
"2239","North Delta",1999-12-01,NA,NA,NA,NA,NA,NA,12,1.54,0.27,NA,66.6837606837607,0.15,0.15,9.66061538461538,7,144.285714285714,16548.3870967742,8.94,10467.2903225806,"Winter"
"2240","North Delta",2000-01-01,NA,NA,NA,NA,NA,NA,1,NA,0.37,NA,82.8266886445458,0.08,0.14,9.17553750698955,7,155.25,24338.7096774194,8.94,21545.5806451613,"Winter"
"2241","North Delta",2000-02-01,NA,NA,NA,NA,NA,NA,2,1.57,0.12,NA,25.0606060606061,0.09,0.2,11.1302923976608,7,137.416666666667,62372.4137931034,8.94,94092.275862069,"Winter"
"2242","North Delta",2000-03-01,NA,NA,NA,NA,NA,NA,3,1.72,0.06,NA,43.2790588140488,0.06,0.12,12.4796583850932,5,159.125,58561.2903225806,8.94,87838.3548387097,"Spring"
"2243","North Delta",2000-04-01,NA,NA,NA,NA,NA,NA,4,5.52,0.131111430977471,NA,65.75,0.05,0.14,16.8893135435993,7,190.6,26640,8.94,27294.3,"Spring"
"2244","North Delta",2000-05-01,NA,NA,NA,NA,NA,NA,5,3.14,0.24,NA,57.1597222152684,0.07,0.08,18.5026190435319,8,156.866666666667,20448.3870967742,8.94,22146.1290322581,"Spring"
"2245","North Delta",2000-06-01,NA,NA,NA,NA,NA,NA,6,3.74,0.34,NA,43.9333332826694,0.08,0.1,21.9389807662964,9,153.6,16086.6666666667,8.94,8942.4,"Summer"
"2246","North Delta",2000-07-01,NA,NA,NA,NA,NA,NA,7,3.08,0.139435025015846,NA,61.8873015755699,0.08,0.0378129790851381,20.9818055582046,8,134,20848.3870967742,8.94,9220.64516129032,"Summer"
"2247","North Delta",2000-08-01,NA,NA,NA,NA,NA,NA,8,2.64,0.110605925885029,NA,94.4613635214892,0.08,0.06,21.3461363619024,7,159.333333333333,17696.7741935484,8.94,6098.1935483871,"Summer"
"2248","North Delta",2000-09-01,NA,NA,NA,NA,NA,NA,9,2.3,0.32,NA,61.5518518355158,0.09,0.08,21.7020635029626,7,233.666666666667,15163.3333333333,8.94,4662.63333333333,"Autumn"
"2249","North Delta",2000-10-01,NA,NA,NA,NA,NA,NA,10,2.29,0.09,NA,82.327584097735,0.08,0.1,17.7134898199862,8,177.428571428571,11683.8709677419,5.76,5736.58064516129,"Autumn"
"2250","North Delta",2000-11-01,NA,NA,NA,NA,NA,NA,11,0.86,0.25,NA,111.755505265244,0.1,0.17,11.4143019898868,5,159.428571428571,12283.3333333333,5.76,4742.9,"Autumn"
"2251","North Delta",2000-12-01,NA,NA,NA,NA,NA,NA,12,2.02,0.235820921002887,NA,83.5578004899232,0.11,0.15,10.3893437994928,3,1363.53333333333,13670.9677419355,5.76,5996.61290322581,"Winter"
"2252","North Delta",2001-01-01,NA,NA,NA,NA,NA,NA,1,2.4,0.42,NA,48.3097048102565,0.07,0.14,8.41380754473348,4,152.285714285714,17190.3225806452,5.76,15211.4516129032,"Winter"
"2253","North Delta",2001-02-01,NA,NA,NA,NA,NA,NA,2,4.58,0.2,NA,35.1771350339166,0.11,0.29,9.8671917107765,4,222.923076923077,20867.8571428571,5.76,19567.9285714286,"Winter"
"2254","North Delta",2001-03-01,NA,NA,NA,NA,NA,NA,3,2.22,0.103513430072926,NA,29.297169584733,0.14,0.205,14.798094017094,4,257.555555555556,24696.7741935484,5.76,23427.3870967742,"Spring"
"2255","North Delta",2001-04-01,NA,NA,NA,NA,NA,NA,4,2.47,0.46,NA,58.033333295158,0.08,0.18,15.8080911783343,46,222.375,12306,5.76,12219.0666666667,"Spring"
"2256","North Delta",2001-05-01,NA,NA,NA,NA,NA,NA,5,5.7,0.65,NA,43.6106945019629,0.1,0.17,20.760463491682,5,233.666666666667,9060,5.76,9706.83870967742,"Spring"
"2257","North Delta",2001-06-01,NA,NA,NA,NA,NA,NA,6,3.36,0.23527021410875,NA,49.1593750018626,0.08,0.095,22.0500707070707,5,186,12383.3333333333,5.76,7509.2,"Summer"
"2258","North Delta",2001-07-01,NA,NA,NA,NA,NA,NA,7,2.83,0.45,NA,54.8566666305065,0.1,0.08,21.8041666772631,5,208.666666666667,14935.4838709677,5.76,4722.77419354839,"Summer"
"2259","North Delta",2001-08-01,NA,NA,NA,NA,NA,NA,8,2.6,0.4,NA,76.0809523860614,0.09,0.07,22.5599047589983,8,235,13219.3548387097,5.76,3226.83870967742,"Summer"
"2260","North Delta",2001-09-01,NA,NA,NA,NA,NA,NA,9,2.4,0.5,NA,54.199999991832,0.11,0.09,20.1903571428571,12,234.333333333333,12360,5.76,4165.26666666667,"Autumn"
"2261","North Delta",2001-10-01,NA,NA,NA,NA,NA,NA,10,3.23,0.36,NA,66.069841258488,0.08,0.09,18.5377619047619,7,277.977093111887,8370.32258064516,6.35,4275.58064516129,"Autumn"
"2262","North Delta",2001-11-01,NA,NA,NA,NA,NA,NA,11,1.71,0.67,NA,65.500891265243,0.14,0.19,14.9917647058824,7,399.22422907489,12303,6.35,8213,"Autumn"
"2263","North Delta",2001-12-01,NA,NA,NA,NA,NA,NA,12,2.99,0.22,NA,36.5243932649291,0.17,0.42,9.58369318030097,7,233.357142857143,27377.4193548387,6.35,24737.2580645161,"Winter"
"2264","North Delta",2002-01-01,NA,NA,NA,NA,NA,NA,1,2.58,0.14,NA,19.6981818139553,0.3,0.32,10.538808250573,6,186.166666666667,38270.9677419355,6.35,38731.4193548387,"Winter"
"2265","North Delta",2002-02-01,NA,NA,NA,NA,NA,NA,2,5.76,0.0800029715150594,NA,53.7525551374831,0.07,0.225,10.6565088757396,7,357.630817025924,18175,6.35,12029.6785714286,"Winter"
"2266","North Delta",2002-03-01,NA,NA,NA,NA,NA,NA,3,2.41,0.37,NA,54.459019103868,0.07,0.2,12.8806417981912,7,346.162013970699,21322.5806451613,6.35,16982.1290322581,"Spring"
"2267","North Delta",2002-04-01,NA,NA,NA,NA,NA,NA,4,3.24,0.41,NA,70.4070512997034,0.07,0.14,17.0053561253561,7,418.439056390579,14476.6666666667,6.35,11943.2333333333,"Spring"
"2268","North Delta",2002-05-01,NA,NA,NA,NA,NA,NA,5,3.6,0.46,NA,52.3961419639764,0.07,0.15,18.2816666666667,7,243.578579003181,12969.0322580645,6.35,13554.2258064516,"Spring"
"2269","North Delta",2002-06-01,NA,NA,NA,NA,NA,NA,6,5.07,0.287170245246962,NA,42.2995275049421,0.13,0.0833901153947227,21.9923724010398,4,230.635209973495,13893.3333333333,6.35,7461.76666666667,"Summer"
"2270","North Delta",2002-07-01,NA,NA,NA,NA,NA,NA,7,1.92,0.33,NA,59.7200000026009,0.07,0.07,21.71,7,190.643160127254,18900,6.35,5731.83870967742,"Summer"
"2271","North Delta",2002-08-01,NA,NA,NA,NA,NA,NA,8,1.11,0.36,NA,67.8672726782885,0.09,0.05,21.38,8,211.666666666667,17016.1290322581,6.35,3848.58064516129,"Summer"
"2272","North Delta",2002-09-01,NA,NA,NA,NA,NA,NA,9,3.36,0.24498685343191,NA,84.6599461872091,0.11,0.0445559065474663,20.3115117016961,5,208.679181911731,13563.3333333333,6.35,4168.93333333333,"Autumn"
"2273","North Delta",2002-10-01,NA,NA,NA,NA,NA,NA,10,1.86,0.46,NA,92.3716346373925,0.08,0.19,17.0689592763633,5,203.874154128685,9891.29032258065,8.21,4203.25806451613,"Autumn"
"2274","North Delta",2002-11-01,NA,NA,NA,NA,NA,NA,11,1.26,0.37,NA,57.953125,0.1,0.15,14.0069444444444,11,286.240867821948,11746.3333333333,8.21,7333.1,"Autumn"
"2275","North Delta",2002-12-01,NA,NA,NA,NA,NA,NA,12,2.24,0.72,NA,101.5125,0.12,0.18,11.0664705882353,11,299.546193191516,29130,8.21,28885.8064516129,"Winter"
"2276","North Delta",2003-01-01,NA,NA,NA,NA,NA,NA,1,1.01,0.0788931864965707,NA,15.6194444444445,0.05,0.225,10.5933333333333,5,242.905600505815,51935.4838709677,8.21,51440.935483871,"Winter"
"2277","North Delta",2003-02-01,NA,NA,NA,NA,NA,NA,2,1.56,0.14,NA,34.6987179487179,0.08,0.2,10.8803424689516,58,430.02323565553,36085.7142857143,8.21,29622.8571428571,"Winter"
"2278","North Delta",2003-03-01,NA,NA,NA,NA,NA,NA,3,4.51,0.39,NA,37.6959275947167,0.05,0.2,13.9595475127794,9,441.678495372206,22922.5806451613,8.21,15779.6129032258,"Spring"
"2279","North Delta",2003-04-01,NA,NA,NA,NA,NA,NA,4,2.19,0.203445652639493,NA,43.1100152155853,0.06,0.17,15.1900299648657,7,380.048440352512,21586.6666666667,8.21,22053.8666666667,"Spring"
"2280","North Delta",2003-05-01,NA,NA,NA,NA,NA,NA,5,2.77,0.16,NA,39.6785009861933,0.08,0.11,18.3303095583857,6,306.969630860748,40538.7096774194,8.21,41937.7419354839,"Spring"
"2281","North Delta",2003-06-01,NA,NA,NA,NA,NA,NA,6,2.13,0.0900130769377575,NA,49.1126294517407,0.06,0.0528767257905565,21.3502549274729,7,338.791602148296,22276.6666666667,8.21,11802,"Summer"
"2282","North Delta",2003-07-01,NA,NA,NA,NA,NA,NA,7,3.36,0.215,NA,67.6243932122745,0.07,0.08,22.2448220040034,8.5,201.865039342181,22429.0322580645,8.21,9703.16129032258,"Summer"
"2283","North Delta",2003-08-01,NA,NA,NA,NA,NA,NA,8,1.77,0.135,NA,87.1221238912734,0.075,0.08,21.23,8,158.625,19583.8709677419,8.21,6928.22580645161,"Summer"
"2284","North Delta",2003-09-01,NA,NA,NA,NA,NA,NA,9,1.715,0.19617730705378,NA,77.4135514050722,0.085,0.0820478731882758,20.6775700934579,11.5,191.5,15346.6666666667,8.21,3486.6,"Autumn"
"2285","North Delta",2003-10-01,NA,NA,NA,NA,NA,NA,10,1.355,0.51,NA,96.7236328476574,0.115,0.145,18.0303768387612,12,162.533333333333,11004.8387096774,7.51,4304.67741935484,"Autumn"
"2286","North Delta",2003-11-01,NA,NA,NA,NA,NA,NA,11,1.615,0.695,NA,95.6666666666667,0.105,0.21,13.3893350178947,20.5,214.745088608388,12450,7.51,6625.46666666667,"Autumn"
"2287","North Delta",2003-12-01,NA,NA,NA,NA,NA,NA,12,1.905,0.165,NA,64.5572916666667,0.07,0.29,11.1155645728998,21,208.054498675655,27787.0967741935,7.51,23855.6451612903,"Winter"
"2288","North Delta",2004-01-01,NA,NA,NA,NA,NA,NA,1,1.76,0.075,NA,30.1722129088957,0.145,0.245,9.34978466396572,25.5,310.260695348854,36767.7419354839,7.51,32138.1935483871,"Winter"
"2289","North Delta",2004-02-01,NA,NA,NA,NA,NA,NA,2,1.295,0.185099883005023,NA,31.5833333333333,0.11,0.194626737170232,10.3403154529491,28.5,257.346939395802,44420.6896551724,7.51,68091.275862069,"Winter"
"2290","North Delta",2004-03-01,NA,NA,NA,NA,NA,NA,3,5.58,0.06,NA,30.0661764705882,0.09,0.18,13.7427917001374,19,232.741288749158,46706.4516129032,7.51,56299.5483870968,"Spring"
"2291","North Delta",2004-04-01,NA,NA,NA,NA,NA,NA,4,7.795,0.2,NA,54.6505387593965,0.065,0.08,15.9082335534472,13.5,399.555416225138,23793.3333333333,7.51,22006.5,"Spring"
"2292","North Delta",2004-05-01,NA,NA,NA,NA,NA,NA,5,7.52,0.58,NA,52.524380796465,0.12,0.12,20.5337603930951,9,342.772433832076,12532.2580645161,7.51,12425.5161290323,"Spring"
"2293","North Delta",2004-06-01,NA,NA,NA,NA,NA,NA,6,3.245,0.163680126105125,NA,45.7602564134659,0.07,0.105077792797238,21.8199242454587,11.5,269.237548087134,15130,7.51,5726.63333333333,"Summer"
"2294","North Delta",2004-07-01,NA,NA,NA,NA,NA,NA,7,1.86,0.29,NA,75.2953215725938,0.07,0.08,21.5130952380952,56,165.2,20441.935483871,7.51,7378.16129032258,"Summer"
"2295","North Delta",2004-08-01,NA,NA,NA,NA,NA,NA,8,1.82,0.34,NA,101.366935537707,0.06,0.11,21.6975806211656,27,203.166666666667,17916.1290322581,7.51,5252.51612903226,"Summer"
"2296","North Delta",2004-09-01,NA,NA,NA,NA,NA,NA,9,2.99,0.246974701592699,NA,88.8678160589317,0.11,0.085,19.274568961201,6,188.946666666667,14610,7.51,4700.96666666667,"Autumn"
"2297","North Delta",2004-10-01,NA,NA,NA,NA,NA,NA,10,1.54,0.32,NA,97.7039626689611,0.08,0.17,17.5817496177478,6,198.758424635974,12606.4516129032,8.49,8517.38709677419,"Autumn"
"2298","North Delta",2004-11-01,NA,NA,NA,NA,NA,NA,11,2.45,0.33,NA,100.086324774302,0.09,0.19,13.2133256197389,28,340.442620741948,12250,8.49,6708.16666666667,"Autumn"
"2299","North Delta",2004-12-01,NA,NA,NA,NA,NA,NA,12,0.68,0.188407424781472,NA,56.6008403361345,0.12,0.275,10.8352704309764,12,357.747991625013,17745.1612903226,8.49,12451.1935483871,"Winter"
"2300","North Delta",2005-01-01,NA,NA,NA,NA,NA,NA,1,1.45,0.11,NA,44.1185224202751,0.13,0.3,9.03665804364254,8,333.283594199355,33680.6451612903,8.49,33624,"Winter"
"2301","North Delta",2005-02-01,NA,NA,NA,NA,NA,NA,2,2.16,0.15,NA,32.2577777821157,0.12,0.15,12.117499999439,14,437.316111981434,24875,8.49,24932.9285714286,"Winter"
"2302","North Delta",2005-03-01,NA,NA,NA,NA,NA,NA,3,2.08,0.163632062091492,NA,57.143269227746,0.09,0.175,14.2714285726512,18,360.622260893909,30367.7419354839,8.49,38557.9677419355,"Spring"
"2303","North Delta",2005-04-01,NA,NA,NA,NA,NA,NA,4,1.82,0.26,NA,59.1538461538462,0.08,0.14,15.7234384197547,17,351.631217937013,22133.3333333333,8.49,29903.0333333333,"Spring"
"2304","North Delta",2005-05-01,NA,NA,NA,NA,NA,NA,5,4.87,0.12,NA,34.4944057822139,0.14,0.13,18.8740490278952,21,262.69316666799,40219.3548387097,8.49,50999.1612903226,"Spring"
"2305","North Delta",2005-06-01,NA,NA,NA,NA,NA,NA,6,1.08,0.23,NA,44.1911845716782,0.04,0.1,20.1136363636364,28,364.475855635151,28653.3333333333,8.49,27968.0666666667,"Summer"
"2306","North Delta",2005-07-01,NA,NA,NA,NA,NA,NA,7,1.3,0.187806548979133,NA,66.9249999970198,0.08,0.08,22.4602777693007,24,162.8,19667.7419354839,8.49,9441.06451612903,"Summer"
"2307","North Delta",2005-08-01,NA,NA,NA,NA,NA,NA,8,2.21,0.44,NA,82.9064747646844,0.09,0.1,22.2702398065069,31,195.433333333333,17245.1612903226,8.49,5632.1935483871,"Summer"
"2308","North Delta",2005-09-01,NA,NA,NA,NA,NA,NA,9,1.55,0.168853832713794,NA,78.2499999587241,0.07,0.075,19.1561440631495,28,180.113333333333,17933.3333333333,8.49,7051,"Autumn"
"2309","North Delta",2005-10-01,NA,NA,NA,NA,NA,NA,10,1.11,0.34,NA,90.3952380837429,0.1,0.19,17.1962500021855,36,198.600669369032,14074.1935483871,13.2,4467.1935483871,"Autumn"
"2310","North Delta",2005-11-01,NA,NA,NA,NA,NA,NA,11,1.12,0.46,NA,99.2215384513904,0.13,0.23,14.2376476469027,28,215.887326251778,13386.6666666667,13.2,5008.66666666667,"Autumn"
"2311","North Delta",2005-12-01,NA,NA,NA,NA,NA,NA,12,1.78,0.192734237031545,NA,59.6545112675294,0.09,0.2775,9.73209795812417,28,205.809604759503,35458.064516129,13.2,42829,"Winter"
"2312","North Delta",2006-01-01,NA,NA,NA,NA,NA,NA,1,1.88,0.06,NA,27.1387903889138,0.07,0.22,10.0442627843007,24,239.222894406173,66151.6129032258,13.2,145921.064516129,"Winter"
"2313","North Delta",2006-02-01,NA,NA,NA,NA,NA,NA,2,3.42,0.07,NA,35.6969014323649,0.02,0.15,11.5317265613609,25,343.724345971113,48921.4285714286,13.2,52129.1071428571,"Winter"
"2314","North Delta",2006-03-01,NA,NA,NA,NA,NA,NA,3,2.26,0.0521255670720712,NA,29.18,0.02,0.16,10.7957517486519,27,194.861719848094,67412.9032258065,13.2,115393.322580645,"Spring"
"2315","North Delta",2006-04-01,NA,NA,NA,NA,NA,NA,4,4.21,0.03,NA,31.7380952268017,0.02,0.09,12.7673582760385,22,176.186062596894,77646.6666666667,13.2,179437.633333333,"Spring"
"2316","North Delta",2006-05-01,NA,NA,NA,NA,NA,NA,5,1.46,0.06,NA,46.0625,0.04,0.08,17.8285569882318,21,205.193000680939,52145.1612903226,13.2,81325.8064516129,"Spring"
"2317","North Delta",2006-06-01,NA,NA,NA,NA,NA,NA,6,2.69,0.0992854965484003,NA,48.3664682344312,0.06,0.1075,20.5022539559622,10,255.306237099622,27210,13.2,35325.2,"Summer"
"2318","North Delta",2006-07-01,NA,NA,NA,NA,NA,NA,7,2.54,0.26,NA,66.9624681581978,0.07,0.14,21.8629983002498,12,145.475,18587.0967741935,13.2,10261.2903225806,"Summer"
"2319","North Delta",2006-08-01,NA,NA,NA,NA,NA,NA,8,2.06,0.21,NA,79.4653845819143,0.05,0.12,21.3550000007336,14,141.65,18864.5161290323,13.2,8175.87096774194,"Summer"
"2320","North Delta",2006-09-01,NA,NA,NA,NA,NA,NA,9,2.18,0.1045,NA,93.5,0.08,0.1,20.0643055597941,8,190.6,18010,13.2,7920.16666666667,"Autumn"
"2321","North Delta",2006-10-01,NA,NA,NA,NA,NA,NA,10,1.48,0.39,NA,90.5598290685624,0.09,0.19,16.2378117814356,15,196.678595466766,11721.6129032258,6.19,3987.54838709677,"Autumn"
"2322","North Delta",2006-11-01,NA,NA,NA,NA,NA,NA,11,2.04,0.37,NA,121.217083313068,0.08,0.23,13.5539215699738,40,288.640586072582,12146.6666666667,6.19,5230.6,"Autumn"
"2323","North Delta",2006-12-01,NA,NA,NA,NA,NA,NA,12,1.56,0.171835279085208,NA,89.1,0.09,0.2575,10.4447904688723,20,228.172441000697,16951.6129032258,6.19,9019.35483870968,"Winter"
"2324","North Delta",2007-01-01,NA,NA,NA,NA,NA,NA,1,1.41,0.33,NA,43.4236111111111,0.08,0.27,7.476053865397,21,450.62945234504,13822.5806451613,6.19,8242.70967741935,"Winter"
"2325","North Delta",2007-02-01,NA,NA,NA,NA,NA,NA,2,3.33,0.205903297275072,NA,72.3783072782493,0.07,0.6425,10.4521787406126,19,326.012877317955,22700,6.19,21234.4285714286,"Winter"
"2326","North Delta",2007-03-01,NA,NA,NA,NA,NA,NA,3,2.26,0.23,NA,62.3509039567814,0.06,0.23,13.7521524759965,31,352.969437345037,18322.5806451613,6.19,14003.9677419355,"Spring"
"2327","North Delta",2007-04-01,NA,NA,NA,NA,NA,NA,4,4.91,0.44,NA,96.7953296703297,0.06,0.14,16.3522301228184,30,392.538909755484,13631,6.19,11306.2333333333,"Spring"
"2328","North Delta",2007-05-01,NA,NA,NA,NA,NA,NA,5,6.09,0.48,NA,69.1261538461538,0.1,0.16,19.4467417525361,36,305.926173760048,9362.58064516129,6.19,9379.8064516129,"Spring"
"2329","North Delta",2007-06-01,NA,NA,NA,NA,NA,NA,6,2.68,0.294398848043056,NA,61.9124999692042,0.11,0.1325,21.8259259259259,33,253.584272957486,12290.3333333333,6.19,7846.5,"Summer"
"2330","North Delta",2007-07-01,NA,NA,NA,NA,NA,NA,7,1.79,0.23,NA,72.4299999634425,0.06,0.11,21.6234722243415,23,165.625,19064.5161290323,6.19,5360.8064516129,"Summer"
"2331","North Delta",2007-08-01,NA,NA,NA,NA,NA,NA,8,1.15,0.22,NA,69.426923044217,0.06,0.15,21.7492307692308,18,195.866666666667,17122.5806451613,6.19,3737.12903225806,"Summer"
"2332","North Delta",2007-09-01,NA,NA,NA,NA,NA,NA,9,1.11,0.0831797294085845,NA,89.6748718017187,0.08,0.105,20.071875,13,179.726666666667,15196.6666666667,6.19,4517.16666666667,"Autumn"
"2333","North Delta",2007-10-01,NA,NA,NA,NA,NA,NA,10,0.49,0.39,NA,116.818846126703,0.08,0.19,16.6771678321678,16,361.828694229795,10541.935483871,5.16,3683,"Autumn"
"2334","North Delta",2007-11-01,NA,NA,NA,NA,NA,NA,11,0.64,0.41,NA,96.4771825423434,0.14,0.24,14.932068452381,9,320.142617121265,10005,5.16,4290.9,"Autumn"
"2335","North Delta",2007-12-01,NA,NA,NA,NA,NA,NA,12,2.04,0.202291665559169,NA,65.502045162759,0.09,0.2175,8.82788461538462,9,318.178004804203,12121.2903225806,5.16,7185.58064516129,"Winter"
"2336","North Delta",2008-01-01,NA,NA,NA,NA,NA,NA,1,2.72,0.23,NA,16.0713374343385,0.12,0.46,8.04464428115744,6,222.848967705331,22480.6451612903,5.16,24560.064516129,"Winter"
"2337","North Delta",2008-02-01,NA,NA,NA,NA,NA,NA,2,4.86,0.11,NA,18.0671003389243,0.1,0.37,9.55877192982456,9,311.397730639853,26306.8965517241,5.16,24128.1724137931,"Winter"
"2338","North Delta",2008-03-01,NA,NA,NA,NA,NA,NA,3,2.35,0.31,NA,50.6216008687108,0.06,0.34,13.0669230769231,12,326.361111111111,13703.2258064516,5.16,12220.1935483871,"Spring"
"2339","North Delta",2008-04-01,NA,NA,NA,NA,NA,NA,4,5.98,0.227735349626746,NA,62.7606007265119,0.1,0.13,15.4524038461538,21,334.654176214379,10192.3333333333,5.16,9540,"Spring"
"2340","North Delta",2008-05-01,NA,NA,NA,NA,NA,NA,5,1.97,0.42,NA,51.1160997823252,0.14,0.3,19.0593557144892,17,356.41366407981,8788.38709677419,5.16,8214.83870967742,"Spring"
"2341","North Delta",2008-06-01,NA,NA,NA,NA,NA,NA,6,2.53,0.31,NA,40.0315443594364,0.11,0.23,21.1035775583443,28,372.490753884724,11310.3333333333,5.16,7332.4,"Summer"
"2342","North Delta",2008-07-01,NA,NA,NA,NA,NA,NA,7,6.73,0.46,NA,35.2374643766642,0.13,0.25,23.848433048433,30,375.51960238769,12519.3548387097,5.16,3674.38709677419,"Summer"
"2343","North Delta",2008-08-01,NA,NA,NA,NA,NA,NA,8,1.22,0.6,NA,50.9410256697581,0.12,0.24,23.6926923076923,22,266.437470828814,10816.1290322581,5.16,3074.03225806452,"Summer"
"2344","North Delta",2008-09-01,NA,NA,NA,NA,NA,NA,9,1.11,0.42,NA,83.7109375223517,0.1,0.24,20.4772518382353,28,309.368238220207,10332.6666666667,5.16,4071.66666666667,"Autumn"
"2345","North Delta",2008-10-01,NA,NA,NA,NA,NA,NA,10,2.19,0.19,NA,126.900928840209,0.09,0.1835,16.958541089566,39,259.242423904604,7767.41935483871,5.78,3186.09677419355,"Autumn"
"2346","North Delta",2008-11-01,NA,NA,NA,NA,NA,NA,11,1.48,0.42,NA,107.951456301829,0.12,0.31,14.9305555555556,44,477.682755900402,9739.66666666667,5.78,5817.73333333333,"Autumn"
"2347","North Delta",2008-12-01,NA,NA,NA,NA,NA,NA,12,0.81,0.26,NA,81.5312699233255,0.12,0.243,8.67946560857157,39,384.078655203955,8873.22580645161,5.78,7113.41935483871,"Winter"
"2348","North Delta",2009-01-01,NA,NA,NA,NA,NA,NA,1,0.47,0.62,NA,70.4293243731092,0.16,0.31,8.49145556198188,38,458.828023184562,9142.58064516129,5.78,6306.09677419355,"Winter"
"2349","North Delta",2009-02-01,NA,NA,NA,NA,NA,NA,2,7.65,0.1875,NA,71.3763534691611,0.29,0.223,10.4163366596639,24,332.637957300899,20469.2857142857,5.78,22752.6428571429,"Winter"
"2350","North Delta",2009-03-01,NA,NA,NA,NA,NA,NA,3,1.82,0.43,NA,52.054667271264,0.09,0.33,13.6371398083624,17,354.479808914635,22619.3548387097,5.78,19926.8709677419,"Spring"
"2351","North Delta",2009-04-01,NA,NA,NA,NA,NA,NA,4,3.58,0.17,NA,71.6466774352762,0.08,0.117,16.2866026289181,14,300.193834338124,13603.3333333333,5.78,12039.7666666667,"Spring"
"2352","North Delta",2009-05-01,NA,NA,NA,NA,NA,NA,5,1.43,0.3,NA,56.1492822966507,0.08,0.19,18.6269886363636,14,323.953223660988,16374.1935483871,5.78,15884.9677419355,"Spring"
"2353","North Delta",2009-06-01,NA,NA,NA,NA,NA,NA,6,1.7,0.41,NA,56.7764020655914,0.11,0.21,21.0865060865061,13,293.318310046842,11953.3333333333,5.78,8064.63333333333,"Summer"
"2354","North Delta",2009-07-01,NA,NA,NA,NA,NA,NA,7,2.3,0.13,NA,61.4738412932744,0.06,0.09,22.1489206349206,11,234.701877573718,18622.5806451613,5.78,5214.25806451613,"Summer"
"2355","North Delta",2009-08-01,NA,NA,NA,NA,NA,NA,8,1.09,0.02,NA,66.3692308169144,0.02,0.03,22.174358974359,11,212.130957745668,15093.5483870968,5.78,4238.12903225806,"Summer"
"2356","North Delta",2009-09-01,NA,NA,NA,NA,NA,NA,9,1.68,0.32,NA,104.703769972631,0.08,0.18,21.6268857697136,14.3727777777778,343.950105515979,11450,5.78,3887.03333333333,"Autumn"
"2357","North Delta",2009-10-01,NA,NA,NA,NA,NA,NA,10,0.89,0.36,NA,117.817053238599,0.08,0.18,16.9798534798535,17.7147058823529,292.394301778356,9780.96774193548,7.08,6365.03225806452,"Autumn"
"2358","North Delta",2009-11-01,NA,NA,NA,NA,NA,NA,11,0.87,0.35,NA,116.662086901457,0.09,0.25,13.58825,13.0988888888889,334.202658338375,9007.66666666667,7.08,4654.4,"Autumn"
"2359","North Delta",2009-12-01,NA,NA,NA,NA,NA,NA,12,1.35,0.44,NA,80.4753780085504,0.07,0.21,8.99492601067887,12.1205555555556,363.208726869379,10611.935483871,7.08,6370.77419354839,"Winter"
"2360","North Delta",2010-01-01,NA,NA,NA,NA,NA,NA,1,1.94,0.33,NA,94.5448622575733,0.1,0.23,9.54412579113924,19,293.010410851741,26808.7096774194,7.08,26955,"Winter"
"2361","North Delta",2010-02-01,NA,NA,NA,NA,NA,NA,2,1.6,0.0740831436961889,NA,29.7155696899853,0.13,0.2575,11.0053748047892,27,246.114736311578,28992.8571428571,7.08,29982.1428571429,"Winter"
"2362","North Delta",2010-03-01,NA,NA,NA,NA,NA,NA,3,2.09,0.0912039146129973,NA,49.7045714264768,0.11,0.225,12.8569047619048,17,355.567127147308,19745.1612903226,7.08,17121.4838709677,"Spring"
"2363","North Delta",2010-04-01,NA,NA,NA,NA,NA,NA,4,1.59,0.394670137783978,NA,78.912150533116,0.12,0.16,14.1659532672813,22,377.17470726242,18833.3333333333,7.08,24604.4666666667,"Spring"
"2364","North Delta",2010-05-01,NA,NA,NA,NA,NA,NA,5,1.84,0.22,NA,55.5398268434844,0.09,0.16,16.4857272256729,44,277.569719378568,17280.6451612903,7.08,20681.7419354839,"Spring"
"2365","North Delta",2010-06-01,NA,NA,NA,NA,NA,NA,6,2.34,0.16,NA,48.984962406015,0.07,0.12,20.1854445226366,23.5,246.364265779304,20940,7.08,16524.9666666667,"Summer"
"2366","North Delta",2010-07-01,NA,NA,NA,NA,NA,NA,7,1.22,0.25,NA,38.2151960923391,0.06,0.14,22.7819607843137,34.9225,294.677657534551,17416.1290322581,7.08,6700.83870967742,"Summer"
"2367","North Delta",2010-08-01,NA,NA,NA,NA,NA,NA,8,1.79,0.1,NA,41.9449058347366,0.04,0.08,22.8038461538462,22.7575,316.260984987344,16709.6774193548,7.08,4003.93548387097,"Summer"
"2368","North Delta",2010-09-01,NA,NA,NA,NA,NA,NA,9,1.08,0.14,NA,69.9038709717412,0.05,0.12,20.8419999966621,14.8878947368421,403.822423519789,16580,7.08,5885.26666666667,"Autumn"
"2369","North Delta",2010-10-01,NA,NA,NA,NA,NA,NA,10,0.93,0.135,NA,81.8594470046083,0.05,0.175,18.0894321367338,12.5015789473684,380.932586577674,12005.1612903226,10.54,5473.25806451613,"Autumn"
"2370","North Delta",2010-11-01,NA,NA,NA,NA,NA,NA,11,0.67,0.47,NA,89.7555163603169,0.09,0.26,14.9010729408362,9.63842105263158,378.389317492321,13043.3333333333,10.54,7020.86666666667,"Autumn"
"2371","North Delta",2010-12-01,NA,NA,NA,NA,NA,NA,12,3.31,0.11,NA,65.2400589057615,0.1,0.16,10.1389887255822,15.9671428571429,344.006616479675,45700,10.54,48138.064516129,"Winter"
"2372","North Delta",2011-01-01,NA,NA,NA,NA,NA,NA,1,1.53,0.07,NA,44.8104984566063,0.06,0.15,9.19710660683417,15,474.001464197468,34964.5161290323,10.54,39475.7741935484,"Winter"
"2373","North Delta",2011-02-01,NA,NA,NA,NA,NA,NA,2,2.05,0.02,NA,49.75503893465,0.05,0.14,10.1251869677115,17,545.426755530117,24575,10.54,28251,"Winter"
"2374","North Delta",2011-03-01,NA,NA,NA,NA,NA,NA,3,2.99,0.11,NA,39.2649806218357,0.05,0.16,11.426943971594,15,293.617365361562,57983.8709677419,10.54,104134.741935484,"Spring"
"2375","North Delta",2011-04-01,NA,NA,NA,NA,NA,NA,4,6.15,0.0287774395628367,NA,44.5779762841115,0.05,0.0975,15.1821664903035,11,299.480778284884,53733.3333333333,10.54,85043.3333333333,"Spring"
"2376","North Delta",2011-05-01,NA,NA,NA,NA,NA,NA,5,3.11,0.1,NA,55.0831460558966,0.04,0.05,16.9463764042935,12,343.796040495329,35580.6451612903,10.54,47059.1290322581,"Spring"
"2377","North Delta",2011-06-01,NA,NA,NA,NA,NA,NA,6,3.43,0.0494205855477291,NA,45.1231727282779,0.05,0.0733333333333333,19.5779569882219,19.718,424.404887068866,40506.6666666667,10.54,42036.8666666667,"Summer"
"2378","North Delta",2011-07-01,NA,NA,NA,NA,NA,NA,7,3.47,0.15,NA,43.2453124980753,0.06,0.11,23.0113541666667,25.4685,440.944585837755,21632.2580645161,10.54,17654.5161290323,"Summer"
"2379","North Delta",2011-08-01,NA,NA,NA,NA,NA,NA,8,1.71,0.36,NA,43.6871031729711,0.09,0.12,22.7745428580148,24.035,480.976852429533,17190.3225806452,10.54,8863.32258064516,"Summer"
"2380","North Delta",2011-09-01,NA,NA,NA,NA,NA,NA,9,2.03,0.14,NA,67.9991129785247,0.07,0.1,21.4747514022288,26.1105263157895,399.785002962073,21046.6666666667,10.54,12205.8,"Autumn"
"2381","North Delta",2011-10-01,NA,NA,NA,NA,NA,NA,10,1.3,0.115,NA,84.4304049076244,0.05,0.125,17.6203682647645,12.9947368421053,374.032913082278,17654.8387096774,6.89,12077.2903225806,"Autumn"
"2382","North Delta",2011-11-01,NA,NA,NA,NA,NA,NA,11,2.44,0.38,NA,84.305552583251,0.05,0.16,12.3954563020794,18.6105263157895,334.871095956344,12710,6.89,8269.4,"Autumn"
"2383","North Delta",2011-12-01,NA,NA,NA,NA,NA,NA,12,2.2,0.27,NA,71.2821520476202,0.07,0.09,8.44624958465091,17.0578947368421,374.586050234398,14480.6451612903,6.89,5372.70967741936,"Winter"
"2384","North Delta",2012-01-01,NA,NA,NA,NA,NA,NA,1,4.71,0.247018474296201,NA,58.1669158005896,0.06,0.197666666666667,8.52969230945294,72,363.662815516083,15003.2258064516,6.89,11417.3870967742,"Winter"
"2385","North Delta",2012-02-01,NA,NA,NA,NA,NA,NA,2,6.94,0.265,NA,43.2854989037157,0.13,0.375,10.9513363783909,50,540.36088179475,13227.5862068966,6.89,10796.8620689655,"Winter"
"2386","North Delta",2012-03-01,NA,NA,NA,NA,NA,NA,3,6.19,0.165,NA,53.7136249989271,0.08,0.15,12.5460383884528,70,514.885752132168,19610.6451612903,6.89,20114.4193548387,"Spring"
"2387","North Delta",2012-04-01,NA,NA,NA,NA,NA,NA,4,2.44,0.187142857142857,NA,34.4803683255274,0.07,0.432642857142857,16.2195260702137,62,466.765856126744,25670,6.89,27781.9333333333,"Spring"
"2388","North Delta",2012-05-01,NA,NA,NA,NA,NA,NA,5,3.54,0.215,NA,47.8040575428973,0.07,0.166,19.1578359207822,64,486.308320209086,14042.2580645161,6.89,12492.8064516129,"Spring"
"2389","North Delta",2012-06-01,NA,NA,NA,NA,NA,NA,6,8.71545454545454,0.29,NA,43.1840055784399,0.11,0.21575,21.7356251064016,25.535,465.260783355787,13500.6666666667,6.89,8305.76666666667,"Summer"
"2390","North Delta",2012-07-01,NA,NA,NA,NA,NA,NA,7,8.85727272727273,0.142857142857143,NA,53.1540942724526,0.04,0.121428571428571,23.0233424906329,19.57,407.510471737249,20283.8709677419,6.89,7534.70967741936,"Summer"
"2391","North Delta",2012-08-01,NA,NA,NA,NA,NA,NA,8,13.7254545454545,0.17,NA,57.2840579497641,0.06,0.07,23.436868686621,18.225,462.791934397974,17877.4193548387,6.89,4641.41935483871,"Summer"
"2392","North Delta",2012-09-01,NA,NA,NA,NA,NA,NA,9,5.69545454545455,0.235,NA,90.8691919244299,0.06,0.106,20.9364393925667,11.5789473684211,480.257576437364,15350,6.89,4886.8,"Autumn"
"2393","North Delta",2012-10-01,NA,NA,NA,NA,NA,NA,10,12.9227272727273,0.34,NA,66.1367301149974,0.09,0.13,18.8488911570075,19.375,490.073329333271,11451.6129032258,5.83,4476.90322580645,"Autumn"
"2394","North Delta",2012-11-01,NA,NA,NA,NA,NA,NA,11,1.22,0.335,NA,101.4,0.1,0.275,14.1799862257902,11.0789473684211,372.865873945537,11910.3333333333,5.83,6291.7,"Autumn"
"2395","North Delta",2012-12-01,NA,NA,NA,NA,NA,NA,12,3.73090893485329,0.085,NA,21.7302237917673,0.16,0.3695,12.2927635120121,55.95,412.308396700933,45996.7741935484,5.83,48250.8709677419,"Winter"
"2396","North Delta",2013-01-01,NA,NA,NA,NA,NA,NA,1,3.24272718602961,0.1775,NA,35.8770994152047,0.08,0.3325,7.37570309075094,50,538.974614351802,23719.3548387097,5.83,22289.4516129032,"Winter"
"2397","North Delta",2013-02-01,NA,NA,NA,NA,NA,NA,2,3.49818172714927,0.49,NA,56.7946198830409,0.09,0.18,10.3666706133044,14,609.568331705353,15878.5714285714,5.83,13428.8214285714,"Winter"
"2398","North Delta",2013-03-01,NA,NA,NA,NA,NA,NA,3,6.52909055363048,0.291,NA,88.0291879837334,0.07,0.242733333333333,14.6457186134028,14,548.431791232371,13435.4838709677,5.83,9626.90322580645,"Spring"
"2399","North Delta",2013-04-01,NA,NA,NA,NA,NA,NA,4,5.13,0.293333333333333,NA,55.4882193118929,0.1,0.367666666666667,17.0567634016954,24,383.68237727339,12397.6666666667,5.83,12865.7,"Spring"
"2400","North Delta",2013-05-01,NA,NA,NA,NA,NA,NA,5,4.65090893593702,0.226666666666667,NA,50.5693947403298,0.1,0.3465,20.1641884975412,23,435.714893633171,11377.7419354839,5.83,10067.8709677419,"Spring"
"2401","North Delta",2013-06-01,NA,NA,NA,NA,NA,NA,6,3.84909079638394,0.204666666666667,NA,46.7830555525753,0.11,0.313466666666667,22.597563747481,34.18,490.365097072237,13203.3333333333,5.83,7902.03333333333,"Summer"
"2402","North Delta",2013-07-01,NA,NA,NA,NA,NA,NA,7,2.81,0.17,NA,52.9205068943138,0.08,0.13,23.6119270806085,19.67,377.022207282052,17487.0967741935,5.83,5443.54838709677,"Summer"
"2403","North Delta",2013-08-01,NA,NA,NA,NA,NA,NA,8,3.55999988729304,0.2,NA,55.0678210711754,0.05,0.13,22.8653449381842,19.17,502.430712323883,17606.4516129032,5.83,5083.67741935484,"Summer"
"2404","North Delta",2013-09-01,NA,NA,NA,NA,NA,NA,9,3.72636350198225,0.37,NA,79.8402812148639,0.09,0.23,21.9854976194181,14.4684210526316,544.512893092873,13480,5.83,5591.76666666667,"Autumn"
"2405","North Delta",2013-10-01,NA,NA,NA,NA,NA,NA,10,1.27,0.2,NA,104.386754564759,0.04,0.1,17.5863311733015,11.1894736842105,334.00931632377,7974.83870967742,4.07,4273.51612903226,"Autumn"
"2406","North Delta",2013-11-01,NA,NA,NA,NA,NA,NA,11,3.53363627260381,0.46,NA,111.612489677442,0.09,0.17,13.8924451307249,10.2111111111111,411.622822330354,8783.33333333333,4.07,5567.96666666667,"Autumn"
"2407","North Delta",2013-12-01,NA,NA,NA,NA,NA,NA,12,2.27,0.78,NA,74.7571794729966,0.14,0.18,7.64463277825761,18.4631578947368,418.140669268074,8204.83870967742,4.07,4951.1935483871,"Winter"
"2408","North Delta",2014-01-01,NA,NA,NA,NA,NA,NA,1,7.31181793039495,0.175,NA,84.3494047619048,0.04,0.1075,9.72001350565454,22,618.172068886395,6329.03225806452,4.07,4780.41935483871,"Winter"
"2409","North Delta",2014-02-01,NA,NA,NA,NA,NA,NA,2,6.51,0.346,NA,49.8609775641026,0.12,0.3924,11.9063381410256,16,559.393243198493,10736.7857142857,4.07,11061.0357142857,"Winter"
"2410","North Delta",2014-03-01,NA,NA,NA,NA,NA,NA,3,4.2609089977091,0.171520003881111,NA,32.7565789473684,0.16,0.494666666666667,14.8291351425651,11,581.163104155109,14774.8387096774,4.07,12723.1290322581,"Spring"
"2411","North Delta",2014-04-01,NA,NA,NA,NA,NA,NA,4,3.70272715568543,0.4975,NA,59.9710875288719,0.12,0.18075,17.1780775336342,6,542.916019961514,9636.66666666667,4.07,7912.73333333333,"Spring"
"2412","North Delta",2014-05-01,NA,NA,NA,NA,NA,NA,5,4.12090896303003,0.360416666666667,NA,59.0351966873706,0.14,0.367750798261259,20.6829799795454,7,487.312599495759,5749.67741935484,4.07,4174.38709677419,"Spring"
"2413","North Delta",2014-06-01,NA,NA,NA,NA,NA,NA,6,4.12818167296323,0.190333333333333,NA,51.243650791429,0.12,0.283455979660526,22.743898302079,21.0645833333333,469.388591704127,8900,4.07,5406.03333333333,"Summer"
"2414","North Delta",2014-07-01,NA,NA,NA,NA,NA,NA,7,4.12090893268585,0.291261163175805,NA,61.6793103331912,0.14,0.1675,24.0207928774348,16.03,428.909062737755,9144.1935483871,4.07,4084.96774193548,"Summer"
"2415","North Delta",2014-08-01,NA,NA,NA,NA,NA,NA,8,3.23909079204906,0.0993333333333333,NA,61.474207737367,0.08,0.164806628654214,22.9292139983267,24.82,465.48770457014,8543.54838709677,4.07,3418.61290322581,"Summer"
"2416","North Delta",2014-09-01,NA,NA,NA,NA,NA,NA,9,0.99,0.73,NA,84.8791750997818,0.14,0.34,22.9361057693225,12.8157894736842,391.690475735027,8254.33333333333,4.07,3201.06666666667,"Autumn"
"2417","North Delta",2014-10-01,NA,NA,NA,NA,NA,NA,10,5.60999978325583,0.91,NA,129.987112197563,0.14,0.35,20.6805285061639,9.37368421052632,467.061427841206,6324.51612903226,4,4720.61290322581,"Autumn"
"2418","North Delta",2014-11-01,NA,NA,NA,NA,NA,NA,11,4.87090888283469,0.277142857142857,NA,119.916666666667,0.15,0.329142857142857,14.697052762993,9.96842105263158,438.397980542409,7596.66666666667,4,5433.7,"Autumn"
"2419","North Delta",2014-12-01,NA,NA,NA,NA,NA,NA,12,4.67909075303511,0.126666666666667,NA,24.0148601398601,0.21,0.555166666666667,12.4205135234486,128.572222222222,398.576980010555,33066.1290322581,4,33506.935483871,"Winter"
"2420","North Delta",2015-01-01,NA,NA,NA,NA,NA,NA,1,4.01909078771418,0.388,NA,54.5927318295739,0.14,0.501,9.89712282167634,24,563.207307259428,10733.2258064516,4,6051.35483870968,"Winter"
"2421","North Delta",2015-02-01,NA,NA,NA,NA,NA,NA,2,2.11,0.142857142857143,NA,40.7943469785575,0.11,0.430333333333333,13.1949494949495,19,510.024336021684,17869.2857142857,4,16257.5357142857,"Winter"
"2422","North Delta",2015-03-01,NA,NA,NA,NA,NA,NA,3,11.8845451164246,0.303571428571429,NA,76.6522535819274,0.11,0.372142857142857,16.4353839844494,36,593.189034992508,7972.90322580645,4,5988.74193548387,"Spring"
"2423","North Delta",2015-04-01,NA,NA,NA,NA,NA,NA,4,4.7918179954182,0.347916666666667,NA,101.850877192982,0.16,0.417277777777778,17.8160903391447,35,532.899715451573,6341.33333333333,4,6818.26666666667,"Spring"
"2424","North Delta",2015-05-01,NA,NA,NA,NA,NA,NA,5,3.5136362509294,0.128333333333333,NA,68.9012883693353,0.09,0.295416666666667,19.533449835917,50,441.869922894713,7320.32258064516,4,5908.90322580645,"Spring"
"2425","North Delta",2015-06-01,NA,NA,NA,NA,NA,NA,6,2.23625,0.207583333333333,NA,65.06134939078,0.1075,0.24895473246413,22.7650700976043,17.6853846153846,323.850476190476,6886,4,4796.46666666667,"Summer"
"2426","North Delta",2015-07-01,NA,NA,NA,NA,NA,NA,7,3.62571415969303,0.231111111111111,NA,70.6172649330563,0.0825,0.173759746249351,23.3354243534664,13.4122222222222,392.886363636364,7886.12903225806,4,4763.58064516129,"Summer"
"2427","North Delta",2015-08-01,NA,NA,NA,NA,NA,NA,8,3.12571422951562,0.138333333333333,NA,63.8781468509794,0.09,0.229693239100277,23.1361466945614,13.4515384615385,472.847222222222,7779.67741935484,4,4470.06451612903,"Summer"
"2428","North Delta",2015-09-01,NA,NA,NA,NA,NA,NA,9,1.65125,0.2585,NA,93.9665064522089,0.10375,0.222596025589108,22.1726923065186,7.90227272727273,400.152941176471,7901,4,4825.73333333333,"Autumn"
"2429","North Delta",2015-10-01,NA,NA,NA,NA,NA,NA,10,2.57071424399103,0.167124938561348,NA,121.141025573224,0.095,0.2843,20.1198269010944,9.84272727272727,406.317777777778,7004.83870967742,6.71,4737.58064516129,"Autumn"
"2430","North Delta",2015-11-01,NA,NA,NA,NA,NA,NA,11,1.17245707498048,0.299,NA,167.936674304961,0.115,0.370181818181818,13.4955396825397,4.30382352941176,290.760476190476,6122,6.71,4769.06666666667,"Autumn"
"2431","North Delta",2015-12-01,NA,NA,NA,NA,NA,NA,12,2.027,0.266,NA,115.307156136472,0.1025,0.3803,10.3274841437632,12.6059090909091,355.648837209302,10542.2580645161,6.71,9248.61290322581,"Winter"
"2432","North Delta",2016-01-01,NA,NA,NA,NA,NA,NA,1,2.885,0.215,NA,42.3541666666667,0.1175,0.5621,9.35778659611993,18.2333333333333,369.489814814815,27404.1935483871,6.71,27636.2258064516,"Winter"
"2433","North Delta",2016-02-01,NA,NA,NA,NA,NA,NA,2,2.86099994277954,0.14,NA,44.0111111111111,0.0625,0.3609,11.1262793029117,36.9,477.893888888889,21165.5172413793,6.71,17844.3448275862,"Winter"
"2434","North Delta",2016-03-01,NA,NA,NA,NA,NA,NA,3,7.96476184004829,0.113764348071224,NA,40.4434693232132,0.0875,0.21491524033978,14.520682943282,33.3233333333333,373.559640762463,53790.3225806452,6.71,63654.3548387097,"Spring"
"2435","North Delta",2016-04-01,NA,NA,NA,NA,NA,NA,4,6.42724990940094,0.159853806269609,NA,57.5244252873563,0.06625,0.154545454545455,17.7005086838853,7.98666666666667,460.83698209035,19436.6666666667,6.71,20873.9,"Spring"
"2436","North Delta",2016-05-01,NA,NA,NA,NA,NA,NA,5,5.23153846153846,0.125589104702896,NA,70.440065681445,0.075,0.137855777696839,19.5893909398263,4.29666666666667,328.440336134454,13329.0322580645,6.71,12154.1290322581,"Spring"
"2437","North Delta",2016-06-01,NA,NA,NA,NA,NA,NA,6,3.75049998450279,0.186621095263572,NA,64.0511590427843,0.09,0.139933296896517,22.6612526547673,27.5775,355.198595328283,13840,6.71,7049.03333333333,"Summer"
"2438","North Delta",2016-07-01,NA,NA,NA,NA,NA,NA,7,2.30666659990946,0.105606060606061,NA,66.6477453528412,0.0575,0.079280239144566,22.895850905498,13.15875,337.326086956522,18441.935483871,6.71,8252.03225806452,"Summer"
"2439","North Delta",2016-08-01,NA,NA,NA,NA,NA,NA,8,4.18571428571429,0.0618614802861777,NA,67.4693452414303,0.065,0.054017376754815,22.4099613928335,11.4708333333333,375.055555555556,18851.6129032258,6.71,6195.1935483871,"Summer"
"2440","North Delta",2016-09-01,NA,NA,NA,NA,NA,NA,9,2.95545454545455,0.112265853800811,NA,95.7826830526715,0.075,0.0934031711580232,20.6329505206478,6.4852380952381,330.362388784081,16630,6.71,5189.76666666667,"Autumn"
"2441","North Delta",2016-10-01,NA,NA,NA,NA,NA,NA,10,2.04772727272727,0.1925,NA,94.1176767676768,0.09,0.156006034898572,17.4957037037037,9.7135,300.734882154882,11633.8709677419,14.14,7614.93548387097,"Autumn"
"2442","North Delta",2016-11-01,NA,NA,NA,NA,NA,NA,11,1.57393939393939,0.189346037245356,NA,104.49358974359,0.1,0.245,15.7758333333333,7.65052631578947,358.677604166667,15056.6666666667,14.14,8668.96666666667,"Autumn"
"2443","North Delta",2016-12-01,NA,NA,NA,NA,NA,NA,12,2.62785714285714,0.136875,NA,59.301948788704,0.08875,0.25325,9.41861062637374,51.777619047619,345.268017399267,39925.8064516129,14.14,35362.4516129032,"Winter"
"2444","North Delta",2017-01-01,NA,NA,NA,NA,NA,NA,1,1.33,0.195,NA,24.2019865327068,0.08,0.245,9.60238749352252,67.8666666666667,142.906666666667,67500,14.14,143948.451612903,"Winter"
"2445","North Delta",2017-02-01,NA,NA,NA,NA,NA,NA,2,5.53333333333333,0.075,NA,37.2838165279172,0.05,0.305,10.7506078745524,NA,268.339750957854,82107.1428571429,14.14,269002.464285714,"Winter"
"2446","North Delta",2017-03-01,NA,NA,NA,NA,NA,NA,3,10.1082608695652,0.0364817062276415,NA,43.7276599769169,0.055,0.190129178041965,12.5096255298077,NA,356.342185592186,66770.9677419355,14.14,124338.612903226,"Spring"
"2447","North Delta",2017-04-01,NA,NA,NA,NA,NA,NA,4,5.29736842105263,0.0536760353242668,NA,54.0126700680272,0.04,0.157,15.4605846560847,NA,346.486683277962,67336.6666666667,14.14,106997.466666667,"Spring"
"2448","North Delta",2017-05-01,NA,NA,NA,NA,NA,NA,5,3.329,0.0632598944500621,NA,59.5058431974941,0.085,0.103037529548896,18.4550671494404,NA,404.304953063663,48345.1612903226,14.14,65149.3225806452,"Spring"
"2449","North Delta",2017-06-01,NA,NA,NA,NA,NA,NA,6,6.02930555555556,0.0785,NA,67.1859243349368,0.06,0.138863176078101,22.2348528713502,20.8277777777778,463.726567142008,26166.6666666667,14.14,28121.3,"Summer"
"2450","North Delta",2017-07-01,NA,NA,NA,NA,NA,NA,7,3.15058823529412,0.16708143615526,NA,87.7838589788267,0.0725,0.0882705106884241,23.2528627526029,17.5055555555556,460.017142857143,15000,14.14,9651.22580645161,"Summer"
"2451","North Delta",2017-08-01,NA,NA,NA,NA,NA,NA,8,2.22388888888889,0.0864997054428602,NA,92.051717756766,0.06,0.0664503079494863,22.9732723546942,12.5277777777778,394.014705882353,19980.6451612903,14.14,10235.935483871,"Summer"
"2452","North Delta",2017-09-01,NA,NA,NA,NA,NA,NA,9,1.84526315789474,0.134212046289218,NA,94.4348951590764,0.06,0.0819291238904532,21.0673504005171,12.05,321.709777777778,21266.6666666667,14.14,12936.7333333333,"Autumn"
"2453","North Delta",2017-10-01,NA,NA,NA,NA,NA,NA,10,2.4645,0.141810947096175,NA,126.533394127034,0.065,0.0875733578993628,16.6464150077111,7.97222222222222,198.17784992785,13316.1290322581,7.14,9340.58064516129,"Autumn"
"2454","North Delta",2017-11-01,NA,NA,NA,NA,NA,NA,11,1.57260869565217,0.33,NA,125.580006212376,0.09,0.170710999060422,14.4852374397091,18.5055555555556,320.925401069519,13666.6666666667,7.14,9046.36666666667,"Autumn"
"2455","North Delta",2017-12-01,NA,NA,NA,NA,NA,NA,12,2.67145833333333,0.155967146737967,NA,109.131191305939,0.06,0.207567560702562,9.94722919295104,19.4444444444444,354.956944444444,14425.8064516129,7.14,6841.12903225806,"Winter"
"2456","North Delta",2018-01-01,NA,NA,NA,NA,NA,NA,1,2.65587301587302,0.205,NA,100.126894706412,0.085,0.264666666666667,10.425588179588,NA,426.77495543672,18180.6451612903,7.14,16992,"Winter"
"2457","North Delta",2018-02-01,NA,NA,NA,NA,NA,NA,2,2.50727272727273,0.209166666666667,NA,109.056975324779,0.0775,0.216666666666667,11.3685147886513,NA,451.529057017544,13532.1428571429,7.14,11570.25,"Winter"
"2458","North Delta",2018-03-01,NA,NA,NA,NA,NA,NA,3,3.44227272727273,0.248881806262237,NA,84.9796410716307,0.075,0.265571428571429,11.9969685319544,NA,459.257053243574,26558.064516129,7.14,28192.6774193548,"Spring"
"2459","North Delta",2018-04-01,NA,NA,NA,NA,NA,NA,4,3.73413580246914,0.0687037037037037,NA,66.4528039586869,0.055,0.133092592592593,17.3351785857409,NA,419.690487804878,35520,7.14,41906.1,"Spring"
"2460","North Delta",2018-05-01,NA,NA,NA,NA,NA,NA,5,3.97401515151515,0.214006737169056,NA,91.7150292121637,0.075,0.104239372130582,19.5646850086268,NA,399.266241161616,10838.064516129,7.14,12687.1935483871,"Spring"
"2461","North Delta",2018-06-01,NA,NA,NA,NA,NA,NA,6,2.14233333333333,0.133333333333333,NA,94.5860012986732,0.05,0.102666666666667,21.8424925423367,13.5333333333333,392.636634199134,12063.3333333333,7.14,7317.6,"Summer"
"2462","North Delta",2018-07-01,NA,NA,NA,NA,NA,NA,7,2.19772727272727,0.208315832762875,NA,96.6722472853347,0.065,0.078469191364484,22.8574727429752,16.2333333333333,331.300354609929,15335.4838709677,7.14,6651.77419354839,"Summer"
"2463","North Delta",2018-08-01,NA,NA,NA,NA,NA,NA,8,2.51086661993663,0.0965424039516186,NA,129.435640730198,0.113,0.0801969288784223,21.8484890257169,14.50625,373.327142857143,18477.4193548387,7.14,5759.8064516129,"Summer"
"2464","North Delta",2018-09-01,NA,NA,NA,NA,NA,NA,9,3.02574074074074,0.0831639968010907,NA,128.562814529774,0.07,0.0646873408766463,20.5502656134143,7.37777777777778,414.008888888889,16876.6666666667,7.14,6078.26666666667,"Autumn"
"2465","North Delta",2018-10-01,NA,NA,NA,NA,NA,NA,10,2.3219867017469,0.260937496367037,NA,142.037515916711,0.1,0.136650723993522,18.2118707861751,11.9055555555556,311.926888888889,11167.4193548387,10.34,5005.70967741936,"Autumn"
"2466","North Delta",2018-11-01,NA,NA,NA,NA,NA,NA,11,1.20416666666667,0.300232861498371,NA,160.7563865846,0.15,0.181349673324078,13.8528799269206,7.12777777777778,281.650520833333,9611.66666666667,10.34,7894.5,"Autumn"
"2467","North Delta",2018-12-01,NA,NA,NA,NA,NA,NA,12,1.66875,0.494,NA,128.947695315401,0.12,0.386,10.9950024122874,14.6875,389.548366013072,15093.5483870968,10.34,10077.4193548387,"Winter"
"2468","North Delta",2019-01-01,NA,NA,NA,NA,NA,NA,1,6.77,0.24,NA,44.9980156676484,0.12,0.3975,10.0636521653391,NA,433.527450980392,31577.4193548387,10.34,32308.7741935484,"Winter"
"2469","North Delta",2019-02-01,NA,NA,NA,NA,NA,NA,2,3.60875,0.09,NA,25.4042123620832,0.12,0.403333333333333,9.6488569514857,NA,339.78025210084,55289.2857142857,10.34,81926.8928571429,"Winter"
"2470","North Delta",2019-03-01,NA,NA,NA,NA,NA,NA,3,8.72944444444444,0.0278089072036424,NA,47.6858866884974,0.07,0.190052640597735,13.1535872757751,NA,362.857564102564,69916.1290322581,10.34,120729.935483871,"Spring"
"2471","North Delta",2019-04-01,NA,NA,NA,NA,NA,NA,4,4.04052631578947,0.0513495711782016,NA,47.3233130904184,0.05,0.153362808464095,17.0391946844688,NA,360.469178628389,63670,10.34,85681.5666666667,"Spring"
"2472","North Delta",2019-05-01,NA,NA,NA,NA,NA,NA,5,3.28147058823529,0.0733333333333333,NA,69.9373737313731,0.047,0.131,18.244260101145,NA,413.489816772375,36503.2258064516,10.34,50116.7419354839,"Spring"
"2473","North Delta",2019-06-01,NA,NA,NA,NA,NA,NA,6,3.46058823529412,0.0720924139646813,NA,87.0106069403782,0.04,0.0833872206980983,22.059223830199,19.8444444444444,461.893399847234,29880,10.34,32967.0333333333,"Summer"
"2474","North Delta",2019-07-01,NA,NA,NA,NA,NA,NA,7,2.71394736842105,0.1295,NA,110.699346856999,0.043,0.0898224228108302,22.8669246892299,12.7111111111111,336.475542038929,18022.5806451613,10.34,7633.67741935484,"Summer"
"2475","North Delta",2019-08-01,NA,NA,NA,NA,NA,NA,8,2.56058823529412,0.225666666666667,NA,117.082681608435,0.061,0.126333333333333,23.384062926638,9.11111111111111,346.301291151381,20651.6129032258,10.34,11687.064516129,"Summer"
"2476","North Delta",2019-09-01,NA,NA,NA,NA,NA,NA,9,1.4125,0.0887562258630281,NA,116.958902554558,0.051,0.0746959595618149,21.5907692443474,12.15,371.284636375854,20870,10.34,12471.7333333333,"Autumn"
"2477","North Delta",2019-10-01,NA,NA,NA,NA,NA,NA,10,1.93666666666667,0.149029264293559,NA,108.144787204465,0.046,0.124527777777778,16.8924741928815,12.3411764705882,346.760504073456,14280.6451612903,6.12,13226.6451612903,"Autumn"
"2478","North Delta",2019-11-01,NA,NA,NA,NA,NA,NA,11,0.0954764001071453,0.75,NA,132.396067988507,0.09,0.12,13.9060998863703,15.8375,327.690204467103,10621,6.12,6787.63333333333,"Autumn"
"2479","North Delta",2019-12-01,NA,NA,NA,NA,NA,NA,12,1.31333333333333,0.306,NA,80.4952828743548,0.068,0.37,10.8128132407985,30.4411764705882,328.934705986064,19409.6774193548,6.12,14507.5806451613,"Winter"
"2480","North Delta",2020-01-01,NA,NA,NA,NA,NA,NA,1,2.35541666666667,0.123333333333333,NA,109.951772655063,NA,0.403333333333333,9.58563955904641,NA,415.286102761584,16458.064516129,6.12,12917.6451612903,"Winter"
"2481","North Delta",2020-02-01,NA,NA,NA,NA,NA,NA,2,1.66615784708236,0.166,NA,79.8573267498621,0.15,0.344,11.2373537720601,NA,516.607358142071,13586.2068965517,6.12,11768.0689655172,"Winter"
"2482","North Delta",2020-03-01,NA,NA,NA,NA,NA,NA,3,1.82,0.595,NA,139.002922317089,0.1,0.14,13.8421138490506,NA,393.408195410834,12067.7419354839,6.12,10325.4838709677,"Spring"
"2483","North Delta",2020-04-01,NA,NA,NA,NA,NA,NA,4,1.16845703858417,NA,NA,111.172474677555,NA,NA,16.4620129032258,NA,431.757096774194,11806.6666666667,6.12,11383.6,"Spring"
"2484","North Delta",2020-05-01,NA,NA,NA,NA,NA,NA,5,1.48333333333333,0.148550211279653,NA,118.007092198582,NA,0.154666666666667,20.5486247462955,NA,373.16506693161,10552.5806451613,6.12,9053.93548387097,"Spring"
"2485","North Delta",2020-06-01,NA,NA,NA,NA,NA,NA,6,1.41487179487179,0.137894496344961,NA,104.315801539887,0.08,0.111933101461579,22.1731936799684,21.1625,309.103723911959,12290,6.12,7108.26666666667,"Summer"
"2486","North Delta",2020-07-01,NA,NA,NA,NA,NA,NA,7,1.10958333333333,0.283333333333333,NA,119.44984600192,0.05,0.0921559909482797,22.5311474497456,14.852380952381,305.642935239319,13800,6.12,4526.61290322581,"Summer"
"2487","North Delta",2020-08-01,NA,NA,NA,NA,NA,NA,8,1.6996178462102,0.119893800882467,NA,125.171051433996,0.08,0.104901642743498,22.9114293942574,18.6,272.30320524558,13603.2258064516,6.12,3395.61290322581,"Summer"
"2488","North Delta",2020-09-01,NA,NA,NA,NA,NA,NA,9,3.9775,0.129352959930897,NA,136.068783182215,0.07,0.1142,21.5720348399042,10.5647058823529,389.990893907953,11640,6.12,4271.6,"Autumn"
"2489","North Delta",2020-10-01,NA,NA,NA,NA,NA,NA,10,1.70906013537783,0.126291845378776,NA,133.385278068339,0.09,0.124837759426071,19.2417910694483,11.8117647058824,280.647264106713,8589.35483870968,3.8,4325.12903225806,"Autumn"
"2490","North Delta",2020-11-01,NA,NA,NA,NA,NA,NA,11,1.08525944646335,0.12666079901314,NA,136.955324955617,0.09,0.161120111567279,13.614258619937,10.8470588235294,273.115276012509,8454.33333333333,3.8,5069.13333333333,"Autumn"
"2491","North Delta",2020-12-01,NA,NA,NA,NA,NA,NA,12,1.45666666666667,0.171145689135107,NA,128.623562260606,0.09,0.22045038954479,9.94618228401553,17.1352941176471,238.364387294845,8779.35483870968,3.8,6830.1935483871,"Winter"
"2492","North Delta",2021-01-01,NA,NA,NA,NA,NA,NA,1,NA,NA,NA,132.818180409345,NA,NA,9.63829129356977,NA,345.533333430215,9121.93548387097,3.8,8906.51612903226,"Winter"
"2493","North Delta",2021-02-01,NA,NA,NA,NA,NA,NA,2,1.8,0.02,NA,82.475903721459,NA,0.415,11.0600132275132,NA,403.321250343323,11792.8571428571,3.8,9685.28571428571,"Winter"
"2494","North Delta",2021-03-01,NA,NA,NA,NA,NA,NA,3,1.33625,0.17975,NA,114.380118250492,0.061,0.22175,12.3243956355568,NA,492.365722434626,9457.09677419355,3.8,8915.38709677419,"Spring"
"2495","North Delta",2021-04-01,NA,NA,NA,NA,NA,NA,4,2.7725,0.0771561407800764,NA,105.81859163378,0.058,0.153678571428571,17.6201612348421,NA,373.757927750932,7862,3.8,6559,"Spring"
"2496","North Delta",2021-05-01,NA,NA,NA,NA,NA,NA,5,2.97247329473531,0.0241479774539281,NA,88.2341388185819,0.06225,0.148833333333333,19.9969895846049,NA,283.54935001119,7124.51612903226,3.8,4748.54838709677,"Spring"
"2497","North Delta",2021-06-01,NA,NA,NA,NA,NA,NA,6,1.76285714285714,0.0270780332378733,NA,68.2748404784776,0.0484903389204992,0.123036330051022,22.1577496591911,22.2388888888889,328.853880257442,6598.33333333333,3.8,3077.3,"Summer"
"2498","North Delta",2021-07-01,NA,NA,NA,NA,NA,NA,7,2.19285714285714,0.0181193441400925,NA,80.268334912073,0.06725,0.0778075202851712,22.5195783984384,23.2111111111111,352.88307732471,7454.83870967742,3.8,3452.35483870968,"Summer"
"2499","North Delta",2021-08-01,NA,NA,NA,NA,NA,NA,8,2.01111111111111,0.0217453056961919,NA,111.889193054288,0.06675,0.0730625845654868,21.9571769178547,23.7111111111111,331.777463295446,7569.03225806452,3.8,3675.58064516129,"Summer"
"2500","North Delta",2021-09-01,NA,NA,NA,NA,NA,NA,9,1.81328087308165,0.0217663948844919,NA,121.31510340174,0.04175,0.0847344497016498,21.6315864132923,9.51111111111111,324.591977287307,7608,3.8,3086.83333333333,"Autumn"
"2501","North Delta",2021-10-01,NA,NA,NA,NA,NA,NA,10,1.79649230185534,0.0327276534638023,NA,103.095702915639,0.027,0.119033333333333,17.107621853526,13.2722222222222,373.536128141822,11741.2903225806,4.55,13181.7741935484,"Autumn"
"2502","North Delta",2021-11-01,NA,NA,NA,NA,NA,NA,11,1.70166666666667,0.032310166679963,NA,80.3797467686707,0.07275,0.3785,15.3076016687517,14.6,451.49929676512,8606,4.55,3396.3,"Autumn"
"2503","North Delta",2021-12-01,NA,NA,NA,NA,NA,NA,12,0.851126994960941,0.0448,NA,52.0986666666667,0.08,0.464,10.3831034482759,55.0777777777778,336.734482758621,17871.935483871,4.55,19869.3870967742,"Winter"
"2504","North Delta",2022-01-01,NA,NA,NA,NA,NA,NA,1,1.55333333333333,0.0303196431122099,NA,104.75,0.057,0.423166666666667,9.92444444444445,NA,248.222222222222,17035.4838709677,4.55,12146.5161290323,"Winter"
"2505","North Delta",2022-02-01,NA,NA,NA,NA,NA,NA,2,3.50142857142857,0.0221625792148656,NA,117.625,0.033,0.281857142857143,11.9355555555556,NA,227.888888888889,12192.8571428571,4.55,11369.4285714286,"Winter"
"2506","North Delta",2022-03-01,NA,NA,NA,NA,NA,NA,3,2.205,0.0203631684728316,NA,141.0625,0.021,0.203166666666667,14.2705882352941,NA,216.235294117647,10496.4516129032,4.55,9343.25806451613,"Spring"
"2507","North Delta",2022-04-01,NA,NA,NA,NA,NA,NA,4,2.26166666666667,0.0252067250700202,NA,142.40625,0.054,0.126,16.3364705882353,NA,202.676470588235,8231.33333333333,4.55,7399.26666666667,"Spring"
"2508","North Delta",2022-05-01,NA,NA,NA,NA,NA,NA,5,2.71875,0.0256567084230483,NA,125.027777777778,0.037,0.148,19.0078947368421,NA,181.912280701754,7167.09677419355,4.55,4530.03225806452,"Spring"
"2509","North Delta",2022-06-01,NA,NA,NA,NA,NA,NA,6,2.75333333333333,0.0208854472627198,NA,101.219298245614,0.027,0.0931428571428572,22.7031666666667,16.5777777777778,285.025,8866.66666666667,4.55,5029.13333333333,"Summer"
"2510","North Delta",2022-07-01,NA,NA,NA,NA,NA,NA,7,1.852,0.0213702414924046,NA,83.8888888888889,0.03,0.100386988789309,22.401,24.80625,379.6,12106.4516129032,4.55,5300.45161290323,"Summer"
"2511","North Delta",2022-08-01,NA,NA,NA,NA,NA,NA,8,0.895,0.0152360920920702,NA,100.111111111111,0.026,0.0674922150453287,23.466,16.4055555555556,352.3,9916.77419354839,4.55,3188.22580645161,"Summer"
"2512","North Delta",2022-09-01,NA,NA,NA,NA,NA,NA,9,0.84,0.0488750991760753,NA,193.833333333333,0.029,0.201,21.7394736842105,10.0388888888889,255.368421052632,8752.66666666667,4.55,3442.13333333333,"Autumn"
"2513","North Delta",2022-10-01,NA,NA,NA,NA,NA,NA,10,0.7,0.0168133582803421,NA,241.444444444444,0.037,0.237,20.231,8.96111111111111,271.95,6846.12903225806,9.33,4339.03225806452,"Autumn"
"2514","North Delta",2022-11-01,NA,NA,NA,NA,NA,NA,11,0.53,0.0399835621938109,NA,152.611111111111,0.084,0.285,12.2589473684211,12.0277777777778,254.947368421053,6846,9.33,4788.16666666667,"Autumn"
"2515","North Delta",2022-12-01,NA,NA,NA,NA,NA,NA,12,2.07,0.00178701280383393,NA,60.1666666666667,0.068,0.337,9.31947368421053,20.4777777777778,259.210526315789,11701.6129032258,9.33,13240.3548387097,"Winter"
"2516","South",1950-12-01,NA,NA,NA,NA,NA,NA,NA,NA,NA,NA,NA,NA,NA,NA,NA,136,NA,NA,NA,"Autumn"
"2517","South",1951-03-01,NA,NA,NA,NA,NA,NA,NA,NA,NA,NA,NA,NA,NA,NA,NA,326.5,NA,NA,NA,"Autumn"
"2518","South",1951-04-01,NA,NA,NA,NA,NA,NA,NA,NA,NA,NA,NA,NA,NA,NA,NA,483.333333333333,NA,NA,NA,"Autumn"
"2519","South",1951-05-01,NA,NA,NA,NA,NA,NA,NA,NA,NA,NA,NA,NA,NA,NA,NA,197.8,NA,NA,NA,"Autumn"
"2520","South",1951-06-01,NA,NA,NA,NA,NA,NA,NA,NA,NA,NA,NA,NA,NA,NA,NA,358.714285714286,NA,NA,NA,"Autumn"
"2521","South",1951-07-01,NA,NA,NA,NA,NA,NA,NA,NA,NA,NA,NA,NA,NA,NA,NA,772.5,NA,NA,NA,"Autumn"
"2522","South",1951-08-01,NA,NA,NA,NA,NA,NA,NA,NA,NA,NA,NA,NA,NA,NA,NA,765.333333333333,NA,NA,NA,"Autumn"
"2523","South",1951-09-01,NA,NA,NA,NA,NA,NA,NA,NA,NA,NA,NA,NA,NA,NA,NA,707.75,NA,NA,NA,"Autumn"
"2524","South",1951-10-01,NA,NA,NA,NA,NA,NA,NA,NA,NA,NA,NA,NA,NA,NA,NA,503.75,NA,NA,NA,"Autumn"
"2525","South",1951-11-01,NA,NA,NA,NA,NA,NA,NA,NA,NA,NA,NA,NA,NA,NA,NA,525,NA,NA,NA,"Autumn"
"2526","South",1951-12-01,NA,NA,NA,NA,NA,NA,NA,NA,NA,NA,NA,NA,NA,NA,NA,352.75,NA,NA,NA,"Autumn"
"2527","South",1952-01-01,NA,NA,NA,NA,NA,NA,NA,NA,NA,NA,NA,NA,NA,NA,NA,216.6,NA,NA,NA,"Autumn"
"2528","South",1952-02-01,NA,NA,NA,NA,NA,NA,NA,NA,NA,NA,NA,NA,NA,NA,NA,185.5,NA,NA,NA,"Autumn"
"2529","South",1952-03-01,NA,NA,NA,NA,NA,NA,NA,NA,NA,NA,NA,NA,NA,NA,NA,190,NA,NA,NA,"Autumn"
"2530","South",1952-04-01,NA,NA,NA,NA,NA,NA,NA,NA,NA,NA,NA,NA,NA,NA,NA,133.5,NA,NA,NA,"Autumn"
"2531","South",1952-05-01,NA,NA,NA,NA,NA,NA,NA,NA,NA,NA,NA,NA,NA,NA,NA,100,NA,NA,NA,"Autumn"
"2532","South",1952-06-01,NA,NA,NA,NA,NA,NA,NA,NA,NA,NA,NA,NA,NA,NA,NA,123.25,NA,NA,NA,"Autumn"
"2533","South",1952-07-01,NA,NA,NA,NA,NA,NA,NA,NA,NA,NA,NA,NA,NA,NA,NA,497.333333333333,NA,NA,NA,"Autumn"
"2534","South",1952-08-01,NA,NA,NA,NA,NA,NA,NA,NA,NA,NA,NA,NA,NA,NA,NA,658.333333333333,NA,NA,NA,"Autumn"
"2535","South",1952-09-01,NA,NA,NA,NA,NA,NA,NA,NA,NA,NA,NA,NA,NA,NA,NA,553.25,NA,NA,NA,"Autumn"
"2536","South",1952-10-01,NA,NA,NA,NA,NA,NA,NA,NA,NA,NA,NA,NA,NA,NA,NA,583.666666666667,NA,NA,NA,"Autumn"
"2537","South",1952-11-01,NA,NA,NA,NA,NA,NA,NA,NA,NA,NA,NA,NA,NA,NA,NA,470,NA,NA,NA,"Autumn"
"2538","South",1952-12-01,NA,NA,NA,NA,NA,NA,NA,NA,NA,NA,NA,NA,NA,NA,NA,306.5,NA,NA,NA,"Autumn"
"2539","South",1953-01-01,NA,NA,NA,NA,NA,NA,NA,NA,NA,NA,NA,NA,NA,NA,NA,267.5,NA,NA,NA,"Autumn"
"2540","South",1953-02-01,NA,NA,NA,NA,NA,NA,NA,NA,NA,NA,NA,NA,NA,NA,NA,460.666666666667,NA,NA,NA,"Autumn"
"2541","South",1953-03-01,NA,NA,NA,NA,NA,NA,NA,NA,NA,NA,NA,NA,NA,NA,NA,816,NA,NA,NA,"Autumn"
"2542","South",1953-04-01,NA,NA,NA,NA,NA,NA,NA,NA,NA,NA,NA,NA,NA,NA,NA,615.888888888889,NA,NA,NA,"Autumn"
"2543","South",1953-05-01,NA,NA,NA,NA,NA,NA,NA,NA,NA,NA,NA,NA,NA,NA,NA,413.9,NA,NA,NA,"Autumn"
"2544","South",1953-06-01,NA,NA,NA,NA,NA,NA,NA,NA,NA,NA,NA,NA,NA,NA,NA,164.333333333333,NA,NA,NA,"Autumn"
"2545","South",1953-07-01,NA,NA,NA,NA,NA,NA,NA,NA,NA,NA,NA,NA,NA,NA,NA,333.111111111111,NA,NA,NA,"Autumn"
"2546","South",1953-08-01,NA,NA,NA,NA,NA,NA,NA,NA,NA,NA,NA,NA,NA,NA,NA,746.75,NA,NA,NA,"Autumn"
"2547","South",1953-09-01,NA,NA,NA,NA,NA,NA,NA,NA,NA,NA,NA,NA,NA,NA,NA,738.666666666667,NA,NA,NA,"Autumn"
"2548","South",1953-10-01,NA,NA,NA,NA,NA,NA,NA,NA,NA,NA,NA,NA,NA,NA,NA,589.25,NA,NA,NA,"Autumn"
"2549","South",1953-11-01,NA,NA,NA,NA,NA,NA,NA,NA,NA,NA,NA,NA,NA,NA,NA,584,NA,NA,NA,"Autumn"
"2550","South",1953-12-01,NA,NA,NA,NA,NA,NA,NA,NA,NA,NA,NA,NA,NA,NA,NA,563,NA,NA,NA,"Autumn"
"2551","South",1954-01-01,NA,NA,NA,NA,NA,NA,NA,NA,NA,NA,NA,NA,NA,NA,NA,625,NA,NA,NA,"Autumn"
"2552","South",1954-02-01,NA,NA,NA,NA,NA,NA,NA,NA,NA,NA,NA,NA,NA,NA,NA,512.857142857143,NA,NA,NA,"Autumn"
"2553","South",1954-03-01,NA,NA,NA,NA,NA,NA,NA,NA,NA,NA,NA,NA,NA,NA,NA,317.4,NA,NA,NA,"Autumn"
"2554","South",1954-04-01,NA,NA,NA,NA,NA,NA,NA,NA,NA,NA,NA,NA,NA,NA,NA,206.5,NA,NA,NA,"Autumn"
"2555","South",1954-05-01,NA,NA,NA,NA,NA,NA,NA,NA,NA,NA,NA,NA,NA,NA,NA,176.75,NA,NA,NA,"Autumn"
"2556","South",1954-06-01,NA,NA,NA,NA,NA,NA,NA,NA,NA,NA,NA,NA,NA,NA,NA,749.25,NA,NA,NA,"Autumn"
"2557","South",1954-07-01,NA,NA,NA,NA,NA,NA,NA,NA,NA,NA,NA,NA,NA,NA,NA,914.75,NA,NA,NA,"Autumn"
"2558","South",1954-08-01,NA,NA,NA,NA,NA,NA,NA,NA,NA,NA,NA,NA,NA,NA,NA,916.25,NA,NA,NA,"Autumn"
"2559","South",1954-09-01,NA,NA,NA,NA,NA,NA,NA,NA,NA,NA,NA,NA,NA,NA,NA,907.25,NA,NA,NA,"Autumn"
"2560","South",1954-10-01,NA,NA,NA,NA,NA,NA,NA,NA,NA,NA,NA,NA,NA,NA,NA,823.2,NA,NA,NA,"Autumn"
"2561","South",1954-11-01,NA,NA,NA,NA,NA,NA,NA,NA,NA,NA,NA,NA,NA,NA,NA,672.25,NA,NA,NA,"Autumn"
"2562","South",1954-12-01,NA,NA,NA,NA,NA,NA,NA,NA,NA,NA,NA,NA,NA,NA,NA,576.5,NA,NA,NA,"Autumn"
"2563","South",1955-01-01,NA,NA,NA,NA,NA,NA,NA,NA,NA,NA,NA,NA,NA,NA,NA,412.4,NA,NA,NA,"Autumn"
"2564","South",1955-02-01,NA,NA,NA,NA,NA,NA,NA,NA,NA,NA,NA,NA,NA,NA,NA,538,NA,NA,NA,"Autumn"
"2565","South",1955-03-01,NA,NA,NA,NA,NA,NA,NA,NA,NA,NA,NA,NA,NA,NA,NA,633,NA,NA,NA,"Autumn"
"2566","South",1955-04-01,NA,NA,NA,NA,NA,NA,NA,NA,NA,NA,NA,NA,NA,NA,NA,865.2,NA,NA,NA,"Autumn"
"2567","South",1955-05-01,NA,NA,NA,NA,NA,NA,NA,NA,NA,NA,NA,NA,NA,NA,NA,774.8,NA,NA,NA,"Autumn"
"2568","South",1955-06-01,NA,NA,NA,NA,NA,NA,NA,NA,NA,NA,NA,NA,NA,NA,NA,425,NA,NA,NA,"Autumn"
"2569","South",1955-07-01,NA,NA,NA,NA,NA,NA,NA,NA,NA,NA,NA,NA,NA,NA,NA,939.6,NA,NA,NA,"Autumn"
"2570","South",1955-08-01,NA,NA,NA,NA,NA,NA,NA,NA,NA,NA,NA,NA,NA,NA,NA,933.25,NA,NA,NA,"Autumn"
"2571","South",1955-09-01,NA,NA,NA,NA,NA,NA,NA,NA,NA,NA,NA,NA,NA,NA,NA,928.25,NA,NA,NA,"Autumn"
"2572","South",1955-10-01,NA,NA,NA,NA,NA,NA,NA,NA,NA,NA,NA,NA,NA,NA,NA,938.2,NA,NA,NA,"Autumn"
"2573","South",1955-11-01,NA,NA,NA,NA,NA,NA,NA,NA,NA,NA,NA,NA,NA,NA,NA,808,NA,NA,NA,"Autumn"
"2574","South",1955-12-01,NA,NA,NA,NA,NA,NA,NA,NA,NA,NA,NA,NA,NA,NA,NA,404.333333333333,NA,NA,NA,"Autumn"
"2575","South",1956-01-01,NA,NA,NA,NA,NA,NA,NA,NA,NA,NA,NA,NA,NA,NA,NA,156,NA,NA,NA,"Autumn"
"2576","South",1956-02-01,NA,NA,NA,NA,NA,NA,NA,NA,NA,NA,NA,NA,NA,NA,NA,241.2,NA,NA,NA,"Autumn"
"2577","South",1956-03-01,NA,NA,NA,NA,NA,NA,NA,NA,NA,NA,NA,NA,NA,NA,NA,380.2,NA,NA,NA,"Autumn"
"2578","South",1956-04-01,NA,NA,NA,NA,NA,NA,NA,NA,NA,NA,NA,NA,NA,NA,NA,243.666666666667,NA,NA,NA,"Autumn"
"2579","South",1956-05-01,NA,NA,NA,NA,NA,NA,NA,NA,NA,NA,NA,NA,NA,NA,NA,128.4,NA,NA,NA,"Autumn"
"2580","South",1956-06-01,NA,NA,NA,NA,NA,NA,NA,NA,NA,NA,NA,NA,NA,NA,NA,118.6,NA,NA,NA,"Autumn"
"2581","South",1956-07-01,NA,NA,NA,NA,NA,NA,NA,NA,NA,NA,NA,NA,NA,NA,NA,419.8,NA,NA,NA,"Autumn"
"2582","South",1956-08-01,NA,NA,NA,NA,NA,NA,NA,NA,NA,NA,NA,NA,NA,NA,NA,554.8,NA,NA,NA,"Autumn"
"2583","South",1956-09-01,NA,NA,NA,NA,NA,NA,NA,NA,NA,NA,NA,NA,NA,NA,NA,555.25,NA,NA,NA,"Autumn"
"2584","South",1956-10-01,NA,NA,NA,NA,NA,NA,NA,NA,NA,NA,NA,NA,NA,NA,NA,564.5,NA,NA,NA,"Autumn"
"2585","South",1956-11-01,NA,NA,NA,NA,NA,NA,NA,NA,NA,NA,NA,NA,NA,NA,NA,521.75,NA,NA,NA,"Autumn"
"2586","South",1956-12-01,NA,NA,NA,NA,NA,NA,NA,NA,NA,NA,NA,NA,NA,NA,NA,410,NA,NA,NA,"Autumn"
"2587","South",1957-01-01,NA,NA,NA,NA,NA,NA,NA,NA,NA,NA,NA,NA,NA,NA,NA,606,NA,NA,NA,"Autumn"
"2588","South",1957-02-01,NA,NA,NA,NA,NA,NA,NA,NA,NA,NA,NA,NA,NA,NA,NA,754.75,NA,NA,NA,"Autumn"
"2589","South",1957-03-01,NA,NA,NA,NA,NA,NA,NA,NA,NA,NA,NA,NA,NA,NA,NA,436.5,NA,NA,NA,"Autumn"
"2590","South",1957-04-01,NA,NA,NA,NA,NA,NA,NA,NA,NA,NA,NA,NA,NA,NA,NA,798,NA,NA,NA,"Autumn"
"2591","South",1957-05-01,NA,NA,NA,NA,NA,NA,NA,NA,NA,NA,NA,NA,NA,NA,NA,582.25,NA,NA,NA,"Autumn"
"2592","South",1957-06-01,NA,NA,NA,NA,NA,NA,NA,NA,NA,NA,NA,NA,NA,NA,NA,272.8,NA,NA,NA,"Autumn"
"2593","South",1957-07-01,NA,NA,NA,NA,NA,NA,NA,NA,NA,NA,NA,NA,NA,NA,NA,840,NA,NA,NA,"Autumn"
"2594","South",1957-08-01,NA,NA,NA,NA,NA,NA,NA,NA,NA,NA,NA,NA,NA,NA,NA,860.5,NA,NA,NA,"Autumn"
"2595","South",1957-09-01,NA,NA,NA,NA,NA,NA,NA,NA,NA,NA,NA,NA,NA,NA,NA,782.25,NA,NA,NA,"Autumn"
"2596","South",1957-10-01,NA,NA,NA,NA,NA,NA,NA,NA,NA,NA,NA,NA,NA,NA,NA,507,NA,NA,NA,"Autumn"
"2597","South",1957-11-01,NA,NA,NA,NA,NA,NA,NA,NA,NA,NA,NA,NA,NA,NA,NA,429.5,NA,NA,NA,"Autumn"
"2598","South",1957-12-01,NA,NA,NA,NA,NA,NA,NA,NA,NA,NA,NA,NA,NA,NA,NA,442,NA,NA,NA,"Autumn"
"2599","South",1958-01-01,NA,NA,NA,NA,NA,NA,NA,NA,NA,NA,NA,NA,NA,NA,NA,507.5,NA,NA,NA,"Autumn"
"2600","South",1958-02-01,NA,NA,NA,NA,NA,NA,NA,NA,NA,NA,NA,NA,NA,NA,NA,394,NA,NA,NA,"Autumn"
"2601","South",1958-03-01,NA,NA,NA,NA,NA,NA,NA,NA,NA,NA,NA,NA,NA,NA,NA,270,NA,NA,NA,"Autumn"
"2602","South",1958-04-01,NA,NA,NA,NA,NA,NA,NA,NA,NA,NA,NA,NA,NA,NA,NA,214.75,NA,NA,NA,"Autumn"
"2603","South",1958-05-01,NA,NA,NA,NA,NA,NA,NA,NA,NA,NA,NA,NA,NA,NA,NA,138.333333333333,NA,NA,NA,"Autumn"
"2604","South",1958-06-01,NA,NA,NA,NA,NA,NA,NA,NA,NA,NA,NA,NA,NA,NA,NA,144,NA,NA,NA,"Autumn"
"2605","South",1958-07-01,NA,NA,NA,NA,NA,NA,NA,NA,NA,NA,NA,NA,NA,NA,NA,380.75,NA,NA,NA,"Autumn"
"2606","South",1958-08-01,NA,NA,NA,NA,NA,NA,NA,NA,NA,NA,NA,NA,NA,NA,NA,745.666666666667,NA,NA,NA,"Autumn"
"2607","South",1958-09-01,NA,NA,NA,NA,NA,NA,NA,NA,NA,NA,NA,NA,NA,NA,NA,630,NA,NA,NA,"Autumn"
"2608","South",1958-12-01,NA,NA,NA,NA,NA,NA,NA,NA,NA,NA,NA,NA,NA,NA,NA,408.5,NA,NA,NA,"Autumn"
"2609","South",1959-01-01,NA,NA,NA,NA,NA,NA,NA,NA,NA,NA,NA,NA,NA,NA,NA,625,NA,NA,NA,"Autumn"
"2610","South",1959-02-01,NA,NA,NA,NA,NA,NA,NA,NA,NA,NA,NA,NA,NA,NA,NA,525.75,NA,NA,NA,"Autumn"
"2611","South",1959-03-01,NA,NA,NA,NA,NA,NA,NA,NA,NA,NA,NA,NA,NA,NA,NA,771.5,NA,NA,NA,"Autumn"
"2612","South",1959-04-01,NA,NA,NA,NA,NA,NA,NA,NA,NA,NA,NA,NA,NA,NA,NA,877,NA,NA,NA,"Autumn"
"2613","South",1959-05-01,NA,NA,NA,NA,NA,NA,NA,NA,NA,NA,NA,NA,NA,NA,NA,977.666666666667,NA,NA,NA,"Autumn"
"2614","South",1959-06-01,NA,NA,NA,NA,NA,NA,NA,NA,NA,NA,NA,NA,NA,NA,NA,1049,NA,NA,NA,"Autumn"
"2615","South",1959-07-01,NA,NA,NA,NA,NA,NA,NA,NA,NA,NA,NA,NA,NA,NA,NA,1176.66666666667,NA,NA,NA,"Autumn"
"2616","South",1959-08-01,NA,NA,NA,NA,NA,NA,NA,NA,NA,NA,NA,NA,NA,NA,NA,1130,NA,NA,NA,"Autumn"
"2617","South",1959-09-01,NA,NA,NA,NA,NA,NA,NA,NA,NA,NA,NA,NA,NA,NA,NA,927.5,NA,NA,NA,"Autumn"
"2618","South",1959-10-01,NA,NA,NA,NA,NA,NA,NA,NA,NA,NA,NA,NA,NA,NA,NA,895.5,NA,NA,NA,"Autumn"
"2619","South",1959-11-01,NA,NA,NA,NA,NA,NA,NA,NA,NA,NA,NA,NA,NA,NA,NA,773.5,NA,NA,NA,"Autumn"
"2620","South",1959-12-01,NA,NA,NA,NA,NA,NA,NA,NA,NA,NA,NA,NA,NA,NA,NA,703,NA,NA,NA,"Autumn"
"2621","South",1960-01-01,NA,NA,NA,NA,NA,NA,NA,NA,NA,NA,NA,NA,NA,NA,NA,820,NA,NA,NA,"Autumn"
"2622","South",1960-02-01,NA,NA,NA,NA,NA,NA,NA,NA,NA,NA,NA,NA,NA,NA,NA,764.666666666667,NA,NA,NA,"Autumn"
"2623","South",1960-03-01,NA,NA,NA,NA,NA,NA,NA,NA,NA,NA,NA,NA,NA,NA,NA,1159,NA,NA,NA,"Autumn"
"2624","South",1960-04-01,NA,NA,NA,NA,NA,NA,NA,NA,NA,NA,NA,NA,NA,NA,NA,1036.25,NA,NA,NA,"Autumn"
"2625","South",1960-05-01,NA,NA,NA,NA,NA,NA,NA,NA,NA,NA,NA,NA,NA,NA,NA,998,NA,NA,NA,"Autumn"
"2626","South",1960-06-01,NA,NA,NA,NA,NA,NA,NA,NA,NA,NA,NA,NA,NA,NA,NA,1223.33333333333,NA,NA,NA,"Autumn"
"2627","South",1960-07-01,NA,NA,NA,NA,NA,NA,NA,NA,NA,NA,NA,NA,NA,NA,NA,1296.66666666667,NA,NA,NA,"Autumn"
"2628","South",1960-08-01,NA,NA,NA,NA,NA,NA,NA,NA,NA,NA,NA,NA,NA,NA,NA,1286.66666666667,NA,NA,NA,"Autumn"
"2629","South",1960-09-01,NA,NA,NA,NA,NA,NA,NA,NA,NA,NA,NA,NA,NA,NA,NA,1283.33333333333,NA,NA,NA,"Autumn"
"2630","South",1960-10-01,NA,NA,NA,NA,NA,NA,NA,NA,NA,NA,NA,NA,NA,NA,NA,958,NA,NA,NA,"Autumn"
"2631","South",1960-11-01,NA,NA,NA,NA,NA,NA,NA,NA,NA,NA,NA,NA,NA,NA,NA,780,NA,NA,NA,"Autumn"
"2632","South",1960-12-01,NA,NA,NA,NA,NA,NA,NA,NA,NA,NA,NA,NA,NA,NA,NA,682.333333333333,NA,NA,NA,"Autumn"
"2633","South",1961-01-01,NA,NA,NA,NA,NA,NA,NA,NA,NA,NA,NA,NA,NA,NA,NA,793.666666666667,NA,NA,NA,"Autumn"
"2634","South",1961-02-01,NA,NA,NA,NA,NA,NA,NA,NA,NA,NA,NA,NA,NA,NA,NA,1007,NA,NA,NA,"Autumn"
"2635","South",1961-03-01,NA,NA,NA,NA,NA,NA,NA,NA,NA,NA,NA,NA,NA,NA,NA,1273.33333333333,NA,NA,NA,"Autumn"
"2636","South",1961-04-01,NA,NA,NA,NA,NA,NA,NA,NA,NA,NA,NA,NA,NA,NA,NA,1550,NA,NA,NA,"Autumn"
"2637","South",1961-05-01,NA,NA,NA,NA,NA,NA,NA,NA,NA,NA,NA,NA,NA,NA,NA,1317.5,NA,NA,NA,"Autumn"
"2638","South",1961-06-01,NA,NA,NA,NA,NA,NA,NA,NA,NA,NA,NA,NA,NA,NA,NA,1470,NA,NA,NA,"Autumn"
"2639","South",1961-07-01,NA,NA,NA,NA,NA,NA,NA,NA,NA,NA,NA,NA,NA,NA,NA,1780,NA,NA,NA,"Autumn"
"2640","South",1961-08-01,NA,NA,NA,NA,NA,NA,NA,NA,NA,NA,NA,NA,NA,NA,NA,1787.5,NA,NA,NA,"Autumn"
"2641","South",1961-09-01,NA,NA,NA,NA,NA,NA,NA,NA,NA,NA,NA,NA,NA,NA,NA,1413.33333333333,NA,NA,NA,"Autumn"
"2642","South",1961-10-01,NA,NA,NA,NA,NA,NA,NA,NA,NA,NA,NA,NA,NA,NA,NA,1390,NA,NA,NA,"Autumn"
"2643","South",1961-11-01,NA,NA,NA,NA,NA,NA,NA,NA,NA,NA,NA,NA,NA,NA,NA,1076.66666666667,NA,NA,NA,"Autumn"
"2644","South",1961-12-01,NA,NA,NA,NA,NA,NA,NA,NA,NA,NA,NA,NA,NA,NA,NA,1126.66666666667,NA,NA,NA,"Autumn"
"2645","South",1962-01-01,NA,NA,NA,NA,NA,NA,NA,NA,NA,NA,NA,NA,NA,NA,NA,1246.66666666667,NA,NA,NA,"Autumn"
"2646","South",1962-02-01,NA,NA,NA,NA,NA,NA,NA,NA,NA,NA,NA,NA,NA,NA,NA,694.5,NA,NA,NA,"Autumn"
"2647","South",1962-03-01,NA,NA,NA,NA,NA,NA,NA,NA,NA,NA,NA,NA,NA,NA,NA,391.25,NA,NA,NA,"Autumn"
"2648","South",1962-04-01,NA,NA,NA,NA,NA,NA,NA,NA,NA,NA,NA,NA,NA,NA,NA,626.8,NA,NA,NA,"Autumn"
"2649","South",1962-05-01,NA,NA,NA,NA,NA,NA,NA,NA,NA,NA,NA,NA,NA,NA,NA,363,NA,NA,NA,"Autumn"
"2650","South",1962-06-01,NA,NA,NA,NA,NA,NA,NA,NA,NA,NA,NA,NA,NA,NA,NA,423.25,NA,NA,NA,"Autumn"
"2651","South",1962-07-01,NA,NA,NA,NA,NA,NA,NA,NA,NA,NA,NA,NA,NA,NA,NA,916.333333333333,NA,NA,NA,"Autumn"
"2652","South",1962-08-01,NA,NA,NA,NA,NA,NA,NA,NA,NA,NA,NA,NA,NA,NA,NA,998.333333333333,NA,NA,NA,"Autumn"
"2653","South",1962-09-01,NA,NA,NA,NA,NA,NA,NA,NA,NA,NA,NA,NA,NA,NA,NA,894,NA,NA,NA,"Autumn"
"2654","South",1962-10-01,NA,NA,NA,NA,NA,NA,NA,NA,NA,NA,NA,NA,NA,NA,NA,735.333333333333,NA,NA,NA,"Autumn"
"2655","South",1962-11-01,NA,NA,NA,NA,NA,NA,NA,NA,NA,NA,NA,NA,NA,NA,NA,608.333333333333,NA,NA,NA,"Autumn"
"2656","South",1962-12-01,NA,NA,NA,NA,NA,NA,NA,NA,NA,NA,NA,NA,NA,NA,NA,421.333333333333,NA,NA,NA,"Autumn"
"2657","South",1963-01-01,NA,NA,NA,NA,NA,NA,NA,NA,NA,NA,NA,NA,NA,NA,NA,819.666666666667,NA,NA,NA,"Autumn"
"2658","South",1963-02-01,NA,NA,NA,NA,NA,NA,NA,NA,NA,NA,NA,NA,NA,NA,NA,351.25,NA,NA,NA,"Autumn"
"2659","South",1963-03-01,NA,NA,NA,NA,NA,NA,NA,NA,NA,NA,NA,NA,NA,NA,NA,671.75,NA,NA,NA,"Autumn"
"2660","South",1963-04-01,NA,NA,NA,NA,NA,NA,NA,NA,NA,NA,NA,NA,NA,NA,NA,234.333333333333,NA,NA,NA,"Autumn"
"2661","South",1963-05-01,NA,NA,NA,NA,NA,NA,NA,NA,NA,NA,NA,NA,NA,NA,NA,159,NA,NA,NA,"Autumn"
"2662","South",1963-06-01,NA,NA,NA,NA,NA,NA,NA,NA,NA,NA,NA,NA,NA,NA,NA,269,NA,NA,NA,"Autumn"
"2663","South",1963-07-01,NA,NA,NA,NA,NA,NA,NA,NA,NA,NA,NA,NA,NA,NA,NA,681,NA,NA,NA,"Autumn"
"2664","South",1963-08-01,NA,NA,NA,NA,NA,NA,NA,NA,NA,NA,NA,NA,NA,NA,NA,916,NA,NA,NA,"Autumn"
"2665","South",1963-09-01,NA,NA,NA,NA,NA,NA,NA,NA,NA,NA,NA,NA,NA,NA,NA,816,NA,NA,NA,"Autumn"
"2666","South",1963-10-01,NA,NA,NA,NA,NA,NA,NA,NA,NA,NA,NA,NA,NA,NA,NA,573,NA,NA,NA,"Autumn"
"2667","South",1963-11-01,NA,NA,NA,NA,NA,NA,NA,NA,NA,NA,NA,NA,NA,NA,NA,445,NA,NA,NA,"Autumn"
"2668","South",1963-12-01,NA,NA,NA,NA,NA,NA,NA,NA,NA,NA,NA,NA,NA,NA,NA,358,NA,NA,NA,"Autumn"
"2669","South",1964-01-01,NA,NA,NA,NA,NA,NA,NA,NA,NA,NA,NA,NA,NA,NA,NA,435,NA,NA,NA,"Autumn"
"2670","South",1964-02-01,NA,NA,NA,NA,NA,NA,NA,NA,NA,NA,NA,NA,NA,NA,NA,643,NA,NA,NA,"Autumn"
"2671","South",1964-03-01,NA,NA,NA,NA,NA,NA,NA,NA,NA,NA,NA,NA,NA,NA,NA,1170,NA,NA,NA,"Autumn"
"2672","South",1964-04-01,NA,NA,NA,NA,NA,NA,NA,NA,NA,NA,NA,NA,NA,NA,NA,1190,NA,NA,NA,"Autumn"
"2673","South",1964-05-01,NA,NA,NA,NA,NA,NA,NA,NA,NA,NA,NA,NA,NA,NA,NA,1010,NA,NA,NA,"Autumn"
"2674","South",1964-06-01,NA,NA,NA,NA,NA,NA,NA,NA,NA,NA,NA,NA,NA,NA,NA,896,NA,NA,NA,"Autumn"
"2675","South",1964-07-01,NA,NA,NA,NA,NA,NA,NA,NA,NA,NA,NA,NA,NA,NA,NA,1250,NA,NA,NA,"Autumn"
"2676","South",1964-08-01,NA,NA,NA,NA,NA,NA,NA,NA,NA,NA,NA,NA,NA,NA,NA,1390,NA,NA,NA,"Autumn"
"2677","South",1964-09-01,NA,NA,NA,NA,NA,NA,NA,NA,NA,NA,NA,NA,NA,NA,NA,1030,NA,NA,NA,"Autumn"
"2678","South",1964-10-01,NA,NA,NA,NA,NA,NA,NA,NA,NA,NA,NA,NA,NA,NA,NA,739,NA,NA,NA,"Autumn"
"2679","South",1964-11-01,NA,NA,NA,NA,NA,NA,NA,NA,NA,NA,NA,NA,NA,NA,NA,697,NA,NA,NA,"Autumn"
"2680","South",1964-12-01,NA,NA,NA,NA,NA,NA,NA,NA,NA,NA,NA,NA,NA,NA,NA,596,NA,NA,NA,"Autumn"
"2681","South",1965-01-01,NA,NA,NA,NA,NA,NA,NA,NA,NA,NA,NA,NA,NA,NA,NA,213,NA,NA,NA,"Autumn"
"2682","South",1965-02-01,NA,NA,NA,NA,NA,NA,NA,NA,NA,NA,NA,NA,NA,NA,NA,273,NA,NA,NA,"Autumn"
"2683","South",1965-03-01,NA,NA,NA,NA,NA,NA,NA,NA,NA,NA,NA,NA,NA,NA,NA,326,NA,NA,NA,"Autumn"
"2684","South",1965-04-01,NA,NA,NA,NA,NA,NA,NA,NA,NA,NA,NA,NA,NA,NA,NA,309,NA,NA,NA,"Autumn"
"2685","South",1965-05-01,NA,NA,NA,NA,NA,NA,NA,NA,NA,NA,NA,NA,NA,NA,NA,240,NA,NA,NA,"Autumn"
"2686","South",1965-06-01,NA,NA,NA,NA,NA,NA,NA,NA,NA,NA,NA,NA,NA,NA,NA,156,NA,NA,NA,"Autumn"
"2687","South",1965-07-01,NA,NA,NA,NA,NA,NA,NA,NA,NA,NA,NA,NA,NA,NA,NA,543,NA,NA,NA,"Autumn"
"2688","South",1965-08-01,NA,NA,NA,NA,NA,NA,NA,NA,NA,NA,NA,NA,NA,NA,NA,853,NA,NA,NA,"Autumn"
"2689","South",1965-09-01,NA,NA,NA,NA,NA,NA,NA,NA,NA,NA,NA,NA,NA,NA,NA,736,NA,NA,NA,"Autumn"
"2690","South",1965-10-01,NA,NA,NA,NA,NA,NA,NA,NA,NA,NA,NA,NA,NA,NA,NA,NA,NA,NA,NA,"Autumn"
"2691","South",1965-11-01,NA,NA,NA,NA,NA,NA,NA,NA,NA,NA,NA,NA,NA,NA,NA,NA,NA,NA,NA,"Autumn"
"2692","South",1965-12-01,NA,NA,NA,NA,NA,NA,NA,NA,NA,NA,NA,NA,NA,NA,NA,NA,NA,NA,NA,"Autumn"
"2693","South",1966-01-01,NA,NA,NA,NA,NA,NA,NA,NA,NA,NA,NA,NA,NA,NA,NA,320,NA,NA,NA,"Autumn"
"2694","South",1966-02-01,NA,NA,NA,NA,NA,NA,NA,NA,NA,NA,NA,NA,NA,NA,NA,NA,NA,NA,NA,"Autumn"
"2695","South",1966-03-01,NA,NA,NA,NA,NA,NA,NA,NA,NA,NA,NA,NA,NA,NA,NA,693,NA,NA,NA,"Autumn"
"2696","South",1966-04-01,NA,NA,NA,NA,NA,NA,NA,NA,NA,NA,NA,NA,NA,NA,NA,NA,NA,NA,NA,"Autumn"
"2697","South",1966-05-01,NA,NA,NA,NA,NA,NA,NA,NA,NA,NA,NA,NA,NA,NA,NA,NA,NA,NA,NA,"Autumn"
"2698","South",1966-06-01,NA,NA,NA,NA,NA,NA,NA,NA,NA,NA,NA,NA,NA,22.5,NA,NA,NA,NA,NA,"Autumn"
"2699","South",1966-07-01,NA,NA,NA,NA,NA,NA,NA,NA,NA,NA,NA,NA,NA,25,NA,NA,NA,NA,NA,"Autumn"
"2700","South",1966-08-01,NA,NA,NA,NA,NA,NA,NA,NA,NA,NA,NA,NA,NA,26.95,NA,NA,NA,NA,NA,"Autumn"
"2701","South",1966-09-01,NA,NA,NA,NA,NA,NA,NA,NA,NA,NA,NA,NA,NA,22.25,NA,NA,NA,NA,NA,"Autumn"
"2702","South",1966-10-01,NA,NA,NA,NA,NA,NA,NA,NA,NA,NA,NA,NA,NA,NA,NA,NA,NA,NA,NA,"Autumn"
"2703","South",1966-11-01,NA,NA,NA,NA,NA,NA,NA,NA,NA,NA,NA,NA,NA,NA,NA,NA,NA,NA,NA,"Autumn"
"2704","South",1966-12-01,NA,NA,NA,NA,NA,NA,NA,NA,NA,NA,NA,NA,NA,NA,NA,NA,NA,NA,NA,"Autumn"
"2705","South",1967-01-01,NA,NA,NA,NA,NA,NA,NA,NA,NA,NA,NA,NA,NA,NA,NA,NA,NA,NA,NA,"Autumn"
"2706","South",1967-02-01,NA,NA,NA,NA,NA,NA,NA,NA,NA,NA,NA,NA,NA,NA,NA,253,NA,NA,NA,"Autumn"
"2707","South",1967-03-01,NA,NA,NA,NA,NA,NA,NA,NA,NA,NA,NA,NA,NA,NA,NA,NA,NA,NA,NA,"Autumn"
"2708","South",1967-04-01,NA,NA,NA,NA,NA,NA,NA,NA,NA,NA,NA,NA,NA,NA,NA,NA,NA,NA,NA,"Autumn"
"2709","South",1967-05-01,NA,NA,NA,NA,NA,NA,NA,NA,NA,NA,NA,NA,NA,NA,NA,168,NA,NA,NA,"Autumn"
"2710","South",1967-06-01,NA,NA,NA,NA,NA,NA,NA,NA,NA,NA,NA,NA,NA,NA,NA,124,NA,NA,NA,"Autumn"
"2711","South",1967-07-01,NA,NA,NA,NA,NA,NA,NA,NA,NA,NA,NA,NA,NA,NA,NA,NA,NA,NA,NA,"Autumn"
"2712","South",1967-08-01,NA,NA,NA,NA,NA,NA,NA,NA,NA,NA,NA,NA,NA,NA,NA,NA,NA,NA,NA,"Autumn"
"2713","South",1967-09-01,NA,NA,NA,NA,NA,NA,NA,NA,NA,NA,NA,NA,NA,NA,NA,668,NA,NA,NA,"Autumn"
"2714","South",1967-10-01,NA,NA,NA,NA,NA,NA,NA,NA,NA,NA,NA,NA,NA,NA,NA,529,NA,NA,NA,"Autumn"
"2715","South",1967-11-01,NA,NA,NA,NA,NA,NA,NA,NA,NA,NA,NA,NA,NA,17,NA,378,NA,NA,NA,"Autumn"
"2716","South",1967-12-01,NA,NA,NA,NA,NA,NA,NA,NA,NA,NA,NA,NA,NA,NA,NA,368,NA,NA,NA,"Autumn"
"2717","South",1968-01-01,NA,NA,NA,NA,NA,NA,NA,NA,NA,NA,NA,NA,NA,NA,NA,NA,NA,NA,NA,"Autumn"
"2718","South",1968-02-01,NA,NA,NA,NA,NA,NA,NA,NA,NA,NA,NA,NA,NA,13,NA,752,NA,NA,NA,"Autumn"
"2719","South",1968-03-01,NA,NA,NA,NA,NA,NA,NA,NA,NA,NA,NA,NA,NA,16,NA,NA,NA,NA,NA,"Autumn"
"2720","South",1968-04-01,NA,NA,NA,NA,NA,NA,NA,NA,NA,NA,NA,NA,NA,NA,NA,NA,NA,NA,NA,"Autumn"
"2721","South",1968-05-01,NA,NA,NA,NA,NA,NA,NA,NA,NA,NA,NA,NA,NA,19.5,NA,NA,NA,NA,NA,"Autumn"
"2722","South",1968-06-01,NA,NA,NA,NA,NA,NA,NA,NA,NA,NA,NA,NA,NA,22,NA,NA,NA,NA,NA,"Autumn"
"2723","South",1968-07-01,NA,NA,NA,NA,NA,NA,NA,NA,NA,NA,NA,NA,NA,NA,NA,1190,NA,NA,NA,"Autumn"
"2724","South",1968-08-01,NA,NA,NA,NA,NA,NA,NA,NA,NA,NA,NA,NA,NA,21.1,NA,1070,NA,NA,NA,"Autumn"
"2725","South",1968-09-01,NA,NA,NA,NA,NA,NA,NA,NA,NA,NA,NA,NA,NA,NA,NA,1040,NA,NA,NA,"Autumn"
"2726","South",1968-10-01,NA,NA,NA,NA,NA,NA,NA,NA,NA,NA,NA,NA,NA,17.5,NA,NA,NA,NA,NA,"Autumn"
"2727","South",1968-11-01,NA,NA,NA,NA,NA,NA,NA,NA,NA,NA,NA,NA,NA,14.2,NA,NA,NA,NA,NA,"Autumn"
"2728","South",1969-01-01,NA,NA,NA,NA,NA,NA,NA,NA,NA,NA,NA,NA,NA,9.29,NA,NA,NA,NA,NA,"Autumn"
"2729","South",1969-02-01,NA,NA,NA,NA,NA,NA,NA,NA,NA,NA,NA,NA,NA,NA,NA,NA,NA,NA,NA,"Autumn"
"2730","South",1969-03-01,NA,NA,NA,NA,NA,NA,NA,NA,NA,NA,NA,NA,NA,12,NA,NA,NA,NA,NA,"Autumn"
"2731","South",1969-04-01,NA,NA,NA,NA,NA,NA,NA,NA,NA,NA,NA,NA,NA,NA,NA,NA,NA,NA,NA,"Autumn"
"2732","South",1969-05-01,NA,NA,NA,NA,NA,NA,NA,NA,NA,NA,NA,NA,NA,NA,NA,NA,NA,NA,NA,"Autumn"
"2733","South",1969-06-01,NA,NA,NA,NA,NA,NA,NA,NA,NA,NA,NA,NA,NA,NA,NA,NA,NA,NA,NA,"Autumn"
"2734","South",1969-07-01,NA,NA,NA,NA,NA,NA,NA,NA,NA,NA,NA,NA,NA,23,NA,NA,NA,NA,NA,"Autumn"
"2735","South",1969-08-01,NA,NA,NA,NA,NA,NA,NA,NA,NA,NA,NA,NA,NA,24.15,NA,NA,NA,NA,NA,"Autumn"
"2736","South",1969-09-01,NA,NA,NA,NA,NA,NA,NA,NA,NA,NA,NA,NA,NA,21.6,NA,NA,NA,NA,NA,"Autumn"
"2737","South",1969-10-01,NA,NA,NA,NA,NA,NA,10,NA,NA,NA,NA,NA,NA,NA,NA,NA,16693.5483870968,10.4,19483.7741935484,"Autumn"
"2738","South",1969-11-01,NA,NA,NA,NA,NA,NA,11,NA,NA,NA,NA,NA,NA,12.75,NA,NA,16940,10.4,19964.1666666667,"Autumn"
"2739","South",1969-12-01,NA,NA,NA,NA,NA,NA,12,NA,NA,NA,NA,NA,NA,11,NA,NA,35251.6129032258,10.4,46189.9032258065,"Winter"
"2740","South",1970-01-01,NA,NA,NA,NA,NA,NA,1,NA,NA,NA,NA,NA,NA,11.125,NA,NA,70261.2903225807,10.4,193121.419354839,"Winter"
"2741","South",1970-02-01,NA,NA,NA,NA,NA,NA,2,NA,NA,NA,NA,NA,NA,10.8333333333333,NA,NA,66060.7142857143,10.4,111326.25,"Winter"
"2742","South",1970-03-01,NA,NA,NA,NA,NA,NA,3,NA,NA,NA,NA,NA,NA,13,NA,NA,44206.4516129032,10.4,55985.7741935484,"Spring"
"2743","South",1970-04-01,NA,NA,NA,NA,NA,NA,4,NA,NA,NA,NA,NA,NA,16.75,NA,NA,14620,10.4,11027,"Spring"
"2744","South",1970-05-01,NA,NA,NA,NA,NA,NA,5,NA,NA,NA,NA,NA,NA,20.75,NA,NA,14264.5161290323,10.4,10761.064516129,"Spring"
"2745","South",1970-06-01,NA,NA,NA,NA,NA,NA,6,NA,NA,NA,NA,NA,NA,21.75,NA,NA,11786.6666666667,10.4,6214.46666666667,"Summer"
"2746","South",1970-07-01,NA,NA,NA,NA,NA,NA,7,NA,NA,NA,NA,NA,NA,23,NA,NA,13174.1935483871,10.4,5256.48387096774,"Summer"
"2747","South",1970-08-01,NA,NA,NA,NA,NA,NA,8,NA,NA,NA,NA,NA,NA,24.25,NA,NA,14977.4193548387,10.4,7947.41935483871,"Summer"
"2748","South",1970-09-01,NA,NA,NA,NA,NA,NA,9,NA,NA,NA,NA,NA,NA,22.5,NA,NA,18513.3333333333,10.4,14586.5666666667,"Autumn"
"2749","South",1970-10-01,NA,NA,NA,NA,NA,NA,10,NA,NA,NA,NA,NA,NA,18,NA,713,15261.2903225806,10.37,13423.4193548387,"Autumn"
"2750","South",1970-11-01,NA,NA,NA,NA,NA,NA,11,NA,NA,NA,NA,NA,NA,13,NA,863,22520,10.37,26116.5666666667,"Autumn"
"2751","South",1970-12-01,NA,NA,NA,NA,NA,NA,12,NA,NA,NA,NA,NA,NA,11.375,NA,NA,63970.9677419355,10.37,85368.935483871,"Winter"
"2752","South",1971-01-01,NA,NA,NA,NA,NA,NA,1,NA,NA,NA,NA,NA,NA,8.75,NA,NA,52322.5806451613,10.37,64189.7741935484,"Winter"
"2753","South",1971-02-01,NA,NA,NA,NA,NA,NA,2,NA,NA,NA,NA,NA,NA,9.75,NA,NA,31196.4285714286,10.37,34195.6071428571,"Winter"
"2754","South",1971-03-01,NA,NA,NA,NA,NA,NA,3,NA,NA,NA,NA,NA,NA,10,NA,NA,30480.6451612903,10.37,32048.9677419355,"Spring"
"2755","South",1971-04-01,NA,NA,NA,NA,NA,NA,4,NA,NA,NA,NA,NA,NA,17.5,NA,NA,38270,10.37,36972.3,"Spring"
"2756","South",1971-05-01,NA,NA,NA,NA,NA,NA,5,NA,NA,NA,NA,NA,NA,18,NA,NA,29190.3225806452,10.37,26405.8387096774,"Spring"
"2757","South",1971-06-01,NA,NA,NA,NA,NA,NA,6,NA,NA,NA,NA,NA,NA,18.5,NA,NA,27550,10.37,21217.8666666667,"Summer"
"2758","South",1971-07-01,NA,NA,NA,NA,NA,NA,7,NA,NA,NA,NA,NA,NA,23.5,NA,832,20980.6451612903,10.37,11654.064516129,"Summer"
"2759","South",1971-08-01,NA,NA,NA,NA,NA,NA,8,NA,NA,NA,NA,NA,NA,NA,NA,806,22464.5161290323,10.37,12987.8709677419,"Summer"
"2760","South",1971-09-01,NA,NA,NA,NA,NA,NA,9,NA,NA,NA,NA,NA,0.84,24.5,NA,915,24393.3333333333,10.37,19659.6,"Autumn"
"2761","South",1971-10-01,NA,NA,NA,NA,NA,NA,10,NA,NA,NA,NA,NA,NA,12.75,NA,NA,16070.9677419355,7.29,13957.4193548387,"Autumn"
"2762","South",1971-11-01,NA,NA,NA,NA,NA,NA,11,NA,NA,NA,NA,NA,NA,NA,NA,NA,15853.3333333333,7.29,13742.6,"Autumn"
"2763","South",1971-12-01,NA,NA,NA,NA,NA,NA,12,NA,NA,NA,NA,NA,NA,NA,NA,NA,21758.064516129,7.29,23967.1935483871,"Winter"
"2764","South",1972-01-01,NA,NA,NA,NA,NA,NA,1,NA,NA,NA,NA,NA,NA,6.75,NA,NA,20000,7.29,21338.7741935484,"Winter"
"2765","South",1972-02-01,NA,NA,NA,NA,NA,NA,2,NA,NA,NA,NA,NA,NA,10.6666666666667,NA,NA,22117.2413793103,7.29,21968.0689655172,"Winter"
"2766","South",1972-03-01,NA,NA,NA,NA,NA,NA,3,NA,NA,NA,NA,NA,NA,18,NA,NA,23896.7741935484,7.29,18127.2903225806,"Spring"
"2767","South",1972-04-01,NA,NA,NA,NA,NA,NA,4,NA,NA,NA,NA,NA,NA,17.6666666666667,NA,NA,13120,7.29,7542.03333333333,"Spring"
"2768","South",1972-05-01,NA,NA,NA,NA,NA,NA,5,NA,NA,NA,NA,NA,NA,21.1666666666667,NA,NA,12848.3870967742,7.29,5140.12903225806,"Spring"
"2769","South",1972-06-01,NA,NA,NA,NA,NA,NA,6,NA,NA,NA,NA,NA,NA,23.125,NA,NA,13836.6666666667,7.29,2891.2,"Summer"
"2770","South",1972-07-01,NA,NA,NA,NA,NA,NA,7,NA,NA,NA,NA,NA,NA,25,NA,NA,15000,7.29,6210.61290322581,"Summer"
"2771","South",1972-08-01,NA,NA,NA,NA,NA,NA,8,NA,NA,NA,NA,NA,NA,26.5,NA,NA,15658.064516129,7.29,6487,"Summer"
"2772","South",1972-09-01,NA,NA,NA,NA,NA,NA,9,NA,NA,NA,NA,NA,NA,20.3333333333333,NA,NA,16816.6666666667,7.29,10476.0666666667,"Autumn"
"2773","South",1972-10-01,NA,NA,NA,NA,NA,NA,10,NA,NA,NA,NA,NA,NA,NA,NA,NA,16077.4193548387,8.58,11935.2258064516,"Autumn"
"2774","South",1972-11-01,NA,NA,NA,NA,NA,NA,11,NA,NA,NA,NA,NA,NA,12.46875,NA,NA,23203.3333333333,8.58,25943.5,"Autumn"
"2775","South",1972-12-01,NA,NA,NA,NA,NA,NA,12,NA,NA,NA,NA,NA,NA,8.01428571428571,NA,NA,27422.5806451613,8.58,27133.1612903226,"Winter"
"2776","South",1973-01-01,NA,NA,NA,NA,NA,NA,1,NA,NA,NA,NA,NA,NA,NA,NA,NA,60132.2580645161,8.58,101685.580645161,"Winter"
"2777","South",1973-02-01,NA,NA,NA,NA,NA,NA,2,NA,NA,NA,NA,NA,NA,NA,NA,NA,65257.1428571429,8.58,102165.071428571,"Winter"
"2778","South",1973-03-01,NA,NA,NA,NA,NA,NA,3,NA,NA,NA,NA,NA,NA,12.5,NA,NA,51641.935483871,8.58,76907,"Spring"
"2779","South",1973-04-01,NA,NA,NA,NA,NA,NA,4,NA,NA,NA,NA,NA,NA,15.8571428571429,NA,NA,20670,8.58,22191.3333333333,"Spring"
"2780","South",1973-05-01,NA,NA,NA,NA,NA,NA,5,NA,NA,NA,NA,NA,NA,NA,NA,NA,16416.1290322581,8.58,11698.7741935484,"Spring"
"2781","South",1973-06-01,NA,NA,NA,NA,NA,NA,6,NA,NA,NA,NA,NA,NA,20.969696969697,NA,NA,14936.6666666667,8.58,7211.6,"Summer"
"2782","South",1973-07-01,NA,NA,NA,NA,NA,NA,7,NA,NA,NA,NA,NA,NA,23.7934782608696,NA,NA,15167.7419354839,8.58,4598.96774193548,"Summer"
"2783","South",1973-08-01,NA,NA,NA,NA,NA,NA,8,NA,NA,NA,NA,NA,NA,23.7638888888889,NA,NA,16122.5806451613,8.58,5963.09677419355,"Summer"
"2784","South",1973-09-01,NA,NA,NA,NA,NA,NA,9,NA,NA,NA,NA,NA,NA,20.8387096774194,NA,NA,17486.6666666667,8.58,11153.4666666667,"Autumn"
"2785","South",1973-10-01,NA,NA,NA,NA,NA,NA,10,NA,NA,NA,NA,NA,NA,17.0142857142857,NA,NA,16722.5806451613,12.99,14070.8387096774,"Autumn"
"2786","South",1973-11-01,NA,NA,NA,NA,NA,NA,11,NA,NA,NA,NA,NA,NA,12.9571428571429,NA,NA,48036.6666666667,12.99,59945.2,"Autumn"
"2787","South",1973-12-01,NA,NA,NA,NA,NA,NA,12,NA,NA,NA,NA,NA,NA,10.0142857142857,NA,NA,61632.2580645161,12.99,76406.3870967742,"Winter"
"2788","South",1974-01-01,NA,NA,NA,NA,NA,NA,1,NA,NA,NA,NA,NA,NA,9.03125,NA,NA,74825.8064516129,12.99,138699.129032258,"Winter"
"2789","South",1974-02-01,NA,NA,NA,NA,NA,NA,2,NA,NA,NA,NA,NA,NA,9.51612903225806,NA,NA,52389.2857142857,12.99,59178.3214285714,"Winter"
"2790","South",1974-03-01,NA,NA,NA,NA,NA,NA,3,NA,NA,NA,NA,NA,NA,12.4310344827586,NA,NA,64680.6451612903,12.99,77575.4193548387,"Spring"
"2791","South",1974-04-01,NA,NA,NA,NA,NA,NA,4,NA,NA,NA,NA,NA,NA,14.6911764705882,NA,NA,66283.3333333333,12.99,109547.466666667,"Spring"
"2792","South",1974-05-01,NA,NA,NA,NA,NA,NA,5,NA,NA,NA,NA,NA,NA,17.5138888888889,NA,NA,29177.4193548387,12.99,25544.4516129032,"Spring"
"2793","South",1974-06-01,NA,NA,NA,NA,NA,NA,6,NA,NA,NA,NA,NA,NA,20.75,NA,NA,24413.3333333333,12.99,16943.3333333333,"Summer"
"2794","South",1974-07-01,NA,NA,NA,NA,NA,NA,7,NA,NA,NA,NA,NA,NA,23.1212121212121,NA,NA,21751.6129032258,12.99,9365.67741935484,"Summer"
"2795","South",1974-08-01,NA,NA,NA,NA,NA,NA,8,NA,NA,NA,NA,NA,NA,22.9411764705882,NA,NA,23948.3870967742,12.99,12783.7096774194,"Summer"
"2796","South",1974-09-01,NA,NA,NA,NA,NA,NA,9,NA,NA,NA,NA,NA,NA,20.59375,NA,NA,25060,12.99,20981.0333333333,"Autumn"
"2797","South",1974-10-01,NA,NA,NA,NA,NA,NA,10,NA,NA,NA,NA,NA,NA,16.9848484848485,NA,NA,20119.3548387097,9.35,18529.3870967742,"Autumn"
"2798","South",1974-11-01,NA,NA,NA,NA,NA,NA,11,NA,NA,NA,NA,NA,NA,12.3709677419355,NA,NA,22003.3333333333,9.35,23991.2666666667,"Autumn"
"2799","South",1974-12-01,NA,NA,NA,NA,NA,NA,12,NA,NA,NA,NA,NA,NA,9.98484848484848,NA,NA,25645.1612903226,9.35,28017.7096774194,"Winter"
"2800","South",1975-01-01,NA,NA,NA,NA,NA,NA,1,5.88666666666667,NA,0.166666666666667,66,0.166666666666667,NA,9.55078125,9.73333333333333,612.333333333333,19432.2580645161,9.35,17489.2258064516,"Winter"
"2801","South",1975-02-01,NA,NA,NA,NA,NA,NA,2,14.9233333333333,NA,0.11,53.3333333333333,0.16,NA,10.1896551724138,9,595,47517.8571428571,9.35,57330.3571428571,"Winter"
"2802","South",1975-03-01,NA,NA,NA,NA,NA,NA,3,8.95333333333333,NA,0.05,34.6666666666667,0.156666666666667,0.746666666666667,12.1098484848485,12.0666666666667,404.333333333333,50941.935483871,9.35,66834.1290322581,"Spring"
"2803","South",1975-04-01,NA,NA,NA,NA,NA,NA,4,23.1816666666667,NA,0.0183333333333333,30.8333333333333,0.17,0.825,13.2701612903226,12.2333333333333,515.333333333333,33173.3333333333,9.35,34519.2666666667,"Spring"
"2804","South",1975-05-01,NA,NA,NA,NA,NA,NA,5,50.9433333333333,NA,0.015,32.6666666666667,0.193333333333333,0.666666666666667,17.7878787878788,11.9166666666667,584.833333333333,30264.5161290323,9.35,28795.8064516129,"Spring"
"2805","South",1975-06-01,NA,NA,NA,NA,NA,NA,6,25.6,NA,NA,28.3333333333333,0.14,0.416666666666667,19.6693548387097,11.7,188.666666666667,23710,9.35,22508.1666666667,"Summer"
"2806","South",1975-07-01,NA,NA,NA,NA,NA,NA,7,107.678333333333,NA,NA,23.1666666666667,0.253333333333333,0.973333333333333,21.703125,19.9,793.666666666667,18283.8709677419,9.35,11129.0967741935,"Summer"
"2807","South",1975-08-01,NA,NA,NA,NA,NA,NA,8,69.0816666666667,NA,0.0633333333333333,NA,0.171666666666667,1.16,24.1515151515151,17.2333333333333,738.666666666667,19496.7741935484,9.35,9523.35483870968,"Summer"
"2808","South",1975-09-01,NA,NA,NA,NA,NA,NA,9,33.4466666666667,NA,0.06,38.1666666666667,0.196666666666667,0.796666666666667,21.8041666666667,9.78333333333333,464.666666666667,20380,9.35,13419.2666666667,"Autumn"
"2809","South",1975-10-01,NA,NA,NA,NA,NA,NA,10,12.7883333333333,NA,0.145,49,0.178333333333333,0.49,15.1290322580645,10.1333333333333,333.333333333333,19174.1935483871,5.29,16900.935483871,"Autumn"
"2810","South",1975-11-01,NA,NA,NA,NA,NA,NA,11,4.9,NA,0.0966666666666667,57.6666666666667,0.11,0.7,11.1625,23.1666666666667,490.666666666667,22250,5.29,17921.1333333333,"Autumn"
"2811","South",1975-12-01,NA,NA,NA,NA,NA,NA,12,2.65333333333333,NA,0.12,62.6666666666667,0.143333333333333,0.536666666666667,9.82661290322581,9.5,363.333333333333,25545.1612903226,5.29,19953.8709677419,"Winter"
"2812","South",1976-01-01,NA,NA,NA,NA,NA,NA,1,4.2,NA,0.193333333333333,43.3333333333333,0.16,0.913333333333333,10.3333333333333,11.3666666666667,615.333333333333,15132.2580645161,5.29,9309.8064516129,"Winter"
"2813","South",1976-02-01,NA,NA,NA,NA,NA,NA,2,6.99666666666667,NA,0.19,44,0.193333333333333,1.63333333333333,11.823275862069,12.2,874.333333333333,12772.4137931034,5.29,7471.31034482759,"Winter"
"2814","South",1976-03-01,NA,NA,NA,NA,NA,NA,3,16.365,NA,0.146666666666667,43.6666666666667,0.156666666666667,1.345,14.3911290322581,12.2166666666667,903,14574.1935483871,5.29,7788.1935483871,"Spring"
"2815","South",1976-04-01,NA,NA,NA,NA,NA,NA,4,46.315,NA,0.345,36.8333333333333,0.263333333333333,1.56666666666667,15.9508928571429,16.8166666666667,1049.83333333333,12724.3333333333,5.29,8728.93333333333,"Spring"
"2816","South",1976-05-01,NA,NA,NA,NA,NA,NA,5,209.695,NA,0.0516666666666667,26,0.395,0.935,20.3203125,20.5666666666667,1170,10909.6774193548,5.29,3937.48387096774,"Spring"
"2817","South",1976-06-01,NA,NA,NA,NA,NA,NA,6,223.46,NA,0.035,26.5,0.451666666666667,0.87,21.94921875,20.1333333333333,1161.66666666667,10934.6666666667,5.29,3775.13333333333,"Summer"
"2818","South",1976-07-01,NA,NA,NA,NA,NA,NA,7,215.613333333333,NA,0.0225,24.8333333333333,0.466666666666667,0.686666666666667,24.6129032258064,31.35,1218.33333333333,12077.4193548387,5.29,4185.70967741936,"Summer"
"2819","South",1976-08-01,NA,NA,NA,NA,NA,NA,8,110.38,NA,0.19,26.1666666666667,0.395,1.09166666666667,23.4612068965517,26.1666666666667,1024,13348.3870967742,5.29,4393.54838709677,"Summer"
"2820","South",1976-09-01,NA,NA,NA,NA,NA,NA,9,45.6683333333333,NA,0.265,41.5,0.321666666666667,1.585,21.703125,16.85,993,12510,5.29,3582.96666666667,"Autumn"
"2821","South",1976-10-01,NA,NA,NA,NA,NA,NA,10,22.1283333333333,NA,0.518333333333333,45,0.405,1.43333333333333,18.2462121212121,20.8,1106.66666666667,8102.90322580645,3.11,3611.48387096774,"Autumn"
"2822","South",1976-11-01,NA,NA,NA,NA,NA,NA,11,37.05,NA,0.306666666666667,45,0.3,1.29333333333333,15.2890625,14.2333333333333,1206.66666666667,7823.33333333333,3.11,3643.43333333333,"Autumn"
"2823","South",1976-12-01,NA,NA,NA,NA,NA,NA,12,3.37666666666667,NA,0.54,61,0.226666666666667,1.6,9.13636363636364,8.6,1173.33333333333,7742.90322580645,3.11,4213.06451612903,"Winter"
"2824","South",1977-01-01,NA,NA,NA,NA,NA,NA,1,13.7933333333333,NA,0.363333333333333,50,0.26,2.33333333333333,8.77272727272727,8.6,1666.66666666667,9801.61290322581,3.11,4362.61290322581,"Winter"
"2825","South",1977-02-01,NA,NA,NA,NA,NA,NA,2,22.23,NA,0.233333333333333,49.6666666666667,0.22,1.62,13.0041666666667,8.76666666666667,1733.33333333333,8002.85714285714,3.11,4878.25,"Winter"
"2826","South",1977-03-01,NA,NA,NA,NA,NA,NA,3,37.2316666666667,NA,0.0766666666666667,49.1666666666667,0.171666666666667,1.61666666666667,12.8863636363636,10.0166666666667,1365.33333333333,6572.90322580645,3.11,3007.25806451613,"Spring"
"2827","South",1977-04-01,NA,NA,NA,NA,NA,NA,4,209.821666666667,NA,0.045,31.8333333333333,0.218333333333333,0.935,18.508064516129,12.5833333333333,1725,5961,3.11,2977.03333333333,"Spring"
"2828","South",1977-05-01,NA,NA,NA,NA,NA,NA,5,244.43,NA,0.0816666666666667,31,0.295,1.675,17.6590909090909,19.8333333333333,1645.83333333333,7596.77419354839,3.11,3909.35483870968,"Spring"
"2829","South",1977-06-01,NA,NA,NA,NA,NA,NA,6,182.936666666667,NA,0.03,34.6666666666667,0.338333333333333,0.395,24.14453125,18.6333333333333,1553.33333333333,6865.33333333333,3.11,2383.16666666667,"Summer"
"2830","South",1977-07-01,NA,NA,NA,NA,NA,NA,7,140.483333333333,NA,NA,30,0.278333333333333,0.473333333333333,23.6666666666667,19.5666666666667,1468.5,8248.38709677419,3.11,3049.1935483871,"Summer"
"2831","South",1977-08-01,NA,NA,NA,NA,NA,NA,8,148.586666666667,NA,0.1125,30.6666666666667,0.263333333333333,1.02666666666667,24.4469696969697,19.2,1500,7686.77419354839,3.11,2382.61290322581,"Summer"
"2832","South",1977-09-01,NA,NA,NA,NA,NA,NA,9,121.443333333333,NA,0.248333333333333,27.6666666666667,0.323333333333333,0.876666666666667,21.6953125,30.0833333333333,1581.66666666667,6838,3.11,2717.26666666667,"Autumn"
"2833","South",1977-10-01,NA,NA,NA,NA,NA,NA,10,148.33,NA,0.198333333333333,27.8333333333333,0.288333333333333,0.885,19.6439393939394,34.9833333333333,1723.33333333333,4494.1935483871,8.65,2045.90322580645,"Autumn"
"2834","South",1977-11-01,NA,NA,NA,NA,NA,NA,11,13.5866666666667,NA,0.34,38,0.203333333333333,3.33333333333333,13.7578125,17.1333333333333,1266.66666666667,6687.33333333333,8.65,4003.43333333333,"Autumn"
"2835","South",1977-12-01,NA,NA,NA,NA,NA,NA,12,8.49333333333333,NA,0.526666666666667,36,0.31,1.86666666666667,10.91015625,13.6333333333333,1133.33333333333,11745.4838709677,8.65,8569.87096774194,"Winter"
"2836","South",1978-01-01,NA,NA,NA,NA,NA,NA,1,10.87,NA,0.466666666666667,22.6666666666667,0.426666666666667,1.93333333333333,12.5294117647059,26.6,888.666666666667,45490.3225806452,8.65,66157.0322580645,"Winter"
"2837","South",1978-02-01,NA,NA,NA,NA,NA,NA,2,7.24666666666667,NA,0.323333333333333,16.6666666666667,0.29,1.64,10.578125,23.8333333333333,455,44703.5714285714,8.65,56158.5714285714,"Winter"
"2838","South",1978-03-01,NA,NA,NA,NA,NA,NA,3,13.63,NA,0.11,20.3333333333333,0.263333333333333,0.66,14.7242647058823,17.4333333333333,362,55570.9677419355,8.65,85618.6129032258,"Spring"
"2839","South",1978-04-01,NA,NA,NA,NA,NA,NA,4,12.5816666666667,NA,0.0633333333333333,34.75,NA,0.353333333333333,15.5583333333333,11.35,276,38883.3333333333,8.65,61170.1333333333,"Spring"
"2840","South",1978-05-01,NA,NA,NA,NA,NA,NA,5,8.33666666666667,NA,0.0766666666666667,32.6666666666667,0.2,0.246666666666667,18.4140625,16.3833333333333,215.833333333333,25193.5483870968,8.65,40758.8709677419,"Spring"
"2841","South",1978-06-01,NA,NA,NA,NA,NA,NA,6,13.635,NA,0.0466666666666667,22.1666666666667,NA,0.393333333333333,21.2096774193549,14.1,300,12660,8.65,8945.4,"Summer"
"2842","South",1978-07-01,NA,NA,NA,NA,NA,NA,7,35.3,NA,0.05,27.3333333333333,NA,0.955,24.8203125,16.5333333333333,768.333333333333,14300,8.65,3853.61290322581,"Summer"
"2843","South",1978-08-01,NA,NA,NA,NA,NA,NA,8,59.41,NA,NA,27.6666666666667,NA,1.46666666666667,24.984375,26.025,912.166666666667,15967.7419354839,8.65,5813.93548387097,"Summer"
"2844","South",1978-09-01,NA,NA,NA,NA,NA,NA,9,46.21,NA,0.065,28,NA,0.698333333333333,20.9395161290322,12.5333333333333,413.333333333333,17933.3333333333,8.65,11717.9666666667,"Autumn"
"2845","South",1978-10-01,NA,NA,NA,NA,NA,NA,10,11.32,NA,0.155,40.8333333333333,NA,0.556666666666667,18.1484375,11.45,333.5,12487.0967741935,6.67,9599.96774193548,"Autumn"
"2846","South",1978-11-01,NA,NA,NA,NA,NA,NA,11,7.82,NA,0.316666666666667,53.3333333333333,0.34,0.76,11.7459677419355,9.26666666666667,480.666666666667,12443.3333333333,6.67,10928.0666666667,"Autumn"
"2847","South",1978-12-01,NA,NA,NA,NA,NA,NA,12,13.1733333333333,NA,0.25,53.3333333333333,0.186666666666667,0.733333333333333,9.58984375,6.93333333333333,492.666666666667,13203.2258064516,6.67,8779.70967741935,"Winter"
"2848","South",1979-01-01,NA,NA,NA,NA,NA,NA,1,8.34333333333333,0.22,NA,26,0.266666666666667,0.753333333333333,9.8203125,17.7333333333333,293,23190.3225806452,6.67,30522.4516129032,"Winter"
"2849","South",1979-02-01,NA,NA,NA,NA,NA,NA,2,5.02666666666667,NA,NA,53.3333333333333,0.13,0.61,10.7586206896552,10.4666666666667,383,32442.8571428571,6.67,46341.0714285714,"Winter"
"2850","South",1979-03-01,NA,NA,NA,NA,NA,NA,3,7.51666666666667,0.12,NA,41,NA,0.558333333333333,12.6328125,12.2666666666667,306.5,29164.5161290323,6.67,38086.8064516129,"Spring"
"2851","South",1979-04-01,NA,NA,NA,NA,NA,NA,4,23.1625,0.06,NA,37.5,NA,0.776666666666667,15.15625,29.95,679.666666666667,16546.6666666667,6.67,14484.6,"Spring"
"2852","South",1979-05-01,NA,NA,NA,NA,NA,NA,5,51.165,0.065,NA,30.6666666666667,NA,1.035,19.375,27.75,624.25,17983.8709677419,6.67,13434.7096774194,"Spring"
"2853","South",1979-06-01,NA,NA,NA,NA,NA,NA,6,35.5116666666667,0.16,NA,27.6666666666667,NA,0.906666666666667,22.9270833333333,23.2166666666667,584.833333333333,12206.6666666667,6.67,5315.76666666667,"Summer"
"2854","South",1979-07-01,NA,NA,NA,NA,NA,NA,7,80.28,0.105,NA,25.3333333333333,NA,1.31666666666667,25.265625,23.525,921,16412.9032258065,6.67,5264.41935483871,"Summer"
"2855","South",1979-08-01,NA,NA,NA,NA,NA,NA,8,NA,0.1,NA,24.5,NA,1.31666666666667,23.68359375,17.4833333333333,832.666666666667,15677.4193548387,6.67,3356.58064516129,"Summer"
"2856","South",1979-09-01,NA,NA,NA,NA,NA,NA,9,33.71,0.105,NA,31,NA,1.08666666666667,23.0483870967742,12.0666666666667,598.166666666667,14566.6666666667,6.67,4971.7,"Autumn"
"2857","South",1979-10-01,NA,NA,NA,NA,NA,NA,10,20.845,0.148333333333333,NA,38.6666666666667,NA,0.801666666666667,17.9296875,17.65,507.166666666667,12577.4193548387,9.04,7798.64516129032,"Autumn"
"2858","South",1979-11-01,NA,NA,NA,NA,NA,NA,11,4.99666666666667,0.236666666666667,NA,50.6666666666667,0.266666666666667,0.89,11.64453125,18.1666666666667,574.333333333333,15200,9.04,12172.0666666667,"Autumn"
"2859","South",1979-12-01,NA,NA,NA,NA,NA,NA,12,7.31,0.28,NA,51.3333333333333,0.246666666666667,0.996666666666667,10.74609375,14.8666666666667,598,20319.3548387097,9.04,19028.5483870968,"Winter"
"2860","South",1980-01-01,NA,NA,NA,NA,NA,NA,1,NA,NA,NA,NA,NA,NA,11.0147058823529,NA,NA,58635.4838709677,9.04,118220.129032258,"Winter"
"2861","South",1980-02-01,NA,NA,NA,NA,NA,NA,2,2.395,0.055,NA,32,0.125,0.34,11.2380952380952,15.5,243.5,52575.8620689655,9.04,121654.793103448,"Winter"
"2862","South",1980-03-01,NA,NA,NA,NA,NA,NA,3,11.5316666666667,0.0283333333333333,NA,26,NA,0.241666666666667,13.1666666666667,10.2833333333333,234.666666666667,55338.7096774194,9.04,99151.8387096774,"Spring"
"2863","South",1980-04-01,NA,NA,NA,NA,NA,NA,4,12.045,0.0383333333333333,NA,37.5,NA,0.395,14.2007575757576,9.9,278.5,22586.6666666667,9.04,28628.3666666667,"Spring"
"2864","South",1980-05-01,NA,NA,NA,NA,NA,NA,5,16.2933333333333,0.0425,NA,35,NA,0.278333333333333,18.32421875,13.6333333333333,216.333333333333,15893.5483870968,9.04,20803.5161290323,"Spring"
"2865","South",1980-06-01,NA,NA,NA,NA,NA,NA,6,25.7833333333333,0.0233333333333333,NA,32,NA,0.528333333333333,19.109375,20.3166666666667,361.666666666667,17813.3333333333,9.04,14790.3,"Summer"
"2866","South",1980-07-01,NA,NA,NA,NA,NA,NA,7,NA,0.0983333333333333,NA,30,NA,0.846666666666667,22.42578125,33.6333333333333,462.333333333333,17725.8064516129,9.04,11065.2258064516,"Summer"
"2867","South",1980-08-01,NA,NA,NA,NA,NA,NA,8,41.11,0.0683333333333333,NA,29.25,NA,1.61666666666667,24.6895161290322,19.2833333333333,792.5,14916.1290322581,9.04,4121.67741935484,"Summer"
"2868","South",1980-09-01,NA,NA,NA,NA,NA,NA,9,17.4825,0.055,NA,35,NA,0.981666666666667,21.55078125,12.7,468.833333333333,15886.6666666667,9.04,9803,"Autumn"
"2869","South",1980-10-01,NA,NA,NA,NA,NA,NA,10,NA,0.128333333333333,NA,43.5,NA,0.713333333333333,16.155303030303,29.6833333333333,327.333333333333,11343.5483870968,6.21,7320.83870967742,"Autumn"
"2870","South",1980-11-01,NA,NA,NA,NA,NA,NA,11,5.07,0.24,NA,38,0.206666666666667,0.993333333333333,13.6666666666667,23.3666666666667,498.333333333333,10871.6666666667,6.21,6661.8,"Autumn"
"2871","South",1980-12-01,NA,NA,NA,NA,NA,NA,12,3.05,0.19,NA,57,0.17,0.91,8.81428571428573,17.6666666666667,512.666666666667,16687.0967741935,6.21,12486.8064516129,"Winter"
"2872","South",1981-01-01,NA,NA,NA,NA,NA,NA,1,NA,0.196666666666667,NA,52,0.136666666666667,0.716666666666667,9.75,10.9666666666667,359,18509.6774193548,6.21,18325.2580645161,"Winter"
"2873","South",1981-02-01,NA,NA,NA,NA,NA,NA,2,6.46666666666667,0.163333333333333,NA,45,0.216666666666667,1.83333333333333,13.4032258064516,25.5333333333333,1103.33333333333,24239.2857142857,6.21,21171.3928571429,"Winter"
"2874","South",1981-03-01,NA,NA,NA,NA,NA,NA,3,11.0583333333333,0.146666666666667,NA,33.5,0.308333333333333,1.66666666666667,15.5551470588235,24.8666666666667,820.333333333333,24509.6774193548,6.21,26483.2580645161,"Spring"
"2875","South",1981-04-01,NA,NA,NA,NA,NA,NA,4,41.635,0.0583333333333333,NA,32.5,NA,1.38333333333333,17.9280303030303,26.5166666666667,919.333333333333,17224.3333333333,6.21,11647.6666666667,"Spring"
"2876","South",1981-05-01,NA,NA,NA,NA,NA,NA,5,38.9333333333333,0.03,NA,31.25,0.323333333333333,1.16166666666667,21.8674242424242,20.95,815.333333333333,13780.6451612903,6.21,9142.54838709677,"Spring"
"2877","South",1981-06-01,NA,NA,NA,NA,NA,NA,6,36.6183333333333,0.0616666666666667,NA,31.5,NA,1.22,24.5322580645161,15.55,845.333333333333,10728.6666666667,6.21,4595.8,"Summer"
"2878","South",1981-07-01,NA,NA,NA,NA,NA,NA,7,26.3533333333333,0.0666666666666667,NA,26.25,NA,1.43333333333333,24.8455882352941,17.35,825.5,15303.2258064516,6.21,5305.74193548387,"Summer"
"2879","South",1981-08-01,NA,NA,NA,NA,NA,NA,8,NA,0.0516666666666667,NA,26.75,NA,1.56666666666667,23.2159090909091,24.9,887,14851.6129032258,6.21,3148.1935483871,"Summer"
"2880","South",1981-09-01,NA,NA,NA,NA,NA,NA,9,31.7533333333333,0.0716666666666667,NA,35.5,NA,1.35,22.8068181818182,19.4166666666667,884,12803.3333333333,6.21,4695.86666666667,"Autumn"
"2881","South",1981-10-01,NA,NA,NA,NA,NA,NA,10,20.5116666666667,0.23,NA,36,NA,1.305,18.6666666666667,18.0333333333333,742.166666666667,9895.16129032258,12.76,5213.77419354839,"Autumn"
"2882","South",1981-11-01,NA,NA,NA,NA,NA,NA,11,10.2966666666667,0.45,NA,42,0.405,1.19,15.875,14.2333333333333,821,32939.3333333333,12.76,36000.6,"Autumn"
"2883","South",1981-12-01,NA,NA,NA,NA,NA,NA,12,5.15333333333333,0.37,NA,47.5,0.306666666666667,1.6,12.3333333333333,9.2,861.333333333333,62058.064516129,12.76,86287.3870967742,"Winter"
"2884","South",1982-01-01,NA,NA,NA,NA,NA,NA,1,3.65333333333333,0.4675,NA,35,0.306666666666667,1.325,8.625,11.8666666666667,854.75,64609.6774193548,12.76,97674.0322580645,"Winter"
"2885","South",1982-02-01,NA,NA,NA,NA,NA,NA,2,4.48333333333333,0.206666666666667,NA,44,0.2,1.08666666666667,10,10.8,702,59432.1428571429,12.76,92555.1785714286,"Winter"
"2886","South",1982-03-01,NA,NA,NA,NA,NA,NA,3,5.12166666666667,0.11875,NA,47,NA,0.61,11.875,35.2833333333333,332.125,62812.9032258065,12.76,80088.3870967742,"Spring"
"2887","South",1982-04-01,NA,NA,NA,NA,NA,NA,4,9.47,0.0833333333333333,NA,35,0.17,0.296666666666667,15,18.2,416,76580,12.76,142192.366666667,"Spring"
"2888","South",1982-05-01,NA,NA,NA,NA,NA,NA,5,7.15666666666667,0.0566666666666667,NA,40,0.16,0.343333333333333,18,10.3,174.25,42358.064516129,12.76,57781.9677419355,"Spring"
"2889","South",1982-06-01,NA,NA,NA,NA,NA,NA,6,15.385,0.123333333333333,NA,31,0.208333333333333,0.598333333333333,20.1666666666667,15.2833333333333,325.666666666667,25810,12.76,28123,"Summer"
"2890","South",1982-07-01,NA,NA,NA,NA,NA,NA,7,17.5733333333333,0.1075,NA,30.5,NA,0.9425,22.25,15.9,468.5,17632.2580645161,12.76,16740.8387096774,"Summer"
"2891","South",1982-08-01,NA,NA,NA,NA,NA,NA,8,13.535,0.08,NA,25,NA,1.03333333333333,22,13.1333333333333,472.166666666667,20609.6774193548,12.76,13309.2580645161,"Summer"
"2892","South",1982-09-01,NA,NA,NA,NA,NA,NA,9,7.17833333333333,0.08125,NA,30.5,NA,0.5925,18.875,11.3833333333333,263.375,24856.6666666667,12.76,25801.8333333333,"Autumn"
"2893","South",1982-10-01,NA,NA,NA,NA,NA,NA,10,4.66,0.0683333333333333,NA,44,NA,0.483333333333333,15.3333333333333,9,236.333333333333,19229.0322580645,15.29,22975.3870967742,"Autumn"
"2894","South",1982-11-01,NA,NA,NA,NA,NA,NA,11,4.06666666666667,0.0975,NA,41,0.13,0.3175,13.75,8.43333333333333,220.5,31523.3333333333,15.29,39152.3333333333,"Autumn"
"2895","South",1982-12-01,NA,NA,NA,NA,NA,NA,12,10.2933333333333,0.173333333333333,NA,30,0.236666666666667,0.496666666666667,11,17.1,293,57706.4516129032,15.29,88908,"Winter"
"2896","South",1983-01-01,NA,NA,NA,NA,NA,NA,1,1.75,0.0333333333333333,NA,39,0.11,0.28,7,6.65,190,47512.9032258065,15.29,89761.5483870968,"Winter"
"2897","South",1983-02-01,NA,NA,NA,NA,NA,NA,2,1.95333333333333,0.16,NA,20,0.23,0.4475,10.75,21.9,259,79039.2857142857,15.29,175756.25,"Winter"
"2898","South",1983-03-01,NA,NA,NA,NA,NA,NA,3,5.66333333333333,0.075,NA,29,0.16,0.3925,13.125,24.0666666666667,275,78290.3225806452,15.29,266623.161290323,"Spring"
"2899","South",1983-04-01,NA,NA,NA,NA,NA,NA,4,10.5,0.02,NA,36,0.13,0.23,13,13.5,249.5,60510,15.29,118099.733333333,"Spring"
"2900","South",1983-05-01,NA,NA,NA,NA,NA,NA,5,9.83,0.045,NA,48,0.106666666666667,0.2575,15.25,9.23333333333333,182.5,62283.8709677419,15.29,98658.8387096774,"Spring"
"2901","South",1983-06-01,NA,NA,NA,NA,NA,NA,6,6.64,0.02,NA,21,0.14,0.18,20.3333333333333,13.3333333333333,128.666666666667,48380,15.29,70929.4,"Summer"
"2902","South",1983-07-01,NA,NA,NA,NA,NA,NA,7,4.27,0.055,NA,33.5,0.103333333333333,0.325,21.5,13.7666666666667,166,31000,15.29,43759.1935483871,"Summer"
"2903","South",1983-08-01,NA,NA,NA,NA,NA,NA,8,10.24,0.0733333333333333,NA,28,0.156666666666667,0.803333333333333,21.6666666666667,13.4,368.666666666667,25038.7096774194,15.29,24484.0967741935,"Summer"
"2904","South",1983-09-01,NA,NA,NA,NA,NA,NA,9,3.55,0.0675,NA,41,0.11,0.455,19,12.6,172.25,24616.6666666667,15.29,31441.5666666667,"Autumn"
"2905","South",1983-10-01,NA,NA,NA,NA,NA,NA,10,6.84333333333333,0.0333333333333333,NA,40,0.113333333333333,0.36,18.6666666666667,9.2,186.333333333333,21148.3870967742,10,32282.6451612903,"Autumn"
"2906","South",1983-11-01,NA,NA,NA,NA,NA,NA,11,7.49,0.14,NA,37,0.173333333333333,0.823333333333333,14.6666666666667,9.66666666666667,381.666666666667,48820,10,74137.1333333333,"Autumn"
"2907","South",1983-12-01,NA,NA,NA,NA,NA,NA,12,2.36666666666667,0.1275,NA,38.5,0.113333333333333,0.535,10.05,25.5666666666667,203.75,74512.9032258065,10,154586.870967742,"Winter"
"2908","South",1984-01-01,NA,NA,NA,NA,NA,NA,1,4.63,0.05,NA,36,0.0933333333333333,0.366666666666667,10.75,31.4,229.25,56803.2258064516,10,100905.806451613,"Winter"
"2909","South",1984-02-01,NA,NA,NA,NA,NA,NA,2,5.40333333333333,0.23,NA,55,0.163333333333333,0.75,11,9.6,409.666666666667,32372.4137931034,10,41515.4482758621,"Winter"
"2910","South",1984-03-01,NA,NA,NA,NA,NA,NA,3,9.88,0.1,NA,62,0.12,0.805,13.375,8,438.5,31425.8064516129,10,34915.5161290323,"Spring"
"2911","South",1984-04-01,NA,NA,NA,NA,NA,NA,4,25.01,0.05,NA,42,0.23,1.20333333333333,16,15,738,17933.3333333333,10,14637.1333333333,"Spring"
"2912","South",1984-05-01,NA,NA,NA,NA,NA,NA,5,35.3533333333333,0.04,NA,42,0.243333333333333,1.6,18,9.5,684,15406.4516129032,10,11092.7741935484,"Spring"
"2913","South",1984-06-01,NA,NA,NA,NA,NA,NA,6,26.9633333333333,0.0966666666666667,NA,28,0.28,1.475,20.25,20.15,672,14990,10,7925,"Summer"
"2914","South",1984-07-01,NA,NA,NA,NA,NA,NA,7,35.3,0.155,NA,24.75,NA,1.85,26.25,22,673.25,21632.2580645161,10,10127.4193548387,"Summer"
"2915","South",1984-08-01,NA,NA,NA,NA,NA,NA,8,26.6816666666667,0.115,NA,24.5,NA,1.85,23.6666666666667,20.3275,742.666666666667,18783.8709677419,10,8178.61290322581,"Summer"
"2916","South",1984-09-01,NA,NA,NA,NA,NA,NA,9,20.3783333333333,0.05,NA,31,NA,1.2375,21.625,12.21,499.625,17693.3333333333,10,13586.2333333333,"Autumn"
"2917","South",1984-10-01,NA,NA,NA,NA,NA,NA,10,12.8633333333333,0.06,NA,40,0.21,1.03,15.6666666666667,18.5,355,13235.4838709677,6.47,11899.3225806452,"Autumn"
"2918","South",1984-11-01,NA,NA,NA,NA,NA,NA,11,5.09666666666667,0.245,NA,33,0.266666666666667,1.2,11.5,22.55,435.5,26280,6.47,25952.7333333333,"Autumn"
"2919","South",1984-12-01,NA,NA,NA,NA,NA,NA,12,3.65666666666667,0.15,NA,37,0.18,1.04666666666667,13,9.5,385.333333333333,32558.064516129,6.47,31066.3225806452,"Winter"
"2920","South",1985-01-01,NA,NA,NA,NA,NA,NA,1,2.62333333333333,0.16,NA,52,0.15,1.14333333333333,10.45,8.5,512.15,16790.3225806452,6.47,15120.2258064516,"Winter"
"2921","South",1985-02-01,NA,NA,NA,NA,NA,NA,2,9.15666666666667,0.77,NA,41,0.44,1.23333333333333,11.3125,18,777.333333333333,18271.4285714286,6.47,15589.9285714286,"Winter"
"2922","South",1985-03-01,NA,NA,NA,NA,NA,NA,3,16.2883333333333,0.263333333333333,NA,45,NA,2.25,13.3333333333333,13.75,831.166666666667,14309.6774193548,6.47,10409.8064516129,"Spring"
"2923","South",1985-04-01,NA,NA,NA,NA,NA,NA,4,17.8283333333333,0.13,NA,39,NA,1.83333333333333,17.1666666666667,17.75,788.666666666667,12495.3333333333,6.47,6846.1,"Spring"
"2924","South",1985-05-01,NA,NA,NA,NA,NA,NA,5,32.16,0.0333333333333333,NA,30,NA,1.17333333333333,20,16,770.833333333333,13432.2580645161,6.47,7290.67741935484,"Spring"
"2925","South",1985-06-01,NA,NA,NA,NA,NA,NA,6,49.8411538374505,0.07,NA,30.5,NA,1.65,24.125,32,753.875,13310,6.47,5113.33333333333,"Summer"
"2926","South",1985-07-01,NA,NA,NA,NA,NA,NA,7,29.5316666666667,0.0716666666666667,NA,28.5,NA,1.36666666666667,23.2321428571429,28.75,590.333333333333,16035.4838709677,6.47,4835.38709677419,"Summer"
"2927","South",1985-08-01,NA,NA,NA,NA,NA,NA,8,14.81625,0.07125,NA,29,NA,1.2625,21.0625,18,539,13448.3870967742,6.47,2248.48387096774,"Summer"
"2928","South",1985-09-01,NA,NA,NA,NA,NA,NA,9,21.01875,0.0825,NA,32,NA,1.6,20.4375,16.275,658.625,12192,6.47,3174.6,"Autumn"
"2929","South",1985-10-01,NA,NA,NA,NA,NA,NA,10,8.06375,0.09625,NA,41,NA,1.5,17.875,11.3725,550.875,9710.64516129032,9.96,3365.54838709677,"Autumn"
"2930","South",1985-11-01,NA,NA,NA,NA,NA,NA,11,10.645,0.3375,NA,56,0.326666666666667,1.7,10.75,8.55,767.625,10417.6666666667,9.96,6889.7,"Autumn"
"2931","South",1985-12-01,NA,NA,NA,NA,NA,NA,12,6.2375,0.54125,NA,44,0.42,1.8,11.75,13,686.375,16106.4516129032,9.96,9430.16129032258,"Winter"
"2932","South",1986-01-01,NA,NA,NA,NA,NA,NA,1,3.29666666666667,0.33,NA,70,0.326666666666667,2.16666666666667,10.0576923076923,19.2666666666667,926.75,19964.5161290323,9.96,15208.8387096774,"Winter"
"2933","South",1986-02-01,NA,NA,NA,NA,NA,NA,2,6.69,0.363333333333333,NA,51,0.43,2,11,20,596,68892.8571428571,9.96,205414.107142857,"Winter"
"2934","South",1986-03-01,NA,NA,NA,NA,NA,NA,3,4.83666666666667,0.136666666666667,NA,21.5,0.25,0.336666666666667,12.4744318181818,22.5,186.333333333333,74983.8709677419,9.96,169447.483870968,"Spring"
"2935","South",1986-04-01,NA,NA,NA,NA,NA,NA,4,8.64333333333333,0.0366666666666667,NA,39,0.13,0.246666666666667,14.9714285714286,33.7333333333333,189.666666666667,25826.6666666667,9.96,46539.0666666667,"Spring"
"2936","South",1986-05-01,NA,NA,NA,NA,NA,NA,5,9.83,0.0433333333333333,NA,36,0.153333333333333,0.683333333333333,17.84375,23.5,270.333333333333,12761.2903225806,9.96,15810.1290322581,"Spring"
"2937","South",1986-06-01,NA,NA,NA,NA,NA,NA,6,13.305,0.0325,NA,28,0.193333333333333,0.59125,20.8125,36.5,291.25,11820,9.96,9222.7,"Summer"
"2938","South",1986-07-01,NA,NA,NA,NA,NA,NA,7,26.27,0.03125,NA,29,0.263333333333333,1.675,25,28.25,662,16880.6451612903,9.96,7292.90322580645,"Summer"
"2939","South",1986-08-01,NA,NA,NA,NA,NA,NA,8,19.4766666666667,0.03875,NA,30.5,NA,1.3375,22.4375,24.3,541.625,15112.9032258065,9.96,5054.25806451613,"Summer"
"2940","South",1986-09-01,NA,NA,NA,NA,NA,NA,9,11.3466666666667,0.0458984285430052,NA,27.75,NA,0.9725,19.1875,18.3125,379.5,18140,9.96,10725.9333333333,"Autumn"
"2941","South",1986-10-01,NA,NA,NA,NA,NA,NA,10,7.35666666666667,0.0366666666666667,NA,42,0.146666666666667,0.823333333333333,15.7916666666667,33.2,323.666666666667,15445.1612903226,5.86,10608.4193548387,"Autumn"
"2942","South",1986-11-01,NA,NA,NA,NA,NA,NA,11,5.19666666666667,0.0566666666666667,NA,63,0.13,1.61666666666667,13.625,28.1,550.666666666667,12680,5.86,7731.66666666667,"Autumn"
"2943","South",1986-12-01,NA,NA,NA,NA,NA,NA,12,2.88333333333333,0.05875,NA,63,0.11,1.185,10.3125,11.1866666666667,527.25,13109.6774193548,5.86,8986.35483870968,"Winter"
"2944","South",1987-01-01,NA,NA,NA,NA,NA,NA,1,1.54333333333333,0.261666666666667,NA,63,0.213333333333333,1.6,9.25,11.5,634.583333333333,13170.9677419355,5.86,10818.1612903226,"Winter"
"2945","South",1987-02-01,NA,NA,NA,NA,NA,NA,2,3.65333333333333,0.265,NA,61,0.28,2.05,11.6875,33.45,811.5,17403.5714285714,5.86,16859.1428571429,"Winter"
"2946","South",1987-03-01,NA,NA,NA,NA,NA,NA,3,8.23333333333333,0.126666666666667,NA,58,0.21,1.9,13.1875,18.3333333333333,793.5625,21577.4193548387,5.86,22915.9677419355,"Spring"
"2947","South",1987-04-01,NA,NA,NA,NA,NA,NA,4,21.6633333333333,0.08,NA,38.5,NA,1.325,17.75,13.875,727.5,11826.3333333333,5.86,6212.23333333333,"Spring"
"2948","South",1987-05-01,NA,NA,NA,NA,NA,NA,5,NA,0.023984828790999,NA,34.5,NA,1.475,21.6875,31.825,702.5,9996.12903225806,5.86,4845.03225806452,"Spring"
"2949","South",1987-06-01,NA,NA,NA,NA,NA,NA,6,34.2966666666667,0.0217359967279481,NA,27,NA,1.6875,21.8125,32.71,725.5,10067.3333333333,5.86,3382.16666666667,"Summer"
"2950","South",1987-07-01,NA,NA,NA,NA,NA,NA,7,25.7816666666667,0.0283333333333333,NA,27,NA,1.83333333333333,23.65625,33.75,826.46875,15141.935483871,5.86,3723.83870967742,"Summer"
"2951","South",1987-08-01,NA,NA,NA,NA,NA,NA,8,23.7233333333333,0.0216666666666667,NA,30.75,NA,1.98333333333333,24.4166666666667,27.9,883.166666666667,14438.7096774194,5.86,2772.12903225806,"Summer"
"2952","South",1987-09-01,NA,NA,NA,NA,NA,NA,9,33.2666666666667,0.0268956516627804,NA,33.5,NA,1.6125,23.4375,17.0083333333333,846.5,11625,5.86,1737.36666666667,"Autumn"
"2953","South",1987-10-01,NA,NA,NA,NA,NA,NA,10,NA,0.0779414488181161,NA,39,NA,1.53375,19.625,14.5,897.25,9509.03225806452,4.65,3761.25806451613,"Autumn"
"2954","South",1987-11-01,NA,NA,NA,NA,NA,NA,11,7.69333333333333,0.0766666666666667,NA,44,0.253333333333333,1.45,14.4375,27.0666666666667,970.666666666667,8129.33333333333,4.65,4291.03333333333,"Autumn"
"2955","South",1987-12-01,NA,NA,NA,NA,NA,NA,12,14.2033333333333,0.14,NA,50,0.22,1.65,11.1875,11.5333333333333,924.5,15743.8709677419,4.65,9454.09677419355,"Winter"
"2956","South",1988-01-01,NA,NA,NA,NA,NA,NA,1,8.02666666666667,0.299166666666667,NA,52,0.363333333333333,2.375,10.5833333333333,9.33333333333333,1106.66666666667,25400,4.65,19590.7096774194,"Winter"
"2957","South",1988-02-01,NA,NA,NA,NA,NA,NA,2,8.44,0.13375,NA,48,0.316666666666667,3.575,12.8125,14.7333333333333,1396.25,12187.9310344828,4.65,3039.31034482759,"Winter"
"2958","South",1988-03-01,NA,NA,NA,NA,NA,NA,3,8.61833333333333,0.0433333333333333,NA,41,NA,2.16666666666667,14.7857142857143,14.4833333333333,886.892857142857,11348.3870967742,4.65,4480.64516129032,"Spring"
"2959","South",1988-04-01,NA,NA,NA,NA,NA,NA,4,13.355,0.0448330190355773,NA,36.5,NA,1.6875,16.375,15.5033333333333,814.875,16886.6666666667,4.65,11417.4333333333,"Spring"
"2960","South",1988-05-01,NA,NA,NA,NA,NA,NA,5,34.45,0.02125,NA,37.5,NA,1.25875,18.0625,20.05,840.125,10973.8709677419,4.65,4658.64516129032,"Spring"
"2961","South",1988-06-01,NA,NA,NA,NA,NA,NA,6,22.77,0.0283333333333333,NA,35.25,NA,1.59166666666667,21.0416666666667,27.7,841,10578.3333333333,4.65,3082.06666666667,"Summer"
"2962","South",1988-07-01,NA,NA,NA,NA,NA,NA,7,24.6933333333333,0.0451834787300322,NA,30,NA,1.77,24.0625,26.6233333333333,915.625,14641.935483871,4.65,3731.64516129032,"Summer"
"2963","South",1988-08-01,NA,NA,NA,NA,NA,NA,8,41.655,0.03,NA,30,NA,1.6,23.375,32.2166666666667,930,13287.0967741935,4.65,2304.87096774194,"Summer"
"2964","South",1988-09-01,NA,NA,NA,NA,NA,NA,9,23.2116666666667,0.0166666666666667,NA,31,NA,1.33333333333333,21.15625,23.3166666666667,861.59375,11536.6666666667,4.65,2250.93333333333,"Autumn"
"2965","South",1988-10-01,NA,NA,NA,NA,NA,NA,10,45.2325,NA,NA,35.5,0.213333333333333,1.07333333333333,20,13.4466666666667,982.25,9314.1935483871,6.13,3141.64516129032,"Autumn"
"2966","South",1988-11-01,NA,NA,NA,NA,NA,NA,11,17.4466666666667,0.055,NA,42,0.22,1.1725,16,16.9333333333333,945.75,11355.6666666667,6.13,6619.3,"Autumn"
"2967","South",1988-12-01,NA,NA,NA,NA,NA,NA,12,32.2133333333333,0.156666666666667,NA,54,0.293333333333333,1.76666666666667,10.375,27.9666666666667,993.75,12387.7419354839,6.13,7230.93548387097,"Winter"
"2968","South",1989-01-01,NA,NA,NA,NA,NA,NA,1,26.4966666666667,0.33,NA,53,0.323333333333333,2.175,7.375,25.8333333333333,1187.5,12825.1612903226,6.13,3603.8064516129,"Winter"
"2969","South",1989-02-01,NA,NA,NA,NA,NA,NA,2,14.1,0.456666666666667,NA,47,0.34,3.16666666666667,10.125,22.1333333333333,1297.5,12057.1428571429,6.13,6378.53571428571,"Winter"
"2970","South",1989-03-01,NA,NA,NA,NA,NA,NA,3,16.3666666666667,0.0433333333333333,NA,52,0.226666666666667,1.63333333333333,15.8541666666667,18.1,737.333333333333,43374.1935483871,6.13,38928.3225806452,"Spring"
"2971","South",1989-04-01,NA,NA,NA,NA,NA,NA,4,20.0966666666667,0.05,NA,35,NA,1.4,18.5,30.5,759.625,21273.3333333333,6.13,11686.5,"Spring"
"2972","South",1989-05-01,NA,NA,NA,NA,NA,NA,5,13.9166666666667,0.0416666666666667,NA,28.25,NA,1.28333333333333,18.75,66.25,764.25,13799.3548387097,6.13,7378.61290322581,"Spring"
"2973","South",1989-06-01,NA,NA,NA,NA,NA,NA,6,19.3733333333333,0.0163872284822476,NA,29,NA,1.51666666666667,21.5,23.85,814.375,13286.6666666667,6.13,6155.73333333333,"Summer"
"2974","South",1989-07-01,NA,NA,NA,NA,NA,NA,7,35.095,0.115,NA,27.25,NA,1.665,24.75,27.9166666666667,880.875,18767.7419354839,6.13,6162.61290322581,"Summer"
"2975","South",1989-08-01,NA,NA,NA,NA,NA,NA,8,26.5016666666667,0.0683333333333333,NA,21.5,NA,0.995,24.125,45.4333333333333,988.625,18319.3548387097,6.13,4468.54838709677,"Summer"
"2976","South",1989-09-01,NA,NA,NA,NA,NA,NA,9,31.49,0.0401041295635514,NA,29.5,NA,1.05333333333333,21.7678571428571,27.39,876.660714285714,16463.3333333333,6.13,6445.96666666667,"Autumn"
"2977","South",1989-10-01,NA,NA,NA,NA,NA,NA,10,14.665,0.06,NA,40.5,NA,1.36166666666667,19,15.9066666666667,906.125,14274.1935483871,4.81,4887.45161290323,"Autumn"
"2978","South",1989-11-01,NA,NA,NA,NA,NA,NA,11,9.06,0.055,NA,34,0.186666666666667,1.2575,14.875,17.5,896.75,14830,4.81,5477.8,"Autumn"
"2979","South",1989-12-01,NA,NA,NA,NA,NA,NA,12,2.47,0.145,NA,45,0.25,1.725,10.75,33.1,914,15396.7741935484,4.81,4399.16129032258,"Winter"
"2980","South",1990-01-01,NA,NA,NA,NA,NA,NA,1,7.97666666666667,0.4225,NA,36,0.35,1.975,10.625,35.0666666666667,1147.5,18909.6774193548,4.81,9885.74193548387,"Winter"
"2981","South",1990-02-01,NA,NA,NA,NA,NA,NA,2,13.4866666666667,0.343333333333333,NA,32.5,0.396666666666667,3.23333333333333,10.375,27.3,1200,13803.5714285714,4.81,6787.57142857143,"Winter"
"2982","South",1990-03-01,NA,NA,NA,NA,NA,NA,3,9.93,0.253333333333333,NA,31,0.246666666666667,2.03333333333333,15.75,23.5,912,12867.7419354839,4.81,3813.12903225806,"Spring"
"2983","South",1990-04-01,NA,NA,NA,NA,NA,NA,4,25.035,0.070392273212395,NA,39,0.28,1.71666666666667,19.25,18.325,818.208333333333,15271.3333333333,4.81,5922.76666666667,"Spring"
"2984","South",1990-05-01,NA,NA,NA,NA,NA,NA,5,26.9783333333333,0.0960431887031882,NA,32,NA,1.44,19.375,46.8333333333333,826.25,10402.2580645161,4.81,7700.16129032258,"Spring"
"2985","South",1990-06-01,NA,NA,NA,NA,NA,NA,6,75.8866666666667,0.00753028972656466,NA,23.5,NA,0.901666666666667,21.875,29.55,881.166666666667,10518.6666666667,4.81,4846.43333333333,"Summer"
"2986","South",1990-07-01,NA,NA,NA,NA,NA,NA,7,51.8683333333333,0.0233342633250868,NA,27.5,NA,1.65,25.375,48.1333333333333,888.25,13506.4516129032,4.81,3965.83870967742,"Summer"
"2987","South",1990-08-01,NA,NA,NA,NA,NA,NA,8,29.9416666666667,0.0280707073145701,NA,35.5,NA,1.20333333333333,25.625,21.6,797.833333333333,13838.7096774194,4.81,4460.87096774194,"Summer"
"2988","South",1990-09-01,NA,NA,NA,NA,NA,NA,9,34.6,0.0360655991372187,NA,41,NA,1.13666666666667,22.625,17.6333333333333,865.125,10029.3333333333,4.81,2450.16666666667,"Autumn"
"2989","South",1990-10-01,NA,NA,NA,NA,NA,NA,10,15.8233333333333,0.0166666666666667,NA,34,0.2,1.13,18.375,17.3666666666667,843.333333333333,7620.32258064516,4.21,3405.09677419355,"Autumn"
"2990","South",1990-11-01,NA,NA,NA,NA,NA,NA,11,9.06666666666667,0.0179515401524259,NA,57,NA,0.835233798925765,14.25,25.3666666666667,780.75,7722.66666666667,4.21,4494.93333333333,"Autumn"
"2991","South",1990-12-01,NA,NA,NA,NA,NA,NA,12,8.59333333333333,0.09,NA,79.5,0.2,1.43333333333333,9.625,23.0333333333333,945.666666666667,10818.3870967742,4.21,6383.45161290323,"Winter"
"2992","South",1991-01-01,NA,NA,NA,NA,NA,NA,1,23.4366666666667,0.12,NA,49,0.253333333333333,2.575,10,32.85,1057.5,8983.87096774194,4.21,3972.93548387097,"Winter"
"2993","South",1991-02-01,NA,NA,NA,NA,NA,NA,2,7.57,0.146666666666667,NA,46,0.28,2.3,15.5,30.3333333333333,1123.33333333333,8133.21428571429,4.21,7361.46428571429,"Winter"
"2994","South",1991-03-01,NA,NA,NA,NA,NA,NA,3,17.52,0.31,NA,45.5,NA,2.5,13,50.15,1051.5,25754.8387096774,4.21,24579.3870967742,"Spring"
"2995","South",1991-04-01,NA,NA,NA,NA,NA,NA,4,42.3683333333333,0.0666666666666667,NA,33,NA,1.58333333333333,17.125,27.2333333333333,1270,10879,4.21,3701.4,"Spring"
"2996","South",1991-05-01,NA,NA,NA,NA,NA,NA,5,68.48,0.012487373642701,NA,30,NA,0.608333333333333,17,14.1933333333333,738.5,7331.93548387097,4.21,3862.03225806452,"Spring"
"2997","South",1991-06-01,NA,NA,NA,NA,NA,NA,6,126.245,0.0187331275059842,NA,31,NA,0.416666666666667,22.25,15.3666666666667,1049,8929.66666666667,4.21,4002.23333333333,"Summer"
"2998","South",1991-07-01,NA,NA,NA,NA,NA,NA,7,111.113333333333,0.0104177681248014,NA,26.25,NA,0.443333333333333,23.6875,22.7666666666667,936.833333333333,9514.1935483871,4.21,3318.48387096774,"Summer"
"2999","South",1991-08-01,NA,NA,NA,NA,NA,NA,8,64.7716666666667,0.0783333333333333,NA,32,NA,1.06666666666667,24.5,27.045,1008,9514.83870967742,4.21,2557.64516129032,"Summer"
"3000","South",1991-09-01,NA,NA,NA,NA,NA,NA,9,126.726666666667,0.0390228852210566,NA,28,0.4,0.418333333333333,24.0625,36.0783333333333,982.333333333333,9948,4.21,3760.93333333333,"Autumn"
"3001","South",1991-10-01,NA,NA,NA,NA,NA,NA,10,121.766666666667,0.0266666666666667,NA,36.5,0.385,0.455,23.1666666666667,12.6166666666667,874.833333333333,9398.06451612903,4.06,3909.09677419355,"Autumn"
"3002","South",1991-11-01,NA,NA,NA,NA,NA,NA,11,22.05,0.0333333333333333,NA,42,0.2,1.31666666666667,15.0625,9.10333333333333,723.333333333333,6958.33333333333,4.06,3909.33333333333,"Autumn"
"3003","South",1991-12-01,NA,NA,NA,NA,NA,NA,12,19.2133333333333,0.0466666666666667,NA,58,0.18,1.06666666666667,8.33333333333333,7.11666666666667,859.666666666667,9259.35483870968,4.06,7622.51612903226,"Winter"
"3004","South",1992-01-01,NA,NA,NA,NA,NA,NA,1,6.53,0.243333333333333,NA,64,0.266666666666667,1.33333333333333,8.4375,9.73333333333333,1067.66666666667,10440.9677419355,4.06,6413.38709677419,"Winter"
"3005","South",1992-02-01,NA,NA,NA,NA,NA,NA,2,9.46,0.21,NA,34,0.473333333333333,1.6,15.125,16.8466666666667,886,26061.3793103448,4.06,28758.8275862069,"Winter"
"3006","South",1992-03-01,NA,NA,NA,NA,NA,NA,3,26.2633333333333,0.0533333333333333,NA,37.5,NA,1.95,16.984375,26.505,1125,20335.4838709677,4.06,13282.6774193548,"Spring"
"3007","South",1992-04-01,NA,NA,NA,NA,NA,NA,4,33.235,0.0130785114698423,NA,35,NA,1.11166666666667,18.0833333333333,16.1,990.333333333333,9448.33333333333,4.06,6258.43333333333,"Spring"
"3008","South",1992-05-01,NA,NA,NA,NA,NA,NA,5,54.795,0.00821431301922227,NA,37.5,NA,0.5475,22.3541666666667,14.3466666666667,729.166666666667,6413.87096774194,4.06,3254.58064516129,"Spring"
"3009","South",1992-06-01,NA,NA,NA,NA,NA,NA,6,191.516666666667,0.0169908008493076,NA,28.5,NA,0.510833333333333,24.28125,9.55333333333333,921.8125,8510,4.06,3426,"Summer"
"3010","South",1992-07-01,NA,NA,NA,NA,NA,NA,7,200.631666666667,0.0100695503642782,NA,24,NA,0.565,24.140625,27.6166666666667,913.5,8308.70967741935,4.06,2982.74193548387,"Summer"
"3011","South",1992-08-01,NA,NA,NA,NA,NA,NA,8,155.411666666667,0.0137759800844651,NA,33,NA,0.6275,25.59375,16.4016666666667,845.5625,8717.74193548387,4.06,2824.45161290323,"Summer"
"3012","South",1992-09-01,NA,NA,NA,NA,NA,NA,9,61.1333333333333,0.00715716189122759,NA,42,NA,0.4825,21.8729166666667,13.7033333333333,937.5,9815,4.06,3366.06666666667,"Autumn"
"3013","South",1992-10-01,NA,NA,NA,NA,NA,NA,10,28.2383333333333,0.0179326974639359,NA,49.5,NA,0.716666666666667,20.625,18.1383333333333,824.125,6645.16129032258,8.54,4350.48387096774,"Autumn"
"3014","South",1992-11-01,NA,NA,NA,NA,NA,NA,11,12.0233333333333,0.0466666666666667,NA,44,0.193333333333333,0.843333333333333,16.75,16.9,670.666666666667,6380,8.54,4125.83333333333,"Autumn"
"3015","South",1992-12-01,NA,NA,NA,NA,NA,NA,12,9.40333333333333,0.11375,NA,72,0.17,1.12,9.8,43,849.75,12440.3225806452,8.54,11602.7419354839,"Winter"
"3016","South",1993-01-01,NA,NA,NA,NA,NA,NA,1,6.16,0.803333333333333,NA,14,0.69,1.36666666666667,9.33333333333333,73.2,395.333333333333,48261.2903225806,8.54,57885.8709677419,"Winter"
"3017","South",1993-02-01,NA,NA,NA,NA,NA,NA,2,10.1166666666667,0.623333333333333,NA,30,0.593333333333333,1.56666666666667,12.53125,61.0666666666667,867.333333333333,48596.4285714286,8.54,55021.6428571429,"Winter"
"3018","South",1993-03-01,NA,NA,NA,NA,NA,NA,3,28.9733333333333,0.0666666666666667,NA,38,0.38,1.78333333333333,17.5205882352941,12.7633333333333,1283.33333333333,49338.7096774194,8.54,63968.6129032258,"Spring"
"3019","South",1993-04-01,NA,NA,NA,NA,NA,NA,4,28.37,0.0166666666666667,NA,36,0.353333333333333,1.76666666666667,17.875,13.6433333333333,917.5,43213.3333333333,8.54,44295.9333333333,"Spring"
"3020","South",1993-05-01,NA,NA,NA,NA,NA,NA,5,11.67,0.0566666666666667,NA,38,0.166666666666667,0.996666666666667,18.83125,13.3133333333333,443.333333333333,24954.8387096774,8.54,25188.1935483871,"Spring"
"3021","South",1993-06-01,NA,NA,NA,NA,NA,NA,6,21.1233333333333,0.0179838753119111,NA,30,0.23,1.29666666666667,22,20.8866666666667,683.333333333333,30473.3333333333,8.54,27078.2,"Summer"
"3022","South",1993-07-01,NA,NA,NA,NA,NA,NA,7,NA,0.0228089868401488,NA,30,NA,1.66833333333333,24.4,27.6566666666667,834.333333333333,19861.2903225806,8.54,9449.67741935484,"Summer"
"3023","South",1993-08-01,NA,NA,NA,NA,NA,NA,8,22.7533333333333,0.08875,NA,31,0.236666666666667,1.575,24.5,30.8166666666667,687.875,21080.6451612903,8.54,9421.90322580645,"Summer"
"3024","South",1993-09-01,NA,NA,NA,NA,NA,NA,9,12.34,0.0266666666666667,NA,28,0.15,0.88,21.8944444444444,17.6,422,15826.6666666667,8.54,5305.83333333333,"Autumn"
"3025","South",1993-10-01,NA,NA,NA,NA,NA,NA,10,10.05,0.0333333333333333,NA,39,0.18,1.30333333333333,18.7625,24.92,588.333333333333,13819.3548387097,5.02,5117.83870967742,"Autumn"
"3026","South",1993-11-01,NA,NA,NA,NA,NA,NA,11,5.64666666666667,0.09,NA,52,0.176666666666667,1.525,14.3875,23.0866666666667,674,12093.3333333333,5.02,7380.6,"Autumn"
"3027","South",1993-12-01,NA,NA,NA,NA,NA,NA,12,4.73,0.1125,NA,66,0.203333333333333,1.675,9.75,11,777.75,20341.935483871,5.02,12360.8387096774,"Winter"
"3028","South",1994-01-01,NA,NA,NA,NA,NA,NA,1,2.31,0.236666666666667,NA,73,0.17,1.46666666666667,9.33333333333333,23.0666666666667,791.854166666667,14190.3225806452,5.02,10787.1612903226,"Winter"
"3029","South",1994-02-01,NA,NA,NA,NA,NA,NA,2,3.84666666666667,0.186666666666667,NA,71,0.243333333333333,2.86666666666667,8.66666666666667,9.76666666666667,951.14705882353,20196.4285714286,5.02,20557.0357142857,"Winter"
"3030","South",1994-03-01,NA,NA,NA,NA,NA,NA,3,10.6,0.0966666666666667,NA,44,0.306666666666667,2.8,15.6096153846154,6.15,1133.33333333333,13460.6451612903,5.02,10595.0967741935,"Spring"
"3031","South",1994-04-01,NA,NA,NA,NA,NA,NA,4,46.2,0.258885372832883,NA,40.8571428117298,0.26,1.28,17.225,11.7333333333333,573.5,8435,5.02,8149.66666666667,"Spring"
"3032","South",1994-05-01,NA,NA,NA,NA,NA,NA,5,10.4266666666667,0.04875,NA,33.1256409425002,0.226666666666667,1.4875,19.0375,15.0666666666667,726.125,8847.74193548387,5.02,7941.22580645161,"Spring"
"3033","South",1994-06-01,NA,NA,NA,NA,NA,NA,6,NA,0.0260806802179044,NA,32.0000001986821,0.33,1.48166666666667,22.0775001049042,20.1783333333333,950.3125,8091,5.02,3781.5,"Summer"
"3034","South",1994-07-01,NA,NA,NA,NA,NA,NA,7,48.05,0.0447800310557553,NA,23.5,NA,1.66666666666667,24.5,30.5833333333333,815.5,11863.8709677419,5.02,4494.64516129032,"Summer"
"3035","South",1994-08-01,NA,NA,NA,NA,NA,NA,8,NA,0.0375,NA,30,0.296666666666667,1.3775,24.025,27.7666666666667,884,12145.1612903226,5.02,3334.64516129032,"Summer"
"3036","South",1994-09-01,NA,NA,NA,NA,NA,NA,9,75.8583333333333,0.0123526728258003,NA,33,NA,1.16666666666667,21.9857142857143,31.1833333333333,2535.83333333333,14413.3333333333,5.02,5505.93333333333,"Autumn"
"3037","South",1994-10-01,NA,NA,NA,NA,NA,NA,10,5.70666666666667,0.0725,NA,40,0.13,1.375,19.125,21.7333333333333,525.25,8255.16129032258,12.89,3217.1935483871,"Autumn"
"3038","South",1994-11-01,NA,NA,NA,NA,NA,NA,11,8.92,0.11,NA,60,0.173333333333333,1.53333333333333,9.49166666666667,23.7,895.666666666667,9488.66666666667,12.89,5356.16666666667,"Autumn"
"3039","South",1994-12-01,NA,NA,NA,NA,NA,NA,12,5.62333333333333,0.136666666666667,NA,80,0.19,1.63333333333333,9.3125,21.1333333333333,914.75,16371.2903225806,12.89,9629.48387096774,"Winter"
"3040","South",1995-01-01,NA,NA,NA,NA,NA,NA,1,2.13,0.29,NA,20,0.576666666666667,1.46666666666667,10,35.5,500.333333333333,62209.6774193548,12.89,107487.483870968,"Winter"
"3041","South",1995-02-01,NA,NA,NA,NA,NA,NA,2,1.67666666666667,0.203333333333333,NA,36,0.346666666666667,0.96,12.6666666666667,20.3333333333333,395.666666666667,58182.1428571429,12.89,72835.9642857143,"Winter"
"3042","South",1995-03-01,NA,NA,NA,NA,NA,NA,3,3.10333333333333,0.13,NA,34,0.243333333333333,0.553333333333333,14,13.1333333333333,320,71922.5806451613,12.89,200644.903225806,"Spring"
"3043","South",1995-04-01,NA,NA,NA,NA,NA,NA,4,3.32333333333333,0.0633333333333333,NA,42,0.193333333333333,0.39,14.025,16.8666666666667,211.666666666667,61436.6666666667,12.89,90836.9,"Spring"
"3044","South",1995-05-01,NA,NA,NA,NA,NA,NA,5,3.5,0.0533333333333333,NA,42,0.196666666666667,0.35,16.9375,25.2,179,63180.6451612903,12.89,98047.4838709677,"Spring"
"3045","South",1995-06-01,NA,NA,NA,NA,NA,NA,6,6.36666666666667,0.05,NA,29,0.153333333333333,0.366666666666667,15.125,36.9333333333333,182.5,38956.6666666667,12.89,46754.0333333333,"Summer"
"3046","South",1995-07-01,NA,NA,NA,NA,NA,NA,7,12.6166666666667,0.0566666666666667,NA,25,0.213333333333333,0.726666666666667,21.1416666666667,44.35,343.666666666667,29232.2580645161,12.89,26789.2258064516,"Summer"
"3047","South",1995-08-01,NA,NA,NA,NA,NA,NA,8,10.3533333333333,0.0733333333333333,NA,38,0.22,1.36666666666667,23.3333333333333,17.9333333333333,519.666666666667,18716.1290322581,12.89,10875.7741935484,"Summer"
"3048","South",1995-09-01,NA,NA,NA,NA,NA,NA,9,8.02666666666667,0.04,NA,42,0.216666666666667,1.13333333333333,21.2479166666667,11.5666666666667,489,23270,12.89,19629.4,"Autumn"
"3049","South",1995-10-01,NA,NA,NA,NA,NA,NA,10,2.45666666666667,0.06,NA,37,0.15,0.56,16.3333333333333,18.2333333333333,156,14145.1612903226,10.26,11371.3548387097,"Autumn"
"3050","South",1995-11-01,NA,NA,NA,NA,NA,NA,11,2.59333333333333,0.06,NA,111,0.196666666666667,2.16666666666667,15.75,13,677.333333333333,12610,10.26,8383.36666666667,"Autumn"
"3051","South",1995-12-01,NA,NA,NA,NA,NA,NA,12,2.17666666666667,0.126666666666667,NA,102,0.17,2.03333333333333,13.25,18.1,723.666666666667,24570.9677419355,10.26,27709.0322580645,"Winter"
"3052","South",1996-01-01,NA,NA,NA,NA,NA,NA,1,7.42,0.33,NA,NA,0.47,1.8,12,22,694,32867.7419354839,10.26,32144.3548387097,"Winter"
"3053","South",1996-02-01,NA,NA,NA,NA,NA,NA,2,1.51,0.23,NA,NA,0.47,0.93,13,39,284,75272.4137931034,10.26,126912.482758621,"Winter"
"3054","South",1996-03-01,NA,NA,NA,NA,NA,NA,3,9.11,0.01,NA,NA,0.12,0.47,14,12,228,56235.4838709677,10.26,89147.8064516129,"Spring"
"3055","South",1996-04-01,NA,NA,NA,NA,NA,NA,4,11.5,0.03,NA,NA,0.19,0.78,16.5,15,410,35983.3333333333,10.26,42032.4,"Spring"
"3056","South",1996-05-01,NA,NA,NA,NA,NA,NA,5,2.56,0.02,NA,41.246478794746,0.09,0.78,16,10,285,40112.9032258065,10.26,46021.0322580645,"Spring"
"3057","South",1996-06-01,NA,NA,NA,NA,NA,NA,6,24.89,0.01,NA,32.7150000706315,0.19,1.1,22.1120376078288,15,193,23533.3333333333,10.26,15269.7333333333,"Summer"
"3058","South",1996-07-01,NA,NA,NA,NA,NA,NA,7,30.22,0.03,NA,NA,0.31,2.3,23.5,44,647,20683.8709677419,10.26,9156.09677419355,"Summer"
"3059","South",1996-08-01,NA,NA,NA,NA,NA,NA,8,20.25,0.05,NA,NA,0.34,2,25.5,33,617,21303.2258064516,10.26,9592.25806451613,"Summer"
"3060","South",1996-09-01,NA,NA,NA,NA,NA,NA,9,13.74,0.04,NA,31.4464285038412,0.21,1.8,19.5625000283832,21,516,17600,10.26,7292.63333333333,"Autumn"
"3061","South",1996-10-01,NA,NA,NA,NA,NA,NA,10,NA,0.07,NA,38.8421051204205,0.17,0.9,17.1394737017782,15,289,12690.3225806452,10.82,4768.96774193548,"Autumn"
"3062","South",1996-11-01,NA,NA,NA,NA,NA,NA,11,3.8,0.22,NA,41.7999997735023,0.17,1.67,13.4363635973497,11,692,15500,10.82,10035.4333333333,"Autumn"
"3063","South",1996-12-01,NA,NA,NA,NA,NA,NA,12,NA,0.4,NA,36.7424244004669,0.45,1.21,12.0583333174388,40,207,58419.3548387097,10.82,84409.8709677419,"Winter"
"3064","South",1997-01-01,NA,NA,NA,NA,NA,NA,1,NA,NA,NA,NA,NA,NA,12.0166666666667,NA,NA,87109.6774193548,10.82,262461.483870968,"Winter"
"3065","South",1997-02-01,NA,NA,NA,NA,NA,NA,2,5.4,0.03,NA,NA,0.16,0.535,11.75,25,184.5,57328.5714285714,10.82,118675.892857143,"Winter"
"3066","South",1997-03-01,NA,NA,NA,NA,NA,NA,3,6.44,0.0367664093431085,NA,43.4499997645616,0.18,0.51,13.2175000826518,22,235,24467.7419354839,10.82,33774.8709677419,"Spring"
"3067","South",1997-04-01,NA,NA,NA,NA,NA,NA,4,36.36,0.015,NA,48.8165937006213,0.23,2.4,15.6899563313225,17,794,13493.3333333333,10.82,14212.8666666667,"Spring"
"3068","South",1997-05-01,NA,NA,NA,NA,NA,NA,5,6.9,0.025,NA,42.0830768896983,0.13,0.895,18.0466666666667,6,185.5,11408.7096774194,10.82,12349.7419354839,"Spring"
"3069","South",1997-06-01,NA,NA,NA,NA,NA,NA,6,NA,0.00605793860042467,NA,32.3571432275432,0.22,1.795,21.4,21,598.5,15223.3333333333,10.82,8306.66666666667,"Summer"
"3070","South",1997-07-01,NA,NA,NA,NA,NA,NA,7,53.72,0.00964237675536424,NA,NA,0.23,2.1,24.9583333333333,30,671,20838.7096774194,10.82,9383.09677419355,"Summer"
"3071","South",1997-08-01,NA,NA,NA,NA,NA,NA,8,22.22,0.035,NA,NA,0.25,1.945,26.2125,16,571.5,18716.1290322581,10.82,8717.83870967742,"Summer"
"3072","South",1997-09-01,NA,NA,NA,NA,NA,NA,9,29.73,0.0139410468074493,NA,NA,0.21,1.925,24.0875,16,646.5,14000,10.82,3976.5,"Autumn"
"3073","South",1997-10-01,NA,NA,NA,NA,NA,NA,10,21.97,0.02,NA,NA,0.23,1.78,20.19625,13,559,12009.0322580645,13.31,4842,"Autumn"
"3074","South",1997-11-01,NA,NA,NA,NA,NA,NA,11,12.46,0.11,NA,NA,0.24,1.9,15.875,9,615,14793.3333333333,13.31,10013.5333333333,"Autumn"
"3075","South",1997-12-01,NA,NA,NA,NA,NA,NA,12,4.72,0.1,NA,NA,0.34,2,9.8,13,855,22009.6774193548,13.31,14613.6774193548,"Winter"
"3076","South",1998-01-01,NA,NA,NA,NA,NA,NA,1,5.1,0.00797110865125433,NA,NA,0.26,2.4,10.075,11,932,51783.8709677419,13.31,68871.4838709677,"Winter"
"3077","South",1998-02-01,NA,NA,NA,NA,NA,NA,2,NA,0.06,NA,NA,0.21,0.69,10.60625,29,193,81367.8571428571,13.31,224704.035714286,"Winter"
"3078","South",1998-03-01,NA,NA,NA,NA,NA,NA,3,NA,0.02,NA,NA,0.21,0.73,12.425,14,328,63829.0322580645,13.31,104584.387096774,"Spring"
"3079","South",1998-04-01,NA,NA,NA,NA,NA,NA,4,10.7,0.02,NA,42.5349997133016,0.12,0.4,13.6896666669846,14,220,57683.3333333333,13.31,88661.2333333333,"Spring"
"3080","South",1998-05-01,NA,NA,NA,NA,NA,NA,5,5.81,0.07,NA,32.9757283830527,0.14,0.5,15.6234627831715,20,210,48251.6129032258,13.31,67140.3225806452,"Spring"
"3081","South",1998-06-01,NA,NA,NA,NA,NA,NA,6,9.71,0.02,NA,32.3545457558199,0.12,0.3,19.9613636363636,21,160,55690,13.31,71643.1666666667,"Summer"
"3082","South",1998-07-01,NA,NA,NA,NA,NA,NA,7,6.56,0.04,NA,NA,0.11,0.3,22,22,119,26796.7741935484,13.31,31360.1935483871,"Summer"
"3083","South",1998-08-01,NA,NA,NA,NA,NA,NA,8,22.1,0.1,NA,NA,0.16,1.2,22.9175,20,345,25177.4193548387,13.31,20010.2580645161,"Summer"
"3084","South",1998-09-01,NA,NA,NA,NA,NA,NA,9,9.57,0.02,NA,NA,0.14,0.83,22.3898214285714,16,257,25316.6666666667,13.31,20116.7333333333,"Autumn"
"3085","South",1998-10-01,NA,NA,NA,NA,NA,NA,10,7.62,0.07,NA,NA,0.12,0.75,16.425,11,217,15758.064516129,9.8,12297.3870967742,"Autumn"
"3086","South",1998-11-01,NA,NA,NA,NA,NA,NA,11,6.2,0.26,NA,54.5795455236327,0.21,1.8,12.787500001445,13,556,20920,9.8,20569.7666666667,"Autumn"
"3087","South",1998-12-01,NA,NA,NA,NA,NA,NA,12,6.8,0.08,NA,52.7124995738268,0.18,1.1,9.59875001271566,15,367,44374.1935483871,9.8,47241.2903225806,"Winter"
"3088","South",1999-01-01,NA,NA,NA,NA,NA,NA,1,6.8,0.09,NA,61.2210524552747,0.13,1.5,8.630676701768,7,531,34503.2258064516,9.8,38021.7096774194,"Winter"
"3089","South",1999-02-01,NA,NA,NA,NA,NA,NA,2,6.3,0.08,NA,44.1782177527352,0.14,0.81,10.28148989034,10,355,67146.4285714286,9.8,98804.3571428571,"Winter"
"3090","South",1999-03-01,NA,NA,NA,NA,NA,NA,3,6.2,0.03,NA,53.7971014129943,0.13,0.74,11.3581159494004,11,306,56838.7096774194,9.8,69107.1290322581,"Spring"
"3091","South",1999-04-01,NA,NA,NA,NA,NA,NA,4,32,0.01,NA,46.0883718590404,0.15,1.2,13.3460464995037,10,528,30676.6666666667,9.8,35493.8,"Spring"
"3092","South",1999-05-01,NA,NA,NA,NA,NA,NA,5,5.04,0.0391073218989186,NA,47.5120769318751,0.11,0.855714285714286,15.6531400984612,12,231,19735.4838709677,9.8,22229.2903225806,"Spring"
"3093","South",1999-06-01,NA,NA,NA,NA,NA,NA,6,25.875,0.0501851851851852,NA,40.1989526695606,0.17,1.30240740740741,19.5725828963674,20,479,17236.6666666667,9.8,13768.4,"Summer"
"3094","South",1999-07-01,NA,NA,NA,NA,NA,NA,7,36.6,0.0866566476817243,NA,NA,0.22,1.686,24.375,30,614.5,22241.935483871,9.8,10579,"Summer"
"3095","South",1999-08-01,NA,NA,NA,NA,NA,NA,8,20.2194444444444,0.105555555555556,NA,NA,0.22,2.06666666666667,23.6975,32,558,18029.0322580645,9.8,6020.35483870968,"Summer"
"3096","South",1999-09-01,NA,NA,NA,NA,NA,NA,9,3.12,0.125452974523418,NA,NA,0.27,2.139,22.68,23,561,15830,9.8,4831.6,"Autumn"
"3097","South",1999-10-01,NA,NA,NA,NA,NA,NA,10,6.04666666666667,0.0955555555555556,NA,34.5250001549721,0.31,1.97777777777778,19.2930000209808,20,508,12380.6451612903,8.94,4280.09677419355,"Autumn"
"3098","South",1999-11-01,NA,NA,NA,NA,NA,NA,11,4.63,0.05,NA,NA,0.16,2.2,14.973125,15,714,13843.3333333333,8.94,6804.16666666667,"Autumn"
"3099","South",1999-12-01,NA,NA,NA,NA,NA,NA,12,3.82,0.085,NA,65.206185321218,0.14,1.85,10.4893608373268,8,806.5,16548.3870967742,8.94,10467.2903225806,"Winter"
"3100","South",2000-01-01,NA,NA,NA,NA,NA,NA,1,5.98,0.06,NA,49.3796295037976,0.12,1.6,10.0977777998535,10,887,24338.7096774194,8.94,21545.5806451613,"Winter"
"3101","South",2000-02-01,NA,NA,NA,NA,NA,NA,2,7.06,0.11,NA,NA,0.3,2.4,11.98,21,1080,62372.4137931034,8.94,94092.275862069,"Winter"
"3102","South",2000-03-01,NA,NA,NA,NA,NA,NA,3,4.22,0.02,NA,36.3636361739852,0.11,0.12,12.8600000063578,12,247,58561.2903225806,8.94,87838.3548387097,"Spring"
"3103","South",2000-04-01,NA,NA,NA,NA,NA,NA,4,6.355,0.108125,NA,54.0921657041471,0.19,1.208125,16.9592319508449,12,572,26640,8.94,27294.3,"Spring"
"3104","South",2000-05-01,NA,NA,NA,NA,NA,NA,5,14.7678618578472,0.101666666666667,NA,47.7876444350799,0.12,1.03555555555556,18.5351994812719,11,318,20448.3870967742,8.94,22146.1290322581,"Spring"
"3105","South",2000-06-01,NA,NA,NA,NA,NA,NA,6,22.24375,0.107777777777778,NA,43.8061222738149,0.13,1.27944444444444,22.3554761904762,16,435,16086.6666666667,8.94,8942.4,"Summer"
"3106","South",2000-07-01,NA,NA,NA,NA,NA,NA,7,43.4411111111111,0.0961111111111111,NA,NA,0.24,1.69111111111111,24.1666666666667,28,644,20848.3870967742,8.94,9220.64516129032,"Summer"
"3107","South",2000-08-01,NA,NA,NA,NA,NA,NA,8,27.2562962962963,0.141111111111111,NA,NA,0.2,1.45740740740741,25.11,15,562,17696.7741935484,8.94,6098.1935483871,"Summer"
"3108","South",2000-09-01,NA,NA,NA,NA,NA,NA,9,24.4216666666667,0.122515161369927,NA,NA,0.17,1.455,21.44,10,535.555555555556,15163.3333333333,8.94,4662.63333333333,"Autumn"
"3109","South",2000-10-01,NA,NA,NA,NA,NA,NA,10,7.3255,0.183888888888889,NA,NA,0.24,1.10055555555556,16.659358974359,28.75,530.8,11683.8709677419,5.76,5736.58064516129,"Autumn"
"3110","South",2000-11-01,NA,NA,NA,NA,NA,NA,11,30.88,0.08,NA,NA,0.2,1.4,13.1178571428572,16,464,12283.3333333333,5.76,4742.9,"Autumn"
"3111","South",2000-12-01,NA,NA,NA,NA,NA,NA,12,7.31,0.07,NA,NA,0.21,1.8,11.4,NA,673,13670.9677419355,5.76,5996.61290322581,"Winter"
"3112","South",2001-01-01,NA,NA,NA,NA,NA,NA,1,4.16,0.09,NA,NA,0.2,1.9,8.6,7.5425,875.75,17190.3225806452,5.76,15211.4516129032,"Winter"
"3113","South",2001-02-01,NA,NA,NA,NA,NA,NA,2,6.495,0.17,NA,54.9756097357447,0.25,2.3,11.0975609337411,24,676,20867.8571428571,5.76,19567.9285714286,"Winter"
"3114","South",2001-03-01,NA,NA,NA,NA,NA,NA,3,6,0.08,NA,41.6808509657569,0.26,2.2,15.6,20,826,24696.7741935484,5.76,23427.3870967742,"Spring"
"3115","South",2001-04-01,NA,NA,NA,NA,NA,NA,4,18.2,0.0788888888888889,NA,NA,0.23,1.51037037037037,15.3029166666667,12,677.925925925926,12306,5.76,12219.0666666667,"Spring"
"3116","South",2001-05-01,NA,NA,NA,NA,NA,NA,5,11.8905555555556,0.117222222222222,NA,NA,0.17,0.867222222222222,21.14,16,431.5,9060,5.76,9706.83870967742,"Spring"
"3117","South",2001-06-01,NA,NA,NA,NA,NA,NA,6,54.7811111111111,0.0316507896103172,NA,36.2751322921622,0.18,1.25111111111111,21.372328042328,13,638.566666666667,12383.3333333333,5.76,7509.2,"Summer"
"3118","South",2001-07-01,NA,NA,NA,NA,NA,NA,7,36.0657142857143,0.155925925925926,NA,30.8190476468631,0.29,1.54074074074074,23.1951322646368,24,701.166666666667,14935.4838709677,5.76,4722.77419354839,"Summer"
"3119","South",2001-08-01,NA,NA,NA,NA,NA,NA,8,23.5988888888889,0.151232848773297,NA,47.8904762324833,0.23,1.50277777777778,23.9362896789066,19,780,13219.3548387097,5.76,3226.83870967742,"Summer"
"3120","South",2001-09-01,NA,NA,NA,NA,NA,NA,9,18.9466666666667,0.216111111111111,NA,41.8095238975116,0.21,1.85611111111111,21.8067582145104,11,763.111111111111,12360,5.76,4165.26666666667,"Autumn"
"3121","South",2001-10-01,NA,NA,NA,NA,NA,NA,10,14.1638888888889,0.259444444444444,NA,49.5,0.26,1.86666666666667,18.9154166666667,11,780.111111111111,8370.32258064516,6.35,4275.58064516129,"Autumn"
"3122","South",2001-11-01,NA,NA,NA,NA,NA,NA,11,8.97388888888889,0.240555555555556,NA,68,0.21,1.44222222222222,15.525462962963,16,727.222222222222,12303,6.35,8213,"Autumn"
"3123","South",2001-12-01,NA,NA,NA,NA,NA,NA,12,5.40666666666667,0.139846902936956,NA,61,0.17,1.47777777777778,10.0227272727273,14,823.222222222222,27377.4193548387,6.35,24737.2580645161,"Winter"
"3124","South",2002-01-01,NA,NA,NA,NA,NA,NA,1,4.81,0.28,NA,41.0862068420854,0.5,1.46,11.2591953880485,46,406,38270.9677419355,6.35,38731.4193548387,"Winter"
"3125","South",2002-02-01,NA,NA,NA,NA,NA,NA,2,16.2,0.07,NA,52.2500015795231,0.21,2.6,13.7444445080227,8,867,18175,6.35,12029.6785714286,"Winter"
"3126","South",2002-03-01,NA,NA,NA,NA,NA,NA,3,9.51,0.09,NA,54.6499997079372,0.22,2.4,14.8800000031789,12,1062,21322.5806451613,6.35,16982.1290322581,"Spring"
"3127","South",2002-04-01,NA,NA,NA,NA,NA,NA,4,34.3162962962963,0.117457503960727,NA,NA,0.22,1.16925925925926,17.1433333333333,23.4,702.518518518518,14476.6666666667,6.35,11943.2333333333,"Spring"
"3128","South",2002-05-01,NA,NA,NA,NA,NA,NA,5,23.175,0.065,NA,NA,0.13,1.01222222222222,18.165,10,541.166666666667,12969.0322580645,6.35,13554.2258064516,"Spring"
"3129","South",2002-06-01,NA,NA,NA,NA,NA,NA,6,45.8472222222222,0.080617832925895,NA,34.6614173782154,0.26,0.953888888888889,21.9815676444073,29.6,706.15,13893.3333333333,6.35,7461.76666666667,"Summer"
"3130","South",2002-07-01,NA,NA,NA,NA,NA,NA,7,72.4086111111111,0.119184799664751,NA,44.8970589062163,0.24,1.25486111111111,24.4932291656148,49.225,763.861111111111,18900,6.35,5731.83870967742,"Summer"
"3131","South",2002-08-01,NA,NA,NA,NA,NA,NA,8,60.953125,0.252305482988595,NA,62,0.27,1.4,23.9696666666667,39.925,831.166666666667,17016.1290322581,6.35,3848.58064516129,"Summer"
"3132","South",2002-09-01,NA,NA,NA,NA,NA,NA,9,43.793125,0.274477486708396,NA,66,0.25,1.65416666666667,23.052,35,865.479166666667,13563.3333333333,6.35,4168.93333333333,"Autumn"
"3133","South",2002-10-01,NA,NA,NA,NA,NA,NA,10,21.0690555555556,0.229120820870558,NA,55.5,0.27,1.57161111111111,18.3948888888889,21.025,783.258333333334,9891.29032258065,8.21,4203.25806451613,"Autumn"
"3134","South",2002-11-01,NA,NA,NA,NA,NA,NA,11,9.88458333333333,0.239375,NA,78,0.18,1.66645833333333,13.5751904761905,21.43625,832.833333333333,11746.3333333333,8.21,7333.1,"Autumn"
"3135","South",2002-12-01,NA,NA,NA,NA,NA,NA,12,7.23833333333333,0.161666666666667,NA,45.1304348175941,0.22,1.95,11.186875,20.9516666666667,983.5,29130,8.21,28885.8064516129,"Winter"
"3136","South",2003-01-01,NA,NA,NA,NA,NA,NA,1,3.05833333333333,0.161666666666667,NA,46.3714284982,0.26,1.9,11.7197619040807,19.6,1020.5,51935.4838709677,8.21,51440.935483871,"Winter"
"3137","South",2003-02-01,NA,NA,NA,NA,NA,NA,2,7.59,0.0816666666666667,NA,62.1012659062816,0.26,1.63833333333333,12.5314814814815,17.2,988.5,36085.7142857143,8.21,29622.8571428571,"Winter"
"3138","South",2003-03-01,NA,NA,NA,NA,NA,NA,3,13.6041666666667,0.104166666666667,NA,47.9739124619442,0.3,1.92666666666667,15.2642857142857,24.6416666666667,958.666666666667,22922.5806451613,8.21,15779.6129032258,"Spring"
"3139","South",2003-04-01,NA,NA,NA,NA,NA,NA,4,31.6186666666667,0.0765710960682352,NA,NA,0.23,1.23752777777778,16.5541666666667,21,782.857142857143,21586.6666666667,8.21,22053.8666666667,"Spring"
"3140","South",2003-05-01,NA,NA,NA,NA,NA,NA,5,58.4366666666667,0.0916543861150488,NA,NA,0.21,0.746590909090909,20.025,24.23125,571.791666666667,40538.7096774194,8.21,41937.7419354839,"Spring"
"3141","South",2003-06-01,NA,NA,NA,NA,NA,NA,6,47.9990277777778,0.0797949993236442,NA,NA,0.19,0.738787878787879,21.28125,28,499.914285714286,22276.6666666667,8.21,11802,"Summer"
"3142","South",2003-07-01,NA,NA,NA,NA,NA,NA,7,49.8877083333333,0.156169178898827,NA,34.2187501800557,0.27,0.96,24.6271990687759,29,673.428571428571,22429.0322580645,8.21,9703.16129032258,"Summer"
"3143","South",2003-08-01,NA,NA,NA,NA,NA,NA,8,61.035,0.166110804278869,NA,50.8230769389715,0.32,1.2685,25.425,41,637.333333333333,19583.8709677419,8.21,6928.22580645161,"Summer"
"3144","South",2003-09-01,NA,NA,NA,NA,NA,NA,9,22.4794444444444,0.193611111111111,NA,57.5516223773844,0.27,1.37027777777778,22.6277777777778,20.225,723.525641025641,15346.6666666667,8.21,3486.6,"Autumn"
"3145","South",2003-10-01,NA,NA,NA,NA,NA,NA,10,17.0838888888889,0.297805764804749,NA,58.115044099743,0.29,1.38388888888889,18.7016961653324,24,651.681818181818,11004.8387096774,7.51,4304.67741935484,"Autumn"
"3146","South",2003-11-01,NA,NA,NA,NA,NA,NA,11,7.34694444444444,0.161111111111111,NA,84.6999999880791,0.21,1.68486111111111,12.5421969691551,18.39,795.238095238095,12450,7.51,6625.46666666667,"Autumn"
"3147","South",2003-12-01,NA,NA,NA,NA,NA,NA,12,8.97,0.05,NA,91.225071128617,0.2,1.89,11.4375,NA,927.666666666667,27787.0967741935,7.51,23855.6451612903,"Winter"
"3148","South",2004-01-01,NA,NA,NA,NA,NA,NA,1,3.22,0.04,NA,49.6083331356446,0.26,2.22,9.16697916388512,18.95,991,36767.7419354839,7.51,32138.1935483871,"Winter"
"3149","South",2004-02-01,NA,NA,NA,NA,NA,NA,2,5.8,0.13,NA,52.240000128746,0.25,2.32,11.5603333409627,19,1010,44420.6896551724,7.51,68091.275862069,"Winter"
"3150","South",2004-03-01,NA,NA,NA,NA,NA,NA,3,20.8,0.18,NA,41.0538459855776,0.35,1.9,15.934505490593,37,850,46706.4516129032,7.51,56299.5483870968,"Spring"
"3151","South",2004-04-01,NA,NA,NA,NA,NA,NA,4,18.5844444444444,0.168403940113106,NA,NA,0.29,1.14888888888889,16.5644361480208,29,535,23793.3333333333,7.51,22006.5,"Spring"
"3152","South",2004-05-01,NA,NA,NA,NA,NA,NA,5,14.3966666666667,0.136111111111111,NA,NA,0.16,1.06888888888889,20.25,16,526.833333333333,12532.2580645161,7.51,12425.5161290323,"Spring"
"3153","South",2004-06-01,NA,NA,NA,NA,NA,NA,6,46.5592592592593,0.175925925925926,NA,33.5500003149112,0.22,1.01888888888889,22.7175757538189,23.9,678.333333333333,15130,7.51,5726.63333333333,"Summer"
"3154","South",2004-07-01,NA,NA,NA,NA,NA,NA,7,81.0377777777778,0.20245587161173,NA,27.1333335464199,0.27,1.13722222222222,24.1245454470317,31,719.388888888889,20441.935483871,7.51,7378.16129032258,"Summer"
"3155","South",2004-08-01,NA,NA,NA,NA,NA,NA,8,20.235,0.193333333333333,NA,45.3230769298016,0.17,1.52444444444444,24.0862130055625,41,782.590909090909,17916.1290322581,7.51,5252.51612903226,"Summer"
"3156","South",2004-09-01,NA,NA,NA,NA,NA,NA,9,20.3477777777778,0.182222222222222,NA,54.8121212215135,0.27,1.72222222222222,21.8020978906271,27.8,812.236363636364,14610,7.51,4700.96666666667,"Autumn"
"3157","South",2004-10-01,NA,NA,NA,NA,NA,NA,10,13.4872222222222,0.252777777777778,NA,51.9464284912461,0.3,1.76666666666667,18.0676785693326,44.7,760.136363636364,12606.4516129032,8.49,8517.38709677419,"Autumn"
"3158","South",2004-11-01,NA,NA,NA,NA,NA,NA,11,7.56814814814815,0.168148148148148,NA,62.5194443315268,0.2,1.86962962962963,12.5070138870345,27.8,812.636363636364,12250,8.49,6708.16666666667,"Autumn"
"3159","South",2004-12-01,NA,NA,NA,NA,NA,NA,12,2.14,0.03,NA,52.7631577169686,0.23,2.52,10.8675438624376,34.1,719,17745.1612903226,8.49,12451.1935483871,"Winter"
"3160","South",2005-01-01,NA,NA,NA,NA,NA,NA,1,1.49,0.195,NA,NA,0.56,0.795,9.54437500238419,129.5,297.1,33680.6451612903,8.49,33624,"Winter"
"3161","South",2005-02-01,NA,NA,NA,NA,NA,NA,2,4.715,0.105,NA,35.0818179954182,0.295,1.25,12.9333333333333,35.25,529.5,24875,8.49,24932.9285714286,"Winter"
"3162","South",2005-03-01,NA,NA,NA,NA,NA,NA,3,14.7,0.00387148810084909,NA,40.7456139200612,0.185,0.955,14.5433270668326,20,573.5,30367.7419354839,8.49,38557.9677419355,"Spring"
"3163","South",2005-04-01,NA,NA,NA,NA,NA,NA,4,9.815,0.00408181313658133,NA,47.522522003443,0.115,0.415,13.9729729735457,20.8,257.7,22133.3333333333,8.49,29903.0333333333,"Spring"
"3164","South",2005-05-01,NA,NA,NA,NA,NA,NA,5,8.16538461538462,0.0521430833255872,NA,NA,0.11,0.632,17.0142857142857,23.4,188.492307692308,40219.3548387097,8.49,50999.1612903226,"Spring"
"3165","South",2005-06-01,NA,NA,NA,NA,NA,NA,6,7.45269230769231,0.0605,NA,NA,0.13,0.534,18.6821428571429,23.84,189.384615384615,28653.3333333333,8.49,27968.0666666667,"Summer"
"3166","South",2005-07-01,NA,NA,NA,NA,NA,NA,7,25.3119230769231,0.0754823289278429,NA,42.0307690363664,0.14,0.9955,22.5097435936561,34.35,367.165384615385,19667.7419354839,8.49,9441.06451612903,"Summer"
"3167","South",2005-08-01,NA,NA,NA,NA,NA,NA,8,25.6576666666667,0.12148403317264,NA,38.3230768717252,0.205,1.40533333333333,23.6717582396623,30.5,572.533333333333,17245.1612903226,8.49,5632.1935483871,"Summer"
"3168","South",2005-09-01,NA,NA,NA,NA,NA,NA,9,8.22541666666667,0.135,NA,51.9166665689813,0.22,1.72777777777778,20.4978205037728,25.5,560.536363636364,17933.3333333333,8.49,7051,"Autumn"
"3169","South",2005-10-01,NA,NA,NA,NA,NA,NA,10,13.7079166666667,0.159444444444444,NA,53.6722221672535,0.21,1.48444444444444,17.7500000028121,25.3,625.954545454545,14074.1935483871,13.2,4467.1935483871,"Autumn"
"3170","South",2005-11-01,NA,NA,NA,NA,NA,NA,11,2.40180555555556,0.114375,NA,55.0256409354699,0.28,1.99875,13.8371687980391,19,758.2,13386.6666666667,13.2,5008.66666666667,"Autumn"
"3171","South",2005-12-01,NA,NA,NA,NA,NA,NA,12,2.21333333333333,0.095,NA,49.486238256507,0.21,1.9875,8.56545870352229,15,798.375,35458.064516129,13.2,42829,"Winter"
"3172","South",2006-01-01,NA,NA,NA,NA,NA,NA,1,2.0025,0.07,NA,49.5486723110739,0.11,0.53,10.656047185262,16.1,297.7,66151.6129032258,13.2,145921.064516129,"Winter"
"3173","South",2006-02-01,NA,NA,NA,NA,NA,NA,2,3.540625,0.05,NA,67.2920352589768,0.06,0.68,11.2617994190317,14.7,363.7,48921.4285714286,13.2,52129.1071428571,"Winter"
"3174","South",2006-03-01,NA,NA,NA,NA,NA,NA,3,5.0125,0.00949237764114514,NA,52.8425195789713,0.03,0.44,11.3551181117381,18.4,218,67412.9032258065,13.2,115393.322580645,"Spring"
"3175","South",2006-04-01,NA,NA,NA,NA,NA,NA,4,9.61375,0.0011799642094411,NA,53.4884795203187,0.12,0.14,14.7019201243528,11.1,163.8,77646.6666666667,13.2,179437.633333333,"Spring"
"3176","South",2006-05-01,NA,NA,NA,NA,NA,NA,5,3.062,0.03,NA,63.3476392777693,0.08,0.11,19.1819026993409,11.8,106,52145.1612903226,13.2,81325.8064516129,"Spring"
"3177","South",2006-06-01,NA,NA,NA,NA,NA,NA,6,12.5744444444444,0.01,NA,NA,0.12,0.21,19.9945578159929,25.8,113.2,27210,13.2,35325.2,"Summer"
"3178","South",2006-07-01,NA,NA,NA,NA,NA,NA,7,32.125,0.00416113263461739,NA,57.3815789301144,0.12,0.9,24.7199999839381,39.1,402,18587.0967741935,13.2,10261.2903225806,"Summer"
"3179","South",2006-08-01,NA,NA,NA,NA,NA,NA,8,22.2239393939394,0.108248486132361,NA,51.9527776473098,0.15,1.1,23.1244999821981,19.3,409.866666666667,18864.5161290323,13.2,8175.87096774194,"Summer"
"3180","South",2006-09-01,NA,NA,NA,NA,NA,NA,9,8.45060606060606,0.09,NA,49.375757394415,0.14,1.26666666666667,21.188363643993,23.9,383,18010,13.2,7920.16666666667,"Autumn"
"3181","South",2006-10-01,NA,NA,NA,NA,NA,NA,10,2.81992424242424,0.075,NA,60.9424241853483,0.13,1.15,16.4719999816201,15.8,364.666666666667,11721.6129032258,6.19,3987.54838709677,"Autumn"
"3182","South",2006-11-01,NA,NA,NA,NA,NA,NA,11,3.53314814814815,0.115,NA,63.0742295673247,0.18,1.6125,14.9872268901152,21.3,571.833333333333,12146.6666666667,6.19,5230.6,"Autumn"
"3183","South",2006-12-01,NA,NA,NA,NA,NA,NA,12,6.875,0.101666666666667,NA,69.6542059149698,0.14,1.67166666666667,9.65784007445797,11.5,721,16951.6129032258,6.19,9019.35483870968,"Winter"
"3184","South",2007-01-01,NA,NA,NA,NA,NA,NA,1,6.684,0.03,NA,88.0175440980677,0.14,1.45,8.07368419937223,13.8,606,13822.5806451613,6.19,8242.70967741935,"Winter"
"3185","South",2007-02-01,NA,NA,NA,NA,NA,NA,2,14.1811111111111,0.03,NA,68.4444446339566,0.17,1.44,12.086324765132,12.8,761,22700,6.19,21234.4285714286,"Winter"
"3186","South",2007-03-01,NA,NA,NA,NA,NA,NA,3,16.436,0.06,NA,57.1538459566923,0.16,1.2,15.4728205265143,22.8,574,18322.5806451613,6.19,14003.9677419355,"Spring"
"3187","South",2007-04-01,NA,NA,NA,NA,NA,NA,4,83.0217361111111,0.0472009790537413,NA,NA,0.14,1.205,17.5272891998291,17.8,747,13631,6.19,11306.2333333333,"Spring"
"3188","South",2007-05-01,NA,NA,NA,NA,NA,NA,5,10.8361363636364,0.0583333333333333,NA,49.861110796531,0.18,1.055,17.7891666553639,24.3,394.3,9362.58064516129,6.19,9379.8064516129,"Spring"
"3189","South",2007-06-01,NA,NA,NA,NA,NA,NA,6,48.6909722222222,0.0575,NA,51.0999998152256,0.16,1.055,22.9049999872843,17.8,500.333333333333,12290.3333333333,6.19,7846.5,"Summer"
"3190","South",2007-07-01,NA,NA,NA,NA,NA,NA,7,96.1983333333333,0.117417454916285,NA,57.75,0.2,1.52,25.3515897447635,28.1,618.833333333333,19064.5161290323,6.19,5360.8064516129,"Summer"
"3191","South",2007-08-01,NA,NA,NA,NA,NA,NA,8,58.0221527777778,0.0934357269993052,NA,65,0.23,1.66666666666666,25.0125,28.8,660.833333333333,17122.5806451613,6.19,3737.12903225806,"Summer"
"3192","South",2007-09-01,NA,NA,NA,NA,NA,NA,9,16.6542424242424,0.0492607737984508,NA,47.9661016501276,0.24,2.025,22.2222937853107,17.1,632.666666666667,15196.6666666667,6.19,4517.16666666667,"Autumn"
"3193","South",2007-10-01,NA,NA,NA,NA,NA,NA,10,17.1322222222222,0.0683333333333333,NA,64.9923075682078,0.2,2.25,18.0195384627122,17.9,632.166666666667,10541.935483871,5.16,3683,"Autumn"
"3194","South",2007-11-01,NA,NA,NA,NA,NA,NA,11,9.35833333333333,0.0333333333333333,NA,64.4153844393217,0.18,1.78333333333333,14.9326923076923,17.2,652.5,10005,5.16,4290.9,"Autumn"
"3195","South",2007-12-01,NA,NA,NA,NA,NA,NA,12,5.12772727272727,0.02,NA,73.3650794559055,0.16,1.7,9.98228571428571,13.2,808.333333333333,12121.2903225806,5.16,7185.58064516129,"Winter"
"3196","South",2008-01-01,NA,NA,NA,NA,NA,NA,1,6.17333333333333,0.09,NA,32.6019416518003,0.3,2.36,10.2666666666667,54.2,703.083333333333,22480.6451612903,5.16,24560.064516129,"Winter"
"3197","South",2008-02-01,NA,NA,NA,NA,NA,NA,2,10.696875,0.1,NA,36.4700853315174,0.3,2.87,12.1384615384615,40.3,905,26306.8965517241,5.16,24128.1724137931,"Winter"
"3198","South",2008-03-01,NA,NA,NA,NA,NA,NA,3,53.0440909090909,0.02,NA,50.3307688006988,0.34,1.9,14.7665680473373,24.8790909090909,978.555555555556,13703.2258064516,5.16,12220.1935483871,"Spring"
"3199","South",2008-04-01,NA,NA,NA,NA,NA,NA,4,51.6054545454545,0.00066144495969638,NA,NA,0.12,1,16.6358183316045,21.7425,559.395454545455,10192.3333333333,5.16,9540,"Spring"
"3200","South",2008-05-01,NA,NA,NA,NA,NA,NA,5,28.4768611111111,0.031940453183488,NA,46.6682028385901,0.12,0.6875,19.5802995324318,20.425,426.02,8788.38709677419,5.16,8214.83870967742,"Spring"
"3201","South",2008-06-01,NA,NA,NA,NA,NA,NA,6,94.7693999999999,0.0828604445140809,NA,40.7561521106118,0.22,0.933333333333333,22.9322567114094,26.7833333333333,637.333333333333,11310.3333333333,5.16,7332.4,"Summer"
"3202","South",2008-07-01,NA,NA,NA,NA,NA,NA,7,52.3505555555556,0.07,NA,47.5444444773926,0.24,0.765,25.7197916666667,24.075,667.833333333333,12519.3548387097,5.16,3674.38709677419,"Summer"
"3203","South",2008-08-01,NA,NA,NA,NA,NA,NA,8,23.7556818181818,0.1575,NA,54.6461538106967,0.16,1.165,24.8053724053724,22.2666666666667,670.02,10816.1290322581,5.16,3074.03225806452,"Summer"
"3204","South",2008-09-01,NA,NA,NA,NA,NA,NA,9,22.4987083333333,0.0350499839772884,NA,66.75,0.2,1.55888888888889,22.9504807692308,10.54875,692.857142857143,10332.6666666667,5.16,4071.66666666667,"Autumn"
"3205","South",2008-10-01,NA,NA,NA,NA,NA,NA,10,16.1639583333333,0.0308792847918812,NA,69.7871793798911,0.19,1.825,18.6463141025641,9.51375,635.333333333333,7767.41935483871,5.78,3186.09677419355,"Autumn"
"3206","South",2008-11-01,NA,NA,NA,NA,NA,NA,11,16.35,0.0297774576034863,NA,95.5864198171062,0.15,1.55,15.1110670194004,9.468,689.742857142857,9739.66666666667,5.78,5817.73333333333,"Autumn"
"3207","South",2008-12-01,NA,NA,NA,NA,NA,NA,12,26.5316666666667,0.0226538127047631,NA,97.0686273247588,0.12,1.50416666666667,10.4863834422658,9.44285714285714,848.25,8873.22580645161,5.78,7113.41935483871,"Winter"
"3208","South",2009-01-01,NA,NA,NA,NA,NA,NA,1,5.59,0.00788100753678009,NA,76.7416667938232,0.14,1.5,9.24589743589744,11.0486363636364,959.363636363636,9142.58064516129,5.78,6306.09677419355,"Winter"
"3209","South",2009-02-01,NA,NA,NA,NA,NA,NA,2,9.10636363636364,0.134886836287915,NA,62.4833332250516,0.24,1.39375,12.1923076923077,15.6909090909091,921.166666666667,20469.2857142857,5.78,22752.6428571429,"Winter"
"3210","South",2009-03-01,NA,NA,NA,NA,NA,NA,3,45.6027272727273,0.00600272688083351,NA,50.5999997716684,0.24,1.5,15.6749112426036,15.4831818181818,904.954545454545,22619.3548387097,5.78,19926.8709677419,"Spring"
"3211","South",2009-04-01,NA,NA,NA,NA,NA,NA,4,57.8725,0.00649966842262074,NA,46.2590906972235,0.15,1.2,16.6752525252525,19.727,575.81,13603.3333333333,5.78,12039.7666666667,"Spring"
"3212","South",2009-05-01,NA,NA,NA,NA,NA,NA,5,29.2591666666667,0.0370247911661863,NA,NA,0.12,0.355,20.7833333333333,15.47625,427.5625,16374.1935483871,5.78,15884.9677419355,"Spring"
"3213","South",2009-06-01,NA,NA,NA,NA,NA,NA,6,121.819791666667,0.0159859330372678,NA,56.4437086561131,0.17,0.382222222222222,22.3190476190476,27.85125,550.833333333333,11953.3333333333,5.78,8064.63333333333,"Summer"
"3214","South",2009-07-01,NA,NA,NA,NA,NA,NA,7,58.9764583333333,0.03,NA,57.5104166908811,0.12,0.9775,24.6565755208333,18.6025,586.308333333333,18622.5806451613,5.78,5214.25806451613,"Summer"
"3215","South",2009-08-01,NA,NA,NA,NA,NA,NA,8,25.9711805555556,0.0850667579984292,NA,53.5403225418701,0.15,0.8675,24.6431451612903,16.4625,552.816666666667,15093.5483870968,5.78,4238.12903225806,"Summer"
"3216","South",2009-09-01,NA,NA,NA,NA,NA,NA,9,14.7023333333333,0.07,NA,66.5494790412486,0.15,1.3125,23.2494791666667,10.55,587.175,11450,5.78,3887.03333333333,"Autumn"
"3217","South",2009-10-01,NA,NA,NA,NA,NA,NA,10,7.43138888888889,0.0359715396204653,NA,79.0170940856988,0.1,1.07166666666667,18.0209935897436,9.62125,474.25,9780.96774193548,7.08,6365.03225806452,"Autumn"
"3218","South",2009-11-01,NA,NA,NA,NA,NA,NA,11,8.78944444444445,0.0275,NA,100.610644305788,0.18,1.25,14.0959558823529,8.44125,621.25,9007.66666666667,7.08,4654.4,"Autumn"
"3219","South",2009-12-01,NA,NA,NA,NA,NA,NA,12,8.60863636363636,0.02,NA,80.2399997711181,0.15,1.5,9.80670769089919,8.03272727272727,879.909090909091,10611.935483871,7.08,6370.77419354839,"Winter"
"3220","South",2010-01-01,NA,NA,NA,NA,NA,NA,1,3.94272727272727,0.0290769531903788,NA,52.3960399008033,0.14,1.76375,9.9487052551409,38.43,744.316666666667,26808.7096774194,7.08,26955,"Winter"
"3221","South",2010-02-01,NA,NA,NA,NA,NA,NA,2,11.8686363636364,0.06,NA,44.0999998897314,0.23,1.5,12.9642307692308,17.6618181818182,785.181818181818,28992.8571428571,7.08,29982.1428571429,"Winter"
"3222","South",2010-03-01,NA,NA,NA,NA,NA,NA,3,34.4295454545455,0.0699315214145463,NA,NA,0.31,1.3925,15.1520665901263,19.59,886.333333333333,19745.1612903226,7.08,17121.4838709677,"Spring"
"3223","South",2010-04-01,NA,NA,NA,NA,NA,NA,4,8.30181818181818,0.02,NA,NA,0.17,0.82,15.635,15.9688888888889,433.705555555556,18833.3333333333,7.08,24604.4666666667,"Spring"
"3224","South",2010-05-01,NA,NA,NA,NA,NA,NA,5,5.91375,0.0174379637849051,NA,48.1895733359866,0.12,0.45,16.6906200645471,16.535,346.3,17280.6451612903,7.08,20681.7419354839,"Spring"
"3225","South",2010-06-01,NA,NA,NA,NA,NA,NA,6,12.0460416666667,0.0151723760164653,NA,57.5,0.11,0.46,20.9190476190476,19.575,318.121428571429,20940,7.08,16524.9666666667,"Summer"
"3226","South",2010-07-01,NA,NA,NA,NA,NA,NA,7,47.9213194444444,0.0404727004782762,NA,68.262711854641,0.1,0.4,23.608686440678,21.05375,397.041666666667,17416.1290322581,7.08,6700.83870967742,"Summer"
"3227","South",2010-08-01,NA,NA,NA,NA,NA,NA,8,33.4663888888889,0.0543825066736382,NA,73.8047618695668,0.2,1.45722222222222,24.2025892785617,18.46625,587.85,16709.6774193548,7.08,4003.93548387097,"Summer"
"3228","South",2010-09-01,NA,NA,NA,NA,NA,NA,9,8.16506944444444,0.0464589219773188,NA,77.1016948398224,0.19,1.61333333333333,21.8707626961045,21.7,438.857142857143,16580,7.08,5885.26666666667,"Autumn"
"3229","South",2010-10-01,NA,NA,NA,NA,NA,NA,10,6.09787878787879,0.05,NA,86.4417988566494,0.14,1.5,19.5480158720698,32,569.6,12005.1612903226,10.54,5473.25806451613,"Autumn"
"3230","South",2010-11-01,NA,NA,NA,NA,NA,NA,11,4.84270833333333,0.0375,NA,116.769647627019,0.19,1.675,13.8815997091792,14.1175,634,13043.3333333333,10.54,7020.86666666667,"Autumn"
"3231","South",2010-12-01,NA,NA,NA,NA,NA,NA,12,1.545,0.0147928516252432,NA,45.4237287327395,0.09,0.49,11.8527379406478,13.3275,402.241666666667,45700,10.54,48138.064516129,"Winter"
"3232","South",2011-01-01,NA,NA,NA,NA,NA,NA,1,1.82636363636364,0.04,NA,37.6696427751865,0.17,0.43,9.08006026801679,28.7195454545455,235.572727272727,34964.5161290323,10.54,39475.7741935484,"Winter"
"3233","South",2011-02-01,NA,NA,NA,NA,NA,NA,2,6.85454545454545,0.0234141770133283,NA,46.9411763824335,0.09,0.355,10.3773432474562,15.1836363636364,296.825,24575,10.54,28251,"Winter"
"3234","South",2011-03-01,NA,NA,NA,NA,NA,NA,3,5.1675,0.07,NA,43.5378151280539,0.12,0.55,12.8453265490019,15.8275,318.87,57983.8709677419,10.54,104134.741935484,"Spring"
"3235","South",2011-04-01,NA,NA,NA,NA,NA,NA,4,5.97363636363636,0.0183333333333334,NA,58.1619050814992,0.11,0.0983333333333335,15.8256043954647,16.05,165.908333333333,53733.3333333333,10.54,85043.3333333333,"Spring"
"3236","South",2011-05-01,NA,NA,NA,NA,NA,NA,5,6.90090909090909,0.02,NA,NA,0.14,0.17,16.6029761904762,16.7045454545455,184.209090909091,35580.6451612903,10.54,47059.1290322581,"Spring"
"3237","South",2011-06-01,NA,NA,NA,NA,NA,NA,6,8.44,0.00591666185995564,NA,67,0.09,0.45,18.5083445053811,20.6104545454545,193.707692307692,40506.6666666667,10.54,42036.8666666667,"Summer"
"3238","South",2011-07-01,NA,NA,NA,NA,NA,NA,7,16.2995454545455,0.02,NA,59.5222221414248,0.11,0.4,21.6839285724882,24.9705,262.707692307692,21632.2580645161,10.54,17654.5161290323,"Summer"
"3239","South",2011-08-01,NA,NA,NA,NA,NA,NA,8,13.0119696969697,0.01,NA,60.1142856521266,0.12,0.5,20.2033174626789,21.1454545454545,282.141666666667,17190.3225806452,10.54,8863.32258064516,"Summer"
"3240","South",2011-09-01,NA,NA,NA,NA,NA,NA,9,7.84363636363636,0.0039903248171322,NA,80.1822915812954,0.11,0.94,20.315315974209,16.118125,329.625,21046.6666666667,10.54,12205.8,"Autumn"
"3241","South",2011-10-01,NA,NA,NA,NA,NA,NA,10,2.62545454545455,0.01,NA,102.382051287553,0.1,0.71,16.7142564111367,15.88,277.853846153846,17654.8387096774,6.89,12077.2903225806,"Autumn"
"3242","South",2011-11-01,NA,NA,NA,NA,NA,NA,11,3.95363636363636,0.04,NA,114.388020871828,0.15,1.4,12.5151080817488,9.091,566.483333333333,12710,6.89,8269.4,"Autumn"
"3243","South",2011-12-01,NA,NA,NA,NA,NA,NA,12,12.3655555555556,0.035,NA,98.1693546137502,0.16,1.49125,8.18313782641615,6.92833333333333,810.75,14480.6451612903,6.89,5372.70967741936,"Winter"
"3244","South",2012-01-01,NA,NA,NA,NA,NA,NA,1,7.23318181818182,0.07,NA,97.4923074245453,0.16,1.2,9.29854507252102,7.65,735.954545454545,15003.2258064516,6.89,11417.3870967742,"Winter"
"3245","South",2012-02-01,NA,NA,NA,NA,NA,NA,2,5.3515,0.09125,NA,93.7599995136261,0.18,1.67375,12.3181666653951,8.831,813.363636363636,13227.5862068966,6.89,10796.8620689655,"Winter"
"3246","South",2012-03-01,NA,NA,NA,NA,NA,NA,3,31.0123333333333,0.02,NA,67.4923077454934,0.2,1.7,14.2454953403184,12.2578333333333,816.766666666667,19610.6451612903,6.89,20114.4193548387,"Spring"
"3247","South",2012-04-01,NA,NA,NA,NA,NA,NA,4,8.336,0.02,NA,48.9302325248718,0.13,0.8,17.5450258397933,13.648,681.87,25670,6.89,27781.9333333333,"Spring"
"3248","South",2012-05-01,NA,NA,NA,NA,NA,NA,5,4.99454545454545,0.02,NA,47.5517240834647,0.11,0.57,20.13858311229,10.8545454545455,391.822727272727,14042.2580645161,6.89,12492.8064516129,"Spring"
"3249","South",2012-06-01,NA,NA,NA,NA,NA,NA,6,27.5640909090909,0.02,NA,67,0.15,1.2,22.5697321428571,16.915,501.976923076923,13500.6666666667,6.89,8305.76666666667,"Summer"
"3250","South",2012-07-01,NA,NA,NA,NA,NA,NA,7,69.44,0.01,NA,62.5449735099676,0.22,1.4,24.5448941794905,17.3045454545455,620.015384615385,20283.8709677419,6.89,7534.70967741936,"Summer"
"3251","South",2012-08-01,NA,NA,NA,NA,NA,NA,8,31.284696969697,0.01,NA,89,0.18,1.5,25.4945238066174,13.9340909090909,679.012820512821,17877.4193548387,6.89,4641.41935483871,"Summer"
"3252","South",2012-09-01,NA,NA,NA,NA,NA,NA,9,22.8309090909091,0.03,NA,97.5805555714501,0.18,2.1,22.9403333276113,10.2235,740.307692307692,15350,6.89,4886.8,"Autumn"
"3253","South",2012-10-01,NA,NA,NA,NA,NA,NA,10,8.48363636363636,0.00771076921839267,NA,112.429629528964,0.16,1.8,19.5119999978336,8.04681818181818,648.173076923077,11451.6129032258,5.83,4476.90322580645,"Autumn"
"3254","South",2012-11-01,NA,NA,NA,NA,NA,NA,11,6.61409090909091,0.01,NA,116.492997168159,0.17,1.4,14.6468029839082,6.0105,652.923076923077,11910.3333333333,5.83,6291.7,"Autumn"
"3255","South",2012-12-01,NA,NA,NA,NA,NA,NA,12,3.306,0.07,NA,66.7627118938302,0.32,1.5,12.157960964486,17.9433333333333,767.083333333333,45996.7741935484,5.83,48250.8709677419,"Winter"
"3256","South",2013-01-01,NA,NA,NA,NA,NA,NA,1,4.38454545454545,0.1,NA,NA,0.24,2.28,7.35289215686274,10.1955,784.727272727273,23719.3548387097,5.83,22289.4516129032,"Winter"
"3257","South",2013-02-01,NA,NA,NA,NA,NA,NA,2,6.24727272727273,0.02,NA,NA,0.12,1.1,10.8915441176471,5.76409090909091,747.909090909091,15878.5714285714,5.83,13428.8214285714,"Winter"
"3258","South",2013-03-01,NA,NA,NA,NA,NA,NA,3,13.9441666666667,0.02,NA,NA,0.19,1.44,16.2292307692308,7.25863636363636,829,13435.4838709677,5.83,9626.90322580645,"Spring"
"3259","South",2013-04-01,NA,NA,NA,NA,NA,NA,4,11.6727272727273,0.01,NA,NA,0.16,1.2,17.6084615384615,9.35083333333333,858.833333333333,12397.6666666667,5.83,12865.7,"Spring"
"3260","South",2013-05-01,NA,NA,NA,NA,NA,NA,5,4.86152777777778,0.02,NA,NA,0.13,0.88,18.7244047619048,12.0209090909091,356.643939393939,11377.7419354839,5.83,10067.8709677419,"Spring"
"3261","South",2013-06-01,NA,NA,NA,NA,NA,NA,6,29.33875,0.02,NA,107,0.14,1.11,23.1717777777778,16.3333333333333,634.778571428571,13203.3333333333,5.83,7902.03333333333,"Summer"
"3262","South",2013-07-01,NA,NA,NA,NA,NA,NA,7,45.0119444444444,0.0139257057430223,NA,100.5,0.17,0.7475,25.6873333333333,12.1716666666667,623.547777777778,17487.0967741935,5.83,5443.54838709677,"Summer"
"3263","South",2013-08-01,NA,NA,NA,NA,NA,NA,8,17.8931818181818,0.02,NA,124.5,0.05,1.5,24.6971014492754,11.8458333333333,671.564285714286,17606.4516129032,5.83,5083.67741935484,"Summer"
"3264","South",2013-09-01,NA,NA,NA,NA,NA,NA,9,9.07454545454545,0.02,NA,77,0.14,1.215,22.455,9.79727272727273,656.539285714286,13480,5.83,5591.76666666667,"Autumn"
"3265","South",2013-10-01,NA,NA,NA,NA,NA,NA,10,4.08454545454545,0.01,NA,110,0.1,1.81,17.9305102040816,6.15954545454545,645.8,7974.83870967742,4.07,4273.51612903226,"Autumn"
"3266","South",2013-11-01,NA,NA,NA,NA,NA,NA,11,3.88,0.02,NA,151,0.13,1.72,13.5284615384615,6.1525,702.923076923077,8783.33333333333,4.07,5567.96666666667,"Autumn"
"3267","South",2013-12-01,NA,NA,NA,NA,NA,NA,12,7.56166666666667,0.04,NA,NA,0.13,1.78,8.18958333333333,5.02590909090909,863.363636363636,8204.83870967742,4.07,4951.1935483871,"Winter"
"3268","South",2014-01-01,NA,NA,NA,NA,NA,NA,1,11.7513636363636,0.04,NA,180,0.1,1.68,9.88138888888889,7.52045454545455,989.818181818182,6329.03225806452,4.07,4780.41935483871,"Winter"
"3269","South",2014-02-01,NA,NA,NA,NA,NA,NA,2,8.82636363636364,0.02,NA,NA,0.08,1.22,13.5670833333333,7.94818181818182,976.590909090909,10736.7857142857,4.07,11061.0357142857,"Winter"
"3270","South",2014-03-01,NA,NA,NA,NA,NA,NA,3,40.8486363636364,0.00474734313553199,NA,NA,0.18,1.02,16.6791666666667,10.4181818181818,964.208333333333,14774.8387096774,4.07,12723.1290322581,"Spring"
"3271","South",2014-04-01,NA,NA,NA,NA,NA,NA,4,7.16863636363636,0.01,NA,NA,0.19,1.54,17.8139285714286,9.10363636363636,629.186363636364,9636.66666666667,4.07,7912.73333333333,"Spring"
"3272","South",2014-05-01,NA,NA,NA,NA,NA,NA,5,12.6109090909091,0.0138128664676333,NA,NA,0.07,0.21,20.1002222222222,9.04166666666667,410.472222222222,5749.67741935484,4.07,4174.38709677419,"Spring"
"3273","South",2014-06-01,NA,NA,NA,NA,NA,NA,6,9.46636363636364,0.04,NA,93,0.07,0.32,23.6481481481481,7.49125,700,8900,4.07,5406.03333333333,"Summer"
"3274","South",2014-07-01,NA,NA,NA,NA,NA,NA,7,16.4759090909091,0.02,NA,60.5,0.09,0.26,26.0300925925926,10.1115277777778,821.637254901961,9144.1935483871,4.07,4084.96774193548,"Summer"
"3275","South",2014-08-01,NA,NA,NA,NA,NA,NA,8,13.2136363636364,0.02,NA,75,0.06,0.34,25.1727380952381,11.1453846153846,859.058823529412,8543.54838709677,4.07,3418.61290322581,"Summer"
"3276","South",2014-09-01,NA,NA,NA,NA,NA,NA,9,10.2968181818182,0.02,NA,112,0.07,1.17,23.8091666666667,8.42319444444444,858.212962962963,8254.33333333333,4.07,3201.06666666667,"Autumn"
"3277","South",2014-10-01,NA,NA,NA,NA,NA,NA,10,11.1863636363636,0.03,NA,145,0.07,1.51,20.2873949579832,6.11409090909091,845.296875,6324.51612903226,4,4720.61290322581,"Autumn"
"3278","South",2014-11-01,NA,NA,NA,NA,NA,NA,11,10.03,0.03,NA,170,0.11,1.04,15.1413888888889,5.89318181818182,634.885294117647,7596.66666666667,4,5433.7,"Autumn"
"3279","South",2014-12-01,NA,NA,NA,NA,NA,NA,12,3.2405,0.2,NA,NA,0.47,1.895,12.9333333333333,14.43375,714.673333333333,33066.1290322581,4,33506.935483871,"Winter"
"3280","South",2015-01-01,NA,NA,NA,NA,NA,NA,1,2.64183333333333,0.04,NA,NA,0.17,2.04,9.924,8.13766666666667,1063.44047619048,10733.2258064516,4,6051.35483870968,"Winter"
"3281","South",2015-02-01,NA,NA,NA,NA,NA,NA,2,13.5345454545455,0.03,NA,NA,0.18,1.42,14.5577205882353,8.96115384615385,1036.40625,17869.2857142857,4,16257.5357142857,"Winter"
"3282","South",2015-03-01,NA,NA,NA,NA,NA,NA,3,19.1377272727273,0.04,NA,NA,0.13,1.03,17.2294117647059,10.6040909090909,934.241176470588,7972.90322580645,4,5988.74193548387,"Spring"
"3283","South",2015-04-01,NA,NA,NA,NA,NA,NA,4,10.2980303030303,0.04,NA,NA,0.1,0.15,18.8658823529412,13.0369047619048,534.770833333333,6341.33333333333,4,6818.26666666667,"Spring"
"3284","South",2015-05-01,NA,NA,NA,NA,NA,NA,5,5.36939393939394,0.04,NA,NA,0.08,1.08,20.1759920634921,11.6916666666667,748.575757575758,7320.32258064516,4,5908.90322580645,"Spring"
"3285","South",2015-06-01,NA,NA,NA,NA,NA,NA,6,12.4837878787879,0.0194779993838165,NA,90.5,0.17,0.45,24.6130952380952,10.1301515151515,965.797619047619,6886,4,4796.46666666667,"Summer"
"3286","South",2015-07-01,NA,NA,NA,NA,NA,NA,7,7.8405,0.04,NA,67,0.05,0.88,25.2652380952381,12.9282638888889,912.836904761905,7886.12903225806,4,4763.58064516129,"Summer"
"3287","South",2015-08-01,NA,NA,NA,NA,NA,NA,8,6.606875,0.02,NA,74.5,0.04,0.28,24.7205,14.229375,860.918181818182,7779.67741935484,4,4470.06451612903,"Summer"
"3288","South",2015-09-01,NA,NA,NA,NA,NA,NA,9,8.24136363636364,0.03,NA,NA,0.03,0.56,23.1253361344538,13.1772727272727,976.28125,7901,4,4825.73333333333,"Autumn"
"3289","South",2015-10-01,NA,NA,NA,NA,NA,NA,10,5.70083333333333,0.02,NA,178.5,0.06,0.48,21.4599019607843,12.2135,874.14375,7004.83870967742,6.71,4737.58064516129,"Autumn"
"3290","South",2015-11-01,NA,NA,NA,NA,NA,NA,11,9.47375,0.01,NA,214.5,0.04,0.24,13.7765384615385,13.268125,505.484615384615,6122,6.71,4769.06666666667,"Autumn"
"3291","South",2015-12-01,NA,NA,NA,NA,NA,NA,12,6.335,0.02,NA,NA,0.08,0.77,9.43809523809524,7.08060606060606,595.307142857143,10542.2580645161,6.71,9248.61290322581,"Winter"
"3292","South",2016-01-01,NA,NA,NA,NA,NA,NA,1,2.72848484848485,0.06,NA,NA,0.15,1.08,10.2657552083333,15.5515,642.547619047619,27404.1935483871,6.71,27636.2258064516,"Winter"
"3293","South",2016-02-01,NA,NA,NA,NA,NA,NA,2,10.2154545454545,0.09,NA,NA,0.37,1.27,14.3272916666667,6.704,976.654166666667,21165.5172413793,6.71,17844.3448275862,"Winter"
"3294","South",2016-03-01,NA,NA,NA,NA,NA,NA,3,13.9257575757576,0.02,NA,NA,0.22,0.84,16.41875,9.80388888888889,833.791111111111,53790.3225806452,6.71,63654.3548387097,"Spring"
"3295","South",2016-04-01,NA,NA,NA,NA,NA,NA,4,13.2822727272727,0.04,NA,NA,0.54,0.45,19.718125,10.9865,807.90625,19436.6666666667,6.71,20873.9,"Spring"
"3296","South",2016-05-01,NA,NA,NA,NA,NA,NA,5,10.4731818181818,0.02,NA,NA,0.13,0.42,19.6628484848485,9.9325,452.935714285714,13329.0322580645,6.71,12154.1290322581,"Spring"
"3297","South",2016-06-01,NA,NA,NA,NA,NA,NA,6,79.8289393939394,0.03,NA,78.5,0.14,0.17,23.925390625,16.054,530.95,13840,6.71,7049.03333333333,"Summer"
"3298","South",2016-07-01,NA,NA,NA,NA,NA,NA,7,59.418,0.02,NA,79.5,0.13,0.27,24.5452380952381,15.7183333333333,695.694047619048,18441.935483871,6.71,8252.03225806452,"Summer"
"3299","South",2016-08-01,NA,NA,NA,NA,NA,NA,8,45.5264583333333,0.05,NA,77,0.09,0.73,25.0406439393939,22.5114285714286,626.096666666667,18851.6129032258,6.71,6195.1935483871,"Summer"
"3300","South",2016-09-01,NA,NA,NA,NA,NA,NA,9,34.9893939393939,0.02,NA,132.5,0.1,0.87,22.4087777777778,18.2831818181818,672.267777777778,16630,6.71,5189.76666666667,"Autumn"
"3301","South",2016-10-01,NA,NA,NA,NA,NA,NA,10,21.3290909090909,0.04,NA,158,0.09,0.5,18.4731282051282,16.7154545454545,627.8,11633.8709677419,14.14,7614.93548387097,"Autumn"
"3302","South",2016-11-01,NA,NA,NA,NA,NA,NA,11,9.63680555555556,0.03,NA,184.5,0.2,1.07,15.3319583333333,7.30424242424242,658.952380952381,15056.6666666667,14.14,8668.96666666667,"Autumn"
"3303","South",2016-12-01,NA,NA,NA,NA,NA,NA,12,3.7315,0.03,NA,NA,0.16,1.66,9.73048701298701,4.51277777777778,859.15,39925.8064516129,14.14,35362.4516129032,"Winter"
"3304","South",2017-01-01,NA,NA,NA,NA,NA,NA,1,2.54545454545455,0.05,NA,NA,0.17,1.61,9.50771794871795,15.7263636363636,734.4875,67500,14.14,143948.451612903,"Winter"
"3305","South",2017-02-01,NA,NA,NA,NA,NA,NA,2,4.80714285714286,0.03,NA,45.0999997059504,0.1,0.46,11.6254607817706,48.575,227.328571428571,82107.1428571429,14.14,269002.464285714,"Winter"
"3306","South",2017-03-01,NA,NA,NA,NA,NA,NA,3,4.01,0.02,NA,NA,0.09,0.29,13.0137762237762,21.666,174.3,66770.9677419355,14.14,124338.612903226,"Spring"
"3307","South",2017-04-01,NA,NA,NA,NA,NA,NA,4,3.8975,0.03,NA,NA,0.09,0.25,15.1139166666667,17.3666666666667,207.227272727273,67336.6666666667,14.14,106997.466666667,"Spring"
"3308","South",2017-05-01,NA,NA,NA,NA,NA,NA,5,4.63783333333333,0.02,NA,65,0.08,0.14,16.9253333333333,12.4,138.552564102564,48345.1612903226,14.14,65149.3225806452,"Spring"
"3309","South",2017-06-01,NA,NA,NA,NA,NA,NA,6,6.47,0.02,NA,83,0.08,0.21,20.0147039473684,NA,129.294117647059,26166.6666666667,14.14,28121.3,"Summer"
"3310","South",2017-07-01,NA,NA,NA,NA,NA,NA,7,11.5154166666667,0.03,NA,71.5,0.08,0.28,21.705625,NA,194.6875,15000,14.14,9651.22580645161,"Summer"
"3311","South",2017-08-01,NA,NA,NA,NA,NA,NA,8,9.16208333333333,0.03,NA,78.5,0.07,0.38,21.0777875243665,NA,235.479411764706,19980.6451612903,14.14,10235.935483871,"Summer"
"3312","South",2017-09-01,NA,NA,NA,NA,NA,NA,9,6.32041666666667,0.026,NA,109.5,0.116,0.954,20.8043235294118,NA,271.073529411765,21266.6666666667,14.14,12936.7333333333,"Autumn"
"3313","South",2017-10-01,NA,NA,NA,NA,NA,NA,10,6.22636363636364,0.02,NA,79.5714286054884,0.08,0.72,16.2024667302449,NA,294.294117647059,13316.1290322581,7.14,9340.58064516129,"Autumn"
"3314","South",2017-11-01,NA,NA,NA,NA,NA,NA,11,3.41097222222222,0.04,NA,159.333332538605,0.124285714285714,1.17071428571429,14.2625838099326,NA,451.106862745098,13666.6666666667,7.14,9046.36666666667,"Autumn"
"3315","South",2017-12-01,NA,NA,NA,NA,NA,NA,12,1.95545454545455,0.034,NA,NA,0.105,1.059,8.88382051282051,NA,489.845454545455,14425.8064516129,7.14,6841.12903225806,"Winter"
"3316","South",2018-01-01,NA,NA,NA,NA,NA,NA,1,2.81090909090909,0.0304218746031402,NA,93.4071425029209,0.1115,1.027,10.5681609603583,NA,526.922727272727,18180.6451612903,7.14,16992,"Winter"
"3317","South",2018-02-01,NA,NA,NA,NA,NA,NA,2,4.20454545454545,0.021959776193602,NA,NA,0.126,0.923,11.0874888888889,NA,594.364285714286,13532.1428571429,7.14,11570.25,"Winter"
"3318","South",2018-03-01,NA,NA,NA,NA,NA,NA,3,5.03363636363636,0.0477777777777778,NA,NA,0.151111111111111,1.07444444444444,13.9397596153846,NA,609.545833333333,26558.064516129,7.14,28192.6774193548,"Spring"
"3319","South",2018-04-01,NA,NA,NA,NA,NA,NA,4,4.2975,0.0232434750553997,NA,NA,0.0991666666666667,0.311666666666667,15.437614973262,NA,241.085,35520,7.14,41906.1,"Spring"
"3320","South",2018-05-01,NA,NA,NA,NA,NA,NA,5,3.20954545454545,0.0233980066108052,NA,NA,0.103,0.331,17.6286015625,NA,247.8,10838.064516129,7.14,12687.1935483871,"Spring"
"3321","South",2018-06-01,NA,NA,NA,NA,NA,NA,6,17.3159090909091,0.01,NA,72.5,0.13,0.75,22.5888865546218,NA,493.946875,12063.3333333333,7.14,7317.6,"Summer"
"3322","South",2018-07-01,NA,NA,NA,NA,NA,NA,7,23.8068181818182,0.0032638034154661,NA,93,0.14,1.03,25.5542666666667,NA,663.966666666667,15335.4838709677,7.14,6651.77419354839,"Summer"
"3323","South",2018-08-01,NA,NA,NA,NA,NA,NA,8,13.381,0.00524479813408107,NA,119,0.155,1.29,24.2615280701754,NA,724.246428571429,18477.4193548387,7.14,5759.8064516129,"Summer"
"3324","South",2018-09-01,NA,NA,NA,NA,NA,NA,9,20.754375,0.01,NA,114,0.26,1.49,20.9386666666667,NA,775.688461538462,16876.6666666667,7.14,6078.26666666667,"Autumn"
"3325","South",2018-10-01,NA,NA,NA,NA,NA,NA,10,3.77833333333333,0.03,NA,116,0.193,1.84,18.7685878787879,NA,706.539285714286,11167.4193548387,10.34,5005.70967741936,"Autumn"
"3326","South",2018-11-01,NA,NA,NA,NA,NA,NA,11,3.75666666666667,0.028812569717411,NA,137.75,0.15,1.94,13.4514724137931,NA,697.442857142857,9611.66666666667,10.34,7894.5,"Autumn"
"3327","South",2018-12-01,NA,NA,NA,NA,NA,NA,12,2.71142857142857,0.057,NA,NA,0.21,1.68,10.7070909090909,NA,1094.16,15093.5483870968,10.34,10077.4193548387,"Winter"
"3328","South",2019-01-01,NA,NA,NA,NA,NA,NA,1,2.586875,0.27,NA,190,0.26,2.73,10.1008571428571,NA,1071.13636363636,31577.4193548387,10.34,32308.7741935484,"Winter"
"3329","South",2019-02-01,NA,NA,NA,NA,NA,NA,2,3.16714285714286,0.113,NA,43.5000002384186,0.28,0.92,10.6427257231645,NA,666.9,55289.2857142857,10.34,81926.8928571429,"Winter"
"3330","South",2019-03-01,NA,NA,NA,NA,NA,NA,3,2.632,0.00579417695989832,NA,75.4162391994753,0.078,0.4,12.3189026147799,NA,238.346153846154,69916.1290322581,10.34,120729.935483871,"Spring"
"3331","South",2019-04-01,NA,NA,NA,NA,NA,NA,4,2.437,0.00513045656261966,NA,NA,0.09,0.32,15.2976797235023,NA,234.469230769231,63670,10.34,85681.5666666667,"Spring"
"3332","South",2019-05-01,NA,NA,NA,NA,NA,NA,5,2.32285714285714,0.0395841145073064,NA,NA,0.07,0.33,15.6504007352941,NA,130.192857142857,36503.2258064516,10.34,50116.7419354839,"Spring"
"3333","South",2019-06-01,NA,NA,NA,NA,NA,NA,6,3.176,0.0461180258076638,NA,NA,0.1,0.11,21.2739285714286,NA,124.215384615385,29880,10.34,32967.0333333333,"Summer"
"3334","South",2019-07-01,NA,NA,NA,NA,NA,NA,7,29.1711111111111,0.0363286413950846,NA,NA,0.132,0.794,22.7070638528138,NA,527.492307692308,18022.5806451613,10.34,7633.67741935484,"Summer"
"3335","South",2019-08-01,NA,NA,NA,NA,NA,NA,8,17.598,0.0236640878487378,NA,80,0.07,0.539,23.0230977443609,NA,422.5,20651.6129032258,10.34,11687.064516129,"Summer"
"3336","South",2019-09-01,NA,NA,NA,NA,NA,NA,9,6.36214285714286,0.0256635441677645,NA,45,0.109,1.01,21.5386818181818,NA,410.645,20870,10.34,12471.7333333333,"Autumn"
"3337","South",2019-10-01,NA,NA,NA,NA,NA,NA,10,2.96071428571429,0.0372645131777972,NA,110,0.1,0.61,16.5796666666667,NA,503.90625,14280.6451612903,6.12,13226.6451612903,"Autumn"
"3338","South",2019-11-01,NA,NA,NA,NA,NA,NA,11,2.021,0.15,NA,125,0.14,1.2,14.0720640394089,NA,643.776923076923,10621,6.12,6787.63333333333,"Autumn"
"3339","South",2019-12-01,NA,NA,NA,NA,NA,NA,12,2.32,0.137039289297536,NA,70,0.13,1.3,11.1707019230769,NA,421.771428571429,19409.6774193548,6.12,14507.5806451613,"Winter"
"3340","South",2020-01-01,NA,NA,NA,NA,NA,NA,1,1.87009566924116,0.0150273728650063,NA,NA,NA,1.3,10.1339280397022,NA,716.25,16458.064516129,6.12,12917.6451612903,"Winter"
"3341","South",2020-02-01,NA,NA,NA,NA,NA,NA,2,7.94,0.0883178049698472,NA,NA,0.12,0.82,11.4846904761905,NA,778.776923076923,13586.2068965517,6.12,11768.0689655172,"Winter"
"3342","South",2020-03-01,NA,NA,NA,NA,NA,NA,3,2.5385,0.00851026922464371,NA,NA,0.18,0.65,13.7503214285714,NA,705.103846153846,12067.7419354839,6.12,10325.4838709677,"Spring"
"3343","South",2020-04-01,NA,NA,NA,NA,NA,NA,4,1.79401561620412,NA,NA,109.4,NA,NA,17.6323076923077,NA,765.2,11806.6666666667,6.12,11383.6,"Spring"
"3344","South",2020-05-01,NA,NA,NA,NA,NA,NA,5,1.51020648060832,NA,NA,77,NA,NA,20.72225,NA,560.345454545455,10552.5806451613,6.12,9053.93548387097,"Spring"
"3345","South",2020-06-01,NA,NA,NA,NA,NA,NA,6,6.6,0.0245847110054456,NA,111,0.05,0.42,21.9567286821705,NA,456.181818181818,12290,6.12,7108.26666666667,"Summer"
"3346","South",2020-07-01,NA,NA,NA,NA,NA,NA,7,7.018,0.0215598020935431,NA,86,0.078,0.83,24.1327832167832,NA,440.025,13800,6.12,4526.61290322581,"Summer"
"3347","South",2020-08-01,NA,NA,NA,NA,NA,NA,8,21.862,0.0395051220082678,NA,95.7142857142857,0.1,1.59,25.5239562682216,NA,608.661538461538,13603.2258064516,6.12,3395.61290322581,"Summer"
"3348","South",2020-09-01,NA,NA,NA,NA,NA,NA,9,4.110625,0.0342225299100392,NA,165,0.08,2.5,22.9235685483871,NA,734.863636363636,11640,6.12,4271.6,"Autumn"
"3349","South",2020-10-01,NA,NA,NA,NA,NA,NA,10,5.25456944743055,0.0115190307144076,NA,235,0.09,2.21,18.7694653092006,NA,683.391666666667,8589.35483870968,3.8,4325.12903225806,"Autumn"
"3350","South",2020-11-01,NA,NA,NA,NA,NA,NA,11,1.13000419909911,0.0150117888930254,NA,NA,0.09,1.55,13.2416,NA,910.5,8454.33333333333,3.8,5069.13333333333,"Autumn"
"3351","South",2020-12-01,NA,NA,NA,NA,NA,NA,12,5.15142857142857,0.0437602507998236,NA,NA,0.07,1.181,9.56916883116883,NA,893.6,8779.35483870968,3.8,6830.1935483871,"Winter"
"3352","South",2021-01-01,NA,NA,NA,NA,NA,NA,1,1.77166666666667,NA,NA,189.999997615814,NA,1.44166666666667,9.87003390293357,NA,821.272727272727,9121.93548387097,3.8,8906.51612903226,"Winter"
"3353","South",2021-02-01,NA,NA,NA,NA,NA,NA,2,NA,NA,NA,120.7142833301,NA,NA,12.6193105355624,NA,1124.25,11792.8571428571,3.8,9685.28571428571,"Winter"
"3354","South",2021-03-01,NA,NA,NA,NA,NA,NA,3,10.05,0.028696534933988,NA,159.678569861821,0.105,0.907875,13.6997222513623,NA,996.532352941176,9457.09677419355,3.8,8915.38709677419,"Spring"
"3355","South",2021-04-01,NA,NA,NA,NA,NA,NA,4,3.341,0.0482348873978481,NA,126.666666666667,0.116,0.819285714285714,17.3452133995037,NA,848.583333333333,7862,3.8,6559,"Spring"
"3356","South",2021-05-01,NA,NA,NA,NA,NA,NA,5,0.982089120496197,0.0207142063300125,NA,NA,0.051,0.774666666666667,20.5452137254902,NA,464.255555555556,7124.51612903226,3.8,4748.54838709677,"Spring"
"3357","South",2021-06-01,NA,NA,NA,NA,NA,NA,6,3.9415,0.02588386379648,NA,125,0.037,0.625,21.9286538461538,NA,455.541666666667,6598.33333333333,3.8,3077.3,"Summer"
"3358","South",2021-07-01,NA,NA,NA,NA,NA,NA,7,4.21,0.0437953541637398,NA,125,0.03,0.239875,22.6011398601399,NA,313.32,7454.83870967742,3.8,3452.35483870968,"Summer"
"3359","South",2021-08-01,NA,NA,NA,NA,NA,NA,8,4.7255,0.0265211061341688,NA,164,0.031,0.284928571428571,22.8979640198511,NA,310.383333333333,7569.03225806452,3.8,3675.58064516129,"Summer"
"3360","South",2021-09-01,NA,NA,NA,NA,NA,NA,9,1.957,0.0313376889447682,NA,135.25,0.036,0.492364193065441,23.4115185185185,NA,847.806666666667,7608,3.8,3086.83333333333,"Autumn"
"3361","South",2021-10-01,NA,NA,NA,NA,NA,NA,10,1.49,0.0164847724954598,NA,130,0.049,1.01057142857143,19.2847119155354,NA,606.725,11741.2903225806,4.55,13181.7741935484,"Autumn"
"3362","South",2021-11-01,NA,NA,NA,NA,NA,NA,11,0.870752938183335,0.00590501663973555,NA,177.04347372055,0.069,0.796,16.2182527129342,NA,573.996135044559,8606,4.55,3396.3,"Autumn"
"3363","South",2021-12-01,NA,NA,NA,NA,NA,NA,12,1.598382975657,0.0316270576440729,NA,150,0.05,1.41142857142857,11.7911678321678,NA,987.7,17871.935483871,4.55,19869.3870967742,"Winter"
"3364","South",2022-01-01,NA,NA,NA,NA,NA,NA,1,1.39,0.183,NA,NA,0.165,1.69,10.079693877551,NA,515,17035.4838709677,4.55,12146.5161290323,"Winter"
"3365","South",2022-02-01,NA,NA,NA,NA,NA,NA,2,4.79,0.00850818541366607,NA,NA,0.058,0.509,10.5773684210527,NA,344,12192.8571428571,4.55,11369.4285714286,"Winter"
"3366","South",2022-03-01,NA,NA,NA,NA,NA,NA,3,3.79,0.024883410303155,NA,NA,0.067,0.685,14.635,NA,583,10496.4516129032,4.55,9343.25806451613,"Spring"
"3367","South",2022-04-01,NA,NA,NA,NA,NA,NA,4,1.92,0.0311228780995589,NA,NA,0.099,0.8115,16.825,NA,609.5,8231.33333333333,4.55,7399.26666666667,"Spring"
"3368","South",2022-05-01,NA,NA,NA,NA,NA,NA,5,1.31,0.0125380092882551,NA,NA,0.042,0.377,19.85,NA,199.75,7167.09677419355,4.55,4530.03225806452,"Spring"
"3369","South",2022-06-01,NA,NA,NA,NA,NA,NA,6,1.63,0.00203347810311243,NA,NA,0.027,0.131,20.285,NA,117.25,8866.66666666667,4.55,5029.13333333333,"Summer"
"3370","South",2022-07-01,NA,NA,NA,NA,NA,NA,7,4.03,0.00231066644191742,NA,NA,0.046,0.273,26.13,NA,223.25,12106.4516129032,4.55,5300.45161290323,"Summer"
"3371","South",2022-08-01,NA,NA,NA,NA,NA,NA,8,7.78,0.0231536973151378,NA,NA,0.045,0.379,24.06,NA,307.25,9916.77419354839,4.55,3188.22580645161,"Summer"
"3372","South",2022-09-01,NA,NA,NA,NA,NA,NA,9,2.01,0.0291912378976122,NA,NA,0.037,0.126,23.8,NA,200,8752.66666666667,4.55,3442.13333333333,"Autumn"
"3373","South",2022-10-01,NA,NA,NA,NA,NA,NA,10,1.07,0.0360449247760698,NA,NA,0.044,0.468,19.48,NA,240,6846.12903225806,9.33,4339.03225806452,"Autumn"
"3374","South",2022-11-01,NA,NA,NA,NA,NA,NA,11,3.51,0.036661732417997,NA,NA,0.091,0.882,12.87,NA,363,6846,9.33,4788.16666666667,"Autumn"
"3375","South",2022-12-01,NA,NA,NA,NA,NA,NA,12,1.47,0.00071045184740796,NA,NA,0.079,1.18,10.76,NA,471,11701.6129032258,9.33,13240.3548387097,"Winter"
"3376","Suisun Bay",1967-09-01,NA,NA,NA,NA,NA,NA,NA,NA,NA,NA,23.2571428571429,NA,NA,20.7371428571429,NA,2790.42857142857,NA,NA,NA,"Autumn"
"3377","Suisun Bay",1967-10-01,NA,NA,NA,NA,NA,NA,NA,NA,NA,NA,26.3428571428571,NA,NA,18.8314285714286,NA,3065.77142857143,NA,NA,NA,"Autumn"
"3378","Suisun Bay",1967-11-01,NA,NA,NA,NA,NA,NA,NA,NA,NA,NA,33.5833333333333,NA,NA,16.2055555555556,NA,3676.25,NA,NA,NA,"Autumn"
"3379","Suisun Bay",1967-12-01,NA,NA,NA,NA,NA,NA,NA,NA,NA,NA,31.5555555555556,NA,NA,6.63611111111111,NA,7389.72222222222,NA,NA,NA,"Autumn"
"3380","Suisun Bay",1968-01-01,NA,NA,NA,NA,NA,NA,NA,NA,NA,NA,42.8611111111111,NA,NA,7.77777777777778,NA,3766.91666666667,NA,NA,NA,"Autumn"
"3381","Suisun Bay",1968-02-01,NA,NA,NA,NA,NA,NA,NA,NA,NA,NA,20.8333333333333,NA,NA,10.5361111111111,NA,1175.44444444444,NA,NA,NA,"Autumn"
"3382","Suisun Bay",1968-03-01,NA,NA,NA,NA,NA,NA,NA,NA,NA,NA,26.9444444444444,NA,NA,12.8555555555556,NA,1115.13888888889,NA,NA,NA,"Autumn"
"3383","Suisun Bay",1968-08-01,NA,NA,NA,NA,NA,NA,NA,NA,NA,NA,35.9117647058824,NA,NA,19.8235294117647,NA,13052.1764705882,NA,NA,NA,"Autumn"
"3384","Suisun Bay",1968-09-01,NA,NA,NA,NA,NA,NA,NA,NA,NA,NA,31.4285714285714,NA,NA,20.0971428571429,NA,10542.7428571429,NA,NA,NA,"Autumn"
"3385","Suisun Bay",1968-10-01,NA,NA,NA,NA,NA,NA,NA,NA,NA,NA,40.3333333333333,NA,NA,17.5472222222222,NA,13083.0555555556,NA,NA,NA,"Autumn"
"3386","Suisun Bay",1968-11-01,NA,NA,NA,NA,NA,NA,NA,NA,NA,NA,39.3888888888889,NA,NA,15.6111111111111,NA,9584.30555555555,NA,NA,NA,"Autumn"
"3387","Suisun Bay",1968-12-01,NA,NA,NA,NA,NA,NA,NA,NA,NA,NA,36.7777777777778,NA,NA,10.375,NA,8022.22222222222,NA,NA,NA,"Autumn"
"3388","Suisun Bay",1969-01-01,NA,NA,NA,NA,NA,NA,NA,NA,NA,NA,24.9705882352941,NA,NA,7.00294117647059,NA,1447.64705882353,NA,NA,NA,"Autumn"
"3389","Suisun Bay",1969-02-01,NA,NA,NA,NA,NA,NA,NA,NA,NA,NA,17.3928571428571,NA,NA,7.65,NA,207.857142857143,NA,NA,NA,"Autumn"
"3390","Suisun Bay",1969-03-01,NA,NA,NA,NA,NA,NA,NA,NA,NA,NA,16.2727272727273,NA,NA,9.41176470588235,NA,240.294117647059,NA,NA,NA,"Autumn"
"3391","Suisun Bay",1969-04-01,NA,NA,NA,NA,NA,NA,NA,NA,NA,NA,NA,NA,NA,13.96,NA,NA,NA,NA,NA,"Autumn"
"3392","Suisun Bay",1969-05-01,NA,NA,NA,NA,NA,NA,NA,NA,NA,NA,NA,NA,NA,18.6,NA,NA,NA,NA,NA,"Autumn"
"3393","Suisun Bay",1969-06-01,NA,NA,NA,NA,NA,NA,NA,NA,NA,NA,NA,NA,NA,19.5,NA,NA,NA,NA,NA,"Autumn"
"3394","Suisun Bay",1969-07-01,NA,NA,NA,NA,NA,NA,NA,NA,NA,NA,NA,NA,NA,21.2,NA,2197.13636363636,NA,NA,NA,"Autumn"
"3395","Suisun Bay",1969-08-01,NA,NA,NA,NA,NA,NA,NA,NA,NA,NA,22.6111111111111,NA,NA,20.9809523809524,NA,4824.76595744681,NA,NA,NA,"Autumn"
"3396","Suisun Bay",1969-09-01,NA,NA,NA,NA,NA,NA,NA,NA,NA,NA,23,NA,NA,19.7611111111111,NA,1929.72222222222,NA,NA,NA,"Autumn"
"3397","Suisun Bay",1969-10-01,NA,NA,NA,NA,NA,NA,10,NA,NA,NA,41.1142857142857,NA,NA,16.3511627906977,28.6857142857143,2797.22222222222,16693.5483870968,10.4,19483.7741935484,"Autumn"
"3398","Suisun Bay",1969-12-01,NA,NA,NA,NA,NA,NA,12,NA,NA,NA,46.0555555555556,NA,NA,11.0119047619048,24.1666666666667,3846.94444444444,35251.6129032258,10.4,46189.9032258065,"Winter"
"3399","Suisun Bay",1970-01-01,NA,NA,NA,NA,NA,NA,1,NA,NA,NA,24.3333333333333,NA,NA,9.34285714285714,48.1904761904762,579.714285714286,70261.2903225807,10.4,193121.419354839,"Winter"
"3400","Suisun Bay",1970-02-01,NA,NA,NA,NA,NA,NA,2,NA,NA,NA,NA,NA,NA,11.1,NA,NA,66060.7142857143,10.4,111326.25,"Winter"
"3401","Suisun Bay",1970-03-01,NA,NA,NA,NA,NA,NA,3,NA,NA,NA,32.8181818181818,NA,NA,12.9818181818182,34.0909090909091,274.090909090909,44206.4516129032,10.4,55985.7741935484,"Spring"
"3402","Suisun Bay",1970-06-01,NA,NA,NA,NA,NA,NA,6,NA,NA,NA,30.5454545454545,NA,0.0396865,20.0226666666667,NA,10708,11786.6666666667,10.4,6214.46666666667,"Summer"
"3403","Suisun Bay",1970-07-01,NA,NA,NA,NA,NA,NA,7,NA,NA,NA,30.8181818181818,NA,0.15799896,19.9718181818182,NA,12521.6818181818,13174.1935483871,10.4,5256.48387096774,"Summer"
"3404","Suisun Bay",1970-08-01,NA,NA,NA,NA,NA,NA,8,NA,NA,NA,42.6875,NA,NA,19.64,35.0869565217391,10798.5882352941,14977.4193548387,10.4,7947.41935483871,"Summer"
"3405","Suisun Bay",1970-09-01,NA,NA,NA,NA,NA,NA,9,NA,NA,NA,30.0434782608696,NA,NA,19.4434782608696,42.7826086956522,5405.65217391304,18513.3333333333,10.4,14586.5666666667,"Autumn"
"3406","Suisun Bay",1970-10-01,NA,NA,NA,NA,NA,NA,10,NA,NA,NA,34.3913043478261,NA,NA,16.3913793103448,36.8260869565217,6817.30434782609,15261.2903225806,10.37,13423.4193548387,"Autumn"
"3407","Suisun Bay",1970-11-01,NA,NA,NA,NA,NA,NA,11,NA,NA,NA,43,NA,NA,14.4045454545455,27.5,2989.31818181818,22520,10.37,26116.5666666667,"Autumn"
"3408","Suisun Bay",1970-12-01,NA,NA,NA,NA,NA,NA,12,NA,NA,NA,20.0909090909091,NA,0.35087535,10.2217391304348,60.2272727272727,252.173913043478,63970.9677419355,10.37,85368.935483871,"Winter"
"3409","Suisun Bay",1971-01-01,NA,NA,NA,NA,NA,NA,1,NA,NA,NA,35.5652173913044,NA,NA,7.49565217391304,29.4285714285714,514,52322.5806451613,10.37,64189.7741935484,"Winter"
"3410","Suisun Bay",1971-02-01,NA,NA,NA,NA,NA,NA,2,NA,NA,NA,29.1739130434783,NA,NA,9.98260869565217,32.3181818181818,634.391304347826,31196.4285714286,10.37,34195.6071428571,"Winter"
"3411","Suisun Bay",1971-03-01,NA,NA,NA,NA,NA,NA,3,NA,NA,NA,31.9090909090909,NA,0.32566275,9.93333333333333,31.5909090909091,4058.95454545455,30480.6451612903,10.37,32048.9677419355,"Spring"
"3412","Suisun Bay",1971-05-01,NA,NA,NA,NA,NA,NA,5,NA,NA,NA,NA,NA,0.05210604,NA,NA,NA,29190.3225806452,10.37,26405.8387096774,"Spring"
"3413","Suisun Bay",1971-06-01,NA,NA,NA,NA,NA,NA,6,NA,NA,NA,21.8333333333333,NA,0.03525095,NA,NA,845.333333333333,27550,10.37,21217.8666666667,"Summer"
"3414","Suisun Bay",1971-07-01,NA,NA,NA,NA,NA,NA,7,NA,NA,NA,NA,NA,NA,NA,NA,4106.37878787878,20980.6451612903,10.37,11654.064516129,"Summer"
"3415","Suisun Bay",1971-08-01,NA,NA,NA,NA,NA,NA,8,NA,NA,NA,21.2,NA,NA,21.3,NA,4330.09090909091,22464.5161290323,10.37,12987.8709677419,"Summer"
"3416","Suisun Bay",1971-09-01,NA,NA,NA,NA,NA,NA,9,NA,NA,NA,33.0869565217391,NA,0.08794395,21.9260869565217,NA,2698.04347826087,24393.3333333333,10.37,19659.6,"Autumn"
"3417","Suisun Bay",1971-10-01,NA,NA,NA,NA,NA,NA,10,NA,NA,NA,32.1818181818182,NA,NA,17.9545454545455,37.8181818181818,3433.72727272727,16070.9677419355,7.29,13957.4193548387,"Autumn"
"3418","Suisun Bay",1971-11-01,NA,NA,NA,NA,NA,NA,11,NA,NA,NA,33.1739130434783,NA,NA,12.5304347826087,37.1304347826087,8495.65217391304,15853.3333333333,7.29,13742.6,"Autumn"
"3419","Suisun Bay",1971-12-01,NA,NA,NA,NA,NA,NA,12,NA,NA,NA,27.6086956521739,NA,0.2395197,9.93478260869565,37.8260869565217,4882.39130434783,21758.064516129,7.29,23967.1935483871,"Winter"
"3420","Suisun Bay",1972-01-01,NA,NA,NA,NA,NA,NA,1,NA,NA,NA,33.9565217391304,NA,NA,6.72391304347826,NA,2446.73913043478,20000,7.29,21338.7741935484,"Winter"
"3421","Suisun Bay",1972-02-01,NA,NA,NA,NA,NA,NA,2,NA,NA,NA,32.5714285714286,NA,0.50275125,7.07142857142857,NA,488.142857142857,22117.2413793103,7.29,21968.0689655172,"Winter"
"3422","Suisun Bay",1972-03-01,NA,NA,NA,NA,NA,NA,3,NA,NA,NA,34.7391304347826,NA,NA,13.6478260869565,NA,2372,23896.7741935484,7.29,18127.2903225806,"Spring"
"3423","Suisun Bay",1972-04-01,NA,NA,NA,NA,NA,NA,4,NA,0.073886925,NA,NA,NA,0.2208437,14.9,NA,NA,13120,7.29,7542.03333333333,"Spring"
"3424","Suisun Bay",1972-06-01,NA,NA,NA,NA,NA,NA,6,NA,0.0196098,NA,48.9090909090909,NA,NA,NA,NA,14559.0909090909,13836.6666666667,7.29,2891.2,"Summer"
"3425","Suisun Bay",1972-07-01,NA,NA,NA,NA,NA,NA,7,NA,NA,NA,53.2272727272727,NA,0.091862575,NA,NA,13495.7272727273,15000,7.29,6210.61290322581,"Summer"
"3426","Suisun Bay",1972-08-01,NA,NA,NA,NA,NA,NA,8,NA,0.0139073946666667,NA,46.53125,NA,NA,19.7619047619048,NA,11637.1290322581,15658.064516129,7.29,6487,"Summer"
"3427","Suisun Bay",1972-09-01,NA,NA,NA,NA,NA,NA,9,NA,0.0107303625,NA,36.4782608695652,NA,0.02785392,18.3086956521739,NA,5410.08695652174,16816.6666666667,7.29,10476.0666666667,"Autumn"
"3428","Suisun Bay",1972-10-01,NA,NA,NA,NA,NA,NA,10,NA,NA,NA,48.5238095238095,NA,NA,17.7095238095238,NA,6556.90476190476,16077.4193548387,8.58,11935.2258064516,"Autumn"
"3429","Suisun Bay",1972-11-01,NA,NA,NA,NA,NA,NA,11,NA,0.055677825,NA,44.5217391304348,NA,0.2235867375,13.8433333333333,NA,7794.47826086957,23203.3333333333,8.58,25943.5,"Autumn"
"3430","Suisun Bay",1972-12-01,NA,NA,NA,NA,NA,NA,12,NA,0.1054527,NA,39.2727272727273,NA,0.36987234375,6.68636363636364,NA,2976.18181818182,27422.5806451613,8.58,27133.1612903226,"Winter"
"3431","Suisun Bay",1973-01-01,NA,NA,NA,NA,NA,NA,1,NA,0.0982240875,NA,27.95,NA,0.304152,7.82608695652174,NA,1370.4,60132.2580645161,8.58,101685.580645161,"Winter"
"3432","Suisun Bay",1973-02-01,NA,NA,NA,NA,NA,NA,2,NA,0.0584292,NA,NA,NA,0.72159395,9.7,NA,NA,65257.1428571429,8.58,102165.071428571,"Winter"
"3433","Suisun Bay",1973-03-01,NA,NA,NA,NA,NA,NA,3,NA,NA,NA,21.7391304347826,NA,NA,11.0173913043478,NA,253.695652173913,51641.935483871,8.58,76907,"Spring"
"3434","Suisun Bay",1973-04-01,NA,NA,NA,NA,NA,NA,4,NA,0.016918455,NA,NA,NA,0.18459225,NA,NA,NA,20670,8.58,22191.3333333333,"Spring"
"3435","Suisun Bay",1973-05-01,NA,NA,NA,NA,NA,NA,5,NA,0.0662998,NA,NA,NA,0.1199349375,18.8,NA,NA,16416.1290322581,8.58,11698.7741935484,"Spring"
"3436","Suisun Bay",1973-06-01,NA,NA,NA,NA,NA,NA,6,NA,0.0368033925,NA,32.8181818181818,NA,0.3296897625,21.4692857142857,NA,8203.36363636364,14936.6666666667,8.58,7211.6,"Summer"
"3437","Suisun Bay",1973-07-01,NA,NA,NA,NA,NA,NA,7,NA,0.015804565,NA,29,NA,0.1592129,20.6877272727273,NA,10272.7727272727,15167.7419354839,8.58,4598.96774193548,"Summer"
"3438","Suisun Bay",1973-08-01,NA,NA,NA,NA,NA,NA,8,NA,0.019679835,NA,NA,NA,0.142132141666667,20,NA,NA,16122.5806451613,8.58,5963.09677419355,"Summer"
"3439","Suisun Bay",1973-09-01,NA,NA,NA,NA,NA,NA,9,NA,NA,NA,31.6111111111111,NA,NA,18.5972222222222,NA,6525.22222222222,17486.6666666667,8.58,11153.4666666667,"Autumn"
"3440","Suisun Bay",1973-10-01,NA,NA,NA,NA,NA,NA,10,NA,0.04620559125,NA,34.9142857142857,NA,0.20003746875,18.08375,NA,7683.17142857143,16722.5806451613,12.99,14070.8387096774,"Autumn"
"3441","Suisun Bay",1973-11-01,NA,NA,NA,NA,NA,NA,11,NA,0.04532265,NA,36.3529411764706,NA,0.2117058,13.935,NA,4144.14285714286,48036.6666666667,12.99,59945.2,"Autumn"
"3442","Suisun Bay",1973-12-01,NA,NA,NA,NA,NA,NA,12,NA,NA,NA,30.9032258064516,NA,NA,9.39354838709678,NA,237.193548387097,61632.2580645161,12.99,76406.3870967742,"Winter"
"3443","Suisun Bay",1974-01-01,NA,NA,NA,NA,NA,NA,1,NA,0.045654065625,NA,42.6666666666667,NA,0.33266625,8.10263157894737,NA,856.733333333333,74825.8064516129,12.99,138699.129032258,"Winter"
"3444","Suisun Bay",1974-02-01,NA,NA,NA,NA,NA,NA,2,NA,0.04496247,NA,NA,NA,0.22244866875,9.78125,NA,NA,52389.2857142857,12.99,59178.3214285714,"Winter"
"3445","Suisun Bay",1974-03-01,NA,NA,NA,NA,NA,NA,3,NA,0.01965649,NA,NA,NA,0.0999166,12.86,NA,NA,64680.6451612903,12.99,77575.4193548387,"Spring"
"3446","Suisun Bay",1974-04-01,NA,NA,NA,NA,NA,NA,4,NA,0.02106302625,NA,NA,NA,0.0835167375,12.2571428571429,NA,NA,66283.3333333333,12.99,109547.466666667,"Spring"
"3447","Suisun Bay",1974-05-01,NA,NA,NA,NA,NA,NA,5,NA,0.016764628125,NA,NA,NA,0.041670825,16.8285714285714,NA,NA,29177.4193548387,12.99,25544.4516129032,"Spring"
"3448","Suisun Bay",1974-06-01,NA,NA,NA,NA,NA,NA,6,NA,NA,NA,26.1818181818182,NA,NA,20.6009090909091,NA,4709.27272727273,24413.3333333333,12.99,16943.3333333333,"Summer"
"3449","Suisun Bay",1974-07-01,NA,NA,NA,NA,NA,NA,7,NA,0.03665165,NA,27.4545454545455,NA,0.09921625,20.91,NA,6320.95454545455,21751.6129032258,12.99,9365.67741935484,"Summer"
"3450","Suisun Bay",1974-11-01,NA,NA,NA,NA,NA,NA,11,NA,0.05686842,NA,NA,NA,0.2682924125,15.1083333333333,NA,NA,22003.3333333333,9.35,23991.2666666667,"Autumn"
"3451","Suisun Bay",1975-01-01,NA,NA,NA,NA,NA,NA,1,1.16166666666667,0.08972484,0.11,42,0.113333333333333,0.35927955,8.22222222222222,13.7833333333333,7650,19432.2580645161,9.35,17489.2258064516,"Winter"
"3452","Suisun Bay",1975-02-01,NA,NA,NA,NA,NA,NA,2,2.11,NA,0.0916666666666667,33.5,0.12,NA,8.66666666666667,9.15,2943.16666666667,47517.8571428571,9.35,57330.3571428571,"Winter"
"3453","Suisun Bay",1975-03-01,NA,NA,NA,NA,NA,NA,3,1.58,NA,0.0266666666666667,17.6666666666667,0.13,0.28,11,7.51666666666667,359.333333333333,50941.935483871,9.35,66834.1290322581,"Spring"
"3454","Suisun Bay",1975-04-01,NA,NA,NA,NA,NA,NA,4,3.1475,0.059571771,0.0175,20.75,0.106666666666667,0.24465025,13.0928571428571,13.1333333333333,1526.33333333333,33173.3333333333,9.35,34519.2666666667,"Spring"
"3455","Suisun Bay",1975-05-01,NA,NA,NA,NA,NA,NA,5,15.3875,NA,0.01,26,0.109166666666667,0.113,16.8333333333333,13.5833333333333,2143.58333333333,30264.5161290323,9.35,28795.8064516129,"Spring"
"3456","Suisun Bay",1975-06-01,NA,NA,NA,NA,NA,NA,6,NA,NA,NA,33.25,0.106666666666667,0.052,19.1666666666667,17.95,2408.75,23710,9.35,22508.1666666667,"Summer"
"3457","Suisun Bay",1975-07-01,NA,NA,NA,NA,NA,NA,7,18.91,NA,NA,39.5,0.0741666666666667,0.0775,21.0653846153846,26.7183333333333,3430.46078431373,18283.8709677419,9.35,11129.0967741935,"Summer"
"3458","Suisun Bay",1975-08-01,NA,NA,NA,NA,NA,NA,8,9.84083333333333,NA,0.0325,28.2058823529412,0.114166666666667,0.228333333333333,20.1755882352941,15.9575,6055.47058823529,19496.7741935484,9.35,9523.35483870968,"Summer"
"3459","Suisun Bay",1975-09-01,NA,NA,NA,NA,NA,NA,9,10.78,0.03482490375,NA,26.0365853658537,0.1775,0.206658081818182,18.9692592592593,17.6133333333333,3798.69512195122,20380,9.35,13419.2666666667,"Autumn"
"3460","Suisun Bay",1975-10-01,NA,NA,NA,NA,NA,NA,10,4.41375,NA,0.143333333333333,34.8333333333333,0.1875,0.214166666666667,17.0951219512195,13.6475,2963.26829268293,19174.1935483871,5.29,16900.935483871,"Autumn"
"3461","Suisun Bay",1975-11-01,NA,NA,NA,NA,NA,NA,11,NA,NA,0.04,33.3333333333333,0.136666666666667,0.241666666666667,13.4547619047619,8.275,4873.5,22250,5.29,17921.1333333333,"Autumn"
"3462","Suisun Bay",1975-12-01,NA,NA,NA,NA,NA,NA,12,1.42166666666667,NA,0.108,47.8095238095238,0.0933333333333333,0.228333333333333,9.43333333333333,8.03833333333333,4935.80952380952,25545.1612903226,5.29,19953.8709677419,"Winter"
"3463","Suisun Bay",1976-01-01,NA,NA,NA,NA,NA,NA,1,1.212,NA,0.066,62,0.11,0.332,9.6,11.11,13962,15132.2580645161,5.29,9309.8064516129,"Winter"
"3464","Suisun Bay",1976-02-01,NA,NA,NA,NA,NA,NA,2,23.392,NA,0.07,44.2,0.114,0.34,12,15.72,14720,12772.4137931034,5.29,7471.31034482759,"Winter"
"3465","Suisun Bay",1976-03-01,NA,NA,NA,NA,NA,NA,3,18.015,0.03199599,NA,25.5,0.451,0.315872679166667,12.05,13.59,11863,14574.1935483871,5.29,7788.1935483871,"Spring"
"3466","Suisun Bay",1976-04-01,NA,NA,NA,NA,NA,NA,4,16.21,NA,0.05,30.1,0.225,0.213,14.8,12.39,11950,12724.3333333333,5.29,8728.93333333333,"Spring"
"3467","Suisun Bay",1976-05-01,NA,NA,NA,NA,NA,NA,5,19.776,NA,0.0325,36.4,0.174,0.115,18.391180654576,11.9,14835,10909.6774193548,5.29,3937.48387096774,"Spring"
"3468","Suisun Bay",1976-06-01,NA,NA,NA,NA,NA,NA,6,10.73,NA,NA,42.2,0.192,0.211,19.5,12,15983,10934.6666666667,5.29,3775.13333333333,"Summer"
"3469","Suisun Bay",1976-07-01,NA,NA,NA,NA,NA,NA,7,10.898,0.0267883875,NA,49.90625,0.174,0.283,22.0063043478261,13.23,14507.5,12077.4193548387,5.29,4185.70967741936,"Summer"
"3470","Suisun Bay",1976-08-01,NA,NA,NA,NA,NA,NA,8,7.379,NA,NA,46.46875,0.178,0.331,21.721875,9.58,12917.5,13348.3870967742,5.29,4393.54838709677,"Summer"
"3471","Suisun Bay",1976-09-01,NA,NA,NA,NA,NA,NA,9,5.298,0.02379189,NA,68.4,0.324,0.350462683333333,21.3636363636364,13.25,15190,12510,5.29,3582.96666666667,"Autumn"
"3472","Suisun Bay",1976-10-01,NA,NA,NA,NA,NA,NA,10,4.538,NA,0.02,79.3,0.228,0.35,19.7175,14.56,12850.675,8102.90322580645,3.11,3611.48387096774,"Autumn"
"3473","Suisun Bay",1976-11-01,NA,NA,NA,NA,NA,NA,11,2.825,NA,0.0675,67.3421052631579,0.224,0.358,15.5131578947368,26.63,14831.5789473684,7823.33333333333,3.11,3643.43333333333,"Autumn"
"3474","Suisun Bay",1976-12-01,NA,NA,NA,NA,NA,NA,12,3.136,NA,0.202,63.6,0.188,0.39,10,19.32,NA,7742.90322580645,3.11,4213.06451612903,"Winter"
"3475","Suisun Bay",1977-01-01,NA,NA,NA,NA,NA,NA,1,2.47,NA,0.2,49.5405405405405,0.2,0.614,8.31621621621622,16.98,14197.027027027,9801.61290322581,3.11,4362.61290322581,"Winter"
"3476","Suisun Bay",1977-02-01,NA,NA,NA,NA,NA,NA,2,4.2,NA,0.196,61.4,0.24,0.508,12.2,12.32,22860,8002.85714285714,3.11,4878.25,"Winter"
"3477","Suisun Bay",1977-03-01,NA,NA,NA,NA,NA,NA,3,4.33291666666667,0.11407701,0.0725,46.2,0.345,0.56839013,13.6916666666667,22.67,20850,6572.90322580645,3.11,3007.25806451613,"Spring"
"3478","Suisun Bay",1977-04-01,NA,NA,NA,NA,NA,NA,4,5.02375,0.088640965,0.0775,50.9,0.224,0.582596454545455,16.5916666666667,31.31,22490,5961,3.11,2977.03333333333,"Spring"
"3479","Suisun Bay",1977-05-01,NA,NA,NA,NA,NA,NA,5,4.37666666666667,0.081450705,0.107,77.2,0.146,0.559852568333333,16.5208333333333,19.06,20760,7596.77419354839,3.11,3909.35483870968,"Spring"
"3480","Suisun Bay",1977-06-01,NA,NA,NA,NA,NA,NA,6,7.30166666666667,0.05412705,0.2325,64.8014373216091,0.152,0.395138553333333,20.2555063965454,19.42,20906.4375,6865.33333333333,3.11,2383.16666666667,"Summer"
"3481","Suisun Bay",1977-07-01,NA,NA,NA,NA,NA,NA,7,5.6375,0.045079195,0.0716666666666667,66.1875,0.13,0.352900566666667,20.8132608695652,18.97,20141.875,8248.38709677419,3.11,3049.1935483871,"Summer"
"3482","Suisun Bay",1977-08-01,NA,NA,NA,NA,NA,NA,8,4.261,NA,0.07,63.5625,0.219,0.456,21.1153333333333,22.25,20438.8125,7686.77419354839,3.11,2382.61290322581,"Summer"
"3483","Suisun Bay",1977-09-01,NA,NA,NA,NA,NA,NA,9,4.75333333333333,NA,0.1275,66.2307692307692,0.2,0.335,19.2021739130435,16.87,21359.358974359,6838,3.11,2717.26666666667,"Autumn"
"3484","Suisun Bay",1977-10-01,NA,NA,NA,NA,NA,NA,10,3.644,NA,0.1725,81.3846153846154,0.124,0.426,18.8153846153846,14.78,22544.4102564103,4494.1935483871,8.65,2045.90322580645,"Autumn"
"3485","Suisun Bay",1977-11-01,NA,NA,NA,NA,NA,NA,11,2.90666666666667,0.10561278,0.204,75.8,0.166,0.413280751666667,14.931914893617,13.046,23154.05,6687.33333333333,8.65,4003.43333333333,"Autumn"
"3486","Suisun Bay",1977-12-01,NA,NA,NA,NA,NA,NA,12,2.78,NA,0.146,72.8378378378378,0.166,0.576,13.1818181818182,12.02,22890.2702702703,11745.4838709677,8.65,8569.87096774194,"Winter"
"3487","Suisun Bay",1978-01-01,NA,NA,NA,NA,NA,NA,1,1.46166666666667,0.1712856,0.126,20.7317073170732,0.304,0.78409655,11.06875,14.69,2062.48780487805,45490.3225806452,8.65,66157.0322580645,"Winter"
"3488","Suisun Bay",1978-02-01,NA,NA,NA,NA,NA,NA,2,1.66,NA,0.082,12.8,0.254,0.544,9.81666666666667,17.06,1026,44703.5714285714,8.65,56158.5714285714,"Winter"
"3489","Suisun Bay",1978-03-01,NA,NA,NA,NA,NA,NA,3,3.19166666666667,NA,0.084,15.2682926829268,0.154,0.56,12.6708333333333,17.78,310.512195121951,55570.9677419355,8.65,85618.6129032258,"Spring"
"3490","Suisun Bay",1978-04-01,NA,NA,NA,NA,NA,NA,4,4.387,NA,0.04,29.0148515044266,0.133,0.467,15.6053357344649,16.83,1217.8,38883.3333333333,8.65,61170.1333333333,"Spring"
"3491","Suisun Bay",1978-05-01,NA,NA,NA,NA,NA,NA,5,5.97681818181818,0.01652826,0.041,32.0370370061309,NA,0.286598705,18.3731461948819,15.02,1843.3,25193.5483870968,8.65,40758.8709677419,"Spring"
"3492","Suisun Bay",1978-06-01,NA,NA,NA,NA,NA,NA,6,6.78923076923077,NA,0.035,33.5,NA,0.32125,20.1159474519225,18.24,8313.09375,12660,8.65,8945.4,"Summer"
"3493","Suisun Bay",1978-07-01,NA,NA,NA,NA,NA,NA,7,15.0790909090909,0.01512756,0.105,37.125,NA,0.252359918333333,20.8765217391304,16.71,11965.34375,14300,8.65,3853.61290322581,"Summer"
"3494","Suisun Bay",1978-08-01,NA,NA,NA,NA,NA,NA,8,22.22625,NA,0.04,30.8,NA,0.055,20.9416666666667,16.75,14690,15967.7419354839,8.65,5813.93548387097,"Summer"
"3495","Suisun Bay",1978-09-01,NA,NA,NA,NA,NA,NA,9,22.1801388888889,NA,NA,22.8589743589744,NA,0.115,20.3626811594203,15.1,7221.20512820513,17933.3333333333,8.65,11717.9666666667,"Autumn"
"3496","Suisun Bay",1978-10-01,NA,NA,NA,NA,NA,NA,10,24.1536363636364,NA,0.01,26.45,NA,0.177,19.495652173913,11.64,6805.075,12487.0967741935,6.67,9599.96774193548,"Autumn"
"3497","Suisun Bay",1978-11-01,NA,NA,NA,NA,NA,NA,11,10.3325,NA,0.07,29.7631578947368,0.176,0.274,12.9044444444444,10.666,9232.52631578947,12443.3333333333,6.67,10928.0666666667,"Autumn"
"3498","Suisun Bay",1978-12-01,NA,NA,NA,NA,NA,NA,12,4.50909090909091,NA,0.066,31.027027027027,0.21,0.364,9.05116279069767,13.2,9821.05405405405,13203.2258064516,6.67,8779.70967741935,"Winter"
"3499","Suisun Bay",1979-01-01,NA,NA,NA,NA,NA,NA,1,2.41181818181818,0.104,NA,30,0.128,0.67,9.41818181818182,15.81,6219.6,23190.3225806452,6.67,30522.4516129032,"Winter"
"3500","Suisun Bay",1979-02-01,NA,NA,NA,NA,NA,NA,2,2.26454545454545,0.082,NA,27.6176470588235,0.16,0.64,9.91,14.95,3469.17647058824,32442.8571428571,6.67,46341.0714285714,"Winter"
"3501","Suisun Bay",1979-03-01,NA,NA,NA,NA,NA,NA,3,2.33681818181818,0.055,NA,33.7,NA,0.528,12.1727272727273,27.057,1535.8,29164.5161290323,6.67,38086.8064516129,"Spring"
"3502","Suisun Bay",1979-04-01,NA,NA,NA,NA,NA,NA,4,4.155,0.039,NA,25.2770563124062,NA,0.379,14.8525013021577,16.18,3214.1,16546.6666666667,6.67,14484.6,"Spring"
"3503","Suisun Bay",1979-05-01,NA,NA,NA,NA,NA,NA,5,10.2345454545455,0.0225,NA,22.6880341994966,NA,0.359,17.1194208544544,19.876,6032.8,17983.8709677419,6.67,13434.7096774194,"Spring"
"3504","Suisun Bay",1979-06-01,NA,NA,NA,NA,NA,NA,6,21.5579166666667,0.01312823,NA,28.6,NA,0.181663671428571,20.7143500864747,14.08,8870,12206.6666666667,6.67,5315.76666666667,"Summer"
"3505","Suisun Bay",1979-07-01,NA,NA,NA,NA,NA,NA,7,28.4345454545455,0.0109408866666667,NA,26.6470588936525,NA,0.0362809914285714,20.7794907959302,17.01,10925.25,16412.9032258065,6.67,5264.41935483871,"Summer"
"3506","Suisun Bay",1979-08-01,NA,NA,NA,NA,NA,NA,8,20.7571428571429,0.0146101614285714,NA,35.0666666666667,NA,0.0317022757142857,21.4881818181818,16.35,12233.7333333333,15677.4193548387,6.67,3356.58064516129,"Summer"
"3507","Suisun Bay",1979-09-01,NA,NA,NA,NA,NA,NA,9,26.4759090909091,0.02112056,NA,54.8,0.143333333333333,0.0486954142857143,21.8615384615385,17.24,16675,14566.6666666667,6.67,4971.7,"Autumn"
"3508","Suisun Bay",1979-10-01,NA,NA,NA,NA,NA,NA,10,12.3041666666667,0.036,NA,32.9,NA,0.166,19.1583333333333,17.22,14874,12577.4193548387,9.04,7798.64516129032,"Autumn"
"3509","Suisun Bay",1979-11-01,NA,NA,NA,NA,NA,NA,11,3.19818181818182,0.08,NA,45.6,0.136,0.31,15.4181818181818,19.98,13926,15200,9.04,12172.0666666667,"Autumn"
"3510","Suisun Bay",1979-12-01,NA,NA,NA,NA,NA,NA,12,2.22333333333333,0.094,NA,NA,0.138,0.352,11.8111111111111,16.8,10506,20319.3548387097,9.04,19028.5483870968,"Winter"
"3511","Suisun Bay",1980-01-01,NA,NA,NA,NA,NA,NA,1,0.9,0.09034515,NA,31.2000010410945,NA,0.38533257,10.1231482505798,NA,NA,58635.4838709677,9.04,118220.129032258,"Winter"
"3512","Suisun Bay",1980-02-01,NA,NA,NA,NA,NA,NA,2,1.2275,0.0944086257142857,NA,27.5452488601477,0.102,0.36427711,9.93491068853365,14.66,3906.07142857143,52575.8620689655,9.04,121654.793103448,"Winter"
"3513","Suisun Bay",1980-03-01,NA,NA,NA,NA,NA,NA,3,2.52636363636364,0.04614557,NA,25.6666666666667,NA,0.284494725,12.5513245178306,17.79,298.321428571429,55338.7096774194,9.04,99151.8387096774,"Spring"
"3514","Suisun Bay",1980-04-01,NA,NA,NA,NA,NA,NA,4,4.51772727272727,0.047,NA,29.2174679405796,NA,0.283,15.0263217312473,23.29,2987.53846153846,22586.6666666667,9.04,28628.3666666667,"Spring"
"3515","Suisun Bay",1980-05-01,NA,NA,NA,NA,NA,NA,5,7.67958333333333,0.039,NA,28.1,NA,0.275049292142857,17.4478260869565,15.51,4405.82142857143,15893.5483870968,9.04,20803.5161290323,"Spring"
"3516","Suisun Bay",1980-06-01,NA,NA,NA,NA,NA,NA,6,11.165,0.0249546185714286,NA,24.4,NA,0.291022633571429,18.8761869995481,13.012,3864.28571428571,17813.3333333333,9.04,14790.3,"Summer"
"3517","Suisun Bay",1980-07-01,NA,NA,NA,NA,NA,NA,7,12.4142857142857,0.01570035,NA,22.78,NA,0.243027925714286,20.0046774193548,15.15,5665.48,17725.8064516129,9.04,11065.2258064516,"Summer"
"3518","Suisun Bay",1980-08-01,NA,NA,NA,NA,NA,NA,8,18.49,0.023830665,NA,21.8,NA,0.152479981666667,21.4928571428571,16.25,8301.6,14916.1290322581,9.04,4121.67741935484,"Summer"
"3519","Suisun Bay",1980-09-01,NA,NA,NA,NA,NA,NA,9,15.0379166666667,0.0262709914285714,NA,28.6666666666667,NA,0.129349665,18.8081818181818,15.7,8590.84782608696,15886.6666666667,9.04,9803,"Autumn"
"3520","Suisun Bay",1980-10-01,NA,NA,NA,NA,NA,NA,10,11.5071428571429,0.0265711414285714,NA,27.7285024093833,NA,0.180671750714286,17.7789613770003,11.33,8579.25581395349,11343.5483870968,6.21,7320.83870967742,"Autumn"
"3521","Suisun Bay",1980-11-01,NA,NA,NA,NA,NA,NA,11,5.66333333333333,0.06356615375,NA,42.363636365001,0.162,0.276221835,15.5224877205206,14.62,9155.65853658537,10871.6666666667,6.21,6661.8,"Autumn"
"3522","Suisun Bay",1980-12-01,NA,NA,NA,NA,NA,NA,12,2.935,0.104340734285714,NA,36.9919047510056,0.15,0.385393382857143,10.2560150537276,13.4,9787.21276595745,16687.0967741935,6.21,12486.8064516129,"Winter"
"3523","Suisun Bay",1983-08-01,NA,NA,NA,NA,NA,NA,8,7.01,0.032,NA,35.5740740740741,0.114,0.118,22.0933333333333,15.38,2566.4,25038.7096774194,15.29,24484.0967741935,"Summer"
"3524","Suisun Bay",1983-10-01,NA,NA,NA,NA,NA,NA,10,3.61,0.026,NA,45.8627450980392,0.1,0.248,18.9326923076923,13.4,1006.9,21148.3870967742,10,32282.6451612903,"Autumn"
"3525","Suisun Bay",1985-07-01,NA,NA,NA,NA,NA,NA,7,14.233,0.052,NA,45.7962962962963,NA,0.231,21.5274074074074,23.76625,14831.6540930596,16035.4838709677,6.47,4835.38709677419,"Summer"
"3526","Suisun Bay",1985-09-01,NA,NA,NA,NA,NA,NA,9,7.04,0.044,NA,64.9038461538462,0.118,0.18,19.2207547169811,26.62,15505.6324219829,12192,6.47,3174.6,"Autumn"
"3527","Suisun Bay",1985-11-01,NA,NA,NA,NA,NA,NA,11,2.994,0.098,NA,88.2142857142857,0.136,0.238,15.4214285714286,24.52,17270.9110554628,10417.6666666667,9.96,6889.7,"Autumn"
"3528","Suisun Bay",1988-03-01,NA,NA,NA,NA,NA,NA,3,1.837,0.093,NA,40.5,NA,0.498,14.8625,41.07,17034.9209898629,11348.3870967742,4.65,4480.64516129032,"Spring"
"3529","Suisun Bay",1989-03-01,NA,NA,NA,NA,NA,NA,3,1.0225,0.076,NA,42.125,0.102,0.232,12.8721739130435,18,14483.3927469136,43374.1935483871,6.13,38928.3225806452,"Spring"
"3530","Suisun Bay",1989-04-01,NA,NA,NA,NA,NA,NA,4,1.65666666666667,0.0733024741666667,NA,25.9265028513748,0.146,0.275630274166667,16.6659964032334,14.9,2558.78640716713,21273.3333333333,6.13,11686.5,"Spring"
"3531","Suisun Bay",1996-06-01,NA,NA,NA,NA,NA,NA,6,2.06636363636364,0.0333333333333333,NA,31.3550244878758,0.12,0.24,20.5470541803576,31.425,2620.45373048981,23533.3333333333,10.26,15269.7333333333,"Summer"
"3532","Suisun Bay",2003-11-01,NA,NA,NA,NA,NA,NA,11,1.91181818181818,0.146556752,NA,53.2064695858756,0.12,0.418256055,15.2360393698958,17.075,17639.0384615385,12450,7.51,6625.46666666667,"Autumn"
"3533","Suisun Bay",2003-12-01,NA,NA,NA,NA,NA,NA,12,1.367,0.215237026666667,NA,53,0.11,0.457861076666667,11.7117195597493,12.975,18237.8269230769,27787.0967741935,7.51,23855.6451612903,"Winter"
"3534","Suisun Bay",2004-02-01,NA,NA,NA,NA,NA,NA,2,1.47076923076923,0.133333333333333,NA,40.9305564268001,0.143333333333333,0.38,10.4143335548089,14.65,4924.04761904762,44420.6896551724,7.51,68091.275862069,"Winter"
"3535","Suisun Bay",2004-03-01,NA,NA,NA,NA,NA,NA,3,2.78333333333333,0.0566666666666667,NA,25.225663067608,0.0966666666666667,0.256666666666667,13.5075860988021,25.1833333333333,553.464285714286,46706.4516129032,7.51,56299.5483870968,"Spring"
"3536","Suisun Bay",2004-05-01,NA,NA,NA,NA,NA,NA,5,2.76615384615385,0.080470721,NA,31.1666666666667,0.1,0.322849367,18.9430338081918,16.8666666666667,6425.0641025641,12532.2580645161,7.51,12425.5161290323,"Spring"
"3537","Suisun Bay",2004-06-01,NA,NA,NA,NA,NA,NA,6,2.06,0.0933333333333333,NA,35.1323471407919,0.11,0.43,19.9711018171164,12.56,12919.1973684211,15130,7.51,5726.63333333333,"Summer"
"3538","Suisun Bay",2004-08-01,NA,NA,NA,NA,NA,NA,8,2.91833333333333,0.0566666666666667,NA,38.8405747694551,0.13,0.396666666666667,20.9653650779545,12.86,10711.7962962963,17916.1290322581,7.51,5252.51612903226,"Summer"
"3539","Suisun Bay",2004-09-01,NA,NA,NA,NA,NA,NA,9,3.44636363636364,0.07,NA,56.0969480582259,0.123333333333333,0.27,21.678087559845,16.8,14254.6153846154,14610,7.51,4700.96666666667,"Autumn"
"3540","Suisun Bay",2004-11-01,NA,NA,NA,NA,NA,NA,11,0.835,0.1519222025,NA,60.2578541853215,0.0866666666666667,0.4321948225,14.7848040830862,14.325,16025.2692307692,12250,8.49,6708.16666666667,"Autumn"
"3541","Suisun Bay",2004-12-01,NA,NA,NA,NA,NA,NA,12,1.06598256734136,0.214553238,NA,63.4182131339895,0.133333333333333,0.482179505,11.007289121852,20.05,18365.0576923077,17745.1612903226,8.49,12451.1935483871,"Winter"
"3542","Suisun Bay",2005-02-01,NA,NA,NA,NA,NA,NA,2,0.645,0.145216592,NA,48.0224501522688,0.106666666666667,0.509057476,11.6785277088713,16.1666666666667,3850.07142857143,24875,8.49,24932.9285714286,"Winter"
"3543","Suisun Bay",2005-03-01,NA,NA,NA,NA,NA,NA,3,2.1125,0.100525252,NA,41.7511745362733,0.116666666666667,0.491912908,14.7053248333604,14.35,1906.80263157895,30367.7419354839,8.49,38557.9677419355,"Spring"
"3544","Suisun Bay",2005-05-01,NA,NA,NA,NA,NA,NA,5,4.11666666666667,0.0566666666666667,NA,37.8,0.11,0.256666666666667,18.0425653492043,14.45,1988.65,40219.3548387097,8.49,50999.1612903226,"Spring"
"3545","Suisun Bay",2005-06-01,NA,NA,NA,NA,NA,NA,6,3.89166666666667,0.0490145025,NA,40.8974358974359,0.0866666666666667,0.2133103925,19.5222492855252,11.1,1392.35897435897,28653.3333333333,8.49,27968.0666666667,"Summer"
"3546","Suisun Bay",2005-08-01,NA,NA,NA,NA,NA,NA,8,1.448,0.05,NA,40.4054877657474,0.116666666666667,0.32,20.8793464866986,11.56,10703.3333333333,17245.1612903226,8.49,5632.1935483871,"Summer"
"3547","Suisun Bay",2005-09-01,NA,NA,NA,NA,NA,NA,9,2.41083333333333,0.048237114,NA,48.2368561389077,0.126666666666667,0.297838888,19.2285278831347,14.2,11762.1132075472,17933.3333333333,8.49,7051,"Autumn"
"3548","Suisun Bay",2006-03-01,NA,NA,NA,NA,NA,NA,3,3.94769230769231,0.04129064,NA,34.2366854155741,0.05,0.242884416,10.8895693414194,18.3333333333333,254.282051282051,67412.9032258065,13.2,115393.322580645,"Spring"
"3549","Suisun Bay",2016-11-01,NA,NA,NA,NA,NA,NA,11,2.34583333333333,0.11885025,NA,76.8066433412318,0.16,0.450990458333333,17.0997235377054,10.3202702702703,16689.7647058824,15056.6666666667,14.14,8668.96666666667,"Autumn"
"3550","Suisun Bay",2020-04-01,NA,NA,NA,NA,NA,NA,4,NA,NA,NA,48.6365055185501,NA,NA,15.8056577020178,NA,7851.80680063881,11806.6666666667,6.12,11383.6,"Spring"
"3551","Suisun Bay",2020-05-01,NA,NA,NA,NA,NA,NA,5,2.25,0.11,NA,48.9868214792006,NA,0.4425,19.2506127176395,NA,9586.32819488774,10552.5806451613,6.12,9053.93548387097,"Spring"
"3552","Suisun Bay",2020-12-01,NA,NA,NA,NA,NA,NA,12,1.35,0.32,NA,62.718933714662,NA,0.35,11.3480672638389,15.4864864864865,19294.1629841238,8779.35483870968,3.8,6830.1935483871,"Winter"
"3553","Suisun Bay",2021-01-01,NA,NA,NA,NA,NA,NA,1,1.2,0.21,NA,64.7791610283374,NA,0.46,10.0319842469366,NA,15518.4981205462,9121.93548387097,3.8,8906.51612903226,"Winter"
"3554","Suisun Bay",2021-02-01,NA,NA,NA,NA,NA,NA,2,2.3,0.26,NA,50.81784906743,NA,0.485,11.2663065635698,NA,11996.2776678114,11792.8571428571,3.8,9685.28571428571,"Winter"
"3555","Suisun Bay",2021-10-01,NA,NA,NA,NA,NA,NA,10,1.65916666666667,0.0579607081519205,NA,77.439105846016,0.106,0.18850255125,17.7609061455477,18.1648648648649,19269.7049586732,11741.2903225806,4.55,13181.7741935484,"Autumn"
